# https://github.com/mikedh/trimesh
v 10.20000000 0.00000000 0.00000000
v 10.19336977 0.00000000 0.21536822
v 10.17359252 0.00000000 0.42705142
v 10.14100664 0.00000000 0.63142766
v 10.09616969 0.00000000 0.82500000
v 10.03984884 0.00000000 1.00445636
v 9.97300776 0.00000000 1.16672619
v 9.89679011 0.00000000 1.30903301
v 9.81250000 0.00000000 1.42894192
v 9.72157966 0.00000000 1.52440123
v 9.62558476 0.00000000 1.59377761
v 9.52615780 0.00000000 1.63588402
v 9.42500000 0.00000000 1.65000000
v 9.32384220 0.00000000 1.63588402
v 9.22441524 0.00000000 1.59377761
v 9.12842034 0.00000000 1.52440123
v 9.03750000 0.00000000 1.42894192
v 8.95320989 0.00000000 1.30903301
v 8.87699224 0.00000000 1.16672619
v 8.81015116 0.00000000 1.00445636
v 8.75383031 0.00000000 0.82500000
v 8.70899336 0.00000000 0.63142766
v 8.67640748 0.00000000 0.42705142
v 8.65663023 0.00000000 0.21536822
v 8.65000000 0.00000000 0.00000000
v 8.65663023 0.00000000 -0.21536822
v 8.67640748 0.00000000 -0.42705142
v 8.70899336 0.00000000 -0.63142766
v 8.75383031 0.00000000 -0.82500000
v 8.81015116 0.00000000 -1.00445636
v 8.87699224 0.00000000 -1.16672619
v 8.95320989 0.00000000 -1.30903301
v 9.03750000 0.00000000 -1.42894192
v 9.12842034 0.00000000 -1.52440123
v 9.22441524 0.00000000 -1.59377761
v 9.32384220 0.00000000 -1.63588402
v 9.42500000 0.00000000 -1.65000000
v 9.52615780 0.00000000 -1.63588402
v 9.62558476 0.00000000 -1.59377761
v 9.72157966 0.00000000 -1.52440123
v 9.81250000 0.00000000 -1.42894192
v 9.89679011 0.00000000 -1.30903301
v 9.97300776 0.00000000 -1.16672619
v 10.03984884 0.00000000 -1.00445636
v 10.09616969 0.00000000 -0.82500000
v 10.14100664 0.00000000 -0.63142766
v 10.17359252 0.00000000 -0.42705142
v 10.19336977 0.00000000 -0.21536822
v 10.19378644 0.35597487 0.00000000
v 10.18716024 0.35574347 0.21536822
v 10.16739504 0.35505326 0.42705142
v 10.13482901 0.35391603 0.63142766
v 10.09001937 0.35235124 0.82500000
v 10.03373283 0.35038567 1.00445636
v 9.96693247 0.34805295 1.16672619
v 9.89076125 0.34539299 1.30903301
v 9.80652249 0.34245131 1.42894192
v 9.71565754 0.33927824 1.52440123
v 9.61972111 0.33592806 1.59377761
v 9.52035472 0.33245811 1.63588402
v 9.41925854 0.32892776 1.65000000
v 9.31816237 0.32539740 1.63588402
v 9.21879598 0.32192745 1.59377761
v 9.12285955 0.31857728 1.52440123
v 9.03199460 0.31540420 1.42894192
v 8.94775584 0.31246252 1.30903301
v 8.87158462 0.30980256 1.16672619
v 8.80478426 0.30746984 1.00445636
v 8.74849772 0.30550427 0.82500000
v 8.70368808 0.30393949 0.63142766
v 8.67112205 0.30280225 0.42705142
v 8.65135685 0.30211204 0.21536822
v 8.64473065 0.30188065 0.00000000
v 8.65135685 0.30211204 -0.21536822
v 8.67112205 0.30280225 -0.42705142
v 8.70368808 0.30393949 -0.63142766
v 8.74849772 0.30550427 -0.82500000
v 8.80478426 0.30746984 -1.00445636
v 8.87158462 0.30980256 -1.16672619
v 8.94775584 0.31246252 -1.30903301
v 9.03199460 0.31540420 -1.42894192
v 9.12285955 0.31857728 -1.52440123
v 9.21879598 0.32192745 -1.59377761
v 9.31816237 0.32539740 -1.63588402
v 9.41925854 0.32892776 -1.65000000
v 9.52035472 0.33245811 -1.63588402
v 9.61972111 0.33592806 -1.59377761
v 9.71565754 0.33927824 -1.52440123
v 9.80652249 0.34245131 -1.42894192
v 9.89076125 0.34539299 -1.30903301
v 9.96693247 0.34805295 -1.16672619
v 10.03373283 0.35038567 -1.00445636
v 10.09001937 0.35235124 -0.82500000
v 10.13482901 0.35391603 -0.63142766
v 10.16739504 0.35505326 -0.42705142
v 10.18716024 0.35574347 -0.21536822
v 10.17515331 0.71151603 0.00000000
v 10.16853923 0.71105353 0.21536822
v 10.14881016 0.70967394 0.42705142
v 10.11630366 0.70740086 0.63142766
v 10.07157593 0.70427320 0.82500000
v 10.01539227 0.70034445 1.00445636
v 9.94871401 0.69568185 1.16672619
v 9.87268202 0.69036518 1.30903301
v 9.78859724 0.68448540 1.42894192
v 9.69789838 0.67814312 1.52440123
v 9.60213732 0.67144685 1.59377761
v 9.50295256 0.66451118 1.63588402
v 9.40204117 0.65745477 1.65000000
v 9.30112979 0.65039835 1.63588402
v 9.20194503 0.64346268 1.59377761
v 9.10618397 0.63676641 1.52440123
v 9.01548510 0.63042413 1.42894192
v 8.93140032 0.62454435 1.30903301
v 8.85536834 0.61922768 1.16672619
v 8.78869008 0.61456508 1.00445636
v 8.73250642 0.61063633 0.82500000
v 8.68777869 0.60750867 0.63142766
v 8.65527219 0.60523559 0.42705142
v 8.63554312 0.60385600 0.21536822
v 8.62892903 0.60339350 0.00000000
v 8.63554312 0.60385600 -0.21536822
v 8.65527219 0.60523559 -0.42705142
v 8.68777869 0.60750867 -0.63142766
v 8.73250642 0.61063633 -0.82500000
v 8.78869008 0.61456508 -1.00445636
v 8.85536834 0.61922768 -1.16672619
v 8.93140032 0.62454435 -1.30903301
v 9.01548510 0.63042413 -1.42894192
v 9.10618397 0.63676641 -1.52440123
v 9.20194503 0.64346268 -1.59377761
v 9.30112979 0.65039835 -1.63588402
v 9.40204117 0.65745477 -1.65000000
v 9.50295256 0.66451118 -1.63588402
v 9.60213732 0.67144685 -1.59377761
v 9.69789838 0.67814312 -1.52440123
v 9.78859724 0.68448540 -1.42894192
v 9.87268202 0.69036518 -1.30903301
v 9.94871401 0.69568185 -1.16672619
v 10.01539227 0.70034445 -1.00445636
v 10.07157593 0.70427320 -0.82500000
v 10.11630366 0.70740086 -0.63142766
v 10.14881016 0.70967394 -0.42705142
v 10.16853923 0.71105353 -0.21536822
v 10.14412333 1.06619033 0.00000000
v 10.13752942 1.06549728 0.21536822
v 10.11786051 1.06342999 0.42705142
v 10.08545314 1.06002384 0.63142766
v 10.04086181 1.05533710 0.82500000
v 9.98484950 1.04944997 1.00445636
v 9.91837458 1.04246317 1.16672619
v 9.84257446 1.03449626 1.30903301
v 9.75874610 1.02568555 1.42894192
v 9.66832383 1.01618178 1.52440123
v 9.57285480 1.00614758 1.59377761
v 9.47397251 0.99575464 1.63588402
v 9.37336886 0.98518077 1.65000000
v 9.27276522 0.97460690 1.63588402
v 9.17388293 0.96421395 1.59377761
v 9.07841390 0.95417975 1.52440123
v 8.98799163 0.94467599 1.42894192
v 8.90416327 0.93586527 1.30903301
v 8.82836315 0.92789836 1.16672619
v 8.76188823 0.92091156 1.00445636
v 8.70587591 0.91502443 0.82500000
v 8.66128459 0.91033769 0.63142766
v 8.62887722 0.90693154 0.42705142
v 8.60920831 0.90486426 0.21536822
v 8.60261439 0.90417121 0.00000000
v 8.60920831 0.90486426 -0.21536822
v 8.62887722 0.90693154 -0.42705142
v 8.66128459 0.91033769 -0.63142766
v 8.70587591 0.91502443 -0.82500000
v 8.76188823 0.92091156 -1.00445636
v 8.82836315 0.92789836 -1.16672619
v 8.90416327 0.93586527 -1.30903301
v 8.98799163 0.94467599 -1.42894192
v 9.07841390 0.95417975 -1.52440123
v 9.17388293 0.96421395 -1.59377761
v 9.27276522 0.97460690 -1.63588402
v 9.37336886 0.98518077 -1.65000000
v 9.47397251 0.99575464 -1.63588402
v 9.57285480 1.00614758 -1.59377761
v 9.66832383 1.01618178 -1.52440123
v 9.75874610 1.02568555 -1.42894192
v 9.84257446 1.03449626 -1.30903301
v 9.91837458 1.04246317 -1.16672619
v 9.98484950 1.04944997 -1.00445636
v 10.04086181 1.05533710 -0.82500000
v 10.08545314 1.06002384 -0.63142766
v 10.11786051 1.06342999 -0.42705142
v 10.13752942 1.06549728 -0.21536822
v 10.10073430 1.41956563 0.00000000
v 10.09416859 1.41864288 0.21536822
v 10.07458381 1.41589042 0.42705142
v 10.04231506 1.41135534 0.63142766
v 9.99791446 1.40511524 0.82500000
v 9.94214172 1.39727690 1.00445636
v 9.87595113 1.38797442 1.16672619
v 9.80047523 1.37736697 1.30903301
v 9.71700542 1.36563605 1.42894192
v 9.62696992 1.35298239 1.52440123
v 9.53190923 1.33962248 1.59377761
v 9.43344989 1.32578492 1.63588402
v 9.33327655 1.31170648 1.65000000
v 9.23310321 1.29762803 1.63588402
v 9.13464387 1.28379047 1.59377761
v 9.03958318 1.27043057 1.52440123
v 8.94954767 1.25777690 1.42894192
v 8.86607787 1.24604598 1.30903301
v 8.79060197 1.23543854 1.16672619
v 8.72441138 1.22613606 1.00445636
v 8.66863864 1.21829771 0.82500000
v 8.62423804 1.21205761 0.63142766
v 8.59196928 1.20752253 0.42705142
v 8.57238450 1.20477007 0.21536822
v 8.56581879 1.20384732 0.00000000
v 8.57238450 1.20477007 -0.21536822
v 8.59196928 1.20752253 -0.42705142
v 8.62423804 1.21205761 -0.63142766
v 8.66863864 1.21829771 -0.82500000
v 8.72441138 1.22613606 -1.00445636
v 8.79060197 1.23543854 -1.16672619
v 8.86607787 1.24604598 -1.30903301
v 8.94954767 1.25777690 -1.42894192
v 9.03958318 1.27043057 -1.52440123
v 9.13464387 1.28379047 -1.59377761
v 9.23310321 1.29762803 -1.63588402
v 9.33327655 1.31170648 -1.65000000
v 9.43344989 1.32578492 -1.63588402
v 9.53190923 1.33962248 -1.59377761
v 9.62696992 1.35298239 -1.52440123
v 9.71700542 1.36563605 -1.42894192
v 9.80047523 1.37736697 -1.30903301
v 9.87595113 1.38797442 -1.16672619
v 9.94214172 1.39727690 -1.00445636
v 9.99791446 1.40511524 -0.82500000
v 10.04231506 1.41135534 -0.63142766
v 10.07458381 1.41589042 -0.42705142
v 10.09416859 1.41864288 -0.21536822
v 10.04503908 1.77121141 0.00000000
v 10.03850958 1.77006008 0.21536822
v 10.01903279 1.76662580 0.42705142
v 9.98694196 1.76096732 0.63142766
v 9.94278618 1.75318147 0.82500000
v 9.88732098 1.74340145 1.00445636
v 9.82149536 1.73179462 1.16672619
v 9.74643563 1.71855957 1.30903301
v 9.66342608 1.70392274 1.42894192
v 9.57388702 1.68813459 1.52440123
v 9.47935050 1.67146525 1.59377761
v 9.38143406 1.65419994 1.63588402
v 9.28181307 1.63663407 1.65000000
v 9.18219209 1.61906821 1.63588402
v 9.08427565 1.60180290 1.59377761
v 8.98973912 1.58513356 1.52440123
v 8.90020007 1.56934541 1.42894192
v 8.81719052 1.55470858 1.30903301
v 8.74213079 1.54147353 1.16672619
v 8.67630517 1.52986669 1.00445636
v 8.62083996 1.52008668 0.82500000
v 8.57668418 1.51230083 0.63142766
v 8.54459336 1.50664235 0.42705142
v 8.52511657 1.50320806 0.21536822
v 8.51858706 1.50205674 0.00000000
v 8.52511657 1.50320806 -0.21536822
v 8.54459336 1.50664235 -0.42705142
v 8.57668418 1.51230083 -0.63142766
v 8.62083996 1.52008668 -0.82500000
v 8.67630517 1.52986669 -1.00445636
v 8.74213079 1.54147353 -1.16672619
v 8.81719052 1.55470858 -1.30903301
v 8.90020007 1.56934541 -1.42894192
v 8.98973912 1.58513356 -1.52440123
v 9.08427565 1.60180290 -1.59377761
v 9.18219209 1.61906821 -1.63588402
v 9.28181307 1.63663407 -1.65000000
v 9.38143406 1.65419994 -1.63588402
v 9.47935050 1.67146525 -1.59377761
v 9.57388702 1.68813459 -1.52440123
v 9.66342608 1.70392274 -1.42894192
v 9.74643563 1.71855957 -1.30903301
v 9.82149536 1.73179462 -1.16672619
v 9.88732098 1.74340145 -1.00445636
v 9.94278618 1.75318147 -0.82500000
v 9.98694196 1.76096732 -0.63142766
v 10.01903279 1.76662580 -0.42705142
v 10.03850958 1.77006008 -0.21536822
v 9.97710553 2.12069925 0.00000000
v 9.97062018 2.11932074 0.21536822
v 9.95127511 2.11520882 0.42705142
v 9.91940131 2.10843384 0.63142766
v 9.87554416 2.09911171 0.82500000
v 9.82045405 2.08740195 1.00445636
v 9.75507361 2.07350490 1.16672619
v 9.68052150 2.05765836 1.30903301
v 9.59807333 2.04013347 1.42894192
v 9.50913982 2.02123006 1.52440123
v 9.41524264 2.00127160 1.59377761
v 9.31798840 1.98059957 1.63588402
v 9.21904114 1.95956769 1.65000000
v 9.12009388 1.93853580 1.63588402
v 9.02283964 1.91786377 1.59377761
v 8.92894245 1.89790531 1.52440123
v 8.84000894 1.87900191 1.42894192
v 8.75756078 1.86147701 1.30903301
v 8.68300867 1.84563047 1.16672619
v 8.61762822 1.83173342 1.00445636
v 8.56253812 1.82002366 0.82500000
v 8.51868096 1.81070154 0.63142766
v 8.48680716 1.80392655 0.42705142
v 8.46746209 1.79981463 0.21536822
v 8.46097675 1.79843613 0.00000000
v 8.46746209 1.79981463 -0.21536822
v 8.48680716 1.80392655 -0.42705142
v 8.51868096 1.81070154 -0.63142766
v 8.56253812 1.82002366 -0.82500000
v 8.61762822 1.83173342 -1.00445636
v 8.68300867 1.84563047 -1.16672619
v 8.75756078 1.86147701 -1.30903301
v 8.84000894 1.87900191 -1.42894192
v 8.92894245 1.89790531 -1.52440123
v 9.02283964 1.91786377 -1.59377761
v 9.12009388 1.93853580 -1.63588402
v 9.21904114 1.95956769 -1.65000000
v 9.31798840 1.98059957 -1.63588402
v 9.41524264 2.00127160 -1.59377761
v 9.50913982 2.02123006 -1.52440123
v 9.59807333 2.04013347 -1.42894192
v 9.68052150 2.05765836 -1.30903301
v 9.75507361 2.07350490 -1.16672619
v 9.82045405 2.08740195 -1.00445636
v 9.87554416 2.09911171 -0.82500000
v 9.91940131 2.10843384 -0.63142766
v 9.95127511 2.11520882 -0.42705142
v 9.97062018 2.11932074 -0.21536822
v 9.89701641 2.46760334 0.00000000
v 9.89058312 2.46599934 0.21536822
v 9.87139334 2.46121479 0.42705142
v 9.83977540 2.45333155 0.63142766
v 9.79627030 2.44248451 0.82500000
v 9.74162242 2.42885926 1.00445636
v 9.67676680 2.41268894 1.16672619
v 9.60281315 2.39425022 1.30903301
v 9.52102681 2.37385860 1.42894192
v 9.43280720 2.35186298 1.52440123
v 9.33966376 2.32863971 1.59377761
v 9.24319020 2.30458615 1.63588402
v 9.14503722 2.28011387 1.65000000
v 9.04688424 2.25564158 1.63588402
v 8.95041068 2.23158802 1.59377761
v 8.85726724 2.20836475 1.52440123
v 8.76904763 2.18636913 1.42894192
v 8.68726130 2.16597751 1.30903301
v 8.61330764 2.14753879 1.16672619
v 8.54845202 2.13136847 1.00445636
v 8.49380414 2.11774322 0.82500000
v 8.45029904 2.10689618 0.63142766
v 8.41868110 2.09901295 0.42705142
v 8.39949132 2.09422840 0.21536822
v 8.39305803 2.09262440 0.00000000
v 8.39949132 2.09422840 -0.21536822
v 8.41868110 2.09901295 -0.42705142
v 8.45029904 2.10689618 -0.63142766
v 8.49380414 2.11774322 -0.82500000
v 8.54845202 2.13136847 -1.00445636
v 8.61330764 2.14753879 -1.16672619
v 8.68726130 2.16597751 -1.30903301
v 8.76904763 2.18636913 -1.42894192
v 8.85726724 2.20836475 -1.52440123
v 8.95041068 2.23158802 -1.59377761
v 9.04688424 2.25564158 -1.63588402
v 9.14503722 2.28011387 -1.65000000
v 9.24319020 2.30458615 -1.63588402
v 9.33966376 2.32863971 -1.59377761
v 9.43280720 2.35186298 -1.52440123
v 9.52102681 2.37385860 -1.42894192
v 9.60281315 2.39425022 -1.30903301
v 9.67676680 2.41268894 -1.16672619
v 9.74162242 2.42885926 -1.00445636
v 9.79627030 2.44248451 -0.82500000
v 9.83977540 2.45333155 -0.63142766
v 9.87139334 2.46121479 -0.42705142
v 9.89058312 2.46599934 -0.21536822
v 9.80486930 2.81150103 0.00000000
v 9.79849591 2.80967349 0.21536822
v 9.77948480 2.80422214 0.42705142
v 9.74816124 2.79524025 0.63142766
v 9.70506120 2.78288152 0.82500000
v 9.65092212 2.76735739 1.00445636
v 9.58667035 2.74893349 1.16672619
v 9.51340524 2.72792506 1.30903301
v 9.43238039 2.70469155 1.42894192
v 9.34498215 2.67963051 1.52440123
v 9.25270593 2.65317073 1.59377761
v 9.15713060 2.62576495 1.63588402
v 9.05989148 2.59788208 1.65000000
v 8.96265237 2.56999921 1.63588402
v 8.86707704 2.54259343 1.59377761
v 8.77480082 2.51613365 1.52440123
v 8.68740258 2.49107260 1.42894192
v 8.60637773 2.46783910 1.30903301
v 8.53311262 2.44683067 1.16672619
v 8.46886085 2.42840677 1.00445636
v 8.41472177 2.41288264 0.82500000
v 8.37162173 2.40052390 0.63142766
v 8.34029817 2.39154202 0.42705142
v 8.32128706 2.38609067 0.21536822
v 8.31491367 2.38426313 0.00000000
v 8.32128706 2.38609067 -0.21536822
v 8.34029817 2.39154202 -0.42705142
v 8.37162173 2.40052390 -0.63142766
v 8.41472177 2.41288264 -0.82500000
v 8.46886085 2.42840677 -1.00445636
v 8.53311262 2.44683067 -1.16672619
v 8.60637773 2.46783910 -1.30903301
v 8.68740258 2.49107260 -1.42894192
v 8.77480082 2.51613365 -1.52440123
v 8.86707704 2.54259343 -1.59377761
v 8.96265237 2.56999921 -1.63588402
v 9.05989148 2.59788208 -1.65000000
v 9.15713060 2.62576495 -1.63588402
v 9.25270593 2.65317073 -1.59377761
v 9.34498215 2.67963051 -1.52440123
v 9.43238039 2.70469155 -1.42894192
v 9.51340524 2.72792506 -1.30903301
v 9.58667035 2.74893349 -1.16672619
v 9.65092212 2.76735739 -1.00445636
v 9.70506120 2.78288152 -0.82500000
v 9.74816124 2.79524025 -0.63142766
v 9.77948480 2.80422214 -0.42705142
v 9.79849591 2.80967349 -0.21536822
v 9.70077647 3.15197334 0.00000000
v 9.69447074 3.14992449 0.21536822
v 9.67566146 3.14381298 0.42705142
v 9.64467044 3.13374339 0.63142766
v 9.60202797 3.11988801 0.82500000
v 9.54846366 3.10248391 1.00445636
v 9.48489401 3.08182888 1.16672619
v 9.41240672 3.05827633 1.30903301
v 9.33224207 3.03222926 1.42894192
v 9.24577168 3.00413333 1.52440123
v 9.15447511 2.97446927 1.59377761
v 9.05991445 2.94374465 1.63588402
v 8.96370767 2.91248517 1.65000000
v 8.86750088 2.88122569 1.63588402
v 8.77294022 2.85050107 1.59377761
v 8.68164365 2.82083702 1.52440123
v 8.59517327 2.79274109 1.42894192
v 8.51500861 2.76669401 1.30903301
v 8.44252132 2.74314146 1.16672619
v 8.37895167 2.72248643 1.00445636
v 8.32538736 2.70508233 0.82500000
v 8.28274489 2.69122695 0.63142766
v 8.25175388 2.68115736 0.42705142
v 8.23294459 2.67504586 0.21536822
v 8.22663887 2.67299700 0.00000000
v 8.23294459 2.67504586 -0.21536822
v 8.25175388 2.68115736 -0.42705142
v 8.28274489 2.69122695 -0.63142766
v 8.32538736 2.70508233 -0.82500000
v 8.37895167 2.72248643 -1.00445636
v 8.44252132 2.74314146 -1.16672619
v 8.51500861 2.76669401 -1.30903301
v 8.59517327 2.79274109 -1.42894192
v 8.68164365 2.82083702 -1.52440123
v 8.77294022 2.85050107 -1.59377761
v 8.86750088 2.88122569 -1.63588402
v 8.96370767 2.91248517 -1.65000000
v 9.05991445 2.94374465 -1.63588402
v 9.15447511 2.97446927 -1.59377761
v 9.24577168 3.00413333 -1.52440123
v 9.33224207 3.03222926 -1.42894192
v 9.41240672 3.05827633 -1.30903301
v 9.48489401 3.08182888 -1.16672619
v 9.54846366 3.10248391 -1.00445636
v 9.60202797 3.11988801 -0.82500000
v 9.64467044 3.13374339 -0.63142766
v 9.67566146 3.14381298 -0.42705142
v 9.69447074 3.14992449 -0.21536822
v 9.58486473 3.48860546 0.00000000
v 9.57863435 3.48633779 0.21536822
v 9.56004981 3.47957357 0.42705142
v 9.52942910 3.46842854 0.63142766
v 9.48729615 3.45309340 0.82500000
v 9.43437187 3.43383054 1.00445636
v 9.37156179 3.41096954 1.16672619
v 9.29994063 3.38490157 1.30903301
v 9.22073384 3.35607266 1.42894192
v 9.13529667 3.32497607 1.52440123
v 9.04509097 3.29214388 1.59377761
v 8.95166019 3.25813786 1.63588402
v 8.85660295 3.22353985 1.65000000
v 8.76154571 3.18894185 1.63588402
v 8.66811493 3.15493582 1.59377761
v 8.57790923 3.12210363 1.52440123
v 8.49247206 3.09100705 1.42894192
v 8.41326527 3.06217813 1.30903301
v 8.34164411 3.03611016 1.16672619
v 8.27883403 3.01324916 1.00445636
v 8.22590975 2.99398630 0.82500000
v 8.18377680 2.97865116 0.63142766
v 8.15315609 2.96750613 0.42705142
v 8.13457155 2.96074191 0.21536822
v 8.12834117 2.95847424 0.00000000
v 8.13457155 2.96074191 -0.21536822
v 8.15315609 2.96750613 -0.42705142
v 8.18377680 2.97865116 -0.63142766
v 8.22590975 2.99398630 -0.82500000
v 8.27883403 3.01324916 -1.00445636
v 8.34164411 3.03611016 -1.16672619
v 8.41326527 3.06217813 -1.30903301
v 8.49247206 3.09100705 -1.42894192
v 8.57790923 3.12210363 -1.52440123
v 8.66811493 3.15493582 -1.59377761
v 8.76154571 3.18894185 -1.63588402
v 8.85660295 3.22353985 -1.65000000
v 8.95166019 3.25813786 -1.63588402
v 9.04509097 3.29214388 -1.59377761
v 9.13529667 3.32497607 -1.52440123
v 9.22073384 3.35607266 -1.42894192
v 9.29994063 3.38490157 -1.30903301
v 9.37156179 3.41096954 -1.16672619
v 9.43437187 3.43383054 -1.00445636
v 9.48729615 3.45309340 -0.82500000
v 9.52942910 3.46842854 -0.63142766
v 9.56004981 3.47957357 -0.42705142
v 9.57863435 3.48633779 -0.21536822
v 9.45727532 3.82098725 0.00000000
v 9.45112787 3.81850352 0.21536822
v 9.43279072 3.81109483 0.42705142
v 9.40257762 3.79888795 0.63142766
v 9.36100553 3.78209173 0.82500000
v 9.30878575 3.76099357 1.00445636
v 9.24681177 3.73595446 1.16672619
v 9.17614400 3.70740283 1.30903301
v 9.09799157 3.67582720 1.42894192
v 9.01369170 3.64176784 1.52440123
v 8.92468678 3.60580752 1.59377761
v 8.83249971 3.56856152 1.63588402
v 8.73870783 3.53066714 1.65000000
v 8.64491595 3.49277276 1.63588402
v 8.55272888 3.45552677 1.59377761
v 8.46372396 3.41956645 1.52440123
v 8.37942409 3.38550709 1.42894192
v 8.30127166 3.35393146 1.30903301
v 8.23060389 3.32537982 1.16672619
v 8.16862991 3.30034071 1.00445636
v 8.11641013 3.27924255 0.82500000
v 8.07483804 3.26244634 0.63142766
v 8.04462494 3.25023945 0.42705142
v 8.02628779 3.24283076 0.21536822
v 8.02014034 3.24034703 0.00000000
v 8.02628779 3.24283076 -0.21536822
v 8.04462494 3.25023945 -0.42705142
v 8.07483804 3.26244634 -0.63142766
v 8.11641013 3.27924255 -0.82500000
v 8.16862991 3.30034071 -1.00445636
v 8.23060389 3.32537982 -1.16672619
v 8.30127166 3.35393146 -1.30903301
v 8.37942409 3.38550709 -1.42894192
v 8.46372396 3.41956645 -1.52440123
v 8.55272888 3.45552677 -1.59377761
v 8.64491595 3.49277276 -1.63588402
v 8.73870783 3.53066714 -1.65000000
v 8.83249971 3.56856152 -1.63588402
v 8.92468678 3.60580752 -1.59377761
v 9.01369170 3.64176784 -1.52440123
v 9.09799157 3.67582720 -1.42894192
v 9.17614400 3.70740283 -1.30903301
v 9.24681177 3.73595446 -1.16672619
v 9.30878575 3.76099357 -1.00445636
v 9.36100553 3.78209173 -0.82500000
v 9.40257762 3.79888795 -0.63142766
v 9.43279072 3.81109483 -0.42705142
v 9.45112787 3.81850352 -0.21536822
v 9.31816367 4.14871376 0.00000000
v 9.31210665 4.14601700 0.21536822
v 9.29403923 4.13797287 0.42705142
v 9.26427055 4.12471900 0.63142766
v 9.22330996 4.10648217 0.82500000
v 9.17185830 4.08357441 1.00445636
v 9.11079593 4.05638770 1.16672619
v 9.04116765 4.02538719 1.30903301
v 8.96416480 3.99110331 1.42894192
v 8.88110494 3.95412268 1.52440123
v 8.79340923 3.91507803 1.59377761
v 8.70257819 3.87463744 1.63588402
v 8.61016594 3.83349286 1.65000000
v 8.51775369 3.79234828 1.63588402
v 8.42692264 3.75190769 1.59377761
v 8.33922694 3.71286305 1.52440123
v 8.25616707 3.67588241 1.42894192
v 8.17916423 3.64159854 1.30903301
v 8.10953594 3.61059803 1.16672619
v 8.04847357 3.58341131 1.00445636
v 7.99702192 3.56050356 0.82500000
v 7.95606133 3.54226672 0.63142766
v 7.92629265 3.52901285 0.42705142
v 7.90822523 3.52096872 0.21536822
v 7.90216821 3.51827196 0.00000000
v 7.90822523 3.52096872 -0.21536822
v 7.92629265 3.52901285 -0.42705142
v 7.95606133 3.54226672 -0.63142766
v 7.99702192 3.56050356 -0.82500000
v 8.04847357 3.58341131 -1.00445636
v 8.10953594 3.61059803 -1.16672619
v 8.17916423 3.64159854 -1.30903301
v 8.25616707 3.67588241 -1.42894192
v 8.33922694 3.71286305 -1.52440123
v 8.42692264 3.75190769 -1.59377761
v 8.51775369 3.79234828 -1.63588402
v 8.61016594 3.83349286 -1.65000000
v 8.70257819 3.87463744 -1.63588402
v 8.79340923 3.91507803 -1.59377761
v 8.88110494 3.95412268 -1.52440123
v 8.96416480 3.99110331 -1.42894192
v 9.04116765 4.02538719 -1.30903301
v 9.11079593 4.05638770 -1.16672619
v 9.17185830 4.08357441 -1.00445636
v 9.22330996 4.10648217 -0.82500000
v 9.26427055 4.12471900 -0.63142766
v 9.29403923 4.13797287 -0.42705142
v 9.31210665 4.14601700 -0.21536822
v 9.16769927 4.47138570 0.00000000
v 9.16174006 4.46847919 0.21536822
v 9.14396438 4.45980942 0.42705142
v 9.11467639 4.44552471 0.63142766
v 9.07437721 4.42586948 0.82500000
v 9.02375636 4.40118005 1.00445636
v 8.96367999 4.37187885 1.16672619
v 8.89517603 4.33846723 1.30903301
v 8.81941658 4.30151688 1.42894192
v 8.73769792 4.26166002 1.52440123
v 8.65141827 4.21957863 1.59377761
v 8.56205391 4.17599272 1.63588402
v 8.47113389 4.13164806 1.65000000
v 8.38021386 4.08730340 1.63588402
v 8.29084950 4.04371749 1.59377761
v 8.20456985 4.00163609 1.52440123
v 8.12285119 3.96177924 1.42894192
v 8.04709175 3.92482889 1.30903301
v 7.97858778 3.89141727 1.16672619
v 7.91851141 3.86211607 1.00445636
v 7.86789057 3.83742663 0.82500000
v 7.82759138 3.81777141 0.63142766
v 7.79830339 3.80348670 0.42705142
v 7.78052771 3.79481692 0.21536822
v 7.77456850 3.79191042 0.00000000
v 7.78052771 3.79481692 -0.21536822
v 7.79830339 3.80348670 -0.42705142
v 7.82759138 3.81777141 -0.63142766
v 7.86789057 3.83742663 -0.82500000
v 7.91851141 3.86211607 -1.00445636
v 7.97858778 3.89141727 -1.16672619
v 8.04709175 3.92482889 -1.30903301
v 8.12285119 3.96177924 -1.42894192
v 8.20456985 4.00163609 -1.52440123
v 8.29084950 4.04371749 -1.59377761
v 8.38021386 4.08730340 -1.63588402
v 8.47113389 4.13164806 -1.65000000
v 8.56205391 4.17599272 -1.63588402
v 8.65141827 4.21957863 -1.59377761
v 8.73769792 4.26166002 -1.52440123
v 8.81941658 4.30151688 -1.42894192
v 8.89517603 4.33846723 -1.30903301
v 8.96367999 4.37187885 -1.16672619
v 9.02375636 4.40118005 -1.00445636
v 9.07437721 4.42586948 -0.82500000
v 9.11467639 4.44552471 -0.63142766
v 9.14396438 4.45980942 -0.42705142
v 9.16174006 4.46847919 -0.21536822
v 9.00606545 4.78860994 0.00000000
v 9.00021130 4.78549723 0.21536822
v 8.98274902 4.77621238 0.42705142
v 8.95397740 4.76091423 0.63142766
v 8.91438872 4.73986456 0.82500000
v 8.86466036 4.71342352 1.00445636
v 8.80564319 4.68204354 1.16672619
v 8.73834700 4.64626152 1.30903301
v 8.66392325 4.60668971 1.42894192
v 8.58364536 4.56400520 1.52440123
v 8.49888689 4.51893832 1.59377761
v 8.41109810 4.47226019 1.63588402
v 8.32178106 4.42476948 1.65000000
v 8.23246403 4.37727877 1.63588402
v 8.14467523 4.33060064 1.59377761
v 8.05991677 4.28553376 1.52440123
v 7.97963887 4.24284925 1.42894192
v 7.90521512 4.20327744 1.30903301
v 7.83791893 4.16749542 1.16672619
v 7.77890176 4.13611543 1.00445636
v 7.72917340 4.10967440 0.82500000
v 7.68958473 4.08862472 0.63142766
v 7.66081310 4.07332658 0.42705142
v 7.64335083 4.06404172 0.21536822
v 7.63749668 4.06092902 0.00000000
v 7.64335083 4.06404172 -0.21536822
v 7.66081310 4.07332658 -0.42705142
v 7.68958473 4.08862472 -0.63142766
v 7.72917340 4.10967440 -0.82500000
v 7.77890176 4.13611543 -1.00445636
v 7.83791893 4.16749542 -1.16672619
v 7.90521512 4.20327744 -1.30903301
v 7.97963887 4.24284925 -1.42894192
v 8.05991677 4.28553376 -1.52440123
v 8.14467523 4.33060064 -1.59377761
v 8.23246403 4.37727877 -1.63588402
v 8.32178106 4.42476948 -1.65000000
v 8.41109810 4.47226019 -1.63588402
v 8.49888689 4.51893832 -1.59377761
v 8.58364536 4.56400520 -1.52440123
v 8.66392325 4.60668971 -1.42894192
v 8.73834700 4.64626152 -1.30903301
v 8.80564319 4.68204354 -1.16672619
v 8.86466036 4.71342352 -1.00445636
v 8.91438872 4.73986456 -0.82500000
v 8.95397740 4.76091423 -0.63142766
v 8.98274902 4.77621238 -0.42705142
v 9.00021130 4.78549723 -0.21536822
v 8.83345912 5.10000000 0.00000000
v 8.82771717 5.09668488 0.21536822
v 8.81058957 5.08679626 0.42705142
v 8.78236937 5.07050332 0.63142766
v 8.74353943 5.04808484 0.82500000
v 8.69476414 5.01992442 1.00445636
v 8.63687807 4.98650388 1.16672619
v 8.57087165 4.94839505 1.30903301
v 8.49787427 4.90625000 1.42894192
v 8.41913495 4.86078983 1.52440123
v 8.33600093 4.81279238 1.59377761
v 8.24989465 4.76307890 1.63588402
v 8.16228943 4.71250000 1.65000000
v 8.07468421 4.66192110 1.63588402
v 7.98857793 4.61220762 1.59377761
v 7.90544391 4.56421017 1.52440123
v 7.82670459 4.51875000 1.42894192
v 7.75370721 4.47660495 1.30903301
v 7.68770079 4.43849612 1.16672619
v 7.62981472 4.40507558 1.00445636
v 7.58103943 4.37691516 0.82500000
v 7.54220949 4.35449668 0.63142766
v 7.51398930 4.33820374 0.42705142
v 7.49686169 4.32831512 0.21536822
v 7.49111974 4.32500000 0.00000000
v 7.49686169 4.32831512 -0.21536822
v 7.51398930 4.33820374 -0.42705142
v 7.54220949 4.35449668 -0.63142766
v 7.58103943 4.37691516 -0.82500000
v 7.62981472 4.40507558 -1.00445636
v 7.68770079 4.43849612 -1.16672619
v 7.75370721 4.47660495 -1.30903301
v 7.82670459 4.51875000 -1.42894192
v 7.90544391 4.56421017 -1.52440123
v 7.98857793 4.61220762 -1.59377761
v 8.07468421 4.66192110 -1.63588402
v 8.16228943 4.71250000 -1.65000000
v 8.24989465 4.76307890 -1.63588402
v 8.33600093 4.81279238 -1.59377761
v 8.41913495 4.86078983 -1.52440123
v 8.49787427 4.90625000 -1.42894192
v 8.57087165 4.94839505 -1.30903301
v 8.63687807 4.98650388 -1.16672619
v 8.69476414 5.01992442 -1.00445636
v 8.74353943 5.04808484 -0.82500000
v 8.78236937 5.07050332 -0.63142766
v 8.81058957 5.08679626 -0.42705142
v 8.82771717 5.09668488 -0.21536822
v 8.65009058 5.40517650 0.00000000
v 8.64446782 5.40166301 0.21536822
v 8.62769576 5.39118266 0.42705142
v 8.60006137 5.37391478 0.63142766
v 8.56203748 5.35015481 0.82500000
v 8.51427469 5.32030931 1.00445636
v 8.45759024 5.28488893 1.16672619
v 8.39295401 5.24449973 1.30903301
v 8.32147194 5.19983278 1.42894192
v 8.24436712 5.15165234 1.52440123
v 8.16295883 5.10078279 1.59377761
v 8.07863999 5.04809453 1.63588402
v 7.99285331 4.99448907 1.65000000
v 7.90706663 4.94088360 1.63588402
v 7.82274778 4.88819534 1.59377761
v 7.74133949 4.83732579 1.52440123
v 7.66423467 4.78914535 1.42894192
v 7.59275260 4.74447840 1.30903301
v 7.52811637 4.70408920 1.16672619
v 7.47143192 4.66866882 1.00445636
v 7.42366913 4.63882332 0.82500000
v 7.38564524 4.61506335 0.63142766
v 7.35801085 4.59779547 0.42705142
v 7.34123879 4.58731512 0.21536822
v 7.33561603 4.58380164 0.00000000
v 7.34123879 4.58731512 -0.21536822
v 7.35801085 4.59779547 -0.42705142
v 7.38564524 4.61506335 -0.63142766
v 7.42366913 4.63882332 -0.82500000
v 7.47143192 4.66866882 -1.00445636
v 7.52811637 4.70408920 -1.16672619
v 7.59275260 4.74447840 -1.30903301
v 7.66423467 4.78914535 -1.42894192
v 7.74133949 4.83732579 -1.52440123
v 7.82274778 4.88819534 -1.59377761
v 7.90706663 4.94088360 -1.63588402
v 7.99285331 4.99448907 -1.65000000
v 8.07863999 5.04809453 -1.63588402
v 8.16295883 5.10078279 -1.59377761
v 8.24436712 5.15165234 -1.52440123
v 8.32147194 5.19983278 -1.42894192
v 8.39295401 5.24449973 -1.30903301
v 8.45759024 5.28488893 -1.16672619
v 8.51427469 5.32030931 -1.00445636
v 8.56203748 5.35015481 -0.82500000
v 8.60006137 5.37391478 -0.63142766
v 8.62769576 5.39118266 -0.42705142
v 8.64446782 5.40166301 -0.21536822
v 8.45618324 5.70376762 0.00000000
v 8.45068653 5.70006004 0.21536822
v 8.43429044 5.68900074 0.42705142
v 8.40727553 5.67077895 0.63142766
v 8.37010401 5.64570644 0.82500000
v 8.32341191 5.61421222 1.00445636
v 8.26799814 5.57683516 1.16672619
v 8.20481085 5.53421480 1.30903301
v 8.13493118 5.48708037 1.42894192
v 8.05955480 5.43623836 1.52440123
v 7.97997142 5.38255869 1.59377761
v 7.89754274 5.32695984 1.63588402
v 7.81367912 5.27039312 1.65000000
v 7.72981551 5.21382639 1.63588402
v 7.64738682 5.15822754 1.59377761
v 7.56780344 5.10454787 1.52440123
v 7.49242706 5.05370587 1.42894192
v 7.42254740 5.00657144 1.30903301
v 7.35936010 4.96395107 1.16672619
v 7.30394633 4.92657401 1.00445636
v 7.25725423 4.89507979 0.82500000
v 7.22008272 4.87000728 0.63142766
v 7.19306780 4.85178549 0.42705142
v 7.17667171 4.84072619 0.21536822
v 7.17117500 4.83701862 0.00000000
v 7.17667171 4.84072619 -0.21536822
v 7.19306780 4.85178549 -0.42705142
v 7.22008272 4.87000728 -0.63142766
v 7.25725423 4.89507979 -0.82500000
v 7.30394633 4.92657401 -1.00445636
v 7.35936010 4.96395107 -1.16672619
v 7.42254740 5.00657144 -1.30903301
v 7.49242706 5.05370587 -1.42894192
v 7.56780344 5.10454787 -1.52440123
v 7.64738682 5.15822754 -1.59377761
v 7.72981551 5.21382639 -1.63588402
v 7.81367912 5.27039312 -1.65000000
v 7.89754274 5.32695984 -1.63588402
v 7.97997142 5.38255869 -1.59377761
v 8.05955480 5.43623836 -1.52440123
v 8.13493118 5.48708037 -1.42894192
v 8.20481085 5.53421480 -1.30903301
v 8.26799814 5.57683516 -1.16672619
v 8.32341191 5.61421222 -1.00445636
v 8.37010401 5.64570644 -0.82500000
v 8.40727553 5.67077895 -0.63142766
v 8.43429044 5.68900074 -0.42705142
v 8.45068653 5.70006004 -0.21536822
v 8.25197334 5.99540957 0.00000000
v 8.24660937 5.99151242 0.21536822
v 8.23060924 5.97988764 0.42705142
v 8.20424671 5.96073415 0.63142766
v 8.16797286 5.93437965 0.82500000
v 8.12240833 5.90127508 1.00445636
v 8.06833276 5.86198688 1.16672619
v 8.00667139 5.81718727 1.30903301
v 7.93847926 5.76764279 1.42894192
v 7.86492316 5.71420115 1.52440123
v 7.78726165 5.65777677 1.59377761
v 7.70682355 5.59933507 1.63588402
v 7.62498517 5.53987600 1.65000000
v 7.54314679 5.48041694 1.63588402
v 7.46270869 5.42197524 1.59377761
v 7.38504719 5.36555085 1.52440123
v 7.31149109 5.31210922 1.42894192
v 7.24329896 5.26256474 1.30903301
v 7.18163758 5.21776513 1.16672619
v 7.12756201 5.17847692 1.00445636
v 7.08199749 5.14537236 0.82500000
v 7.04572363 5.11901786 0.63142766
v 7.01936111 5.09986436 0.42705142
v 7.00336097 5.08823959 0.21536822
v 6.99799700 5.08434243 0.00000000
v 7.00336097 5.08823959 -0.21536822
v 7.01936111 5.09986436 -0.42705142
v 7.04572363 5.11901786 -0.63142766
v 7.08199749 5.14537236 -0.82500000
v 7.12756201 5.17847692 -1.00445636
v 7.18163758 5.21776513 -1.16672619
v 7.24329896 5.26256474 -1.30903301
v 7.31149109 5.31210922 -1.42894192
v 7.38504719 5.36555085 -1.52440123
v 7.46270869 5.42197524 -1.59377761
v 7.54314679 5.48041694 -1.63588402
v 7.62498517 5.53987600 -1.65000000
v 7.70682355 5.59933507 -1.63588402
v 7.78726165 5.65777677 -1.59377761
v 7.86492316 5.71420115 -1.52440123
v 7.93847926 5.76764279 -1.42894192
v 8.00667139 5.81718727 -1.30903301
v 8.06833276 5.86198688 -1.16672619
v 8.12240833 5.90127508 -1.00445636
v 8.16797286 5.93437965 -0.82500000
v 8.20424671 5.96073415 -0.63142766
v 8.23060924 5.97988764 -0.42705142
v 8.24660937 5.99151242 -0.21536822
v 8.03770969 6.27974705 0.00000000
v 8.03248499 6.27566507 0.21536822
v 8.01690030 6.26348898 0.42705142
v 7.99122228 6.24342711 0.63142766
v 7.95589028 6.21582273 0.82500000
v 7.91150885 6.18114815 1.00445636
v 7.85883736 6.13999667 1.16672619
v 7.79877703 6.09307240 1.30903301
v 7.73235552 6.04117823 1.42894192
v 7.66070931 5.98520208 1.52440123
v 7.58506430 5.92610171 1.59377761
v 7.50671479 5.86488836 1.63588402
v 7.42700135 5.80260940 1.65000000
v 7.34728792 5.74033045 1.63588402
v 7.26893840 5.67911710 1.59377761
v 7.19329339 5.62001673 1.52440123
v 7.12164719 5.56404058 1.42894192
v 7.05522567 5.51214641 1.30903301
v 6.99516535 5.46522214 1.16672619
v 6.94249386 5.42407066 1.00445636
v 6.89811242 5.38939608 0.82500000
v 6.86278042 5.36179170 0.63142766
v 6.83710240 5.34172983 0.42705142
v 6.82151771 5.32955374 0.21536822
v 6.81629302 5.32547176 0.00000000
v 6.82151771 5.32955374 -0.21536822
v 6.83710240 5.34172983 -0.42705142
v 6.86278042 5.36179170 -0.63142766
v 6.89811242 5.38939608 -0.82500000
v 6.94249386 5.42407066 -1.00445636
v 6.99516535 5.46522214 -1.16672619
v 7.05522567 5.51214641 -1.30903301
v 7.12164719 5.56404058 -1.42894192
v 7.19329339 5.62001673 -1.52440123
v 7.26893840 5.67911710 -1.59377761
v 7.34728792 5.74033045 -1.63588402
v 7.42700135 5.80260940 -1.65000000
v 7.50671479 5.86488836 -1.63588402
v 7.58506430 5.92610171 -1.59377761
v 7.66070931 5.98520208 -1.52440123
v 7.73235552 6.04117823 -1.42894192
v 7.79877703 6.09307240 -1.30903301
v 7.85883736 6.13999667 -1.16672619
v 7.91150885 6.18114815 -1.00445636
v 7.95589028 6.21582273 -0.82500000
v 7.99122228 6.24342711 -0.63142766
v 8.01690030 6.26348898 -0.42705142
v 8.03248499 6.27566507 -0.21536822
v 7.81365332 6.55643362 0.00000000
v 7.80857427 6.55217179 0.21536822
v 7.79342401 6.53945921 0.42705142
v 7.76846178 6.51851342 0.63142766
v 7.73411469 6.48969278 0.82500000
v 7.69097041 6.45349044 1.00445636
v 7.63976717 6.41052582 1.16672619
v 7.58138107 6.36153406 1.30903301
v 7.51681110 6.30735342 1.42894192
v 7.44716208 6.24891095 1.52440123
v 7.37362572 6.18720662 1.59377761
v 7.29746025 6.12329620 1.63588402
v 7.21996888 6.05827322 1.65000000
v 7.14247751 5.99325024 1.63588402
v 7.06631204 5.92933982 1.59377761
v 6.99277568 5.86763549 1.52440123
v 6.92312665 5.80919302 1.42894192
v 6.85855669 5.75501239 1.30903301
v 6.80017058 5.70602063 1.16672619
v 6.74896734 5.66305601 1.00445636
v 6.70582307 5.62685366 0.82500000
v 6.67147597 5.59803303 0.63142766
v 6.64651374 5.57708723 0.42705142
v 6.63136349 5.56437466 0.21536822
v 6.62628443 5.56011282 0.00000000
v 6.63136349 5.56437466 -0.21536822
v 6.64651374 5.57708723 -0.42705142
v 6.67147597 5.59803303 -0.63142766
v 6.70582307 5.62685366 -0.82500000
v 6.74896734 5.66305601 -1.00445636
v 6.80017058 5.70602063 -1.16672619
v 6.85855669 5.75501239 -1.30903301
v 6.92312665 5.80919302 -1.42894192
v 6.99277568 5.86763549 -1.52440123
v 7.06631204 5.92933982 -1.59377761
v 7.14247751 5.99325024 -1.63588402
v 7.21996888 6.05827322 -1.65000000
v 7.29746025 6.12329620 -1.63588402
v 7.37362572 6.18720662 -1.59377761
v 7.44716208 6.24891095 -1.52440123
v 7.51681110 6.30735342 -1.42894192
v 7.58138107 6.36153406 -1.30903301
v 7.63976717 6.41052582 -1.16672619
v 7.69097041 6.45349044 -1.00445636
v 7.73411469 6.48969278 -0.82500000
v 7.76846178 6.51851342 -0.63142766
v 7.79342401 6.53945921 -0.42705142
v 7.80857427 6.55217179 -0.21536822
v 7.58007722 6.82513218 0.00000000
v 7.57515000 6.82069569 0.21536822
v 7.56045263 6.80746213 0.42705142
v 7.53623661 6.78565792 0.63142766
v 7.50291626 6.75565615 0.82500000
v 7.46106171 6.71797014 1.00445636
v 7.41138911 6.67324473 1.16672619
v 7.35474836 6.62224517 1.30903301
v 7.29210860 6.56584407 1.42894192
v 7.22454162 6.50500649 1.52440123
v 7.15320351 6.44077337 1.59377761
v 7.07931487 6.37424374 1.63588402
v 7.00413998 6.30655596 1.65000000
v 6.92896509 6.23886819 1.63588402
v 6.85507645 6.17233856 1.59377761
v 6.78373834 6.10810544 1.52440123
v 6.71617136 6.04726785 1.42894192
v 6.65353160 5.99086676 1.30903301
v 6.59689085 5.93986720 1.16672619
v 6.54721825 5.89514179 1.00445636
v 6.50536370 5.85745578 0.82500000
v 6.47204335 5.82745401 0.63142766
v 6.44782733 5.80564980 0.42705142
v 6.43312996 5.79241624 0.21536822
v 6.42820274 5.78797975 0.00000000
v 6.43312996 5.79241624 -0.21536822
v 6.44782733 5.80564980 -0.42705142
v 6.47204335 5.82745401 -0.63142766
v 6.50536370 5.85745578 -0.82500000
v 6.54721825 5.89514179 -1.00445636
v 6.59689085 5.93986720 -1.16672619
v 6.65353160 5.99086676 -1.30903301
v 6.71617136 6.04726785 -1.42894192
v 6.78373834 6.10810544 -1.52440123
v 6.85507645 6.17233856 -1.59377761
v 6.92896509 6.23886819 -1.63588402
v 7.00413998 6.30655596 -1.65000000
v 7.07931487 6.37424374 -1.63588402
v 7.15320351 6.44077337 -1.59377761
v 7.22454162 6.50500649 -1.52440123
v 7.29210860 6.56584407 -1.42894192
v 7.35474836 6.62224517 -1.30903301
v 7.41138911 6.67324473 -1.16672619
v 7.46106171 6.71797014 -1.00445636
v 7.50291626 6.75565615 -0.82500000
v 7.53623661 6.78565792 -0.63142766
v 7.56045263 6.80746213 -0.42705142
v 7.57515000 6.82069569 -0.21536822
v 7.33726596 7.08551538 0.00000000
v 7.33249657 7.08090963 0.21536822
v 7.31827001 7.06717120 0.42705142
v 7.29482969 7.04453515 0.63142766
v 7.26257669 7.01338878 0.82500000
v 7.22206286 6.97426503 1.00445636
v 7.17398141 6.92783332 1.16672619
v 7.11915502 6.87488809 1.30903301
v 7.05852179 6.81633526 1.42894192
v 6.99311917 6.75317668 1.52440123
v 6.92406622 6.68649302 1.59377761
v 6.85254445 6.61742525 1.63588402
v 6.77977762 6.54715514 1.65000000
v 6.70701079 6.47688503 1.63588402
v 6.63548902 6.40781726 1.59377761
v 6.56643606 6.34113360 1.52440123
v 6.50103345 6.27797502 1.42894192
v 6.44040022 6.21942219 1.30903301
v 6.38557383 6.16647697 1.16672619
v 6.33749238 6.12004525 1.00445636
v 6.29697855 6.08092150 0.82500000
v 6.26472555 6.04977514 0.63142766
v 6.24128523 6.02713908 0.42705142
v 6.22705866 6.01340065 0.21536822
v 6.22228927 6.00879490 0.00000000
v 6.22705866 6.01340065 -0.21536822
v 6.24128523 6.02713908 -0.42705142
v 6.26472555 6.04977514 -0.63142766
v 6.29697855 6.08092150 -0.82500000
v 6.33749238 6.12004525 -1.00445636
v 6.38557383 6.16647697 -1.16672619
v 6.44040022 6.21942219 -1.30903301
v 6.50103345 6.27797502 -1.42894192
v 6.56643606 6.34113360 -1.52440123
v 6.63548902 6.40781726 -1.59377761
v 6.70701079 6.47688503 -1.63588402
v 6.77977762 6.54715514 -1.65000000
v 6.85254445 6.61742525 -1.63588402
v 6.92406622 6.68649302 -1.59377761
v 6.99311917 6.75317668 -1.52440123
v 7.05852179 6.81633526 -1.42894192
v 7.11915502 6.87488809 -1.30903301
v 7.17398141 6.92783332 -1.16672619
v 7.22206286 6.97426503 -1.00445636
v 7.26257669 7.01338878 -0.82500000
v 7.29482969 7.04453515 -0.63142766
v 7.31827001 7.06717120 -0.42705142
v 7.33249657 7.08090963 -0.21536822
v 7.08551538 7.33726596 0.00000000
v 7.08090963 7.33249657 0.21536822
v 7.06717120 7.31827001 0.42705142
v 7.04453515 7.29482969 0.63142766
v 7.01338878 7.26257669 0.82500000
v 6.97426503 7.22206286 1.00445636
v 6.92783332 7.17398141 1.16672619
v 6.87488809 7.11915502 1.30903301
v 6.81633526 7.05852179 1.42894192
v 6.75317668 6.99311917 1.52440123
v 6.68649302 6.92406622 1.59377761
v 6.61742525 6.85254445 1.63588402
v 6.54715514 6.77977762 1.65000000
v 6.47688503 6.70701079 1.63588402
v 6.40781726 6.63548902 1.59377761
v 6.34113360 6.56643606 1.52440123
v 6.27797502 6.50103345 1.42894192
v 6.21942219 6.44040022 1.30903301
v 6.16647697 6.38557383 1.16672619
v 6.12004525 6.33749238 1.00445636
v 6.08092150 6.29697855 0.82500000
v 6.04977514 6.26472555 0.63142766
v 6.02713908 6.24128523 0.42705142
v 6.01340065 6.22705866 0.21536822
v 6.00879490 6.22228927 0.00000000
v 6.01340065 6.22705866 -0.21536822
v 6.02713908 6.24128523 -0.42705142
v 6.04977514 6.26472555 -0.63142766
v 6.08092150 6.29697855 -0.82500000
v 6.12004525 6.33749238 -1.00445636
v 6.16647697 6.38557383 -1.16672619
v 6.21942219 6.44040022 -1.30903301
v 6.27797502 6.50103345 -1.42894192
v 6.34113360 6.56643606 -1.52440123
v 6.40781726 6.63548902 -1.59377761
v 6.47688503 6.70701079 -1.63588402
v 6.54715514 6.77977762 -1.65000000
v 6.61742525 6.85254445 -1.63588402
v 6.68649302 6.92406622 -1.59377761
v 6.75317668 6.99311917 -1.52440123
v 6.81633526 7.05852179 -1.42894192
v 6.87488809 7.11915502 -1.30903301
v 6.92783332 7.17398141 -1.16672619
v 6.97426503 7.22206286 -1.00445636
v 7.01338878 7.26257669 -0.82500000
v 7.04453515 7.29482969 -0.63142766
v 7.06717120 7.31827001 -0.42705142
v 7.08090963 7.33249657 -0.21536822
v 6.82513218 7.58007722 0.00000000
v 6.82069569 7.57515000 0.21536822
v 6.80746213 7.56045263 0.42705142
v 6.78565792 7.53623661 0.63142766
v 6.75565615 7.50291626 0.82500000
v 6.71797014 7.46106171 1.00445636
v 6.67324473 7.41138911 1.16672619
v 6.62224517 7.35474836 1.30903301
v 6.56584407 7.29210860 1.42894192
v 6.50500649 7.22454162 1.52440123
v 6.44077337 7.15320351 1.59377761
v 6.37424374 7.07931487 1.63588402
v 6.30655596 7.00413998 1.65000000
v 6.23886819 6.92896509 1.63588402
v 6.17233856 6.85507645 1.59377761
v 6.10810544 6.78373834 1.52440123
v 6.04726785 6.71617136 1.42894192
v 5.99086676 6.65353160 1.30903301
v 5.93986720 6.59689085 1.16672619
v 5.89514179 6.54721825 1.00445636
v 5.85745578 6.50536370 0.82500000
v 5.82745401 6.47204335 0.63142766
v 5.80564980 6.44782733 0.42705142
v 5.79241624 6.43312996 0.21536822
v 5.78797975 6.42820274 0.00000000
v 5.79241624 6.43312996 -0.21536822
v 5.80564980 6.44782733 -0.42705142
v 5.82745401 6.47204335 -0.63142766
v 5.85745578 6.50536370 -0.82500000
v 5.89514179 6.54721825 -1.00445636
v 5.93986720 6.59689085 -1.16672619
v 5.99086676 6.65353160 -1.30903301
v 6.04726785 6.71617136 -1.42894192
v 6.10810544 6.78373834 -1.52440123
v 6.17233856 6.85507645 -1.59377761
v 6.23886819 6.92896509 -1.63588402
v 6.30655596 7.00413998 -1.65000000
v 6.37424374 7.07931487 -1.63588402
v 6.44077337 7.15320351 -1.59377761
v 6.50500649 7.22454162 -1.52440123
v 6.56584407 7.29210860 -1.42894192
v 6.62224517 7.35474836 -1.30903301
v 6.67324473 7.41138911 -1.16672619
v 6.71797014 7.46106171 -1.00445636
v 6.75565615 7.50291626 -0.82500000
v 6.78565792 7.53623661 -0.63142766
v 6.80746213 7.56045263 -0.42705142
v 6.82069569 7.57515000 -0.21536822
v 6.55643362 7.81365332 0.00000000
v 6.55217179 7.80857427 0.21536822
v 6.53945921 7.79342401 0.42705142
v 6.51851342 7.76846178 0.63142766
v 6.48969278 7.73411469 0.82500000
v 6.45349044 7.69097041 1.00445636
v 6.41052582 7.63976717 1.16672619
v 6.36153406 7.58138107 1.30903301
v 6.30735342 7.51681110 1.42894192
v 6.24891095 7.44716208 1.52440123
v 6.18720662 7.37362572 1.59377761
v 6.12329620 7.29746025 1.63588402
v 6.05827322 7.21996888 1.65000000
v 5.99325024 7.14247751 1.63588402
v 5.92933982 7.06631204 1.59377761
v 5.86763549 6.99277568 1.52440123
v 5.80919302 6.92312665 1.42894192
v 5.75501239 6.85855669 1.30903301
v 5.70602063 6.80017058 1.16672619
v 5.66305601 6.74896734 1.00445636
v 5.62685366 6.70582307 0.82500000
v 5.59803303 6.67147597 0.63142766
v 5.57708723 6.64651374 0.42705142
v 5.56437466 6.63136349 0.21536822
v 5.56011282 6.62628443 0.00000000
v 5.56437466 6.63136349 -0.21536822
v 5.57708723 6.64651374 -0.42705142
v 5.59803303 6.67147597 -0.63142766
v 5.62685366 6.70582307 -0.82500000
v 5.66305601 6.74896734 -1.00445636
v 5.70602063 6.80017058 -1.16672619
v 5.75501239 6.85855669 -1.30903301
v 5.80919302 6.92312665 -1.42894192
v 5.86763549 6.99277568 -1.52440123
v 5.92933982 7.06631204 -1.59377761
v 5.99325024 7.14247751 -1.63588402
v 6.05827322 7.21996888 -1.65000000
v 6.12329620 7.29746025 -1.63588402
v 6.18720662 7.37362572 -1.59377761
v 6.24891095 7.44716208 -1.52440123
v 6.30735342 7.51681110 -1.42894192
v 6.36153406 7.58138107 -1.30903301
v 6.41052582 7.63976717 -1.16672619
v 6.45349044 7.69097041 -1.00445636
v 6.48969278 7.73411469 -0.82500000
v 6.51851342 7.76846178 -0.63142766
v 6.53945921 7.79342401 -0.42705142
v 6.55217179 7.80857427 -0.21536822
v 6.27974705 8.03770969 0.00000000
v 6.27566507 8.03248499 0.21536822
v 6.26348898 8.01690030 0.42705142
v 6.24342711 7.99122228 0.63142766
v 6.21582273 7.95589028 0.82500000
v 6.18114815 7.91150885 1.00445636
v 6.13999667 7.85883736 1.16672619
v 6.09307240 7.79877703 1.30903301
v 6.04117823 7.73235552 1.42894192
v 5.98520208 7.66070931 1.52440123
v 5.92610171 7.58506430 1.59377761
v 5.86488836 7.50671479 1.63588402
v 5.80260940 7.42700135 1.65000000
v 5.74033045 7.34728792 1.63588402
v 5.67911710 7.26893840 1.59377761
v 5.62001673 7.19329339 1.52440123
v 5.56404058 7.12164719 1.42894192
v 5.51214641 7.05522567 1.30903301
v 5.46522214 6.99516535 1.16672619
v 5.42407066 6.94249386 1.00445636
v 5.38939608 6.89811242 0.82500000
v 5.36179170 6.86278042 0.63142766
v 5.34172983 6.83710240 0.42705142
v 5.32955374 6.82151771 0.21536822
v 5.32547176 6.81629302 0.00000000
v 5.32955374 6.82151771 -0.21536822
v 5.34172983 6.83710240 -0.42705142
v 5.36179170 6.86278042 -0.63142766
v 5.38939608 6.89811242 -0.82500000
v 5.42407066 6.94249386 -1.00445636
v 5.46522214 6.99516535 -1.16672619
v 5.51214641 7.05522567 -1.30903301
v 5.56404058 7.12164719 -1.42894192
v 5.62001673 7.19329339 -1.52440123
v 5.67911710 7.26893840 -1.59377761
v 5.74033045 7.34728792 -1.63588402
v 5.80260940 7.42700135 -1.65000000
v 5.86488836 7.50671479 -1.63588402
v 5.92610171 7.58506430 -1.59377761
v 5.98520208 7.66070931 -1.52440123
v 6.04117823 7.73235552 -1.42894192
v 6.09307240 7.79877703 -1.30903301
v 6.13999667 7.85883736 -1.16672619
v 6.18114815 7.91150885 -1.00445636
v 6.21582273 7.95589028 -0.82500000
v 6.24342711 7.99122228 -0.63142766
v 6.26348898 8.01690030 -0.42705142
v 6.27566507 8.03248499 -0.21536822
v 5.99540957 8.25197334 0.00000000
v 5.99151242 8.24660937 0.21536822
v 5.97988764 8.23060924 0.42705142
v 5.96073415 8.20424671 0.63142766
v 5.93437965 8.16797286 0.82500000
v 5.90127508 8.12240833 1.00445636
v 5.86198688 8.06833276 1.16672619
v 5.81718727 8.00667139 1.30903301
v 5.76764279 7.93847926 1.42894192
v 5.71420115 7.86492316 1.52440123
v 5.65777677 7.78726165 1.59377761
v 5.59933507 7.70682355 1.63588402
v 5.53987600 7.62498517 1.65000000
v 5.48041694 7.54314679 1.63588402
v 5.42197524 7.46270869 1.59377761
v 5.36555085 7.38504719 1.52440123
v 5.31210922 7.31149109 1.42894192
v 5.26256474 7.24329896 1.30903301
v 5.21776513 7.18163758 1.16672619
v 5.17847692 7.12756201 1.00445636
v 5.14537236 7.08199749 0.82500000
v 5.11901786 7.04572363 0.63142766
v 5.09986436 7.01936111 0.42705142
v 5.08823959 7.00336097 0.21536822
v 5.08434243 6.99799700 0.00000000
v 5.08823959 7.00336097 -0.21536822
v 5.09986436 7.01936111 -0.42705142
v 5.11901786 7.04572363 -0.63142766
v 5.14537236 7.08199749 -0.82500000
v 5.17847692 7.12756201 -1.00445636
v 5.21776513 7.18163758 -1.16672619
v 5.26256474 7.24329896 -1.30903301
v 5.31210922 7.31149109 -1.42894192
v 5.36555085 7.38504719 -1.52440123
v 5.42197524 7.46270869 -1.59377761
v 5.48041694 7.54314679 -1.63588402
v 5.53987600 7.62498517 -1.65000000
v 5.59933507 7.70682355 -1.63588402
v 5.65777677 7.78726165 -1.59377761
v 5.71420115 7.86492316 -1.52440123
v 5.76764279 7.93847926 -1.42894192
v 5.81718727 8.00667139 -1.30903301
v 5.86198688 8.06833276 -1.16672619
v 5.90127508 8.12240833 -1.00445636
v 5.93437965 8.16797286 -0.82500000
v 5.96073415 8.20424671 -0.63142766
v 5.97988764 8.23060924 -0.42705142
v 5.99151242 8.24660937 -0.21536822
v 5.70376762 8.45618324 0.00000000
v 5.70006004 8.45068653 0.21536822
v 5.68900074 8.43429044 0.42705142
v 5.67077895 8.40727553 0.63142766
v 5.64570644 8.37010401 0.82500000
v 5.61421222 8.32341191 1.00445636
v 5.57683516 8.26799814 1.16672619
v 5.53421480 8.20481085 1.30903301
v 5.48708037 8.13493118 1.42894192
v 5.43623836 8.05955480 1.52440123
v 5.38255869 7.97997142 1.59377761
v 5.32695984 7.89754274 1.63588402
v 5.27039312 7.81367912 1.65000000
v 5.21382639 7.72981551 1.63588402
v 5.15822754 7.64738682 1.59377761
v 5.10454787 7.56780344 1.52440123
v 5.05370587 7.49242706 1.42894192
v 5.00657144 7.42254740 1.30903301
v 4.96395107 7.35936010 1.16672619
v 4.92657401 7.30394633 1.00445636
v 4.89507979 7.25725423 0.82500000
v 4.87000728 7.22008272 0.63142766
v 4.85178549 7.19306780 0.42705142
v 4.84072619 7.17667171 0.21536822
v 4.83701862 7.17117500 0.00000000
v 4.84072619 7.17667171 -0.21536822
v 4.85178549 7.19306780 -0.42705142
v 4.87000728 7.22008272 -0.63142766
v 4.89507979 7.25725423 -0.82500000
v 4.92657401 7.30394633 -1.00445636
v 4.96395107 7.35936010 -1.16672619
v 5.00657144 7.42254740 -1.30903301
v 5.05370587 7.49242706 -1.42894192
v 5.10454787 7.56780344 -1.52440123
v 5.15822754 7.64738682 -1.59377761
v 5.21382639 7.72981551 -1.63588402
v 5.27039312 7.81367912 -1.65000000
v 5.32695984 7.89754274 -1.63588402
v 5.38255869 7.97997142 -1.59377761
v 5.43623836 8.05955480 -1.52440123
v 5.48708037 8.13493118 -1.42894192
v 5.53421480 8.20481085 -1.30903301
v 5.57683516 8.26799814 -1.16672619
v 5.61421222 8.32341191 -1.00445636
v 5.64570644 8.37010401 -0.82500000
v 5.67077895 8.40727553 -0.63142766
v 5.68900074 8.43429044 -0.42705142
v 5.70006004 8.45068653 -0.21536822
v 5.40517650 8.65009058 0.00000000
v 5.40166301 8.64446782 0.21536822
v 5.39118266 8.62769576 0.42705142
v 5.37391478 8.60006137 0.63142766
v 5.35015481 8.56203748 0.82500000
v 5.32030931 8.51427469 1.00445636
v 5.28488893 8.45759024 1.16672619
v 5.24449973 8.39295401 1.30903301
v 5.19983278 8.32147194 1.42894192
v 5.15165234 8.24436712 1.52440123
v 5.10078279 8.16295883 1.59377761
v 5.04809453 8.07863999 1.63588402
v 4.99448907 7.99285331 1.65000000
v 4.94088360 7.90706663 1.63588402
v 4.88819534 7.82274778 1.59377761
v 4.83732579 7.74133949 1.52440123
v 4.78914535 7.66423467 1.42894192
v 4.74447840 7.59275260 1.30903301
v 4.70408920 7.52811637 1.16672619
v 4.66866882 7.47143192 1.00445636
v 4.63882332 7.42366913 0.82500000
v 4.61506335 7.38564524 0.63142766
v 4.59779547 7.35801085 0.42705142
v 4.58731512 7.34123879 0.21536822
v 4.58380164 7.33561603 0.00000000
v 4.58731512 7.34123879 -0.21536822
v 4.59779547 7.35801085 -0.42705142
v 4.61506335 7.38564524 -0.63142766
v 4.63882332 7.42366913 -0.82500000
v 4.66866882 7.47143192 -1.00445636
v 4.70408920 7.52811637 -1.16672619
v 4.74447840 7.59275260 -1.30903301
v 4.78914535 7.66423467 -1.42894192
v 4.83732579 7.74133949 -1.52440123
v 4.88819534 7.82274778 -1.59377761
v 4.94088360 7.90706663 -1.63588402
v 4.99448907 7.99285331 -1.65000000
v 5.04809453 8.07863999 -1.63588402
v 5.10078279 8.16295883 -1.59377761
v 5.15165234 8.24436712 -1.52440123
v 5.19983278 8.32147194 -1.42894192
v 5.24449973 8.39295401 -1.30903301
v 5.28488893 8.45759024 -1.16672619
v 5.32030931 8.51427469 -1.00445636
v 5.35015481 8.56203748 -0.82500000
v 5.37391478 8.60006137 -0.63142766
v 5.39118266 8.62769576 -0.42705142
v 5.40166301 8.64446782 -0.21536822
v 5.10000000 8.83345912 0.00000000
v 5.09668488 8.82771717 0.21536822
v 5.08679626 8.81058957 0.42705142
v 5.07050332 8.78236937 0.63142766
v 5.04808484 8.74353943 0.82500000
v 5.01992442 8.69476414 1.00445636
v 4.98650388 8.63687807 1.16672619
v 4.94839505 8.57087165 1.30903301
v 4.90625000 8.49787427 1.42894192
v 4.86078983 8.41913495 1.52440123
v 4.81279238 8.33600093 1.59377761
v 4.76307890 8.24989465 1.63588402
v 4.71250000 8.16228943 1.65000000
v 4.66192110 8.07468421 1.63588402
v 4.61220762 7.98857793 1.59377761
v 4.56421017 7.90544391 1.52440123
v 4.51875000 7.82670459 1.42894192
v 4.47660495 7.75370721 1.30903301
v 4.43849612 7.68770079 1.16672619
v 4.40507558 7.62981472 1.00445636
v 4.37691516 7.58103943 0.82500000
v 4.35449668 7.54220949 0.63142766
v 4.33820374 7.51398930 0.42705142
v 4.32831512 7.49686169 0.21536822
v 4.32500000 7.49111974 0.00000000
v 4.32831512 7.49686169 -0.21536822
v 4.33820374 7.51398930 -0.42705142
v 4.35449668 7.54220949 -0.63142766
v 4.37691516 7.58103943 -0.82500000
v 4.40507558 7.62981472 -1.00445636
v 4.43849612 7.68770079 -1.16672619
v 4.47660495 7.75370721 -1.30903301
v 4.51875000 7.82670459 -1.42894192
v 4.56421017 7.90544391 -1.52440123
v 4.61220762 7.98857793 -1.59377761
v 4.66192110 8.07468421 -1.63588402
v 4.71250000 8.16228943 -1.65000000
v 4.76307890 8.24989465 -1.63588402
v 4.81279238 8.33600093 -1.59377761
v 4.86078983 8.41913495 -1.52440123
v 4.90625000 8.49787427 -1.42894192
v 4.94839505 8.57087165 -1.30903301
v 4.98650388 8.63687807 -1.16672619
v 5.01992442 8.69476414 -1.00445636
v 5.04808484 8.74353943 -0.82500000
v 5.07050332 8.78236937 -0.63142766
v 5.08679626 8.81058957 -0.42705142
v 5.09668488 8.82771717 -0.21536822
v 4.78860994 9.00606545 0.00000000
v 4.78549723 9.00021130 0.21536822
v 4.77621238 8.98274902 0.42705142
v 4.76091423 8.95397740 0.63142766
v 4.73986456 8.91438872 0.82500000
v 4.71342352 8.86466036 1.00445636
v 4.68204354 8.80564319 1.16672619
v 4.64626152 8.73834700 1.30903301
v 4.60668971 8.66392325 1.42894192
v 4.56400520 8.58364536 1.52440123
v 4.51893832 8.49888689 1.59377761
v 4.47226019 8.41109810 1.63588402
v 4.42476948 8.32178106 1.65000000
v 4.37727877 8.23246403 1.63588402
v 4.33060064 8.14467523 1.59377761
v 4.28553376 8.05991677 1.52440123
v 4.24284925 7.97963887 1.42894192
v 4.20327744 7.90521512 1.30903301
v 4.16749542 7.83791893 1.16672619
v 4.13611543 7.77890176 1.00445636
v 4.10967440 7.72917340 0.82500000
v 4.08862472 7.68958473 0.63142766
v 4.07332658 7.66081310 0.42705142
v 4.06404172 7.64335083 0.21536822
v 4.06092902 7.63749668 0.00000000
v 4.06404172 7.64335083 -0.21536822
v 4.07332658 7.66081310 -0.42705142
v 4.08862472 7.68958473 -0.63142766
v 4.10967440 7.72917340 -0.82500000
v 4.13611543 7.77890176 -1.00445636
v 4.16749542 7.83791893 -1.16672619
v 4.20327744 7.90521512 -1.30903301
v 4.24284925 7.97963887 -1.42894192
v 4.28553376 8.05991677 -1.52440123
v 4.33060064 8.14467523 -1.59377761
v 4.37727877 8.23246403 -1.63588402
v 4.42476948 8.32178106 -1.65000000
v 4.47226019 8.41109810 -1.63588402
v 4.51893832 8.49888689 -1.59377761
v 4.56400520 8.58364536 -1.52440123
v 4.60668971 8.66392325 -1.42894192
v 4.64626152 8.73834700 -1.30903301
v 4.68204354 8.80564319 -1.16672619
v 4.71342352 8.86466036 -1.00445636
v 4.73986456 8.91438872 -0.82500000
v 4.76091423 8.95397740 -0.63142766
v 4.77621238 8.98274902 -0.42705142
v 4.78549723 9.00021130 -0.21536822
v 4.47138570 9.16769927 0.00000000
v 4.46847919 9.16174006 0.21536822
v 4.45980942 9.14396438 0.42705142
v 4.44552471 9.11467639 0.63142766
v 4.42586948 9.07437721 0.82500000
v 4.40118005 9.02375636 1.00445636
v 4.37187885 8.96367999 1.16672619
v 4.33846723 8.89517603 1.30903301
v 4.30151688 8.81941658 1.42894192
v 4.26166002 8.73769792 1.52440123
v 4.21957863 8.65141827 1.59377761
v 4.17599272 8.56205391 1.63588402
v 4.13164806 8.47113389 1.65000000
v 4.08730340 8.38021386 1.63588402
v 4.04371749 8.29084950 1.59377761
v 4.00163609 8.20456985 1.52440123
v 3.96177924 8.12285119 1.42894192
v 3.92482889 8.04709175 1.30903301
v 3.89141727 7.97858778 1.16672619
v 3.86211607 7.91851141 1.00445636
v 3.83742663 7.86789057 0.82500000
v 3.81777141 7.82759138 0.63142766
v 3.80348670 7.79830339 0.42705142
v 3.79481692 7.78052771 0.21536822
v 3.79191042 7.77456850 0.00000000
v 3.79481692 7.78052771 -0.21536822
v 3.80348670 7.79830339 -0.42705142
v 3.81777141 7.82759138 -0.63142766
v 3.83742663 7.86789057 -0.82500000
v 3.86211607 7.91851141 -1.00445636
v 3.89141727 7.97858778 -1.16672619
v 3.92482889 8.04709175 -1.30903301
v 3.96177924 8.12285119 -1.42894192
v 4.00163609 8.20456985 -1.52440123
v 4.04371749 8.29084950 -1.59377761
v 4.08730340 8.38021386 -1.63588402
v 4.13164806 8.47113389 -1.65000000
v 4.17599272 8.56205391 -1.63588402
v 4.21957863 8.65141827 -1.59377761
v 4.26166002 8.73769792 -1.52440123
v 4.30151688 8.81941658 -1.42894192
v 4.33846723 8.89517603 -1.30903301
v 4.37187885 8.96367999 -1.16672619
v 4.40118005 9.02375636 -1.00445636
v 4.42586948 9.07437721 -0.82500000
v 4.44552471 9.11467639 -0.63142766
v 4.45980942 9.14396438 -0.42705142
v 4.46847919 9.16174006 -0.21536822
v 4.14871376 9.31816367 0.00000000
v 4.14601700 9.31210665 0.21536822
v 4.13797287 9.29403923 0.42705142
v 4.12471900 9.26427055 0.63142766
v 4.10648217 9.22330996 0.82500000
v 4.08357441 9.17185830 1.00445636
v 4.05638770 9.11079593 1.16672619
v 4.02538719 9.04116765 1.30903301
v 3.99110331 8.96416480 1.42894192
v 3.95412268 8.88110494 1.52440123
v 3.91507803 8.79340923 1.59377761
v 3.87463744 8.70257819 1.63588402
v 3.83349286 8.61016594 1.65000000
v 3.79234828 8.51775369 1.63588402
v 3.75190769 8.42692264 1.59377761
v 3.71286305 8.33922694 1.52440123
v 3.67588241 8.25616707 1.42894192
v 3.64159854 8.17916423 1.30903301
v 3.61059803 8.10953594 1.16672619
v 3.58341131 8.04847357 1.00445636
v 3.56050356 7.99702192 0.82500000
v 3.54226672 7.95606133 0.63142766
v 3.52901285 7.92629265 0.42705142
v 3.52096872 7.90822523 0.21536822
v 3.51827196 7.90216821 0.00000000
v 3.52096872 7.90822523 -0.21536822
v 3.52901285 7.92629265 -0.42705142
v 3.54226672 7.95606133 -0.63142766
v 3.56050356 7.99702192 -0.82500000
v 3.58341131 8.04847357 -1.00445636
v 3.61059803 8.10953594 -1.16672619
v 3.64159854 8.17916423 -1.30903301
v 3.67588241 8.25616707 -1.42894192
v 3.71286305 8.33922694 -1.52440123
v 3.75190769 8.42692264 -1.59377761
v 3.79234828 8.51775369 -1.63588402
v 3.83349286 8.61016594 -1.65000000
v 3.87463744 8.70257819 -1.63588402
v 3.91507803 8.79340923 -1.59377761
v 3.95412268 8.88110494 -1.52440123
v 3.99110331 8.96416480 -1.42894192
v 4.02538719 9.04116765 -1.30903301
v 4.05638770 9.11079593 -1.16672619
v 4.08357441 9.17185830 -1.00445636
v 4.10648217 9.22330996 -0.82500000
v 4.12471900 9.26427055 -0.63142766
v 4.13797287 9.29403923 -0.42705142
v 4.14601700 9.31210665 -0.21536822
v 3.82098725 9.45727532 0.00000000
v 3.81850352 9.45112787 0.21536822
v 3.81109483 9.43279072 0.42705142
v 3.79888795 9.40257762 0.63142766
v 3.78209173 9.36100553 0.82500000
v 3.76099357 9.30878575 1.00445636
v 3.73595446 9.24681177 1.16672619
v 3.70740283 9.17614400 1.30903301
v 3.67582720 9.09799157 1.42894192
v 3.64176784 9.01369170 1.52440123
v 3.60580752 8.92468678 1.59377761
v 3.56856152 8.83249971 1.63588402
v 3.53066714 8.73870783 1.65000000
v 3.49277276 8.64491595 1.63588402
v 3.45552677 8.55272888 1.59377761
v 3.41956645 8.46372396 1.52440123
v 3.38550709 8.37942409 1.42894192
v 3.35393146 8.30127166 1.30903301
v 3.32537982 8.23060389 1.16672619
v 3.30034071 8.16862991 1.00445636
v 3.27924255 8.11641013 0.82500000
v 3.26244634 8.07483804 0.63142766
v 3.25023945 8.04462494 0.42705142
v 3.24283076 8.02628779 0.21536822
v 3.24034703 8.02014034 0.00000000
v 3.24283076 8.02628779 -0.21536822
v 3.25023945 8.04462494 -0.42705142
v 3.26244634 8.07483804 -0.63142766
v 3.27924255 8.11641013 -0.82500000
v 3.30034071 8.16862991 -1.00445636
v 3.32537982 8.23060389 -1.16672619
v 3.35393146 8.30127166 -1.30903301
v 3.38550709 8.37942409 -1.42894192
v 3.41956645 8.46372396 -1.52440123
v 3.45552677 8.55272888 -1.59377761
v 3.49277276 8.64491595 -1.63588402
v 3.53066714 8.73870783 -1.65000000
v 3.56856152 8.83249971 -1.63588402
v 3.60580752 8.92468678 -1.59377761
v 3.64176784 9.01369170 -1.52440123
v 3.67582720 9.09799157 -1.42894192
v 3.70740283 9.17614400 -1.30903301
v 3.73595446 9.24681177 -1.16672619
v 3.76099357 9.30878575 -1.00445636
v 3.78209173 9.36100553 -0.82500000
v 3.79888795 9.40257762 -0.63142766
v 3.81109483 9.43279072 -0.42705142
v 3.81850352 9.45112787 -0.21536822
v 3.48860546 9.58486473 0.00000000
v 3.48633779 9.57863435 0.21536822
v 3.47957357 9.56004981 0.42705142
v 3.46842854 9.52942910 0.63142766
v 3.45309340 9.48729615 0.82500000
v 3.43383054 9.43437187 1.00445636
v 3.41096954 9.37156179 1.16672619
v 3.38490157 9.29994063 1.30903301
v 3.35607266 9.22073384 1.42894192
v 3.32497607 9.13529667 1.52440123
v 3.29214388 9.04509097 1.59377761
v 3.25813786 8.95166019 1.63588402
v 3.22353985 8.85660295 1.65000000
v 3.18894185 8.76154571 1.63588402
v 3.15493582 8.66811493 1.59377761
v 3.12210363 8.57790923 1.52440123
v 3.09100705 8.49247206 1.42894192
v 3.06217813 8.41326527 1.30903301
v 3.03611016 8.34164411 1.16672619
v 3.01324916 8.27883403 1.00445636
v 2.99398630 8.22590975 0.82500000
v 2.97865116 8.18377680 0.63142766
v 2.96750613 8.15315609 0.42705142
v 2.96074191 8.13457155 0.21536822
v 2.95847424 8.12834117 0.00000000
v 2.96074191 8.13457155 -0.21536822
v 2.96750613 8.15315609 -0.42705142
v 2.97865116 8.18377680 -0.63142766
v 2.99398630 8.22590975 -0.82500000
v 3.01324916 8.27883403 -1.00445636
v 3.03611016 8.34164411 -1.16672619
v 3.06217813 8.41326527 -1.30903301
v 3.09100705 8.49247206 -1.42894192
v 3.12210363 8.57790923 -1.52440123
v 3.15493582 8.66811493 -1.59377761
v 3.18894185 8.76154571 -1.63588402
v 3.22353985 8.85660295 -1.65000000
v 3.25813786 8.95166019 -1.63588402
v 3.29214388 9.04509097 -1.59377761
v 3.32497607 9.13529667 -1.52440123
v 3.35607266 9.22073384 -1.42894192
v 3.38490157 9.29994063 -1.30903301
v 3.41096954 9.37156179 -1.16672619
v 3.43383054 9.43437187 -1.00445636
v 3.45309340 9.48729615 -0.82500000
v 3.46842854 9.52942910 -0.63142766
v 3.47957357 9.56004981 -0.42705142
v 3.48633779 9.57863435 -0.21536822
v 3.15197334 9.70077647 0.00000000
v 3.14992449 9.69447074 0.21536822
v 3.14381298 9.67566146 0.42705142
v 3.13374339 9.64467044 0.63142766
v 3.11988801 9.60202797 0.82500000
v 3.10248391 9.54846366 1.00445636
v 3.08182888 9.48489401 1.16672619
v 3.05827633 9.41240672 1.30903301
v 3.03222926 9.33224207 1.42894192
v 3.00413333 9.24577168 1.52440123
v 2.97446927 9.15447511 1.59377761
v 2.94374465 9.05991445 1.63588402
v 2.91248517 8.96370767 1.65000000
v 2.88122569 8.86750088 1.63588402
v 2.85050107 8.77294022 1.59377761
v 2.82083702 8.68164365 1.52440123
v 2.79274109 8.59517327 1.42894192
v 2.76669401 8.51500861 1.30903301
v 2.74314146 8.44252132 1.16672619
v 2.72248643 8.37895167 1.00445636
v 2.70508233 8.32538736 0.82500000
v 2.69122695 8.28274489 0.63142766
v 2.68115736 8.25175388 0.42705142
v 2.67504586 8.23294459 0.21536822
v 2.67299700 8.22663887 0.00000000
v 2.67504586 8.23294459 -0.21536822
v 2.68115736 8.25175388 -0.42705142
v 2.69122695 8.28274489 -0.63142766
v 2.70508233 8.32538736 -0.82500000
v 2.72248643 8.37895167 -1.00445636
v 2.74314146 8.44252132 -1.16672619
v 2.76669401 8.51500861 -1.30903301
v 2.79274109 8.59517327 -1.42894192
v 2.82083702 8.68164365 -1.52440123
v 2.85050107 8.77294022 -1.59377761
v 2.88122569 8.86750088 -1.63588402
v 2.91248517 8.96370767 -1.65000000
v 2.94374465 9.05991445 -1.63588402
v 2.97446927 9.15447511 -1.59377761
v 3.00413333 9.24577168 -1.52440123
v 3.03222926 9.33224207 -1.42894192
v 3.05827633 9.41240672 -1.30903301
v 3.08182888 9.48489401 -1.16672619
v 3.10248391 9.54846366 -1.00445636
v 3.11988801 9.60202797 -0.82500000
v 3.13374339 9.64467044 -0.63142766
v 3.14381298 9.67566146 -0.42705142
v 3.14992449 9.69447074 -0.21536822
v 2.81150103 9.80486930 0.00000000
v 2.80967349 9.79849591 0.21536822
v 2.80422214 9.77948480 0.42705142
v 2.79524025 9.74816124 0.63142766
v 2.78288152 9.70506120 0.82500000
v 2.76735739 9.65092212 1.00445636
v 2.74893349 9.58667035 1.16672619
v 2.72792506 9.51340524 1.30903301
v 2.70469155 9.43238039 1.42894192
v 2.67963051 9.34498215 1.52440123
v 2.65317073 9.25270593 1.59377761
v 2.62576495 9.15713060 1.63588402
v 2.59788208 9.05989148 1.65000000
v 2.56999921 8.96265237 1.63588402
v 2.54259343 8.86707704 1.59377761
v 2.51613365 8.77480082 1.52440123
v 2.49107260 8.68740258 1.42894192
v 2.46783910 8.60637773 1.30903301
v 2.44683067 8.53311262 1.16672619
v 2.42840677 8.46886085 1.00445636
v 2.41288264 8.41472177 0.82500000
v 2.40052390 8.37162173 0.63142766
v 2.39154202 8.34029817 0.42705142
v 2.38609067 8.32128706 0.21536822
v 2.38426313 8.31491367 0.00000000
v 2.38609067 8.32128706 -0.21536822
v 2.39154202 8.34029817 -0.42705142
v 2.40052390 8.37162173 -0.63142766
v 2.41288264 8.41472177 -0.82500000
v 2.42840677 8.46886085 -1.00445636
v 2.44683067 8.53311262 -1.16672619
v 2.46783910 8.60637773 -1.30903301
v 2.49107260 8.68740258 -1.42894192
v 2.51613365 8.77480082 -1.52440123
v 2.54259343 8.86707704 -1.59377761
v 2.56999921 8.96265237 -1.63588402
v 2.59788208 9.05989148 -1.65000000
v 2.62576495 9.15713060 -1.63588402
v 2.65317073 9.25270593 -1.59377761
v 2.67963051 9.34498215 -1.52440123
v 2.70469155 9.43238039 -1.42894192
v 2.72792506 9.51340524 -1.30903301
v 2.74893349 9.58667035 -1.16672619
v 2.76735739 9.65092212 -1.00445636
v 2.78288152 9.70506120 -0.82500000
v 2.79524025 9.74816124 -0.63142766
v 2.80422214 9.77948480 -0.42705142
v 2.80967349 9.79849591 -0.21536822
v 2.46760334 9.89701641 0.00000000
v 2.46599934 9.89058312 0.21536822
v 2.46121479 9.87139334 0.42705142
v 2.45333155 9.83977540 0.63142766
v 2.44248451 9.79627030 0.82500000
v 2.42885926 9.74162242 1.00445636
v 2.41268894 9.67676680 1.16672619
v 2.39425022 9.60281315 1.30903301
v 2.37385860 9.52102681 1.42894192
v 2.35186298 9.43280720 1.52440123
v 2.32863971 9.33966376 1.59377761
v 2.30458615 9.24319020 1.63588402
v 2.28011387 9.14503722 1.65000000
v 2.25564158 9.04688424 1.63588402
v 2.23158802 8.95041068 1.59377761
v 2.20836475 8.85726724 1.52440123
v 2.18636913 8.76904763 1.42894192
v 2.16597751 8.68726130 1.30903301
v 2.14753879 8.61330764 1.16672619
v 2.13136847 8.54845202 1.00445636
v 2.11774322 8.49380414 0.82500000
v 2.10689618 8.45029904 0.63142766
v 2.09901295 8.41868110 0.42705142
v 2.09422840 8.39949132 0.21536822
v 2.09262440 8.39305803 0.00000000
v 2.09422840 8.39949132 -0.21536822
v 2.09901295 8.41868110 -0.42705142
v 2.10689618 8.45029904 -0.63142766
v 2.11774322 8.49380414 -0.82500000
v 2.13136847 8.54845202 -1.00445636
v 2.14753879 8.61330764 -1.16672619
v 2.16597751 8.68726130 -1.30903301
v 2.18636913 8.76904763 -1.42894192
v 2.20836475 8.85726724 -1.52440123
v 2.23158802 8.95041068 -1.59377761
v 2.25564158 9.04688424 -1.63588402
v 2.28011387 9.14503722 -1.65000000
v 2.30458615 9.24319020 -1.63588402
v 2.32863971 9.33966376 -1.59377761
v 2.35186298 9.43280720 -1.52440123
v 2.37385860 9.52102681 -1.42894192
v 2.39425022 9.60281315 -1.30903301
v 2.41268894 9.67676680 -1.16672619
v 2.42885926 9.74162242 -1.00445636
v 2.44248451 9.79627030 -0.82500000
v 2.45333155 9.83977540 -0.63142766
v 2.46121479 9.87139334 -0.42705142
v 2.46599934 9.89058312 -0.21536822
v 2.12069925 9.97710553 0.00000000
v 2.11932074 9.97062018 0.21536822
v 2.11520882 9.95127511 0.42705142
v 2.10843384 9.91940131 0.63142766
v 2.09911171 9.87554416 0.82500000
v 2.08740195 9.82045405 1.00445636
v 2.07350490 9.75507361 1.16672619
v 2.05765836 9.68052150 1.30903301
v 2.04013347 9.59807333 1.42894192
v 2.02123006 9.50913982 1.52440123
v 2.00127160 9.41524264 1.59377761
v 1.98059957 9.31798840 1.63588402
v 1.95956769 9.21904114 1.65000000
v 1.93853580 9.12009388 1.63588402
v 1.91786377 9.02283964 1.59377761
v 1.89790531 8.92894245 1.52440123
v 1.87900191 8.84000894 1.42894192
v 1.86147701 8.75756078 1.30903301
v 1.84563047 8.68300867 1.16672619
v 1.83173342 8.61762822 1.00445636
v 1.82002366 8.56253812 0.82500000
v 1.81070154 8.51868096 0.63142766
v 1.80392655 8.48680716 0.42705142
v 1.79981463 8.46746209 0.21536822
v 1.79843613 8.46097675 0.00000000
v 1.79981463 8.46746209 -0.21536822
v 1.80392655 8.48680716 -0.42705142
v 1.81070154 8.51868096 -0.63142766
v 1.82002366 8.56253812 -0.82500000
v 1.83173342 8.61762822 -1.00445636
v 1.84563047 8.68300867 -1.16672619
v 1.86147701 8.75756078 -1.30903301
v 1.87900191 8.84000894 -1.42894192
v 1.89790531 8.92894245 -1.52440123
v 1.91786377 9.02283964 -1.59377761
v 1.93853580 9.12009388 -1.63588402
v 1.95956769 9.21904114 -1.65000000
v 1.98059957 9.31798840 -1.63588402
v 2.00127160 9.41524264 -1.59377761
v 2.02123006 9.50913982 -1.52440123
v 2.04013347 9.59807333 -1.42894192
v 2.05765836 9.68052150 -1.30903301
v 2.07350490 9.75507361 -1.16672619
v 2.08740195 9.82045405 -1.00445636
v 2.09911171 9.87554416 -0.82500000
v 2.10843384 9.91940131 -0.63142766
v 2.11520882 9.95127511 -0.42705142
v 2.11932074 9.97062018 -0.21536822
v 1.77121141 10.04503908 0.00000000
v 1.77006008 10.03850958 0.21536822
v 1.76662580 10.01903279 0.42705142
v 1.76096732 9.98694196 0.63142766
v 1.75318147 9.94278618 0.82500000
v 1.74340145 9.88732098 1.00445636
v 1.73179462 9.82149536 1.16672619
v 1.71855957 9.74643563 1.30903301
v 1.70392274 9.66342608 1.42894192
v 1.68813459 9.57388702 1.52440123
v 1.67146525 9.47935050 1.59377761
v 1.65419994 9.38143406 1.63588402
v 1.63663407 9.28181307 1.65000000
v 1.61906821 9.18219209 1.63588402
v 1.60180290 9.08427565 1.59377761
v 1.58513356 8.98973912 1.52440123
v 1.56934541 8.90020007 1.42894192
v 1.55470858 8.81719052 1.30903301
v 1.54147353 8.74213079 1.16672619
v 1.52986669 8.67630517 1.00445636
v 1.52008668 8.62083996 0.82500000
v 1.51230083 8.57668418 0.63142766
v 1.50664235 8.54459336 0.42705142
v 1.50320806 8.52511657 0.21536822
v 1.50205674 8.51858706 0.00000000
v 1.50320806 8.52511657 -0.21536822
v 1.50664235 8.54459336 -0.42705142
v 1.51230083 8.57668418 -0.63142766
v 1.52008668 8.62083996 -0.82500000
v 1.52986669 8.67630517 -1.00445636
v 1.54147353 8.74213079 -1.16672619
v 1.55470858 8.81719052 -1.30903301
v 1.56934541 8.90020007 -1.42894192
v 1.58513356 8.98973912 -1.52440123
v 1.60180290 9.08427565 -1.59377761
v 1.61906821 9.18219209 -1.63588402
v 1.63663407 9.28181307 -1.65000000
v 1.65419994 9.38143406 -1.63588402
v 1.67146525 9.47935050 -1.59377761
v 1.68813459 9.57388702 -1.52440123
v 1.70392274 9.66342608 -1.42894192
v 1.71855957 9.74643563 -1.30903301
v 1.73179462 9.82149536 -1.16672619
v 1.74340145 9.88732098 -1.00445636
v 1.75318147 9.94278618 -0.82500000
v 1.76096732 9.98694196 -0.63142766
v 1.76662580 10.01903279 -0.42705142
v 1.77006008 10.03850958 -0.21536822
v 1.41956563 10.10073430 0.00000000
v 1.41864288 10.09416859 0.21536822
v 1.41589042 10.07458381 0.42705142
v 1.41135534 10.04231506 0.63142766
v 1.40511524 9.99791446 0.82500000
v 1.39727690 9.94214172 1.00445636
v 1.38797442 9.87595113 1.16672619
v 1.37736697 9.80047523 1.30903301
v 1.36563605 9.71700542 1.42894192
v 1.35298239 9.62696992 1.52440123
v 1.33962248 9.53190923 1.59377761
v 1.32578492 9.43344989 1.63588402
v 1.31170648 9.33327655 1.65000000
v 1.29762803 9.23310321 1.63588402
v 1.28379047 9.13464387 1.59377761
v 1.27043057 9.03958318 1.52440123
v 1.25777690 8.94954767 1.42894192
v 1.24604598 8.86607787 1.30903301
v 1.23543854 8.79060197 1.16672619
v 1.22613606 8.72441138 1.00445636
v 1.21829771 8.66863864 0.82500000
v 1.21205761 8.62423804 0.63142766
v 1.20752253 8.59196928 0.42705142
v 1.20477007 8.57238450 0.21536822
v 1.20384732 8.56581879 0.00000000
v 1.20477007 8.57238450 -0.21536822
v 1.20752253 8.59196928 -0.42705142
v 1.21205761 8.62423804 -0.63142766
v 1.21829771 8.66863864 -0.82500000
v 1.22613606 8.72441138 -1.00445636
v 1.23543854 8.79060197 -1.16672619
v 1.24604598 8.86607787 -1.30903301
v 1.25777690 8.94954767 -1.42894192
v 1.27043057 9.03958318 -1.52440123
v 1.28379047 9.13464387 -1.59377761
v 1.29762803 9.23310321 -1.63588402
v 1.31170648 9.33327655 -1.65000000
v 1.32578492 9.43344989 -1.63588402
v 1.33962248 9.53190923 -1.59377761
v 1.35298239 9.62696992 -1.52440123
v 1.36563605 9.71700542 -1.42894192
v 1.37736697 9.80047523 -1.30903301
v 1.38797442 9.87595113 -1.16672619
v 1.39727690 9.94214172 -1.00445636
v 1.40511524 9.99791446 -0.82500000
v 1.41135534 10.04231506 -0.63142766
v 1.41589042 10.07458381 -0.42705142
v 1.41864288 10.09416859 -0.21536822
v 1.06619033 10.14412333 0.00000000
v 1.06549728 10.13752942 0.21536822
v 1.06342999 10.11786051 0.42705142
v 1.06002384 10.08545314 0.63142766
v 1.05533710 10.04086181 0.82500000
v 1.04944997 9.98484950 1.00445636
v 1.04246317 9.91837458 1.16672619
v 1.03449626 9.84257446 1.30903301
v 1.02568555 9.75874610 1.42894192
v 1.01618178 9.66832383 1.52440123
v 1.00614758 9.57285480 1.59377761
v 0.99575464 9.47397251 1.63588402
v 0.98518077 9.37336886 1.65000000
v 0.97460690 9.27276522 1.63588402
v 0.96421395 9.17388293 1.59377761
v 0.95417975 9.07841390 1.52440123
v 0.94467599 8.98799163 1.42894192
v 0.93586527 8.90416327 1.30903301
v 0.92789836 8.82836315 1.16672619
v 0.92091156 8.76188823 1.00445636
v 0.91502443 8.70587591 0.82500000
v 0.91033769 8.66128459 0.63142766
v 0.90693154 8.62887722 0.42705142
v 0.90486426 8.60920831 0.21536822
v 0.90417121 8.60261439 0.00000000
v 0.90486426 8.60920831 -0.21536822
v 0.90693154 8.62887722 -0.42705142
v 0.91033769 8.66128459 -0.63142766
v 0.91502443 8.70587591 -0.82500000
v 0.92091156 8.76188823 -1.00445636
v 0.92789836 8.82836315 -1.16672619
v 0.93586527 8.90416327 -1.30903301
v 0.94467599 8.98799163 -1.42894192
v 0.95417975 9.07841390 -1.52440123
v 0.96421395 9.17388293 -1.59377761
v 0.97460690 9.27276522 -1.63588402
v 0.98518077 9.37336886 -1.65000000
v 0.99575464 9.47397251 -1.63588402
v 1.00614758 9.57285480 -1.59377761
v 1.01618178 9.66832383 -1.52440123
v 1.02568555 9.75874610 -1.42894192
v 1.03449626 9.84257446 -1.30903301
v 1.04246317 9.91837458 -1.16672619
v 1.04944997 9.98484950 -1.00445636
v 1.05533710 10.04086181 -0.82500000
v 1.06002384 10.08545314 -0.63142766
v 1.06342999 10.11786051 -0.42705142
v 1.06549728 10.13752942 -0.21536822
v 0.71151603 10.17515331 0.00000000
v 0.71105353 10.16853923 0.21536822
v 0.70967394 10.14881016 0.42705142
v 0.70740086 10.11630366 0.63142766
v 0.70427320 10.07157593 0.82500000
v 0.70034445 10.01539227 1.00445636
v 0.69568185 9.94871401 1.16672619
v 0.69036518 9.87268202 1.30903301
v 0.68448540 9.78859724 1.42894192
v 0.67814312 9.69789838 1.52440123
v 0.67144685 9.60213732 1.59377761
v 0.66451118 9.50295256 1.63588402
v 0.65745477 9.40204117 1.65000000
v 0.65039835 9.30112979 1.63588402
v 0.64346268 9.20194503 1.59377761
v 0.63676641 9.10618397 1.52440123
v 0.63042413 9.01548510 1.42894192
v 0.62454435 8.93140032 1.30903301
v 0.61922768 8.85536834 1.16672619
v 0.61456508 8.78869008 1.00445636
v 0.61063633 8.73250642 0.82500000
v 0.60750867 8.68777869 0.63142766
v 0.60523559 8.65527219 0.42705142
v 0.60385600 8.63554312 0.21536822
v 0.60339350 8.62892903 0.00000000
v 0.60385600 8.63554312 -0.21536822
v 0.60523559 8.65527219 -0.42705142
v 0.60750867 8.68777869 -0.63142766
v 0.61063633 8.73250642 -0.82500000
v 0.61456508 8.78869008 -1.00445636
v 0.61922768 8.85536834 -1.16672619
v 0.62454435 8.93140032 -1.30903301
v 0.63042413 9.01548510 -1.42894192
v 0.63676641 9.10618397 -1.52440123
v 0.64346268 9.20194503 -1.59377761
v 0.65039835 9.30112979 -1.63588402
v 0.65745477 9.40204117 -1.65000000
v 0.66451118 9.50295256 -1.63588402
v 0.67144685 9.60213732 -1.59377761
v 0.67814312 9.69789838 -1.52440123
v 0.68448540 9.78859724 -1.42894192
v 0.69036518 9.87268202 -1.30903301
v 0.69568185 9.94871401 -1.16672619
v 0.70034445 10.01539227 -1.00445636
v 0.70427320 10.07157593 -0.82500000
v 0.70740086 10.11630366 -0.63142766
v 0.70967394 10.14881016 -0.42705142
v 0.71105353 10.16853923 -0.21536822
v 0.35597487 10.19378644 0.00000000
v 0.35574347 10.18716024 0.21536822
v 0.35505326 10.16739504 0.42705142
v 0.35391603 10.13482901 0.63142766
v 0.35235124 10.09001937 0.82500000
v 0.35038567 10.03373283 1.00445636
v 0.34805295 9.96693247 1.16672619
v 0.34539299 9.89076125 1.30903301
v 0.34245131 9.80652249 1.42894192
v 0.33927824 9.71565754 1.52440123
v 0.33592806 9.61972111 1.59377761
v 0.33245811 9.52035472 1.63588402
v 0.32892776 9.41925854 1.65000000
v 0.32539740 9.31816237 1.63588402
v 0.32192745 9.21879598 1.59377761
v 0.31857728 9.12285955 1.52440123
v 0.31540420 9.03199460 1.42894192
v 0.31246252 8.94775584 1.30903301
v 0.30980256 8.87158462 1.16672619
v 0.30746984 8.80478426 1.00445636
v 0.30550427 8.74849772 0.82500000
v 0.30393949 8.70368808 0.63142766
v 0.30280225 8.67112205 0.42705142
v 0.30211204 8.65135685 0.21536822
v 0.30188065 8.64473065 0.00000000
v 0.30211204 8.65135685 -0.21536822
v 0.30280225 8.67112205 -0.42705142
v 0.30393949 8.70368808 -0.63142766
v 0.30550427 8.74849772 -0.82500000
v 0.30746984 8.80478426 -1.00445636
v 0.30980256 8.87158462 -1.16672619
v 0.31246252 8.94775584 -1.30903301
v 0.31540420 9.03199460 -1.42894192
v 0.31857728 9.12285955 -1.52440123
v 0.32192745 9.21879598 -1.59377761
v 0.32539740 9.31816237 -1.63588402
v 0.32892776 9.41925854 -1.65000000
v 0.33245811 9.52035472 -1.63588402
v 0.33592806 9.61972111 -1.59377761
v 0.33927824 9.71565754 -1.52440123
v 0.34245131 9.80652249 -1.42894192
v 0.34539299 9.89076125 -1.30903301
v 0.34805295 9.96693247 -1.16672619
v 0.35038567 10.03373283 -1.00445636
v 0.35235124 10.09001937 -0.82500000
v 0.35391603 10.13482901 -0.63142766
v 0.35505326 10.16739504 -0.42705142
v 0.35574347 10.18716024 -0.21536822
v 0.00000000 10.20000000 0.00000000
v 0.00000000 10.19336977 0.21536822
v 0.00000000 10.17359252 0.42705142
v 0.00000000 10.14100664 0.63142766
v 0.00000000 10.09616969 0.82500000
v 0.00000000 10.03984884 1.00445636
v 0.00000000 9.97300776 1.16672619
v 0.00000000 9.89679011 1.30903301
v 0.00000000 9.81250000 1.42894192
v 0.00000000 9.72157966 1.52440123
v 0.00000000 9.62558476 1.59377761
v 0.00000000 9.52615780 1.63588402
v 0.00000000 9.42500000 1.65000000
v 0.00000000 9.32384220 1.63588402
v 0.00000000 9.22441524 1.59377761
v 0.00000000 9.12842034 1.52440123
v 0.00000000 9.03750000 1.42894192
v 0.00000000 8.95320989 1.30903301
v 0.00000000 8.87699224 1.16672619
v 0.00000000 8.81015116 1.00445636
v 0.00000000 8.75383031 0.82500000
v 0.00000000 8.70899336 0.63142766
v 0.00000000 8.67640748 0.42705142
v 0.00000000 8.65663023 0.21536822
v 0.00000000 8.65000000 0.00000000
v 0.00000000 8.65663023 -0.21536822
v 0.00000000 8.67640748 -0.42705142
v 0.00000000 8.70899336 -0.63142766
v 0.00000000 8.75383031 -0.82500000
v 0.00000000 8.81015116 -1.00445636
v 0.00000000 8.87699224 -1.16672619
v 0.00000000 8.95320989 -1.30903301
v 0.00000000 9.03750000 -1.42894192
v 0.00000000 9.12842034 -1.52440123
v 0.00000000 9.22441524 -1.59377761
v 0.00000000 9.32384220 -1.63588402
v 0.00000000 9.42500000 -1.65000000
v 0.00000000 9.52615780 -1.63588402
v 0.00000000 9.62558476 -1.59377761
v 0.00000000 9.72157966 -1.52440123
v 0.00000000 9.81250000 -1.42894192
v 0.00000000 9.89679011 -1.30903301
v 0.00000000 9.97300776 -1.16672619
v 0.00000000 10.03984884 -1.00445636
v 0.00000000 10.09616969 -0.82500000
v 0.00000000 10.14100664 -0.63142766
v 0.00000000 10.17359252 -0.42705142
v 0.00000000 10.19336977 -0.21536822
v -0.35597487 10.19378644 0.00000000
v -0.35574347 10.18716024 0.21536822
v -0.35505326 10.16739504 0.42705142
v -0.35391603 10.13482901 0.63142766
v -0.35235124 10.09001937 0.82500000
v -0.35038567 10.03373283 1.00445636
v -0.34805295 9.96693247 1.16672619
v -0.34539299 9.89076125 1.30903301
v -0.34245131 9.80652249 1.42894192
v -0.33927824 9.71565754 1.52440123
v -0.33592806 9.61972111 1.59377761
v -0.33245811 9.52035472 1.63588402
v -0.32892776 9.41925854 1.65000000
v -0.32539740 9.31816237 1.63588402
v -0.32192745 9.21879598 1.59377761
v -0.31857728 9.12285955 1.52440123
v -0.31540420 9.03199460 1.42894192
v -0.31246252 8.94775584 1.30903301
v -0.30980256 8.87158462 1.16672619
v -0.30746984 8.80478426 1.00445636
v -0.30550427 8.74849772 0.82500000
v -0.30393949 8.70368808 0.63142766
v -0.30280225 8.67112205 0.42705142
v -0.30211204 8.65135685 0.21536822
v -0.30188065 8.64473065 0.00000000
v -0.30211204 8.65135685 -0.21536822
v -0.30280225 8.67112205 -0.42705142
v -0.30393949 8.70368808 -0.63142766
v -0.30550427 8.74849772 -0.82500000
v -0.30746984 8.80478426 -1.00445636
v -0.30980256 8.87158462 -1.16672619
v -0.31246252 8.94775584 -1.30903301
v -0.31540420 9.03199460 -1.42894192
v -0.31857728 9.12285955 -1.52440123
v -0.32192745 9.21879598 -1.59377761
v -0.32539740 9.31816237 -1.63588402
v -0.32892776 9.41925854 -1.65000000
v -0.33245811 9.52035472 -1.63588402
v -0.33592806 9.61972111 -1.59377761
v -0.33927824 9.71565754 -1.52440123
v -0.34245131 9.80652249 -1.42894192
v -0.34539299 9.89076125 -1.30903301
v -0.34805295 9.96693247 -1.16672619
v -0.35038567 10.03373283 -1.00445636
v -0.35235124 10.09001937 -0.82500000
v -0.35391603 10.13482901 -0.63142766
v -0.35505326 10.16739504 -0.42705142
v -0.35574347 10.18716024 -0.21536822
v -0.71151603 10.17515331 0.00000000
v -0.71105353 10.16853923 0.21536822
v -0.70967394 10.14881016 0.42705142
v -0.70740086 10.11630366 0.63142766
v -0.70427320 10.07157593 0.82500000
v -0.70034445 10.01539227 1.00445636
v -0.69568185 9.94871401 1.16672619
v -0.69036518 9.87268202 1.30903301
v -0.68448540 9.78859724 1.42894192
v -0.67814312 9.69789838 1.52440123
v -0.67144685 9.60213732 1.59377761
v -0.66451118 9.50295256 1.63588402
v -0.65745477 9.40204117 1.65000000
v -0.65039835 9.30112979 1.63588402
v -0.64346268 9.20194503 1.59377761
v -0.63676641 9.10618397 1.52440123
v -0.63042413 9.01548510 1.42894192
v -0.62454435 8.93140032 1.30903301
v -0.61922768 8.85536834 1.16672619
v -0.61456508 8.78869008 1.00445636
v -0.61063633 8.73250642 0.82500000
v -0.60750867 8.68777869 0.63142766
v -0.60523559 8.65527219 0.42705142
v -0.60385600 8.63554312 0.21536822
v -0.60339350 8.62892903 0.00000000
v -0.60385600 8.63554312 -0.21536822
v -0.60523559 8.65527219 -0.42705142
v -0.60750867 8.68777869 -0.63142766
v -0.61063633 8.73250642 -0.82500000
v -0.61456508 8.78869008 -1.00445636
v -0.61922768 8.85536834 -1.16672619
v -0.62454435 8.93140032 -1.30903301
v -0.63042413 9.01548510 -1.42894192
v -0.63676641 9.10618397 -1.52440123
v -0.64346268 9.20194503 -1.59377761
v -0.65039835 9.30112979 -1.63588402
v -0.65745477 9.40204117 -1.65000000
v -0.66451118 9.50295256 -1.63588402
v -0.67144685 9.60213732 -1.59377761
v -0.67814312 9.69789838 -1.52440123
v -0.68448540 9.78859724 -1.42894192
v -0.69036518 9.87268202 -1.30903301
v -0.69568185 9.94871401 -1.16672619
v -0.70034445 10.01539227 -1.00445636
v -0.70427320 10.07157593 -0.82500000
v -0.70740086 10.11630366 -0.63142766
v -0.70967394 10.14881016 -0.42705142
v -0.71105353 10.16853923 -0.21536822
v -1.06619033 10.14412333 0.00000000
v -1.06549728 10.13752942 0.21536822
v -1.06342999 10.11786051 0.42705142
v -1.06002384 10.08545314 0.63142766
v -1.05533710 10.04086181 0.82500000
v -1.04944997 9.98484950 1.00445636
v -1.04246317 9.91837458 1.16672619
v -1.03449626 9.84257446 1.30903301
v -1.02568555 9.75874610 1.42894192
v -1.01618178 9.66832383 1.52440123
v -1.00614758 9.57285480 1.59377761
v -0.99575464 9.47397251 1.63588402
v -0.98518077 9.37336886 1.65000000
v -0.97460690 9.27276522 1.63588402
v -0.96421395 9.17388293 1.59377761
v -0.95417975 9.07841390 1.52440123
v -0.94467599 8.98799163 1.42894192
v -0.93586527 8.90416327 1.30903301
v -0.92789836 8.82836315 1.16672619
v -0.92091156 8.76188823 1.00445636
v -0.91502443 8.70587591 0.82500000
v -0.91033769 8.66128459 0.63142766
v -0.90693154 8.62887722 0.42705142
v -0.90486426 8.60920831 0.21536822
v -0.90417121 8.60261439 0.00000000
v -0.90486426 8.60920831 -0.21536822
v -0.90693154 8.62887722 -0.42705142
v -0.91033769 8.66128459 -0.63142766
v -0.91502443 8.70587591 -0.82500000
v -0.92091156 8.76188823 -1.00445636
v -0.92789836 8.82836315 -1.16672619
v -0.93586527 8.90416327 -1.30903301
v -0.94467599 8.98799163 -1.42894192
v -0.95417975 9.07841390 -1.52440123
v -0.96421395 9.17388293 -1.59377761
v -0.97460690 9.27276522 -1.63588402
v -0.98518077 9.37336886 -1.65000000
v -0.99575464 9.47397251 -1.63588402
v -1.00614758 9.57285480 -1.59377761
v -1.01618178 9.66832383 -1.52440123
v -1.02568555 9.75874610 -1.42894192
v -1.03449626 9.84257446 -1.30903301
v -1.04246317 9.91837458 -1.16672619
v -1.04944997 9.98484950 -1.00445636
v -1.05533710 10.04086181 -0.82500000
v -1.06002384 10.08545314 -0.63142766
v -1.06342999 10.11786051 -0.42705142
v -1.06549728 10.13752942 -0.21536822
v -1.41956563 10.10073430 0.00000000
v -1.41864288 10.09416859 0.21536822
v -1.41589042 10.07458381 0.42705142
v -1.41135534 10.04231506 0.63142766
v -1.40511524 9.99791446 0.82500000
v -1.39727690 9.94214172 1.00445636
v -1.38797442 9.87595113 1.16672619
v -1.37736697 9.80047523 1.30903301
v -1.36563605 9.71700542 1.42894192
v -1.35298239 9.62696992 1.52440123
v -1.33962248 9.53190923 1.59377761
v -1.32578492 9.43344989 1.63588402
v -1.31170648 9.33327655 1.65000000
v -1.29762803 9.23310321 1.63588402
v -1.28379047 9.13464387 1.59377761
v -1.27043057 9.03958318 1.52440123
v -1.25777690 8.94954767 1.42894192
v -1.24604598 8.86607787 1.30903301
v -1.23543854 8.79060197 1.16672619
v -1.22613606 8.72441138 1.00445636
v -1.21829771 8.66863864 0.82500000
v -1.21205761 8.62423804 0.63142766
v -1.20752253 8.59196928 0.42705142
v -1.20477007 8.57238450 0.21536822
v -1.20384732 8.56581879 0.00000000
v -1.20477007 8.57238450 -0.21536822
v -1.20752253 8.59196928 -0.42705142
v -1.21205761 8.62423804 -0.63142766
v -1.21829771 8.66863864 -0.82500000
v -1.22613606 8.72441138 -1.00445636
v -1.23543854 8.79060197 -1.16672619
v -1.24604598 8.86607787 -1.30903301
v -1.25777690 8.94954767 -1.42894192
v -1.27043057 9.03958318 -1.52440123
v -1.28379047 9.13464387 -1.59377761
v -1.29762803 9.23310321 -1.63588402
v -1.31170648 9.33327655 -1.65000000
v -1.32578492 9.43344989 -1.63588402
v -1.33962248 9.53190923 -1.59377761
v -1.35298239 9.62696992 -1.52440123
v -1.36563605 9.71700542 -1.42894192
v -1.37736697 9.80047523 -1.30903301
v -1.38797442 9.87595113 -1.16672619
v -1.39727690 9.94214172 -1.00445636
v -1.40511524 9.99791446 -0.82500000
v -1.41135534 10.04231506 -0.63142766
v -1.41589042 10.07458381 -0.42705142
v -1.41864288 10.09416859 -0.21536822
v -1.77121141 10.04503908 0.00000000
v -1.77006008 10.03850958 0.21536822
v -1.76662580 10.01903279 0.42705142
v -1.76096732 9.98694196 0.63142766
v -1.75318147 9.94278618 0.82500000
v -1.74340145 9.88732098 1.00445636
v -1.73179462 9.82149536 1.16672619
v -1.71855957 9.74643563 1.30903301
v -1.70392274 9.66342608 1.42894192
v -1.68813459 9.57388702 1.52440123
v -1.67146525 9.47935050 1.59377761
v -1.65419994 9.38143406 1.63588402
v -1.63663407 9.28181307 1.65000000
v -1.61906821 9.18219209 1.63588402
v -1.60180290 9.08427565 1.59377761
v -1.58513356 8.98973912 1.52440123
v -1.56934541 8.90020007 1.42894192
v -1.55470858 8.81719052 1.30903301
v -1.54147353 8.74213079 1.16672619
v -1.52986669 8.67630517 1.00445636
v -1.52008668 8.62083996 0.82500000
v -1.51230083 8.57668418 0.63142766
v -1.50664235 8.54459336 0.42705142
v -1.50320806 8.52511657 0.21536822
v -1.50205674 8.51858706 0.00000000
v -1.50320806 8.52511657 -0.21536822
v -1.50664235 8.54459336 -0.42705142
v -1.51230083 8.57668418 -0.63142766
v -1.52008668 8.62083996 -0.82500000
v -1.52986669 8.67630517 -1.00445636
v -1.54147353 8.74213079 -1.16672619
v -1.55470858 8.81719052 -1.30903301
v -1.56934541 8.90020007 -1.42894192
v -1.58513356 8.98973912 -1.52440123
v -1.60180290 9.08427565 -1.59377761
v -1.61906821 9.18219209 -1.63588402
v -1.63663407 9.28181307 -1.65000000
v -1.65419994 9.38143406 -1.63588402
v -1.67146525 9.47935050 -1.59377761
v -1.68813459 9.57388702 -1.52440123
v -1.70392274 9.66342608 -1.42894192
v -1.71855957 9.74643563 -1.30903301
v -1.73179462 9.82149536 -1.16672619
v -1.74340145 9.88732098 -1.00445636
v -1.75318147 9.94278618 -0.82500000
v -1.76096732 9.98694196 -0.63142766
v -1.76662580 10.01903279 -0.42705142
v -1.77006008 10.03850958 -0.21536822
v -2.12069925 9.97710553 0.00000000
v -2.11932074 9.97062018 0.21536822
v -2.11520882 9.95127511 0.42705142
v -2.10843384 9.91940131 0.63142766
v -2.09911171 9.87554416 0.82500000
v -2.08740195 9.82045405 1.00445636
v -2.07350490 9.75507361 1.16672619
v -2.05765836 9.68052150 1.30903301
v -2.04013347 9.59807333 1.42894192
v -2.02123006 9.50913982 1.52440123
v -2.00127160 9.41524264 1.59377761
v -1.98059957 9.31798840 1.63588402
v -1.95956769 9.21904114 1.65000000
v -1.93853580 9.12009388 1.63588402
v -1.91786377 9.02283964 1.59377761
v -1.89790531 8.92894245 1.52440123
v -1.87900191 8.84000894 1.42894192
v -1.86147701 8.75756078 1.30903301
v -1.84563047 8.68300867 1.16672619
v -1.83173342 8.61762822 1.00445636
v -1.82002366 8.56253812 0.82500000
v -1.81070154 8.51868096 0.63142766
v -1.80392655 8.48680716 0.42705142
v -1.79981463 8.46746209 0.21536822
v -1.79843613 8.46097675 0.00000000
v -1.79981463 8.46746209 -0.21536822
v -1.80392655 8.48680716 -0.42705142
v -1.81070154 8.51868096 -0.63142766
v -1.82002366 8.56253812 -0.82500000
v -1.83173342 8.61762822 -1.00445636
v -1.84563047 8.68300867 -1.16672619
v -1.86147701 8.75756078 -1.30903301
v -1.87900191 8.84000894 -1.42894192
v -1.89790531 8.92894245 -1.52440123
v -1.91786377 9.02283964 -1.59377761
v -1.93853580 9.12009388 -1.63588402
v -1.95956769 9.21904114 -1.65000000
v -1.98059957 9.31798840 -1.63588402
v -2.00127160 9.41524264 -1.59377761
v -2.02123006 9.50913982 -1.52440123
v -2.04013347 9.59807333 -1.42894192
v -2.05765836 9.68052150 -1.30903301
v -2.07350490 9.75507361 -1.16672619
v -2.08740195 9.82045405 -1.00445636
v -2.09911171 9.87554416 -0.82500000
v -2.10843384 9.91940131 -0.63142766
v -2.11520882 9.95127511 -0.42705142
v -2.11932074 9.97062018 -0.21536822
v -2.46760334 9.89701641 0.00000000
v -2.46599934 9.89058312 0.21536822
v -2.46121479 9.87139334 0.42705142
v -2.45333155 9.83977540 0.63142766
v -2.44248451 9.79627030 0.82500000
v -2.42885926 9.74162242 1.00445636
v -2.41268894 9.67676680 1.16672619
v -2.39425022 9.60281315 1.30903301
v -2.37385860 9.52102681 1.42894192
v -2.35186298 9.43280720 1.52440123
v -2.32863971 9.33966376 1.59377761
v -2.30458615 9.24319020 1.63588402
v -2.28011387 9.14503722 1.65000000
v -2.25564158 9.04688424 1.63588402
v -2.23158802 8.95041068 1.59377761
v -2.20836475 8.85726724 1.52440123
v -2.18636913 8.76904763 1.42894192
v -2.16597751 8.68726130 1.30903301
v -2.14753879 8.61330764 1.16672619
v -2.13136847 8.54845202 1.00445636
v -2.11774322 8.49380414 0.82500000
v -2.10689618 8.45029904 0.63142766
v -2.09901295 8.41868110 0.42705142
v -2.09422840 8.39949132 0.21536822
v -2.09262440 8.39305803 0.00000000
v -2.09422840 8.39949132 -0.21536822
v -2.09901295 8.41868110 -0.42705142
v -2.10689618 8.45029904 -0.63142766
v -2.11774322 8.49380414 -0.82500000
v -2.13136847 8.54845202 -1.00445636
v -2.14753879 8.61330764 -1.16672619
v -2.16597751 8.68726130 -1.30903301
v -2.18636913 8.76904763 -1.42894192
v -2.20836475 8.85726724 -1.52440123
v -2.23158802 8.95041068 -1.59377761
v -2.25564158 9.04688424 -1.63588402
v -2.28011387 9.14503722 -1.65000000
v -2.30458615 9.24319020 -1.63588402
v -2.32863971 9.33966376 -1.59377761
v -2.35186298 9.43280720 -1.52440123
v -2.37385860 9.52102681 -1.42894192
v -2.39425022 9.60281315 -1.30903301
v -2.41268894 9.67676680 -1.16672619
v -2.42885926 9.74162242 -1.00445636
v -2.44248451 9.79627030 -0.82500000
v -2.45333155 9.83977540 -0.63142766
v -2.46121479 9.87139334 -0.42705142
v -2.46599934 9.89058312 -0.21536822
v -2.81150103 9.80486930 0.00000000
v -2.80967349 9.79849591 0.21536822
v -2.80422214 9.77948480 0.42705142
v -2.79524025 9.74816124 0.63142766
v -2.78288152 9.70506120 0.82500000
v -2.76735739 9.65092212 1.00445636
v -2.74893349 9.58667035 1.16672619
v -2.72792506 9.51340524 1.30903301
v -2.70469155 9.43238039 1.42894192
v -2.67963051 9.34498215 1.52440123
v -2.65317073 9.25270593 1.59377761
v -2.62576495 9.15713060 1.63588402
v -2.59788208 9.05989148 1.65000000
v -2.56999921 8.96265237 1.63588402
v -2.54259343 8.86707704 1.59377761
v -2.51613365 8.77480082 1.52440123
v -2.49107260 8.68740258 1.42894192
v -2.46783910 8.60637773 1.30903301
v -2.44683067 8.53311262 1.16672619
v -2.42840677 8.46886085 1.00445636
v -2.41288264 8.41472177 0.82500000
v -2.40052390 8.37162173 0.63142766
v -2.39154202 8.34029817 0.42705142
v -2.38609067 8.32128706 0.21536822
v -2.38426313 8.31491367 0.00000000
v -2.38609067 8.32128706 -0.21536822
v -2.39154202 8.34029817 -0.42705142
v -2.40052390 8.37162173 -0.63142766
v -2.41288264 8.41472177 -0.82500000
v -2.42840677 8.46886085 -1.00445636
v -2.44683067 8.53311262 -1.16672619
v -2.46783910 8.60637773 -1.30903301
v -2.49107260 8.68740258 -1.42894192
v -2.51613365 8.77480082 -1.52440123
v -2.54259343 8.86707704 -1.59377761
v -2.56999921 8.96265237 -1.63588402
v -2.59788208 9.05989148 -1.65000000
v -2.62576495 9.15713060 -1.63588402
v -2.65317073 9.25270593 -1.59377761
v -2.67963051 9.34498215 -1.52440123
v -2.70469155 9.43238039 -1.42894192
v -2.72792506 9.51340524 -1.30903301
v -2.74893349 9.58667035 -1.16672619
v -2.76735739 9.65092212 -1.00445636
v -2.78288152 9.70506120 -0.82500000
v -2.79524025 9.74816124 -0.63142766
v -2.80422214 9.77948480 -0.42705142
v -2.80967349 9.79849591 -0.21536822
v -3.15197334 9.70077647 0.00000000
v -3.14992449 9.69447074 0.21536822
v -3.14381298 9.67566146 0.42705142
v -3.13374339 9.64467044 0.63142766
v -3.11988801 9.60202797 0.82500000
v -3.10248391 9.54846366 1.00445636
v -3.08182888 9.48489401 1.16672619
v -3.05827633 9.41240672 1.30903301
v -3.03222926 9.33224207 1.42894192
v -3.00413333 9.24577168 1.52440123
v -2.97446927 9.15447511 1.59377761
v -2.94374465 9.05991445 1.63588402
v -2.91248517 8.96370767 1.65000000
v -2.88122569 8.86750088 1.63588402
v -2.85050107 8.77294022 1.59377761
v -2.82083702 8.68164365 1.52440123
v -2.79274109 8.59517327 1.42894192
v -2.76669401 8.51500861 1.30903301
v -2.74314146 8.44252132 1.16672619
v -2.72248643 8.37895167 1.00445636
v -2.70508233 8.32538736 0.82500000
v -2.69122695 8.28274489 0.63142766
v -2.68115736 8.25175388 0.42705142
v -2.67504586 8.23294459 0.21536822
v -2.67299700 8.22663887 0.00000000
v -2.67504586 8.23294459 -0.21536822
v -2.68115736 8.25175388 -0.42705142
v -2.69122695 8.28274489 -0.63142766
v -2.70508233 8.32538736 -0.82500000
v -2.72248643 8.37895167 -1.00445636
v -2.74314146 8.44252132 -1.16672619
v -2.76669401 8.51500861 -1.30903301
v -2.79274109 8.59517327 -1.42894192
v -2.82083702 8.68164365 -1.52440123
v -2.85050107 8.77294022 -1.59377761
v -2.88122569 8.86750088 -1.63588402
v -2.91248517 8.96370767 -1.65000000
v -2.94374465 9.05991445 -1.63588402
v -2.97446927 9.15447511 -1.59377761
v -3.00413333 9.24577168 -1.52440123
v -3.03222926 9.33224207 -1.42894192
v -3.05827633 9.41240672 -1.30903301
v -3.08182888 9.48489401 -1.16672619
v -3.10248391 9.54846366 -1.00445636
v -3.11988801 9.60202797 -0.82500000
v -3.13374339 9.64467044 -0.63142766
v -3.14381298 9.67566146 -0.42705142
v -3.14992449 9.69447074 -0.21536822
v -3.48860546 9.58486473 0.00000000
v -3.48633779 9.57863435 0.21536822
v -3.47957357 9.56004981 0.42705142
v -3.46842854 9.52942910 0.63142766
v -3.45309340 9.48729615 0.82500000
v -3.43383054 9.43437187 1.00445636
v -3.41096954 9.37156179 1.16672619
v -3.38490157 9.29994063 1.30903301
v -3.35607266 9.22073384 1.42894192
v -3.32497607 9.13529667 1.52440123
v -3.29214388 9.04509097 1.59377761
v -3.25813786 8.95166019 1.63588402
v -3.22353985 8.85660295 1.65000000
v -3.18894185 8.76154571 1.63588402
v -3.15493582 8.66811493 1.59377761
v -3.12210363 8.57790923 1.52440123
v -3.09100705 8.49247206 1.42894192
v -3.06217813 8.41326527 1.30903301
v -3.03611016 8.34164411 1.16672619
v -3.01324916 8.27883403 1.00445636
v -2.99398630 8.22590975 0.82500000
v -2.97865116 8.18377680 0.63142766
v -2.96750613 8.15315609 0.42705142
v -2.96074191 8.13457155 0.21536822
v -2.95847424 8.12834117 0.00000000
v -2.96074191 8.13457155 -0.21536822
v -2.96750613 8.15315609 -0.42705142
v -2.97865116 8.18377680 -0.63142766
v -2.99398630 8.22590975 -0.82500000
v -3.01324916 8.27883403 -1.00445636
v -3.03611016 8.34164411 -1.16672619
v -3.06217813 8.41326527 -1.30903301
v -3.09100705 8.49247206 -1.42894192
v -3.12210363 8.57790923 -1.52440123
v -3.15493582 8.66811493 -1.59377761
v -3.18894185 8.76154571 -1.63588402
v -3.22353985 8.85660295 -1.65000000
v -3.25813786 8.95166019 -1.63588402
v -3.29214388 9.04509097 -1.59377761
v -3.32497607 9.13529667 -1.52440123
v -3.35607266 9.22073384 -1.42894192
v -3.38490157 9.29994063 -1.30903301
v -3.41096954 9.37156179 -1.16672619
v -3.43383054 9.43437187 -1.00445636
v -3.45309340 9.48729615 -0.82500000
v -3.46842854 9.52942910 -0.63142766
v -3.47957357 9.56004981 -0.42705142
v -3.48633779 9.57863435 -0.21536822
v -3.82098725 9.45727532 0.00000000
v -3.81850352 9.45112787 0.21536822
v -3.81109483 9.43279072 0.42705142
v -3.79888795 9.40257762 0.63142766
v -3.78209173 9.36100553 0.82500000
v -3.76099357 9.30878575 1.00445636
v -3.73595446 9.24681177 1.16672619
v -3.70740283 9.17614400 1.30903301
v -3.67582720 9.09799157 1.42894192
v -3.64176784 9.01369170 1.52440123
v -3.60580752 8.92468678 1.59377761
v -3.56856152 8.83249971 1.63588402
v -3.53066714 8.73870783 1.65000000
v -3.49277276 8.64491595 1.63588402
v -3.45552677 8.55272888 1.59377761
v -3.41956645 8.46372396 1.52440123
v -3.38550709 8.37942409 1.42894192
v -3.35393146 8.30127166 1.30903301
v -3.32537982 8.23060389 1.16672619
v -3.30034071 8.16862991 1.00445636
v -3.27924255 8.11641013 0.82500000
v -3.26244634 8.07483804 0.63142766
v -3.25023945 8.04462494 0.42705142
v -3.24283076 8.02628779 0.21536822
v -3.24034703 8.02014034 0.00000000
v -3.24283076 8.02628779 -0.21536822
v -3.25023945 8.04462494 -0.42705142
v -3.26244634 8.07483804 -0.63142766
v -3.27924255 8.11641013 -0.82500000
v -3.30034071 8.16862991 -1.00445636
v -3.32537982 8.23060389 -1.16672619
v -3.35393146 8.30127166 -1.30903301
v -3.38550709 8.37942409 -1.42894192
v -3.41956645 8.46372396 -1.52440123
v -3.45552677 8.55272888 -1.59377761
v -3.49277276 8.64491595 -1.63588402
v -3.53066714 8.73870783 -1.65000000
v -3.56856152 8.83249971 -1.63588402
v -3.60580752 8.92468678 -1.59377761
v -3.64176784 9.01369170 -1.52440123
v -3.67582720 9.09799157 -1.42894192
v -3.70740283 9.17614400 -1.30903301
v -3.73595446 9.24681177 -1.16672619
v -3.76099357 9.30878575 -1.00445636
v -3.78209173 9.36100553 -0.82500000
v -3.79888795 9.40257762 -0.63142766
v -3.81109483 9.43279072 -0.42705142
v -3.81850352 9.45112787 -0.21536822
v -4.14871376 9.31816367 0.00000000
v -4.14601700 9.31210665 0.21536822
v -4.13797287 9.29403923 0.42705142
v -4.12471900 9.26427055 0.63142766
v -4.10648217 9.22330996 0.82500000
v -4.08357441 9.17185830 1.00445636
v -4.05638770 9.11079593 1.16672619
v -4.02538719 9.04116765 1.30903301
v -3.99110331 8.96416480 1.42894192
v -3.95412268 8.88110494 1.52440123
v -3.91507803 8.79340923 1.59377761
v -3.87463744 8.70257819 1.63588402
v -3.83349286 8.61016594 1.65000000
v -3.79234828 8.51775369 1.63588402
v -3.75190769 8.42692264 1.59377761
v -3.71286305 8.33922694 1.52440123
v -3.67588241 8.25616707 1.42894192
v -3.64159854 8.17916423 1.30903301
v -3.61059803 8.10953594 1.16672619
v -3.58341131 8.04847357 1.00445636
v -3.56050356 7.99702192 0.82500000
v -3.54226672 7.95606133 0.63142766
v -3.52901285 7.92629265 0.42705142
v -3.52096872 7.90822523 0.21536822
v -3.51827196 7.90216821 0.00000000
v -3.52096872 7.90822523 -0.21536822
v -3.52901285 7.92629265 -0.42705142
v -3.54226672 7.95606133 -0.63142766
v -3.56050356 7.99702192 -0.82500000
v -3.58341131 8.04847357 -1.00445636
v -3.61059803 8.10953594 -1.16672619
v -3.64159854 8.17916423 -1.30903301
v -3.67588241 8.25616707 -1.42894192
v -3.71286305 8.33922694 -1.52440123
v -3.75190769 8.42692264 -1.59377761
v -3.79234828 8.51775369 -1.63588402
v -3.83349286 8.61016594 -1.65000000
v -3.87463744 8.70257819 -1.63588402
v -3.91507803 8.79340923 -1.59377761
v -3.95412268 8.88110494 -1.52440123
v -3.99110331 8.96416480 -1.42894192
v -4.02538719 9.04116765 -1.30903301
v -4.05638770 9.11079593 -1.16672619
v -4.08357441 9.17185830 -1.00445636
v -4.10648217 9.22330996 -0.82500000
v -4.12471900 9.26427055 -0.63142766
v -4.13797287 9.29403923 -0.42705142
v -4.14601700 9.31210665 -0.21536822
v -4.47138570 9.16769927 0.00000000
v -4.46847919 9.16174006 0.21536822
v -4.45980942 9.14396438 0.42705142
v -4.44552471 9.11467639 0.63142766
v -4.42586948 9.07437721 0.82500000
v -4.40118005 9.02375636 1.00445636
v -4.37187885 8.96367999 1.16672619
v -4.33846723 8.89517603 1.30903301
v -4.30151688 8.81941658 1.42894192
v -4.26166002 8.73769792 1.52440123
v -4.21957863 8.65141827 1.59377761
v -4.17599272 8.56205391 1.63588402
v -4.13164806 8.47113389 1.65000000
v -4.08730340 8.38021386 1.63588402
v -4.04371749 8.29084950 1.59377761
v -4.00163609 8.20456985 1.52440123
v -3.96177924 8.12285119 1.42894192
v -3.92482889 8.04709175 1.30903301
v -3.89141727 7.97858778 1.16672619
v -3.86211607 7.91851141 1.00445636
v -3.83742663 7.86789057 0.82500000
v -3.81777141 7.82759138 0.63142766
v -3.80348670 7.79830339 0.42705142
v -3.79481692 7.78052771 0.21536822
v -3.79191042 7.77456850 0.00000000
v -3.79481692 7.78052771 -0.21536822
v -3.80348670 7.79830339 -0.42705142
v -3.81777141 7.82759138 -0.63142766
v -3.83742663 7.86789057 -0.82500000
v -3.86211607 7.91851141 -1.00445636
v -3.89141727 7.97858778 -1.16672619
v -3.92482889 8.04709175 -1.30903301
v -3.96177924 8.12285119 -1.42894192
v -4.00163609 8.20456985 -1.52440123
v -4.04371749 8.29084950 -1.59377761
v -4.08730340 8.38021386 -1.63588402
v -4.13164806 8.47113389 -1.65000000
v -4.17599272 8.56205391 -1.63588402
v -4.21957863 8.65141827 -1.59377761
v -4.26166002 8.73769792 -1.52440123
v -4.30151688 8.81941658 -1.42894192
v -4.33846723 8.89517603 -1.30903301
v -4.37187885 8.96367999 -1.16672619
v -4.40118005 9.02375636 -1.00445636
v -4.42586948 9.07437721 -0.82500000
v -4.44552471 9.11467639 -0.63142766
v -4.45980942 9.14396438 -0.42705142
v -4.46847919 9.16174006 -0.21536822
v -4.78860994 9.00606545 0.00000000
v -4.78549723 9.00021130 0.21536822
v -4.77621238 8.98274902 0.42705142
v -4.76091423 8.95397740 0.63142766
v -4.73986456 8.91438872 0.82500000
v -4.71342352 8.86466036 1.00445636
v -4.68204354 8.80564319 1.16672619
v -4.64626152 8.73834700 1.30903301
v -4.60668971 8.66392325 1.42894192
v -4.56400520 8.58364536 1.52440123
v -4.51893832 8.49888689 1.59377761
v -4.47226019 8.41109810 1.63588402
v -4.42476948 8.32178106 1.65000000
v -4.37727877 8.23246403 1.63588402
v -4.33060064 8.14467523 1.59377761
v -4.28553376 8.05991677 1.52440123
v -4.24284925 7.97963887 1.42894192
v -4.20327744 7.90521512 1.30903301
v -4.16749542 7.83791893 1.16672619
v -4.13611543 7.77890176 1.00445636
v -4.10967440 7.72917340 0.82500000
v -4.08862472 7.68958473 0.63142766
v -4.07332658 7.66081310 0.42705142
v -4.06404172 7.64335083 0.21536822
v -4.06092902 7.63749668 0.00000000
v -4.06404172 7.64335083 -0.21536822
v -4.07332658 7.66081310 -0.42705142
v -4.08862472 7.68958473 -0.63142766
v -4.10967440 7.72917340 -0.82500000
v -4.13611543 7.77890176 -1.00445636
v -4.16749542 7.83791893 -1.16672619
v -4.20327744 7.90521512 -1.30903301
v -4.24284925 7.97963887 -1.42894192
v -4.28553376 8.05991677 -1.52440123
v -4.33060064 8.14467523 -1.59377761
v -4.37727877 8.23246403 -1.63588402
v -4.42476948 8.32178106 -1.65000000
v -4.47226019 8.41109810 -1.63588402
v -4.51893832 8.49888689 -1.59377761
v -4.56400520 8.58364536 -1.52440123
v -4.60668971 8.66392325 -1.42894192
v -4.64626152 8.73834700 -1.30903301
v -4.68204354 8.80564319 -1.16672619
v -4.71342352 8.86466036 -1.00445636
v -4.73986456 8.91438872 -0.82500000
v -4.76091423 8.95397740 -0.63142766
v -4.77621238 8.98274902 -0.42705142
v -4.78549723 9.00021130 -0.21536822
v -5.10000000 8.83345912 0.00000000
v -5.09668488 8.82771717 0.21536822
v -5.08679626 8.81058957 0.42705142
v -5.07050332 8.78236937 0.63142766
v -5.04808484 8.74353943 0.82500000
v -5.01992442 8.69476414 1.00445636
v -4.98650388 8.63687807 1.16672619
v -4.94839505 8.57087165 1.30903301
v -4.90625000 8.49787427 1.42894192
v -4.86078983 8.41913495 1.52440123
v -4.81279238 8.33600093 1.59377761
v -4.76307890 8.24989465 1.63588402
v -4.71250000 8.16228943 1.65000000
v -4.66192110 8.07468421 1.63588402
v -4.61220762 7.98857793 1.59377761
v -4.56421017 7.90544391 1.52440123
v -4.51875000 7.82670459 1.42894192
v -4.47660495 7.75370721 1.30903301
v -4.43849612 7.68770079 1.16672619
v -4.40507558 7.62981472 1.00445636
v -4.37691516 7.58103943 0.82500000
v -4.35449668 7.54220949 0.63142766
v -4.33820374 7.51398930 0.42705142
v -4.32831512 7.49686169 0.21536822
v -4.32500000 7.49111974 0.00000000
v -4.32831512 7.49686169 -0.21536822
v -4.33820374 7.51398930 -0.42705142
v -4.35449668 7.54220949 -0.63142766
v -4.37691516 7.58103943 -0.82500000
v -4.40507558 7.62981472 -1.00445636
v -4.43849612 7.68770079 -1.16672619
v -4.47660495 7.75370721 -1.30903301
v -4.51875000 7.82670459 -1.42894192
v -4.56421017 7.90544391 -1.52440123
v -4.61220762 7.98857793 -1.59377761
v -4.66192110 8.07468421 -1.63588402
v -4.71250000 8.16228943 -1.65000000
v -4.76307890 8.24989465 -1.63588402
v -4.81279238 8.33600093 -1.59377761
v -4.86078983 8.41913495 -1.52440123
v -4.90625000 8.49787427 -1.42894192
v -4.94839505 8.57087165 -1.30903301
v -4.98650388 8.63687807 -1.16672619
v -5.01992442 8.69476414 -1.00445636
v -5.04808484 8.74353943 -0.82500000
v -5.07050332 8.78236937 -0.63142766
v -5.08679626 8.81058957 -0.42705142
v -5.09668488 8.82771717 -0.21536822
v -5.40517650 8.65009058 0.00000000
v -5.40166301 8.64446782 0.21536822
v -5.39118266 8.62769576 0.42705142
v -5.37391478 8.60006137 0.63142766
v -5.35015481 8.56203748 0.82500000
v -5.32030931 8.51427469 1.00445636
v -5.28488893 8.45759024 1.16672619
v -5.24449973 8.39295401 1.30903301
v -5.19983278 8.32147194 1.42894192
v -5.15165234 8.24436712 1.52440123
v -5.10078279 8.16295883 1.59377761
v -5.04809453 8.07863999 1.63588402
v -4.99448907 7.99285331 1.65000000
v -4.94088360 7.90706663 1.63588402
v -4.88819534 7.82274778 1.59377761
v -4.83732579 7.74133949 1.52440123
v -4.78914535 7.66423467 1.42894192
v -4.74447840 7.59275260 1.30903301
v -4.70408920 7.52811637 1.16672619
v -4.66866882 7.47143192 1.00445636
v -4.63882332 7.42366913 0.82500000
v -4.61506335 7.38564524 0.63142766
v -4.59779547 7.35801085 0.42705142
v -4.58731512 7.34123879 0.21536822
v -4.58380164 7.33561603 0.00000000
v -4.58731512 7.34123879 -0.21536822
v -4.59779547 7.35801085 -0.42705142
v -4.61506335 7.38564524 -0.63142766
v -4.63882332 7.42366913 -0.82500000
v -4.66866882 7.47143192 -1.00445636
v -4.70408920 7.52811637 -1.16672619
v -4.74447840 7.59275260 -1.30903301
v -4.78914535 7.66423467 -1.42894192
v -4.83732579 7.74133949 -1.52440123
v -4.88819534 7.82274778 -1.59377761
v -4.94088360 7.90706663 -1.63588402
v -4.99448907 7.99285331 -1.65000000
v -5.04809453 8.07863999 -1.63588402
v -5.10078279 8.16295883 -1.59377761
v -5.15165234 8.24436712 -1.52440123
v -5.19983278 8.32147194 -1.42894192
v -5.24449973 8.39295401 -1.30903301
v -5.28488893 8.45759024 -1.16672619
v -5.32030931 8.51427469 -1.00445636
v -5.35015481 8.56203748 -0.82500000
v -5.37391478 8.60006137 -0.63142766
v -5.39118266 8.62769576 -0.42705142
v -5.40166301 8.64446782 -0.21536822
v -5.70376762 8.45618324 0.00000000
v -5.70006004 8.45068653 0.21536822
v -5.68900074 8.43429044 0.42705142
v -5.67077895 8.40727553 0.63142766
v -5.64570644 8.37010401 0.82500000
v -5.61421222 8.32341191 1.00445636
v -5.57683516 8.26799814 1.16672619
v -5.53421480 8.20481085 1.30903301
v -5.48708037 8.13493118 1.42894192
v -5.43623836 8.05955480 1.52440123
v -5.38255869 7.97997142 1.59377761
v -5.32695984 7.89754274 1.63588402
v -5.27039312 7.81367912 1.65000000
v -5.21382639 7.72981551 1.63588402
v -5.15822754 7.64738682 1.59377761
v -5.10454787 7.56780344 1.52440123
v -5.05370587 7.49242706 1.42894192
v -5.00657144 7.42254740 1.30903301
v -4.96395107 7.35936010 1.16672619
v -4.92657401 7.30394633 1.00445636
v -4.89507979 7.25725423 0.82500000
v -4.87000728 7.22008272 0.63142766
v -4.85178549 7.19306780 0.42705142
v -4.84072619 7.17667171 0.21536822
v -4.83701862 7.17117500 0.00000000
v -4.84072619 7.17667171 -0.21536822
v -4.85178549 7.19306780 -0.42705142
v -4.87000728 7.22008272 -0.63142766
v -4.89507979 7.25725423 -0.82500000
v -4.92657401 7.30394633 -1.00445636
v -4.96395107 7.35936010 -1.16672619
v -5.00657144 7.42254740 -1.30903301
v -5.05370587 7.49242706 -1.42894192
v -5.10454787 7.56780344 -1.52440123
v -5.15822754 7.64738682 -1.59377761
v -5.21382639 7.72981551 -1.63588402
v -5.27039312 7.81367912 -1.65000000
v -5.32695984 7.89754274 -1.63588402
v -5.38255869 7.97997142 -1.59377761
v -5.43623836 8.05955480 -1.52440123
v -5.48708037 8.13493118 -1.42894192
v -5.53421480 8.20481085 -1.30903301
v -5.57683516 8.26799814 -1.16672619
v -5.61421222 8.32341191 -1.00445636
v -5.64570644 8.37010401 -0.82500000
v -5.67077895 8.40727553 -0.63142766
v -5.68900074 8.43429044 -0.42705142
v -5.70006004 8.45068653 -0.21536822
v -5.99540957 8.25197334 0.00000000
v -5.99151242 8.24660937 0.21536822
v -5.97988764 8.23060924 0.42705142
v -5.96073415 8.20424671 0.63142766
v -5.93437965 8.16797286 0.82500000
v -5.90127508 8.12240833 1.00445636
v -5.86198688 8.06833276 1.16672619
v -5.81718727 8.00667139 1.30903301
v -5.76764279 7.93847926 1.42894192
v -5.71420115 7.86492316 1.52440123
v -5.65777677 7.78726165 1.59377761
v -5.59933507 7.70682355 1.63588402
v -5.53987600 7.62498517 1.65000000
v -5.48041694 7.54314679 1.63588402
v -5.42197524 7.46270869 1.59377761
v -5.36555085 7.38504719 1.52440123
v -5.31210922 7.31149109 1.42894192
v -5.26256474 7.24329896 1.30903301
v -5.21776513 7.18163758 1.16672619
v -5.17847692 7.12756201 1.00445636
v -5.14537236 7.08199749 0.82500000
v -5.11901786 7.04572363 0.63142766
v -5.09986436 7.01936111 0.42705142
v -5.08823959 7.00336097 0.21536822
v -5.08434243 6.99799700 0.00000000
v -5.08823959 7.00336097 -0.21536822
v -5.09986436 7.01936111 -0.42705142
v -5.11901786 7.04572363 -0.63142766
v -5.14537236 7.08199749 -0.82500000
v -5.17847692 7.12756201 -1.00445636
v -5.21776513 7.18163758 -1.16672619
v -5.26256474 7.24329896 -1.30903301
v -5.31210922 7.31149109 -1.42894192
v -5.36555085 7.38504719 -1.52440123
v -5.42197524 7.46270869 -1.59377761
v -5.48041694 7.54314679 -1.63588402
v -5.53987600 7.62498517 -1.65000000
v -5.59933507 7.70682355 -1.63588402
v -5.65777677 7.78726165 -1.59377761
v -5.71420115 7.86492316 -1.52440123
v -5.76764279 7.93847926 -1.42894192
v -5.81718727 8.00667139 -1.30903301
v -5.86198688 8.06833276 -1.16672619
v -5.90127508 8.12240833 -1.00445636
v -5.93437965 8.16797286 -0.82500000
v -5.96073415 8.20424671 -0.63142766
v -5.97988764 8.23060924 -0.42705142
v -5.99151242 8.24660937 -0.21536822
v -6.27974705 8.03770969 0.00000000
v -6.27566507 8.03248499 0.21536822
v -6.26348898 8.01690030 0.42705142
v -6.24342711 7.99122228 0.63142766
v -6.21582273 7.95589028 0.82500000
v -6.18114815 7.91150885 1.00445636
v -6.13999667 7.85883736 1.16672619
v -6.09307240 7.79877703 1.30903301
v -6.04117823 7.73235552 1.42894192
v -5.98520208 7.66070931 1.52440123
v -5.92610171 7.58506430 1.59377761
v -5.86488836 7.50671479 1.63588402
v -5.80260940 7.42700135 1.65000000
v -5.74033045 7.34728792 1.63588402
v -5.67911710 7.26893840 1.59377761
v -5.62001673 7.19329339 1.52440123
v -5.56404058 7.12164719 1.42894192
v -5.51214641 7.05522567 1.30903301
v -5.46522214 6.99516535 1.16672619
v -5.42407066 6.94249386 1.00445636
v -5.38939608 6.89811242 0.82500000
v -5.36179170 6.86278042 0.63142766
v -5.34172983 6.83710240 0.42705142
v -5.32955374 6.82151771 0.21536822
v -5.32547176 6.81629302 0.00000000
v -5.32955374 6.82151771 -0.21536822
v -5.34172983 6.83710240 -0.42705142
v -5.36179170 6.86278042 -0.63142766
v -5.38939608 6.89811242 -0.82500000
v -5.42407066 6.94249386 -1.00445636
v -5.46522214 6.99516535 -1.16672619
v -5.51214641 7.05522567 -1.30903301
v -5.56404058 7.12164719 -1.42894192
v -5.62001673 7.19329339 -1.52440123
v -5.67911710 7.26893840 -1.59377761
v -5.74033045 7.34728792 -1.63588402
v -5.80260940 7.42700135 -1.65000000
v -5.86488836 7.50671479 -1.63588402
v -5.92610171 7.58506430 -1.59377761
v -5.98520208 7.66070931 -1.52440123
v -6.04117823 7.73235552 -1.42894192
v -6.09307240 7.79877703 -1.30903301
v -6.13999667 7.85883736 -1.16672619
v -6.18114815 7.91150885 -1.00445636
v -6.21582273 7.95589028 -0.82500000
v -6.24342711 7.99122228 -0.63142766
v -6.26348898 8.01690030 -0.42705142
v -6.27566507 8.03248499 -0.21536822
v -6.55643362 7.81365332 0.00000000
v -6.55217179 7.80857427 0.21536822
v -6.53945921 7.79342401 0.42705142
v -6.51851342 7.76846178 0.63142766
v -6.48969278 7.73411469 0.82500000
v -6.45349044 7.69097041 1.00445636
v -6.41052582 7.63976717 1.16672619
v -6.36153406 7.58138107 1.30903301
v -6.30735342 7.51681110 1.42894192
v -6.24891095 7.44716208 1.52440123
v -6.18720662 7.37362572 1.59377761
v -6.12329620 7.29746025 1.63588402
v -6.05827322 7.21996888 1.65000000
v -5.99325024 7.14247751 1.63588402
v -5.92933982 7.06631204 1.59377761
v -5.86763549 6.99277568 1.52440123
v -5.80919302 6.92312665 1.42894192
v -5.75501239 6.85855669 1.30903301
v -5.70602063 6.80017058 1.16672619
v -5.66305601 6.74896734 1.00445636
v -5.62685366 6.70582307 0.82500000
v -5.59803303 6.67147597 0.63142766
v -5.57708723 6.64651374 0.42705142
v -5.56437466 6.63136349 0.21536822
v -5.56011282 6.62628443 0.00000000
v -5.56437466 6.63136349 -0.21536822
v -5.57708723 6.64651374 -0.42705142
v -5.59803303 6.67147597 -0.63142766
v -5.62685366 6.70582307 -0.82500000
v -5.66305601 6.74896734 -1.00445636
v -5.70602063 6.80017058 -1.16672619
v -5.75501239 6.85855669 -1.30903301
v -5.80919302 6.92312665 -1.42894192
v -5.86763549 6.99277568 -1.52440123
v -5.92933982 7.06631204 -1.59377761
v -5.99325024 7.14247751 -1.63588402
v -6.05827322 7.21996888 -1.65000000
v -6.12329620 7.29746025 -1.63588402
v -6.18720662 7.37362572 -1.59377761
v -6.24891095 7.44716208 -1.52440123
v -6.30735342 7.51681110 -1.42894192
v -6.36153406 7.58138107 -1.30903301
v -6.41052582 7.63976717 -1.16672619
v -6.45349044 7.69097041 -1.00445636
v -6.48969278 7.73411469 -0.82500000
v -6.51851342 7.76846178 -0.63142766
v -6.53945921 7.79342401 -0.42705142
v -6.55217179 7.80857427 -0.21536822
v -6.82513218 7.58007722 0.00000000
v -6.82069569 7.57515000 0.21536822
v -6.80746213 7.56045263 0.42705142
v -6.78565792 7.53623661 0.63142766
v -6.75565615 7.50291626 0.82500000
v -6.71797014 7.46106171 1.00445636
v -6.67324473 7.41138911 1.16672619
v -6.62224517 7.35474836 1.30903301
v -6.56584407 7.29210860 1.42894192
v -6.50500649 7.22454162 1.52440123
v -6.44077337 7.15320351 1.59377761
v -6.37424374 7.07931487 1.63588402
v -6.30655596 7.00413998 1.65000000
v -6.23886819 6.92896509 1.63588402
v -6.17233856 6.85507645 1.59377761
v -6.10810544 6.78373834 1.52440123
v -6.04726785 6.71617136 1.42894192
v -5.99086676 6.65353160 1.30903301
v -5.93986720 6.59689085 1.16672619
v -5.89514179 6.54721825 1.00445636
v -5.85745578 6.50536370 0.82500000
v -5.82745401 6.47204335 0.63142766
v -5.80564980 6.44782733 0.42705142
v -5.79241624 6.43312996 0.21536822
v -5.78797975 6.42820274 0.00000000
v -5.79241624 6.43312996 -0.21536822
v -5.80564980 6.44782733 -0.42705142
v -5.82745401 6.47204335 -0.63142766
v -5.85745578 6.50536370 -0.82500000
v -5.89514179 6.54721825 -1.00445636
v -5.93986720 6.59689085 -1.16672619
v -5.99086676 6.65353160 -1.30903301
v -6.04726785 6.71617136 -1.42894192
v -6.10810544 6.78373834 -1.52440123
v -6.17233856 6.85507645 -1.59377761
v -6.23886819 6.92896509 -1.63588402
v -6.30655596 7.00413998 -1.65000000
v -6.37424374 7.07931487 -1.63588402
v -6.44077337 7.15320351 -1.59377761
v -6.50500649 7.22454162 -1.52440123
v -6.56584407 7.29210860 -1.42894192
v -6.62224517 7.35474836 -1.30903301
v -6.67324473 7.41138911 -1.16672619
v -6.71797014 7.46106171 -1.00445636
v -6.75565615 7.50291626 -0.82500000
v -6.78565792 7.53623661 -0.63142766
v -6.80746213 7.56045263 -0.42705142
v -6.82069569 7.57515000 -0.21536822
v -7.08551538 7.33726596 0.00000000
v -7.08090963 7.33249657 0.21536822
v -7.06717120 7.31827001 0.42705142
v -7.04453515 7.29482969 0.63142766
v -7.01338878 7.26257669 0.82500000
v -6.97426503 7.22206286 1.00445636
v -6.92783332 7.17398141 1.16672619
v -6.87488809 7.11915502 1.30903301
v -6.81633526 7.05852179 1.42894192
v -6.75317668 6.99311917 1.52440123
v -6.68649302 6.92406622 1.59377761
v -6.61742525 6.85254445 1.63588402
v -6.54715514 6.77977762 1.65000000
v -6.47688503 6.70701079 1.63588402
v -6.40781726 6.63548902 1.59377761
v -6.34113360 6.56643606 1.52440123
v -6.27797502 6.50103345 1.42894192
v -6.21942219 6.44040022 1.30903301
v -6.16647697 6.38557383 1.16672619
v -6.12004525 6.33749238 1.00445636
v -6.08092150 6.29697855 0.82500000
v -6.04977514 6.26472555 0.63142766
v -6.02713908 6.24128523 0.42705142
v -6.01340065 6.22705866 0.21536822
v -6.00879490 6.22228927 0.00000000
v -6.01340065 6.22705866 -0.21536822
v -6.02713908 6.24128523 -0.42705142
v -6.04977514 6.26472555 -0.63142766
v -6.08092150 6.29697855 -0.82500000
v -6.12004525 6.33749238 -1.00445636
v -6.16647697 6.38557383 -1.16672619
v -6.21942219 6.44040022 -1.30903301
v -6.27797502 6.50103345 -1.42894192
v -6.34113360 6.56643606 -1.52440123
v -6.40781726 6.63548902 -1.59377761
v -6.47688503 6.70701079 -1.63588402
v -6.54715514 6.77977762 -1.65000000
v -6.61742525 6.85254445 -1.63588402
v -6.68649302 6.92406622 -1.59377761
v -6.75317668 6.99311917 -1.52440123
v -6.81633526 7.05852179 -1.42894192
v -6.87488809 7.11915502 -1.30903301
v -6.92783332 7.17398141 -1.16672619
v -6.97426503 7.22206286 -1.00445636
v -7.01338878 7.26257669 -0.82500000
v -7.04453515 7.29482969 -0.63142766
v -7.06717120 7.31827001 -0.42705142
v -7.08090963 7.33249657 -0.21536822
v -7.33726596 7.08551538 0.00000000
v -7.33249657 7.08090963 0.21536822
v -7.31827001 7.06717120 0.42705142
v -7.29482969 7.04453515 0.63142766
v -7.26257669 7.01338878 0.82500000
v -7.22206286 6.97426503 1.00445636
v -7.17398141 6.92783332 1.16672619
v -7.11915502 6.87488809 1.30903301
v -7.05852179 6.81633526 1.42894192
v -6.99311917 6.75317668 1.52440123
v -6.92406622 6.68649302 1.59377761
v -6.85254445 6.61742525 1.63588402
v -6.77977762 6.54715514 1.65000000
v -6.70701079 6.47688503 1.63588402
v -6.63548902 6.40781726 1.59377761
v -6.56643606 6.34113360 1.52440123
v -6.50103345 6.27797502 1.42894192
v -6.44040022 6.21942219 1.30903301
v -6.38557383 6.16647697 1.16672619
v -6.33749238 6.12004525 1.00445636
v -6.29697855 6.08092150 0.82500000
v -6.26472555 6.04977514 0.63142766
v -6.24128523 6.02713908 0.42705142
v -6.22705866 6.01340065 0.21536822
v -6.22228927 6.00879490 0.00000000
v -6.22705866 6.01340065 -0.21536822
v -6.24128523 6.02713908 -0.42705142
v -6.26472555 6.04977514 -0.63142766
v -6.29697855 6.08092150 -0.82500000
v -6.33749238 6.12004525 -1.00445636
v -6.38557383 6.16647697 -1.16672619
v -6.44040022 6.21942219 -1.30903301
v -6.50103345 6.27797502 -1.42894192
v -6.56643606 6.34113360 -1.52440123
v -6.63548902 6.40781726 -1.59377761
v -6.70701079 6.47688503 -1.63588402
v -6.77977762 6.54715514 -1.65000000
v -6.85254445 6.61742525 -1.63588402
v -6.92406622 6.68649302 -1.59377761
v -6.99311917 6.75317668 -1.52440123
v -7.05852179 6.81633526 -1.42894192
v -7.11915502 6.87488809 -1.30903301
v -7.17398141 6.92783332 -1.16672619
v -7.22206286 6.97426503 -1.00445636
v -7.26257669 7.01338878 -0.82500000
v -7.29482969 7.04453515 -0.63142766
v -7.31827001 7.06717120 -0.42705142
v -7.33249657 7.08090963 -0.21536822
v -7.58007722 6.82513218 0.00000000
v -7.57515000 6.82069569 0.21536822
v -7.56045263 6.80746213 0.42705142
v -7.53623661 6.78565792 0.63142766
v -7.50291626 6.75565615 0.82500000
v -7.46106171 6.71797014 1.00445636
v -7.41138911 6.67324473 1.16672619
v -7.35474836 6.62224517 1.30903301
v -7.29210860 6.56584407 1.42894192
v -7.22454162 6.50500649 1.52440123
v -7.15320351 6.44077337 1.59377761
v -7.07931487 6.37424374 1.63588402
v -7.00413998 6.30655596 1.65000000
v -6.92896509 6.23886819 1.63588402
v -6.85507645 6.17233856 1.59377761
v -6.78373834 6.10810544 1.52440123
v -6.71617136 6.04726785 1.42894192
v -6.65353160 5.99086676 1.30903301
v -6.59689085 5.93986720 1.16672619
v -6.54721825 5.89514179 1.00445636
v -6.50536370 5.85745578 0.82500000
v -6.47204335 5.82745401 0.63142766
v -6.44782733 5.80564980 0.42705142
v -6.43312996 5.79241624 0.21536822
v -6.42820274 5.78797975 0.00000000
v -6.43312996 5.79241624 -0.21536822
v -6.44782733 5.80564980 -0.42705142
v -6.47204335 5.82745401 -0.63142766
v -6.50536370 5.85745578 -0.82500000
v -6.54721825 5.89514179 -1.00445636
v -6.59689085 5.93986720 -1.16672619
v -6.65353160 5.99086676 -1.30903301
v -6.71617136 6.04726785 -1.42894192
v -6.78373834 6.10810544 -1.52440123
v -6.85507645 6.17233856 -1.59377761
v -6.92896509 6.23886819 -1.63588402
v -7.00413998 6.30655596 -1.65000000
v -7.07931487 6.37424374 -1.63588402
v -7.15320351 6.44077337 -1.59377761
v -7.22454162 6.50500649 -1.52440123
v -7.29210860 6.56584407 -1.42894192
v -7.35474836 6.62224517 -1.30903301
v -7.41138911 6.67324473 -1.16672619
v -7.46106171 6.71797014 -1.00445636
v -7.50291626 6.75565615 -0.82500000
v -7.53623661 6.78565792 -0.63142766
v -7.56045263 6.80746213 -0.42705142
v -7.57515000 6.82069569 -0.21536822
v -7.81365332 6.55643362 0.00000000
v -7.80857427 6.55217179 0.21536822
v -7.79342401 6.53945921 0.42705142
v -7.76846178 6.51851342 0.63142766
v -7.73411469 6.48969278 0.82500000
v -7.69097041 6.45349044 1.00445636
v -7.63976717 6.41052582 1.16672619
v -7.58138107 6.36153406 1.30903301
v -7.51681110 6.30735342 1.42894192
v -7.44716208 6.24891095 1.52440123
v -7.37362572 6.18720662 1.59377761
v -7.29746025 6.12329620 1.63588402
v -7.21996888 6.05827322 1.65000000
v -7.14247751 5.99325024 1.63588402
v -7.06631204 5.92933982 1.59377761
v -6.99277568 5.86763549 1.52440123
v -6.92312665 5.80919302 1.42894192
v -6.85855669 5.75501239 1.30903301
v -6.80017058 5.70602063 1.16672619
v -6.74896734 5.66305601 1.00445636
v -6.70582307 5.62685366 0.82500000
v -6.67147597 5.59803303 0.63142766
v -6.64651374 5.57708723 0.42705142
v -6.63136349 5.56437466 0.21536822
v -6.62628443 5.56011282 0.00000000
v -6.63136349 5.56437466 -0.21536822
v -6.64651374 5.57708723 -0.42705142
v -6.67147597 5.59803303 -0.63142766
v -6.70582307 5.62685366 -0.82500000
v -6.74896734 5.66305601 -1.00445636
v -6.80017058 5.70602063 -1.16672619
v -6.85855669 5.75501239 -1.30903301
v -6.92312665 5.80919302 -1.42894192
v -6.99277568 5.86763549 -1.52440123
v -7.06631204 5.92933982 -1.59377761
v -7.14247751 5.99325024 -1.63588402
v -7.21996888 6.05827322 -1.65000000
v -7.29746025 6.12329620 -1.63588402
v -7.37362572 6.18720662 -1.59377761
v -7.44716208 6.24891095 -1.52440123
v -7.51681110 6.30735342 -1.42894192
v -7.58138107 6.36153406 -1.30903301
v -7.63976717 6.41052582 -1.16672619
v -7.69097041 6.45349044 -1.00445636
v -7.73411469 6.48969278 -0.82500000
v -7.76846178 6.51851342 -0.63142766
v -7.79342401 6.53945921 -0.42705142
v -7.80857427 6.55217179 -0.21536822
v -8.03770969 6.27974705 0.00000000
v -8.03248499 6.27566507 0.21536822
v -8.01690030 6.26348898 0.42705142
v -7.99122228 6.24342711 0.63142766
v -7.95589028 6.21582273 0.82500000
v -7.91150885 6.18114815 1.00445636
v -7.85883736 6.13999667 1.16672619
v -7.79877703 6.09307240 1.30903301
v -7.73235552 6.04117823 1.42894192
v -7.66070931 5.98520208 1.52440123
v -7.58506430 5.92610171 1.59377761
v -7.50671479 5.86488836 1.63588402
v -7.42700135 5.80260940 1.65000000
v -7.34728792 5.74033045 1.63588402
v -7.26893840 5.67911710 1.59377761
v -7.19329339 5.62001673 1.52440123
v -7.12164719 5.56404058 1.42894192
v -7.05522567 5.51214641 1.30903301
v -6.99516535 5.46522214 1.16672619
v -6.94249386 5.42407066 1.00445636
v -6.89811242 5.38939608 0.82500000
v -6.86278042 5.36179170 0.63142766
v -6.83710240 5.34172983 0.42705142
v -6.82151771 5.32955374 0.21536822
v -6.81629302 5.32547176 0.00000000
v -6.82151771 5.32955374 -0.21536822
v -6.83710240 5.34172983 -0.42705142
v -6.86278042 5.36179170 -0.63142766
v -6.89811242 5.38939608 -0.82500000
v -6.94249386 5.42407066 -1.00445636
v -6.99516535 5.46522214 -1.16672619
v -7.05522567 5.51214641 -1.30903301
v -7.12164719 5.56404058 -1.42894192
v -7.19329339 5.62001673 -1.52440123
v -7.26893840 5.67911710 -1.59377761
v -7.34728792 5.74033045 -1.63588402
v -7.42700135 5.80260940 -1.65000000
v -7.50671479 5.86488836 -1.63588402
v -7.58506430 5.92610171 -1.59377761
v -7.66070931 5.98520208 -1.52440123
v -7.73235552 6.04117823 -1.42894192
v -7.79877703 6.09307240 -1.30903301
v -7.85883736 6.13999667 -1.16672619
v -7.91150885 6.18114815 -1.00445636
v -7.95589028 6.21582273 -0.82500000
v -7.99122228 6.24342711 -0.63142766
v -8.01690030 6.26348898 -0.42705142
v -8.03248499 6.27566507 -0.21536822
v -8.25197334 5.99540957 0.00000000
v -8.24660937 5.99151242 0.21536822
v -8.23060924 5.97988764 0.42705142
v -8.20424671 5.96073415 0.63142766
v -8.16797286 5.93437965 0.82500000
v -8.12240833 5.90127508 1.00445636
v -8.06833276 5.86198688 1.16672619
v -8.00667139 5.81718727 1.30903301
v -7.93847926 5.76764279 1.42894192
v -7.86492316 5.71420115 1.52440123
v -7.78726165 5.65777677 1.59377761
v -7.70682355 5.59933507 1.63588402
v -7.62498517 5.53987600 1.65000000
v -7.54314679 5.48041694 1.63588402
v -7.46270869 5.42197524 1.59377761
v -7.38504719 5.36555085 1.52440123
v -7.31149109 5.31210922 1.42894192
v -7.24329896 5.26256474 1.30903301
v -7.18163758 5.21776513 1.16672619
v -7.12756201 5.17847692 1.00445636
v -7.08199749 5.14537236 0.82500000
v -7.04572363 5.11901786 0.63142766
v -7.01936111 5.09986436 0.42705142
v -7.00336097 5.08823959 0.21536822
v -6.99799700 5.08434243 0.00000000
v -7.00336097 5.08823959 -0.21536822
v -7.01936111 5.09986436 -0.42705142
v -7.04572363 5.11901786 -0.63142766
v -7.08199749 5.14537236 -0.82500000
v -7.12756201 5.17847692 -1.00445636
v -7.18163758 5.21776513 -1.16672619
v -7.24329896 5.26256474 -1.30903301
v -7.31149109 5.31210922 -1.42894192
v -7.38504719 5.36555085 -1.52440123
v -7.46270869 5.42197524 -1.59377761
v -7.54314679 5.48041694 -1.63588402
v -7.62498517 5.53987600 -1.65000000
v -7.70682355 5.59933507 -1.63588402
v -7.78726165 5.65777677 -1.59377761
v -7.86492316 5.71420115 -1.52440123
v -7.93847926 5.76764279 -1.42894192
v -8.00667139 5.81718727 -1.30903301
v -8.06833276 5.86198688 -1.16672619
v -8.12240833 5.90127508 -1.00445636
v -8.16797286 5.93437965 -0.82500000
v -8.20424671 5.96073415 -0.63142766
v -8.23060924 5.97988764 -0.42705142
v -8.24660937 5.99151242 -0.21536822
v -8.45618324 5.70376762 0.00000000
v -8.45068653 5.70006004 0.21536822
v -8.43429044 5.68900074 0.42705142
v -8.40727553 5.67077895 0.63142766
v -8.37010401 5.64570644 0.82500000
v -8.32341191 5.61421222 1.00445636
v -8.26799814 5.57683516 1.16672619
v -8.20481085 5.53421480 1.30903301
v -8.13493118 5.48708037 1.42894192
v -8.05955480 5.43623836 1.52440123
v -7.97997142 5.38255869 1.59377761
v -7.89754274 5.32695984 1.63588402
v -7.81367912 5.27039312 1.65000000
v -7.72981551 5.21382639 1.63588402
v -7.64738682 5.15822754 1.59377761
v -7.56780344 5.10454787 1.52440123
v -7.49242706 5.05370587 1.42894192
v -7.42254740 5.00657144 1.30903301
v -7.35936010 4.96395107 1.16672619
v -7.30394633 4.92657401 1.00445636
v -7.25725423 4.89507979 0.82500000
v -7.22008272 4.87000728 0.63142766
v -7.19306780 4.85178549 0.42705142
v -7.17667171 4.84072619 0.21536822
v -7.17117500 4.83701862 0.00000000
v -7.17667171 4.84072619 -0.21536822
v -7.19306780 4.85178549 -0.42705142
v -7.22008272 4.87000728 -0.63142766
v -7.25725423 4.89507979 -0.82500000
v -7.30394633 4.92657401 -1.00445636
v -7.35936010 4.96395107 -1.16672619
v -7.42254740 5.00657144 -1.30903301
v -7.49242706 5.05370587 -1.42894192
v -7.56780344 5.10454787 -1.52440123
v -7.64738682 5.15822754 -1.59377761
v -7.72981551 5.21382639 -1.63588402
v -7.81367912 5.27039312 -1.65000000
v -7.89754274 5.32695984 -1.63588402
v -7.97997142 5.38255869 -1.59377761
v -8.05955480 5.43623836 -1.52440123
v -8.13493118 5.48708037 -1.42894192
v -8.20481085 5.53421480 -1.30903301
v -8.26799814 5.57683516 -1.16672619
v -8.32341191 5.61421222 -1.00445636
v -8.37010401 5.64570644 -0.82500000
v -8.40727553 5.67077895 -0.63142766
v -8.43429044 5.68900074 -0.42705142
v -8.45068653 5.70006004 -0.21536822
v -8.65009058 5.40517650 0.00000000
v -8.64446782 5.40166301 0.21536822
v -8.62769576 5.39118266 0.42705142
v -8.60006137 5.37391478 0.63142766
v -8.56203748 5.35015481 0.82500000
v -8.51427469 5.32030931 1.00445636
v -8.45759024 5.28488893 1.16672619
v -8.39295401 5.24449973 1.30903301
v -8.32147194 5.19983278 1.42894192
v -8.24436712 5.15165234 1.52440123
v -8.16295883 5.10078279 1.59377761
v -8.07863999 5.04809453 1.63588402
v -7.99285331 4.99448907 1.65000000
v -7.90706663 4.94088360 1.63588402
v -7.82274778 4.88819534 1.59377761
v -7.74133949 4.83732579 1.52440123
v -7.66423467 4.78914535 1.42894192
v -7.59275260 4.74447840 1.30903301
v -7.52811637 4.70408920 1.16672619
v -7.47143192 4.66866882 1.00445636
v -7.42366913 4.63882332 0.82500000
v -7.38564524 4.61506335 0.63142766
v -7.35801085 4.59779547 0.42705142
v -7.34123879 4.58731512 0.21536822
v -7.33561603 4.58380164 0.00000000
v -7.34123879 4.58731512 -0.21536822
v -7.35801085 4.59779547 -0.42705142
v -7.38564524 4.61506335 -0.63142766
v -7.42366913 4.63882332 -0.82500000
v -7.47143192 4.66866882 -1.00445636
v -7.52811637 4.70408920 -1.16672619
v -7.59275260 4.74447840 -1.30903301
v -7.66423467 4.78914535 -1.42894192
v -7.74133949 4.83732579 -1.52440123
v -7.82274778 4.88819534 -1.59377761
v -7.90706663 4.94088360 -1.63588402
v -7.99285331 4.99448907 -1.65000000
v -8.07863999 5.04809453 -1.63588402
v -8.16295883 5.10078279 -1.59377761
v -8.24436712 5.15165234 -1.52440123
v -8.32147194 5.19983278 -1.42894192
v -8.39295401 5.24449973 -1.30903301
v -8.45759024 5.28488893 -1.16672619
v -8.51427469 5.32030931 -1.00445636
v -8.56203748 5.35015481 -0.82500000
v -8.60006137 5.37391478 -0.63142766
v -8.62769576 5.39118266 -0.42705142
v -8.64446782 5.40166301 -0.21536822
v -8.83345912 5.10000000 0.00000000
v -8.82771717 5.09668488 0.21536822
v -8.81058957 5.08679626 0.42705142
v -8.78236937 5.07050332 0.63142766
v -8.74353943 5.04808484 0.82500000
v -8.69476414 5.01992442 1.00445636
v -8.63687807 4.98650388 1.16672619
v -8.57087165 4.94839505 1.30903301
v -8.49787427 4.90625000 1.42894192
v -8.41913495 4.86078983 1.52440123
v -8.33600093 4.81279238 1.59377761
v -8.24989465 4.76307890 1.63588402
v -8.16228943 4.71250000 1.65000000
v -8.07468421 4.66192110 1.63588402
v -7.98857793 4.61220762 1.59377761
v -7.90544391 4.56421017 1.52440123
v -7.82670459 4.51875000 1.42894192
v -7.75370721 4.47660495 1.30903301
v -7.68770079 4.43849612 1.16672619
v -7.62981472 4.40507558 1.00445636
v -7.58103943 4.37691516 0.82500000
v -7.54220949 4.35449668 0.63142766
v -7.51398930 4.33820374 0.42705142
v -7.49686169 4.32831512 0.21536822
v -7.49111974 4.32500000 0.00000000
v -7.49686169 4.32831512 -0.21536822
v -7.51398930 4.33820374 -0.42705142
v -7.54220949 4.35449668 -0.63142766
v -7.58103943 4.37691516 -0.82500000
v -7.62981472 4.40507558 -1.00445636
v -7.68770079 4.43849612 -1.16672619
v -7.75370721 4.47660495 -1.30903301
v -7.82670459 4.51875000 -1.42894192
v -7.90544391 4.56421017 -1.52440123
v -7.98857793 4.61220762 -1.59377761
v -8.07468421 4.66192110 -1.63588402
v -8.16228943 4.71250000 -1.65000000
v -8.24989465 4.76307890 -1.63588402
v -8.33600093 4.81279238 -1.59377761
v -8.41913495 4.86078983 -1.52440123
v -8.49787427 4.90625000 -1.42894192
v -8.57087165 4.94839505 -1.30903301
v -8.63687807 4.98650388 -1.16672619
v -8.69476414 5.01992442 -1.00445636
v -8.74353943 5.04808484 -0.82500000
v -8.78236937 5.07050332 -0.63142766
v -8.81058957 5.08679626 -0.42705142
v -8.82771717 5.09668488 -0.21536822
v -9.00606545 4.78860994 0.00000000
v -9.00021130 4.78549723 0.21536822
v -8.98274902 4.77621238 0.42705142
v -8.95397740 4.76091423 0.63142766
v -8.91438872 4.73986456 0.82500000
v -8.86466036 4.71342352 1.00445636
v -8.80564319 4.68204354 1.16672619
v -8.73834700 4.64626152 1.30903301
v -8.66392325 4.60668971 1.42894192
v -8.58364536 4.56400520 1.52440123
v -8.49888689 4.51893832 1.59377761
v -8.41109810 4.47226019 1.63588402
v -8.32178106 4.42476948 1.65000000
v -8.23246403 4.37727877 1.63588402
v -8.14467523 4.33060064 1.59377761
v -8.05991677 4.28553376 1.52440123
v -7.97963887 4.24284925 1.42894192
v -7.90521512 4.20327744 1.30903301
v -7.83791893 4.16749542 1.16672619
v -7.77890176 4.13611543 1.00445636
v -7.72917340 4.10967440 0.82500000
v -7.68958473 4.08862472 0.63142766
v -7.66081310 4.07332658 0.42705142
v -7.64335083 4.06404172 0.21536822
v -7.63749668 4.06092902 0.00000000
v -7.64335083 4.06404172 -0.21536822
v -7.66081310 4.07332658 -0.42705142
v -7.68958473 4.08862472 -0.63142766
v -7.72917340 4.10967440 -0.82500000
v -7.77890176 4.13611543 -1.00445636
v -7.83791893 4.16749542 -1.16672619
v -7.90521512 4.20327744 -1.30903301
v -7.97963887 4.24284925 -1.42894192
v -8.05991677 4.28553376 -1.52440123
v -8.14467523 4.33060064 -1.59377761
v -8.23246403 4.37727877 -1.63588402
v -8.32178106 4.42476948 -1.65000000
v -8.41109810 4.47226019 -1.63588402
v -8.49888689 4.51893832 -1.59377761
v -8.58364536 4.56400520 -1.52440123
v -8.66392325 4.60668971 -1.42894192
v -8.73834700 4.64626152 -1.30903301
v -8.80564319 4.68204354 -1.16672619
v -8.86466036 4.71342352 -1.00445636
v -8.91438872 4.73986456 -0.82500000
v -8.95397740 4.76091423 -0.63142766
v -8.98274902 4.77621238 -0.42705142
v -9.00021130 4.78549723 -0.21536822
v -9.16769927 4.47138570 0.00000000
v -9.16174006 4.46847919 0.21536822
v -9.14396438 4.45980942 0.42705142
v -9.11467639 4.44552471 0.63142766
v -9.07437721 4.42586948 0.82500000
v -9.02375636 4.40118005 1.00445636
v -8.96367999 4.37187885 1.16672619
v -8.89517603 4.33846723 1.30903301
v -8.81941658 4.30151688 1.42894192
v -8.73769792 4.26166002 1.52440123
v -8.65141827 4.21957863 1.59377761
v -8.56205391 4.17599272 1.63588402
v -8.47113389 4.13164806 1.65000000
v -8.38021386 4.08730340 1.63588402
v -8.29084950 4.04371749 1.59377761
v -8.20456985 4.00163609 1.52440123
v -8.12285119 3.96177924 1.42894192
v -8.04709175 3.92482889 1.30903301
v -7.97858778 3.89141727 1.16672619
v -7.91851141 3.86211607 1.00445636
v -7.86789057 3.83742663 0.82500000
v -7.82759138 3.81777141 0.63142766
v -7.79830339 3.80348670 0.42705142
v -7.78052771 3.79481692 0.21536822
v -7.77456850 3.79191042 0.00000000
v -7.78052771 3.79481692 -0.21536822
v -7.79830339 3.80348670 -0.42705142
v -7.82759138 3.81777141 -0.63142766
v -7.86789057 3.83742663 -0.82500000
v -7.91851141 3.86211607 -1.00445636
v -7.97858778 3.89141727 -1.16672619
v -8.04709175 3.92482889 -1.30903301
v -8.12285119 3.96177924 -1.42894192
v -8.20456985 4.00163609 -1.52440123
v -8.29084950 4.04371749 -1.59377761
v -8.38021386 4.08730340 -1.63588402
v -8.47113389 4.13164806 -1.65000000
v -8.56205391 4.17599272 -1.63588402
v -8.65141827 4.21957863 -1.59377761
v -8.73769792 4.26166002 -1.52440123
v -8.81941658 4.30151688 -1.42894192
v -8.89517603 4.33846723 -1.30903301
v -8.96367999 4.37187885 -1.16672619
v -9.02375636 4.40118005 -1.00445636
v -9.07437721 4.42586948 -0.82500000
v -9.11467639 4.44552471 -0.63142766
v -9.14396438 4.45980942 -0.42705142
v -9.16174006 4.46847919 -0.21536822
v -9.31816367 4.14871376 0.00000000
v -9.31210665 4.14601700 0.21536822
v -9.29403923 4.13797287 0.42705142
v -9.26427055 4.12471900 0.63142766
v -9.22330996 4.10648217 0.82500000
v -9.17185830 4.08357441 1.00445636
v -9.11079593 4.05638770 1.16672619
v -9.04116765 4.02538719 1.30903301
v -8.96416480 3.99110331 1.42894192
v -8.88110494 3.95412268 1.52440123
v -8.79340923 3.91507803 1.59377761
v -8.70257819 3.87463744 1.63588402
v -8.61016594 3.83349286 1.65000000
v -8.51775369 3.79234828 1.63588402
v -8.42692264 3.75190769 1.59377761
v -8.33922694 3.71286305 1.52440123
v -8.25616707 3.67588241 1.42894192
v -8.17916423 3.64159854 1.30903301
v -8.10953594 3.61059803 1.16672619
v -8.04847357 3.58341131 1.00445636
v -7.99702192 3.56050356 0.82500000
v -7.95606133 3.54226672 0.63142766
v -7.92629265 3.52901285 0.42705142
v -7.90822523 3.52096872 0.21536822
v -7.90216821 3.51827196 0.00000000
v -7.90822523 3.52096872 -0.21536822
v -7.92629265 3.52901285 -0.42705142
v -7.95606133 3.54226672 -0.63142766
v -7.99702192 3.56050356 -0.82500000
v -8.04847357 3.58341131 -1.00445636
v -8.10953594 3.61059803 -1.16672619
v -8.17916423 3.64159854 -1.30903301
v -8.25616707 3.67588241 -1.42894192
v -8.33922694 3.71286305 -1.52440123
v -8.42692264 3.75190769 -1.59377761
v -8.51775369 3.79234828 -1.63588402
v -8.61016594 3.83349286 -1.65000000
v -8.70257819 3.87463744 -1.63588402
v -8.79340923 3.91507803 -1.59377761
v -8.88110494 3.95412268 -1.52440123
v -8.96416480 3.99110331 -1.42894192
v -9.04116765 4.02538719 -1.30903301
v -9.11079593 4.05638770 -1.16672619
v -9.17185830 4.08357441 -1.00445636
v -9.22330996 4.10648217 -0.82500000
v -9.26427055 4.12471900 -0.63142766
v -9.29403923 4.13797287 -0.42705142
v -9.31210665 4.14601700 -0.21536822
v -9.45727532 3.82098725 0.00000000
v -9.45112787 3.81850352 0.21536822
v -9.43279072 3.81109483 0.42705142
v -9.40257762 3.79888795 0.63142766
v -9.36100553 3.78209173 0.82500000
v -9.30878575 3.76099357 1.00445636
v -9.24681177 3.73595446 1.16672619
v -9.17614400 3.70740283 1.30903301
v -9.09799157 3.67582720 1.42894192
v -9.01369170 3.64176784 1.52440123
v -8.92468678 3.60580752 1.59377761
v -8.83249971 3.56856152 1.63588402
v -8.73870783 3.53066714 1.65000000
v -8.64491595 3.49277276 1.63588402
v -8.55272888 3.45552677 1.59377761
v -8.46372396 3.41956645 1.52440123
v -8.37942409 3.38550709 1.42894192
v -8.30127166 3.35393146 1.30903301
v -8.23060389 3.32537982 1.16672619
v -8.16862991 3.30034071 1.00445636
v -8.11641013 3.27924255 0.82500000
v -8.07483804 3.26244634 0.63142766
v -8.04462494 3.25023945 0.42705142
v -8.02628779 3.24283076 0.21536822
v -8.02014034 3.24034703 0.00000000
v -8.02628779 3.24283076 -0.21536822
v -8.04462494 3.25023945 -0.42705142
v -8.07483804 3.26244634 -0.63142766
v -8.11641013 3.27924255 -0.82500000
v -8.16862991 3.30034071 -1.00445636
v -8.23060389 3.32537982 -1.16672619
v -8.30127166 3.35393146 -1.30903301
v -8.37942409 3.38550709 -1.42894192
v -8.46372396 3.41956645 -1.52440123
v -8.55272888 3.45552677 -1.59377761
v -8.64491595 3.49277276 -1.63588402
v -8.73870783 3.53066714 -1.65000000
v -8.83249971 3.56856152 -1.63588402
v -8.92468678 3.60580752 -1.59377761
v -9.01369170 3.64176784 -1.52440123
v -9.09799157 3.67582720 -1.42894192
v -9.17614400 3.70740283 -1.30903301
v -9.24681177 3.73595446 -1.16672619
v -9.30878575 3.76099357 -1.00445636
v -9.36100553 3.78209173 -0.82500000
v -9.40257762 3.79888795 -0.63142766
v -9.43279072 3.81109483 -0.42705142
v -9.45112787 3.81850352 -0.21536822
v -9.58486473 3.48860546 0.00000000
v -9.57863435 3.48633779 0.21536822
v -9.56004981 3.47957357 0.42705142
v -9.52942910 3.46842854 0.63142766
v -9.48729615 3.45309340 0.82500000
v -9.43437187 3.43383054 1.00445636
v -9.37156179 3.41096954 1.16672619
v -9.29994063 3.38490157 1.30903301
v -9.22073384 3.35607266 1.42894192
v -9.13529667 3.32497607 1.52440123
v -9.04509097 3.29214388 1.59377761
v -8.95166019 3.25813786 1.63588402
v -8.85660295 3.22353985 1.65000000
v -8.76154571 3.18894185 1.63588402
v -8.66811493 3.15493582 1.59377761
v -8.57790923 3.12210363 1.52440123
v -8.49247206 3.09100705 1.42894192
v -8.41326527 3.06217813 1.30903301
v -8.34164411 3.03611016 1.16672619
v -8.27883403 3.01324916 1.00445636
v -8.22590975 2.99398630 0.82500000
v -8.18377680 2.97865116 0.63142766
v -8.15315609 2.96750613 0.42705142
v -8.13457155 2.96074191 0.21536822
v -8.12834117 2.95847424 0.00000000
v -8.13457155 2.96074191 -0.21536822
v -8.15315609 2.96750613 -0.42705142
v -8.18377680 2.97865116 -0.63142766
v -8.22590975 2.99398630 -0.82500000
v -8.27883403 3.01324916 -1.00445636
v -8.34164411 3.03611016 -1.16672619
v -8.41326527 3.06217813 -1.30903301
v -8.49247206 3.09100705 -1.42894192
v -8.57790923 3.12210363 -1.52440123
v -8.66811493 3.15493582 -1.59377761
v -8.76154571 3.18894185 -1.63588402
v -8.85660295 3.22353985 -1.65000000
v -8.95166019 3.25813786 -1.63588402
v -9.04509097 3.29214388 -1.59377761
v -9.13529667 3.32497607 -1.52440123
v -9.22073384 3.35607266 -1.42894192
v -9.29994063 3.38490157 -1.30903301
v -9.37156179 3.41096954 -1.16672619
v -9.43437187 3.43383054 -1.00445636
v -9.48729615 3.45309340 -0.82500000
v -9.52942910 3.46842854 -0.63142766
v -9.56004981 3.47957357 -0.42705142
v -9.57863435 3.48633779 -0.21536822
v -9.70077647 3.15197334 0.00000000
v -9.69447074 3.14992449 0.21536822
v -9.67566146 3.14381298 0.42705142
v -9.64467044 3.13374339 0.63142766
v -9.60202797 3.11988801 0.82500000
v -9.54846366 3.10248391 1.00445636
v -9.48489401 3.08182888 1.16672619
v -9.41240672 3.05827633 1.30903301
v -9.33224207 3.03222926 1.42894192
v -9.24577168 3.00413333 1.52440123
v -9.15447511 2.97446927 1.59377761
v -9.05991445 2.94374465 1.63588402
v -8.96370767 2.91248517 1.65000000
v -8.86750088 2.88122569 1.63588402
v -8.77294022 2.85050107 1.59377761
v -8.68164365 2.82083702 1.52440123
v -8.59517327 2.79274109 1.42894192
v -8.51500861 2.76669401 1.30903301
v -8.44252132 2.74314146 1.16672619
v -8.37895167 2.72248643 1.00445636
v -8.32538736 2.70508233 0.82500000
v -8.28274489 2.69122695 0.63142766
v -8.25175388 2.68115736 0.42705142
v -8.23294459 2.67504586 0.21536822
v -8.22663887 2.67299700 0.00000000
v -8.23294459 2.67504586 -0.21536822
v -8.25175388 2.68115736 -0.42705142
v -8.28274489 2.69122695 -0.63142766
v -8.32538736 2.70508233 -0.82500000
v -8.37895167 2.72248643 -1.00445636
v -8.44252132 2.74314146 -1.16672619
v -8.51500861 2.76669401 -1.30903301
v -8.59517327 2.79274109 -1.42894192
v -8.68164365 2.82083702 -1.52440123
v -8.77294022 2.85050107 -1.59377761
v -8.86750088 2.88122569 -1.63588402
v -8.96370767 2.91248517 -1.65000000
v -9.05991445 2.94374465 -1.63588402
v -9.15447511 2.97446927 -1.59377761
v -9.24577168 3.00413333 -1.52440123
v -9.33224207 3.03222926 -1.42894192
v -9.41240672 3.05827633 -1.30903301
v -9.48489401 3.08182888 -1.16672619
v -9.54846366 3.10248391 -1.00445636
v -9.60202797 3.11988801 -0.82500000
v -9.64467044 3.13374339 -0.63142766
v -9.67566146 3.14381298 -0.42705142
v -9.69447074 3.14992449 -0.21536822
v -9.80486930 2.81150103 0.00000000
v -9.79849591 2.80967349 0.21536822
v -9.77948480 2.80422214 0.42705142
v -9.74816124 2.79524025 0.63142766
v -9.70506120 2.78288152 0.82500000
v -9.65092212 2.76735739 1.00445636
v -9.58667035 2.74893349 1.16672619
v -9.51340524 2.72792506 1.30903301
v -9.43238039 2.70469155 1.42894192
v -9.34498215 2.67963051 1.52440123
v -9.25270593 2.65317073 1.59377761
v -9.15713060 2.62576495 1.63588402
v -9.05989148 2.59788208 1.65000000
v -8.96265237 2.56999921 1.63588402
v -8.86707704 2.54259343 1.59377761
v -8.77480082 2.51613365 1.52440123
v -8.68740258 2.49107260 1.42894192
v -8.60637773 2.46783910 1.30903301
v -8.53311262 2.44683067 1.16672619
v -8.46886085 2.42840677 1.00445636
v -8.41472177 2.41288264 0.82500000
v -8.37162173 2.40052390 0.63142766
v -8.34029817 2.39154202 0.42705142
v -8.32128706 2.38609067 0.21536822
v -8.31491367 2.38426313 0.00000000
v -8.32128706 2.38609067 -0.21536822
v -8.34029817 2.39154202 -0.42705142
v -8.37162173 2.40052390 -0.63142766
v -8.41472177 2.41288264 -0.82500000
v -8.46886085 2.42840677 -1.00445636
v -8.53311262 2.44683067 -1.16672619
v -8.60637773 2.46783910 -1.30903301
v -8.68740258 2.49107260 -1.42894192
v -8.77480082 2.51613365 -1.52440123
v -8.86707704 2.54259343 -1.59377761
v -8.96265237 2.56999921 -1.63588402
v -9.05989148 2.59788208 -1.65000000
v -9.15713060 2.62576495 -1.63588402
v -9.25270593 2.65317073 -1.59377761
v -9.34498215 2.67963051 -1.52440123
v -9.43238039 2.70469155 -1.42894192
v -9.51340524 2.72792506 -1.30903301
v -9.58667035 2.74893349 -1.16672619
v -9.65092212 2.76735739 -1.00445636
v -9.70506120 2.78288152 -0.82500000
v -9.74816124 2.79524025 -0.63142766
v -9.77948480 2.80422214 -0.42705142
v -9.79849591 2.80967349 -0.21536822
v -9.89701641 2.46760334 0.00000000
v -9.89058312 2.46599934 0.21536822
v -9.87139334 2.46121479 0.42705142
v -9.83977540 2.45333155 0.63142766
v -9.79627030 2.44248451 0.82500000
v -9.74162242 2.42885926 1.00445636
v -9.67676680 2.41268894 1.16672619
v -9.60281315 2.39425022 1.30903301
v -9.52102681 2.37385860 1.42894192
v -9.43280720 2.35186298 1.52440123
v -9.33966376 2.32863971 1.59377761
v -9.24319020 2.30458615 1.63588402
v -9.14503722 2.28011387 1.65000000
v -9.04688424 2.25564158 1.63588402
v -8.95041068 2.23158802 1.59377761
v -8.85726724 2.20836475 1.52440123
v -8.76904763 2.18636913 1.42894192
v -8.68726130 2.16597751 1.30903301
v -8.61330764 2.14753879 1.16672619
v -8.54845202 2.13136847 1.00445636
v -8.49380414 2.11774322 0.82500000
v -8.45029904 2.10689618 0.63142766
v -8.41868110 2.09901295 0.42705142
v -8.39949132 2.09422840 0.21536822
v -8.39305803 2.09262440 0.00000000
v -8.39949132 2.09422840 -0.21536822
v -8.41868110 2.09901295 -0.42705142
v -8.45029904 2.10689618 -0.63142766
v -8.49380414 2.11774322 -0.82500000
v -8.54845202 2.13136847 -1.00445636
v -8.61330764 2.14753879 -1.16672619
v -8.68726130 2.16597751 -1.30903301
v -8.76904763 2.18636913 -1.42894192
v -8.85726724 2.20836475 -1.52440123
v -8.95041068 2.23158802 -1.59377761
v -9.04688424 2.25564158 -1.63588402
v -9.14503722 2.28011387 -1.65000000
v -9.24319020 2.30458615 -1.63588402
v -9.33966376 2.32863971 -1.59377761
v -9.43280720 2.35186298 -1.52440123
v -9.52102681 2.37385860 -1.42894192
v -9.60281315 2.39425022 -1.30903301
v -9.67676680 2.41268894 -1.16672619
v -9.74162242 2.42885926 -1.00445636
v -9.79627030 2.44248451 -0.82500000
v -9.83977540 2.45333155 -0.63142766
v -9.87139334 2.46121479 -0.42705142
v -9.89058312 2.46599934 -0.21536822
v -9.97710553 2.12069925 0.00000000
v -9.97062018 2.11932074 0.21536822
v -9.95127511 2.11520882 0.42705142
v -9.91940131 2.10843384 0.63142766
v -9.87554416 2.09911171 0.82500000
v -9.82045405 2.08740195 1.00445636
v -9.75507361 2.07350490 1.16672619
v -9.68052150 2.05765836 1.30903301
v -9.59807333 2.04013347 1.42894192
v -9.50913982 2.02123006 1.52440123
v -9.41524264 2.00127160 1.59377761
v -9.31798840 1.98059957 1.63588402
v -9.21904114 1.95956769 1.65000000
v -9.12009388 1.93853580 1.63588402
v -9.02283964 1.91786377 1.59377761
v -8.92894245 1.89790531 1.52440123
v -8.84000894 1.87900191 1.42894192
v -8.75756078 1.86147701 1.30903301
v -8.68300867 1.84563047 1.16672619
v -8.61762822 1.83173342 1.00445636
v -8.56253812 1.82002366 0.82500000
v -8.51868096 1.81070154 0.63142766
v -8.48680716 1.80392655 0.42705142
v -8.46746209 1.79981463 0.21536822
v -8.46097675 1.79843613 0.00000000
v -8.46746209 1.79981463 -0.21536822
v -8.48680716 1.80392655 -0.42705142
v -8.51868096 1.81070154 -0.63142766
v -8.56253812 1.82002366 -0.82500000
v -8.61762822 1.83173342 -1.00445636
v -8.68300867 1.84563047 -1.16672619
v -8.75756078 1.86147701 -1.30903301
v -8.84000894 1.87900191 -1.42894192
v -8.92894245 1.89790531 -1.52440123
v -9.02283964 1.91786377 -1.59377761
v -9.12009388 1.93853580 -1.63588402
v -9.21904114 1.95956769 -1.65000000
v -9.31798840 1.98059957 -1.63588402
v -9.41524264 2.00127160 -1.59377761
v -9.50913982 2.02123006 -1.52440123
v -9.59807333 2.04013347 -1.42894192
v -9.68052150 2.05765836 -1.30903301
v -9.75507361 2.07350490 -1.16672619
v -9.82045405 2.08740195 -1.00445636
v -9.87554416 2.09911171 -0.82500000
v -9.91940131 2.10843384 -0.63142766
v -9.95127511 2.11520882 -0.42705142
v -9.97062018 2.11932074 -0.21536822
v -10.04503908 1.77121141 0.00000000
v -10.03850958 1.77006008 0.21536822
v -10.01903279 1.76662580 0.42705142
v -9.98694196 1.76096732 0.63142766
v -9.94278618 1.75318147 0.82500000
v -9.88732098 1.74340145 1.00445636
v -9.82149536 1.73179462 1.16672619
v -9.74643563 1.71855957 1.30903301
v -9.66342608 1.70392274 1.42894192
v -9.57388702 1.68813459 1.52440123
v -9.47935050 1.67146525 1.59377761
v -9.38143406 1.65419994 1.63588402
v -9.28181307 1.63663407 1.65000000
v -9.18219209 1.61906821 1.63588402
v -9.08427565 1.60180290 1.59377761
v -8.98973912 1.58513356 1.52440123
v -8.90020007 1.56934541 1.42894192
v -8.81719052 1.55470858 1.30903301
v -8.74213079 1.54147353 1.16672619
v -8.67630517 1.52986669 1.00445636
v -8.62083996 1.52008668 0.82500000
v -8.57668418 1.51230083 0.63142766
v -8.54459336 1.50664235 0.42705142
v -8.52511657 1.50320806 0.21536822
v -8.51858706 1.50205674 0.00000000
v -8.52511657 1.50320806 -0.21536822
v -8.54459336 1.50664235 -0.42705142
v -8.57668418 1.51230083 -0.63142766
v -8.62083996 1.52008668 -0.82500000
v -8.67630517 1.52986669 -1.00445636
v -8.74213079 1.54147353 -1.16672619
v -8.81719052 1.55470858 -1.30903301
v -8.90020007 1.56934541 -1.42894192
v -8.98973912 1.58513356 -1.52440123
v -9.08427565 1.60180290 -1.59377761
v -9.18219209 1.61906821 -1.63588402
v -9.28181307 1.63663407 -1.65000000
v -9.38143406 1.65419994 -1.63588402
v -9.47935050 1.67146525 -1.59377761
v -9.57388702 1.68813459 -1.52440123
v -9.66342608 1.70392274 -1.42894192
v -9.74643563 1.71855957 -1.30903301
v -9.82149536 1.73179462 -1.16672619
v -9.88732098 1.74340145 -1.00445636
v -9.94278618 1.75318147 -0.82500000
v -9.98694196 1.76096732 -0.63142766
v -10.01903279 1.76662580 -0.42705142
v -10.03850958 1.77006008 -0.21536822
v -10.10073430 1.41956563 0.00000000
v -10.09416859 1.41864288 0.21536822
v -10.07458381 1.41589042 0.42705142
v -10.04231506 1.41135534 0.63142766
v -9.99791446 1.40511524 0.82500000
v -9.94214172 1.39727690 1.00445636
v -9.87595113 1.38797442 1.16672619
v -9.80047523 1.37736697 1.30903301
v -9.71700542 1.36563605 1.42894192
v -9.62696992 1.35298239 1.52440123
v -9.53190923 1.33962248 1.59377761
v -9.43344989 1.32578492 1.63588402
v -9.33327655 1.31170648 1.65000000
v -9.23310321 1.29762803 1.63588402
v -9.13464387 1.28379047 1.59377761
v -9.03958318 1.27043057 1.52440123
v -8.94954767 1.25777690 1.42894192
v -8.86607787 1.24604598 1.30903301
v -8.79060197 1.23543854 1.16672619
v -8.72441138 1.22613606 1.00445636
v -8.66863864 1.21829771 0.82500000
v -8.62423804 1.21205761 0.63142766
v -8.59196928 1.20752253 0.42705142
v -8.57238450 1.20477007 0.21536822
v -8.56581879 1.20384732 0.00000000
v -8.57238450 1.20477007 -0.21536822
v -8.59196928 1.20752253 -0.42705142
v -8.62423804 1.21205761 -0.63142766
v -8.66863864 1.21829771 -0.82500000
v -8.72441138 1.22613606 -1.00445636
v -8.79060197 1.23543854 -1.16672619
v -8.86607787 1.24604598 -1.30903301
v -8.94954767 1.25777690 -1.42894192
v -9.03958318 1.27043057 -1.52440123
v -9.13464387 1.28379047 -1.59377761
v -9.23310321 1.29762803 -1.63588402
v -9.33327655 1.31170648 -1.65000000
v -9.43344989 1.32578492 -1.63588402
v -9.53190923 1.33962248 -1.59377761
v -9.62696992 1.35298239 -1.52440123
v -9.71700542 1.36563605 -1.42894192
v -9.80047523 1.37736697 -1.30903301
v -9.87595113 1.38797442 -1.16672619
v -9.94214172 1.39727690 -1.00445636
v -9.99791446 1.40511524 -0.82500000
v -10.04231506 1.41135534 -0.63142766
v -10.07458381 1.41589042 -0.42705142
v -10.09416859 1.41864288 -0.21536822
v -10.14412333 1.06619033 0.00000000
v -10.13752942 1.06549728 0.21536822
v -10.11786051 1.06342999 0.42705142
v -10.08545314 1.06002384 0.63142766
v -10.04086181 1.05533710 0.82500000
v -9.98484950 1.04944997 1.00445636
v -9.91837458 1.04246317 1.16672619
v -9.84257446 1.03449626 1.30903301
v -9.75874610 1.02568555 1.42894192
v -9.66832383 1.01618178 1.52440123
v -9.57285480 1.00614758 1.59377761
v -9.47397251 0.99575464 1.63588402
v -9.37336886 0.98518077 1.65000000
v -9.27276522 0.97460690 1.63588402
v -9.17388293 0.96421395 1.59377761
v -9.07841390 0.95417975 1.52440123
v -8.98799163 0.94467599 1.42894192
v -8.90416327 0.93586527 1.30903301
v -8.82836315 0.92789836 1.16672619
v -8.76188823 0.92091156 1.00445636
v -8.70587591 0.91502443 0.82500000
v -8.66128459 0.91033769 0.63142766
v -8.62887722 0.90693154 0.42705142
v -8.60920831 0.90486426 0.21536822
v -8.60261439 0.90417121 0.00000000
v -8.60920831 0.90486426 -0.21536822
v -8.62887722 0.90693154 -0.42705142
v -8.66128459 0.91033769 -0.63142766
v -8.70587591 0.91502443 -0.82500000
v -8.76188823 0.92091156 -1.00445636
v -8.82836315 0.92789836 -1.16672619
v -8.90416327 0.93586527 -1.30903301
v -8.98799163 0.94467599 -1.42894192
v -9.07841390 0.95417975 -1.52440123
v -9.17388293 0.96421395 -1.59377761
v -9.27276522 0.97460690 -1.63588402
v -9.37336886 0.98518077 -1.65000000
v -9.47397251 0.99575464 -1.63588402
v -9.57285480 1.00614758 -1.59377761
v -9.66832383 1.01618178 -1.52440123
v -9.75874610 1.02568555 -1.42894192
v -9.84257446 1.03449626 -1.30903301
v -9.91837458 1.04246317 -1.16672619
v -9.98484950 1.04944997 -1.00445636
v -10.04086181 1.05533710 -0.82500000
v -10.08545314 1.06002384 -0.63142766
v -10.11786051 1.06342999 -0.42705142
v -10.13752942 1.06549728 -0.21536822
v -10.17515331 0.71151603 0.00000000
v -10.16853923 0.71105353 0.21536822
v -10.14881016 0.70967394 0.42705142
v -10.11630366 0.70740086 0.63142766
v -10.07157593 0.70427320 0.82500000
v -10.01539227 0.70034445 1.00445636
v -9.94871401 0.69568185 1.16672619
v -9.87268202 0.69036518 1.30903301
v -9.78859724 0.68448540 1.42894192
v -9.69789838 0.67814312 1.52440123
v -9.60213732 0.67144685 1.59377761
v -9.50295256 0.66451118 1.63588402
v -9.40204117 0.65745477 1.65000000
v -9.30112979 0.65039835 1.63588402
v -9.20194503 0.64346268 1.59377761
v -9.10618397 0.63676641 1.52440123
v -9.01548510 0.63042413 1.42894192
v -8.93140032 0.62454435 1.30903301
v -8.85536834 0.61922768 1.16672619
v -8.78869008 0.61456508 1.00445636
v -8.73250642 0.61063633 0.82500000
v -8.68777869 0.60750867 0.63142766
v -8.65527219 0.60523559 0.42705142
v -8.63554312 0.60385600 0.21536822
v -8.62892903 0.60339350 0.00000000
v -8.63554312 0.60385600 -0.21536822
v -8.65527219 0.60523559 -0.42705142
v -8.68777869 0.60750867 -0.63142766
v -8.73250642 0.61063633 -0.82500000
v -8.78869008 0.61456508 -1.00445636
v -8.85536834 0.61922768 -1.16672619
v -8.93140032 0.62454435 -1.30903301
v -9.01548510 0.63042413 -1.42894192
v -9.10618397 0.63676641 -1.52440123
v -9.20194503 0.64346268 -1.59377761
v -9.30112979 0.65039835 -1.63588402
v -9.40204117 0.65745477 -1.65000000
v -9.50295256 0.66451118 -1.63588402
v -9.60213732 0.67144685 -1.59377761
v -9.69789838 0.67814312 -1.52440123
v -9.78859724 0.68448540 -1.42894192
v -9.87268202 0.69036518 -1.30903301
v -9.94871401 0.69568185 -1.16672619
v -10.01539227 0.70034445 -1.00445636
v -10.07157593 0.70427320 -0.82500000
v -10.11630366 0.70740086 -0.63142766
v -10.14881016 0.70967394 -0.42705142
v -10.16853923 0.71105353 -0.21536822
v -10.19378644 0.35597487 0.00000000
v -10.18716024 0.35574347 0.21536822
v -10.16739504 0.35505326 0.42705142
v -10.13482901 0.35391603 0.63142766
v -10.09001937 0.35235124 0.82500000
v -10.03373283 0.35038567 1.00445636
v -9.96693247 0.34805295 1.16672619
v -9.89076125 0.34539299 1.30903301
v -9.80652249 0.34245131 1.42894192
v -9.71565754 0.33927824 1.52440123
v -9.61972111 0.33592806 1.59377761
v -9.52035472 0.33245811 1.63588402
v -9.41925854 0.32892776 1.65000000
v -9.31816237 0.32539740 1.63588402
v -9.21879598 0.32192745 1.59377761
v -9.12285955 0.31857728 1.52440123
v -9.03199460 0.31540420 1.42894192
v -8.94775584 0.31246252 1.30903301
v -8.87158462 0.30980256 1.16672619
v -8.80478426 0.30746984 1.00445636
v -8.74849772 0.30550427 0.82500000
v -8.70368808 0.30393949 0.63142766
v -8.67112205 0.30280225 0.42705142
v -8.65135685 0.30211204 0.21536822
v -8.64473065 0.30188065 0.00000000
v -8.65135685 0.30211204 -0.21536822
v -8.67112205 0.30280225 -0.42705142
v -8.70368808 0.30393949 -0.63142766
v -8.74849772 0.30550427 -0.82500000
v -8.80478426 0.30746984 -1.00445636
v -8.87158462 0.30980256 -1.16672619
v -8.94775584 0.31246252 -1.30903301
v -9.03199460 0.31540420 -1.42894192
v -9.12285955 0.31857728 -1.52440123
v -9.21879598 0.32192745 -1.59377761
v -9.31816237 0.32539740 -1.63588402
v -9.41925854 0.32892776 -1.65000000
v -9.52035472 0.33245811 -1.63588402
v -9.61972111 0.33592806 -1.59377761
v -9.71565754 0.33927824 -1.52440123
v -9.80652249 0.34245131 -1.42894192
v -9.89076125 0.34539299 -1.30903301
v -9.96693247 0.34805295 -1.16672619
v -10.03373283 0.35038567 -1.00445636
v -10.09001937 0.35235124 -0.82500000
v -10.13482901 0.35391603 -0.63142766
v -10.16739504 0.35505326 -0.42705142
v -10.18716024 0.35574347 -0.21536822
v -10.20000000 0.00000000 0.00000000
v -10.19336977 0.00000000 0.21536822
v -10.17359252 0.00000000 0.42705142
v -10.14100664 0.00000000 0.63142766
v -10.09616969 0.00000000 0.82500000
v -10.03984884 0.00000000 1.00445636
v -9.97300776 0.00000000 1.16672619
v -9.89679011 0.00000000 1.30903301
v -9.81250000 0.00000000 1.42894192
v -9.72157966 0.00000000 1.52440123
v -9.62558476 0.00000000 1.59377761
v -9.52615780 0.00000000 1.63588402
v -9.42500000 0.00000000 1.65000000
v -9.32384220 0.00000000 1.63588402
v -9.22441524 0.00000000 1.59377761
v -9.12842034 0.00000000 1.52440123
v -9.03750000 0.00000000 1.42894192
v -8.95320989 0.00000000 1.30903301
v -8.87699224 0.00000000 1.16672619
v -8.81015116 0.00000000 1.00445636
v -8.75383031 0.00000000 0.82500000
v -8.70899336 0.00000000 0.63142766
v -8.67640748 0.00000000 0.42705142
v -8.65663023 0.00000000 0.21536822
v -8.65000000 0.00000000 0.00000000
v -8.65663023 0.00000000 -0.21536822
v -8.67640748 0.00000000 -0.42705142
v -8.70899336 0.00000000 -0.63142766
v -8.75383031 0.00000000 -0.82500000
v -8.81015116 0.00000000 -1.00445636
v -8.87699224 0.00000000 -1.16672619
v -8.95320989 0.00000000 -1.30903301
v -9.03750000 0.00000000 -1.42894192
v -9.12842034 0.00000000 -1.52440123
v -9.22441524 0.00000000 -1.59377761
v -9.32384220 0.00000000 -1.63588402
v -9.42500000 0.00000000 -1.65000000
v -9.52615780 0.00000000 -1.63588402
v -9.62558476 0.00000000 -1.59377761
v -9.72157966 0.00000000 -1.52440123
v -9.81250000 0.00000000 -1.42894192
v -9.89679011 0.00000000 -1.30903301
v -9.97300776 0.00000000 -1.16672619
v -10.03984884 0.00000000 -1.00445636
v -10.09616969 0.00000000 -0.82500000
v -10.14100664 0.00000000 -0.63142766
v -10.17359252 0.00000000 -0.42705142
v -10.19336977 0.00000000 -0.21536822
v -10.19378644 -0.35597487 0.00000000
v -10.18716024 -0.35574347 0.21536822
v -10.16739504 -0.35505326 0.42705142
v -10.13482901 -0.35391603 0.63142766
v -10.09001937 -0.35235124 0.82500000
v -10.03373283 -0.35038567 1.00445636
v -9.96693247 -0.34805295 1.16672619
v -9.89076125 -0.34539299 1.30903301
v -9.80652249 -0.34245131 1.42894192
v -9.71565754 -0.33927824 1.52440123
v -9.61972111 -0.33592806 1.59377761
v -9.52035472 -0.33245811 1.63588402
v -9.41925854 -0.32892776 1.65000000
v -9.31816237 -0.32539740 1.63588402
v -9.21879598 -0.32192745 1.59377761
v -9.12285955 -0.31857728 1.52440123
v -9.03199460 -0.31540420 1.42894192
v -8.94775584 -0.31246252 1.30903301
v -8.87158462 -0.30980256 1.16672619
v -8.80478426 -0.30746984 1.00445636
v -8.74849772 -0.30550427 0.82500000
v -8.70368808 -0.30393949 0.63142766
v -8.67112205 -0.30280225 0.42705142
v -8.65135685 -0.30211204 0.21536822
v -8.64473065 -0.30188065 0.00000000
v -8.65135685 -0.30211204 -0.21536822
v -8.67112205 -0.30280225 -0.42705142
v -8.70368808 -0.30393949 -0.63142766
v -8.74849772 -0.30550427 -0.82500000
v -8.80478426 -0.30746984 -1.00445636
v -8.87158462 -0.30980256 -1.16672619
v -8.94775584 -0.31246252 -1.30903301
v -9.03199460 -0.31540420 -1.42894192
v -9.12285955 -0.31857728 -1.52440123
v -9.21879598 -0.32192745 -1.59377761
v -9.31816237 -0.32539740 -1.63588402
v -9.41925854 -0.32892776 -1.65000000
v -9.52035472 -0.33245811 -1.63588402
v -9.61972111 -0.33592806 -1.59377761
v -9.71565754 -0.33927824 -1.52440123
v -9.80652249 -0.34245131 -1.42894192
v -9.89076125 -0.34539299 -1.30903301
v -9.96693247 -0.34805295 -1.16672619
v -10.03373283 -0.35038567 -1.00445636
v -10.09001937 -0.35235124 -0.82500000
v -10.13482901 -0.35391603 -0.63142766
v -10.16739504 -0.35505326 -0.42705142
v -10.18716024 -0.35574347 -0.21536822
v -10.17515331 -0.71151603 0.00000000
v -10.16853923 -0.71105353 0.21536822
v -10.14881016 -0.70967394 0.42705142
v -10.11630366 -0.70740086 0.63142766
v -10.07157593 -0.70427320 0.82500000
v -10.01539227 -0.70034445 1.00445636
v -9.94871401 -0.69568185 1.16672619
v -9.87268202 -0.69036518 1.30903301
v -9.78859724 -0.68448540 1.42894192
v -9.69789838 -0.67814312 1.52440123
v -9.60213732 -0.67144685 1.59377761
v -9.50295256 -0.66451118 1.63588402
v -9.40204117 -0.65745477 1.65000000
v -9.30112979 -0.65039835 1.63588402
v -9.20194503 -0.64346268 1.59377761
v -9.10618397 -0.63676641 1.52440123
v -9.01548510 -0.63042413 1.42894192
v -8.93140032 -0.62454435 1.30903301
v -8.85536834 -0.61922768 1.16672619
v -8.78869008 -0.61456508 1.00445636
v -8.73250642 -0.61063633 0.82500000
v -8.68777869 -0.60750867 0.63142766
v -8.65527219 -0.60523559 0.42705142
v -8.63554312 -0.60385600 0.21536822
v -8.62892903 -0.60339350 0.00000000
v -8.63554312 -0.60385600 -0.21536822
v -8.65527219 -0.60523559 -0.42705142
v -8.68777869 -0.60750867 -0.63142766
v -8.73250642 -0.61063633 -0.82500000
v -8.78869008 -0.61456508 -1.00445636
v -8.85536834 -0.61922768 -1.16672619
v -8.93140032 -0.62454435 -1.30903301
v -9.01548510 -0.63042413 -1.42894192
v -9.10618397 -0.63676641 -1.52440123
v -9.20194503 -0.64346268 -1.59377761
v -9.30112979 -0.65039835 -1.63588402
v -9.40204117 -0.65745477 -1.65000000
v -9.50295256 -0.66451118 -1.63588402
v -9.60213732 -0.67144685 -1.59377761
v -9.69789838 -0.67814312 -1.52440123
v -9.78859724 -0.68448540 -1.42894192
v -9.87268202 -0.69036518 -1.30903301
v -9.94871401 -0.69568185 -1.16672619
v -10.01539227 -0.70034445 -1.00445636
v -10.07157593 -0.70427320 -0.82500000
v -10.11630366 -0.70740086 -0.63142766
v -10.14881016 -0.70967394 -0.42705142
v -10.16853923 -0.71105353 -0.21536822
v -10.14412333 -1.06619033 0.00000000
v -10.13752942 -1.06549728 0.21536822
v -10.11786051 -1.06342999 0.42705142
v -10.08545314 -1.06002384 0.63142766
v -10.04086181 -1.05533710 0.82500000
v -9.98484950 -1.04944997 1.00445636
v -9.91837458 -1.04246317 1.16672619
v -9.84257446 -1.03449626 1.30903301
v -9.75874610 -1.02568555 1.42894192
v -9.66832383 -1.01618178 1.52440123
v -9.57285480 -1.00614758 1.59377761
v -9.47397251 -0.99575464 1.63588402
v -9.37336886 -0.98518077 1.65000000
v -9.27276522 -0.97460690 1.63588402
v -9.17388293 -0.96421395 1.59377761
v -9.07841390 -0.95417975 1.52440123
v -8.98799163 -0.94467599 1.42894192
v -8.90416327 -0.93586527 1.30903301
v -8.82836315 -0.92789836 1.16672619
v -8.76188823 -0.92091156 1.00445636
v -8.70587591 -0.91502443 0.82500000
v -8.66128459 -0.91033769 0.63142766
v -8.62887722 -0.90693154 0.42705142
v -8.60920831 -0.90486426 0.21536822
v -8.60261439 -0.90417121 0.00000000
v -8.60920831 -0.90486426 -0.21536822
v -8.62887722 -0.90693154 -0.42705142
v -8.66128459 -0.91033769 -0.63142766
v -8.70587591 -0.91502443 -0.82500000
v -8.76188823 -0.92091156 -1.00445636
v -8.82836315 -0.92789836 -1.16672619
v -8.90416327 -0.93586527 -1.30903301
v -8.98799163 -0.94467599 -1.42894192
v -9.07841390 -0.95417975 -1.52440123
v -9.17388293 -0.96421395 -1.59377761
v -9.27276522 -0.97460690 -1.63588402
v -9.37336886 -0.98518077 -1.65000000
v -9.47397251 -0.99575464 -1.63588402
v -9.57285480 -1.00614758 -1.59377761
v -9.66832383 -1.01618178 -1.52440123
v -9.75874610 -1.02568555 -1.42894192
v -9.84257446 -1.03449626 -1.30903301
v -9.91837458 -1.04246317 -1.16672619
v -9.98484950 -1.04944997 -1.00445636
v -10.04086181 -1.05533710 -0.82500000
v -10.08545314 -1.06002384 -0.63142766
v -10.11786051 -1.06342999 -0.42705142
v -10.13752942 -1.06549728 -0.21536822
v -10.10073430 -1.41956563 0.00000000
v -10.09416859 -1.41864288 0.21536822
v -10.07458381 -1.41589042 0.42705142
v -10.04231506 -1.41135534 0.63142766
v -9.99791446 -1.40511524 0.82500000
v -9.94214172 -1.39727690 1.00445636
v -9.87595113 -1.38797442 1.16672619
v -9.80047523 -1.37736697 1.30903301
v -9.71700542 -1.36563605 1.42894192
v -9.62696992 -1.35298239 1.52440123
v -9.53190923 -1.33962248 1.59377761
v -9.43344989 -1.32578492 1.63588402
v -9.33327655 -1.31170648 1.65000000
v -9.23310321 -1.29762803 1.63588402
v -9.13464387 -1.28379047 1.59377761
v -9.03958318 -1.27043057 1.52440123
v -8.94954767 -1.25777690 1.42894192
v -8.86607787 -1.24604598 1.30903301
v -8.79060197 -1.23543854 1.16672619
v -8.72441138 -1.22613606 1.00445636
v -8.66863864 -1.21829771 0.82500000
v -8.62423804 -1.21205761 0.63142766
v -8.59196928 -1.20752253 0.42705142
v -8.57238450 -1.20477007 0.21536822
v -8.56581879 -1.20384732 0.00000000
v -8.57238450 -1.20477007 -0.21536822
v -8.59196928 -1.20752253 -0.42705142
v -8.62423804 -1.21205761 -0.63142766
v -8.66863864 -1.21829771 -0.82500000
v -8.72441138 -1.22613606 -1.00445636
v -8.79060197 -1.23543854 -1.16672619
v -8.86607787 -1.24604598 -1.30903301
v -8.94954767 -1.25777690 -1.42894192
v -9.03958318 -1.27043057 -1.52440123
v -9.13464387 -1.28379047 -1.59377761
v -9.23310321 -1.29762803 -1.63588402
v -9.33327655 -1.31170648 -1.65000000
v -9.43344989 -1.32578492 -1.63588402
v -9.53190923 -1.33962248 -1.59377761
v -9.62696992 -1.35298239 -1.52440123
v -9.71700542 -1.36563605 -1.42894192
v -9.80047523 -1.37736697 -1.30903301
v -9.87595113 -1.38797442 -1.16672619
v -9.94214172 -1.39727690 -1.00445636
v -9.99791446 -1.40511524 -0.82500000
v -10.04231506 -1.41135534 -0.63142766
v -10.07458381 -1.41589042 -0.42705142
v -10.09416859 -1.41864288 -0.21536822
v -10.04503908 -1.77121141 0.00000000
v -10.03850958 -1.77006008 0.21536822
v -10.01903279 -1.76662580 0.42705142
v -9.98694196 -1.76096732 0.63142766
v -9.94278618 -1.75318147 0.82500000
v -9.88732098 -1.74340145 1.00445636
v -9.82149536 -1.73179462 1.16672619
v -9.74643563 -1.71855957 1.30903301
v -9.66342608 -1.70392274 1.42894192
v -9.57388702 -1.68813459 1.52440123
v -9.47935050 -1.67146525 1.59377761
v -9.38143406 -1.65419994 1.63588402
v -9.28181307 -1.63663407 1.65000000
v -9.18219209 -1.61906821 1.63588402
v -9.08427565 -1.60180290 1.59377761
v -8.98973912 -1.58513356 1.52440123
v -8.90020007 -1.56934541 1.42894192
v -8.81719052 -1.55470858 1.30903301
v -8.74213079 -1.54147353 1.16672619
v -8.67630517 -1.52986669 1.00445636
v -8.62083996 -1.52008668 0.82500000
v -8.57668418 -1.51230083 0.63142766
v -8.54459336 -1.50664235 0.42705142
v -8.52511657 -1.50320806 0.21536822
v -8.51858706 -1.50205674 0.00000000
v -8.52511657 -1.50320806 -0.21536822
v -8.54459336 -1.50664235 -0.42705142
v -8.57668418 -1.51230083 -0.63142766
v -8.62083996 -1.52008668 -0.82500000
v -8.67630517 -1.52986669 -1.00445636
v -8.74213079 -1.54147353 -1.16672619
v -8.81719052 -1.55470858 -1.30903301
v -8.90020007 -1.56934541 -1.42894192
v -8.98973912 -1.58513356 -1.52440123
v -9.08427565 -1.60180290 -1.59377761
v -9.18219209 -1.61906821 -1.63588402
v -9.28181307 -1.63663407 -1.65000000
v -9.38143406 -1.65419994 -1.63588402
v -9.47935050 -1.67146525 -1.59377761
v -9.57388702 -1.68813459 -1.52440123
v -9.66342608 -1.70392274 -1.42894192
v -9.74643563 -1.71855957 -1.30903301
v -9.82149536 -1.73179462 -1.16672619
v -9.88732098 -1.74340145 -1.00445636
v -9.94278618 -1.75318147 -0.82500000
v -9.98694196 -1.76096732 -0.63142766
v -10.01903279 -1.76662580 -0.42705142
v -10.03850958 -1.77006008 -0.21536822
v -9.97710553 -2.12069925 0.00000000
v -9.97062018 -2.11932074 0.21536822
v -9.95127511 -2.11520882 0.42705142
v -9.91940131 -2.10843384 0.63142766
v -9.87554416 -2.09911171 0.82500000
v -9.82045405 -2.08740195 1.00445636
v -9.75507361 -2.07350490 1.16672619
v -9.68052150 -2.05765836 1.30903301
v -9.59807333 -2.04013347 1.42894192
v -9.50913982 -2.02123006 1.52440123
v -9.41524264 -2.00127160 1.59377761
v -9.31798840 -1.98059957 1.63588402
v -9.21904114 -1.95956769 1.65000000
v -9.12009388 -1.93853580 1.63588402
v -9.02283964 -1.91786377 1.59377761
v -8.92894245 -1.89790531 1.52440123
v -8.84000894 -1.87900191 1.42894192
v -8.75756078 -1.86147701 1.30903301
v -8.68300867 -1.84563047 1.16672619
v -8.61762822 -1.83173342 1.00445636
v -8.56253812 -1.82002366 0.82500000
v -8.51868096 -1.81070154 0.63142766
v -8.48680716 -1.80392655 0.42705142
v -8.46746209 -1.79981463 0.21536822
v -8.46097675 -1.79843613 0.00000000
v -8.46746209 -1.79981463 -0.21536822
v -8.48680716 -1.80392655 -0.42705142
v -8.51868096 -1.81070154 -0.63142766
v -8.56253812 -1.82002366 -0.82500000
v -8.61762822 -1.83173342 -1.00445636
v -8.68300867 -1.84563047 -1.16672619
v -8.75756078 -1.86147701 -1.30903301
v -8.84000894 -1.87900191 -1.42894192
v -8.92894245 -1.89790531 -1.52440123
v -9.02283964 -1.91786377 -1.59377761
v -9.12009388 -1.93853580 -1.63588402
v -9.21904114 -1.95956769 -1.65000000
v -9.31798840 -1.98059957 -1.63588402
v -9.41524264 -2.00127160 -1.59377761
v -9.50913982 -2.02123006 -1.52440123
v -9.59807333 -2.04013347 -1.42894192
v -9.68052150 -2.05765836 -1.30903301
v -9.75507361 -2.07350490 -1.16672619
v -9.82045405 -2.08740195 -1.00445636
v -9.87554416 -2.09911171 -0.82500000
v -9.91940131 -2.10843384 -0.63142766
v -9.95127511 -2.11520882 -0.42705142
v -9.97062018 -2.11932074 -0.21536822
v -9.89701641 -2.46760334 0.00000000
v -9.89058312 -2.46599934 0.21536822
v -9.87139334 -2.46121479 0.42705142
v -9.83977540 -2.45333155 0.63142766
v -9.79627030 -2.44248451 0.82500000
v -9.74162242 -2.42885926 1.00445636
v -9.67676680 -2.41268894 1.16672619
v -9.60281315 -2.39425022 1.30903301
v -9.52102681 -2.37385860 1.42894192
v -9.43280720 -2.35186298 1.52440123
v -9.33966376 -2.32863971 1.59377761
v -9.24319020 -2.30458615 1.63588402
v -9.14503722 -2.28011387 1.65000000
v -9.04688424 -2.25564158 1.63588402
v -8.95041068 -2.23158802 1.59377761
v -8.85726724 -2.20836475 1.52440123
v -8.76904763 -2.18636913 1.42894192
v -8.68726130 -2.16597751 1.30903301
v -8.61330764 -2.14753879 1.16672619
v -8.54845202 -2.13136847 1.00445636
v -8.49380414 -2.11774322 0.82500000
v -8.45029904 -2.10689618 0.63142766
v -8.41868110 -2.09901295 0.42705142
v -8.39949132 -2.09422840 0.21536822
v -8.39305803 -2.09262440 0.00000000
v -8.39949132 -2.09422840 -0.21536822
v -8.41868110 -2.09901295 -0.42705142
v -8.45029904 -2.10689618 -0.63142766
v -8.49380414 -2.11774322 -0.82500000
v -8.54845202 -2.13136847 -1.00445636
v -8.61330764 -2.14753879 -1.16672619
v -8.68726130 -2.16597751 -1.30903301
v -8.76904763 -2.18636913 -1.42894192
v -8.85726724 -2.20836475 -1.52440123
v -8.95041068 -2.23158802 -1.59377761
v -9.04688424 -2.25564158 -1.63588402
v -9.14503722 -2.28011387 -1.65000000
v -9.24319020 -2.30458615 -1.63588402
v -9.33966376 -2.32863971 -1.59377761
v -9.43280720 -2.35186298 -1.52440123
v -9.52102681 -2.37385860 -1.42894192
v -9.60281315 -2.39425022 -1.30903301
v -9.67676680 -2.41268894 -1.16672619
v -9.74162242 -2.42885926 -1.00445636
v -9.79627030 -2.44248451 -0.82500000
v -9.83977540 -2.45333155 -0.63142766
v -9.87139334 -2.46121479 -0.42705142
v -9.89058312 -2.46599934 -0.21536822
v -9.80486930 -2.81150103 0.00000000
v -9.79849591 -2.80967349 0.21536822
v -9.77948480 -2.80422214 0.42705142
v -9.74816124 -2.79524025 0.63142766
v -9.70506120 -2.78288152 0.82500000
v -9.65092212 -2.76735739 1.00445636
v -9.58667035 -2.74893349 1.16672619
v -9.51340524 -2.72792506 1.30903301
v -9.43238039 -2.70469155 1.42894192
v -9.34498215 -2.67963051 1.52440123
v -9.25270593 -2.65317073 1.59377761
v -9.15713060 -2.62576495 1.63588402
v -9.05989148 -2.59788208 1.65000000
v -8.96265237 -2.56999921 1.63588402
v -8.86707704 -2.54259343 1.59377761
v -8.77480082 -2.51613365 1.52440123
v -8.68740258 -2.49107260 1.42894192
v -8.60637773 -2.46783910 1.30903301
v -8.53311262 -2.44683067 1.16672619
v -8.46886085 -2.42840677 1.00445636
v -8.41472177 -2.41288264 0.82500000
v -8.37162173 -2.40052390 0.63142766
v -8.34029817 -2.39154202 0.42705142
v -8.32128706 -2.38609067 0.21536822
v -8.31491367 -2.38426313 0.00000000
v -8.32128706 -2.38609067 -0.21536822
v -8.34029817 -2.39154202 -0.42705142
v -8.37162173 -2.40052390 -0.63142766
v -8.41472177 -2.41288264 -0.82500000
v -8.46886085 -2.42840677 -1.00445636
v -8.53311262 -2.44683067 -1.16672619
v -8.60637773 -2.46783910 -1.30903301
v -8.68740258 -2.49107260 -1.42894192
v -8.77480082 -2.51613365 -1.52440123
v -8.86707704 -2.54259343 -1.59377761
v -8.96265237 -2.56999921 -1.63588402
v -9.05989148 -2.59788208 -1.65000000
v -9.15713060 -2.62576495 -1.63588402
v -9.25270593 -2.65317073 -1.59377761
v -9.34498215 -2.67963051 -1.52440123
v -9.43238039 -2.70469155 -1.42894192
v -9.51340524 -2.72792506 -1.30903301
v -9.58667035 -2.74893349 -1.16672619
v -9.65092212 -2.76735739 -1.00445636
v -9.70506120 -2.78288152 -0.82500000
v -9.74816124 -2.79524025 -0.63142766
v -9.77948480 -2.80422214 -0.42705142
v -9.79849591 -2.80967349 -0.21536822
v -9.70077647 -3.15197334 0.00000000
v -9.69447074 -3.14992449 0.21536822
v -9.67566146 -3.14381298 0.42705142
v -9.64467044 -3.13374339 0.63142766
v -9.60202797 -3.11988801 0.82500000
v -9.54846366 -3.10248391 1.00445636
v -9.48489401 -3.08182888 1.16672619
v -9.41240672 -3.05827633 1.30903301
v -9.33224207 -3.03222926 1.42894192
v -9.24577168 -3.00413333 1.52440123
v -9.15447511 -2.97446927 1.59377761
v -9.05991445 -2.94374465 1.63588402
v -8.96370767 -2.91248517 1.65000000
v -8.86750088 -2.88122569 1.63588402
v -8.77294022 -2.85050107 1.59377761
v -8.68164365 -2.82083702 1.52440123
v -8.59517327 -2.79274109 1.42894192
v -8.51500861 -2.76669401 1.30903301
v -8.44252132 -2.74314146 1.16672619
v -8.37895167 -2.72248643 1.00445636
v -8.32538736 -2.70508233 0.82500000
v -8.28274489 -2.69122695 0.63142766
v -8.25175388 -2.68115736 0.42705142
v -8.23294459 -2.67504586 0.21536822
v -8.22663887 -2.67299700 0.00000000
v -8.23294459 -2.67504586 -0.21536822
v -8.25175388 -2.68115736 -0.42705142
v -8.28274489 -2.69122695 -0.63142766
v -8.32538736 -2.70508233 -0.82500000
v -8.37895167 -2.72248643 -1.00445636
v -8.44252132 -2.74314146 -1.16672619
v -8.51500861 -2.76669401 -1.30903301
v -8.59517327 -2.79274109 -1.42894192
v -8.68164365 -2.82083702 -1.52440123
v -8.77294022 -2.85050107 -1.59377761
v -8.86750088 -2.88122569 -1.63588402
v -8.96370767 -2.91248517 -1.65000000
v -9.05991445 -2.94374465 -1.63588402
v -9.15447511 -2.97446927 -1.59377761
v -9.24577168 -3.00413333 -1.52440123
v -9.33224207 -3.03222926 -1.42894192
v -9.41240672 -3.05827633 -1.30903301
v -9.48489401 -3.08182888 -1.16672619
v -9.54846366 -3.10248391 -1.00445636
v -9.60202797 -3.11988801 -0.82500000
v -9.64467044 -3.13374339 -0.63142766
v -9.67566146 -3.14381298 -0.42705142
v -9.69447074 -3.14992449 -0.21536822
v -9.58486473 -3.48860546 0.00000000
v -9.57863435 -3.48633779 0.21536822
v -9.56004981 -3.47957357 0.42705142
v -9.52942910 -3.46842854 0.63142766
v -9.48729615 -3.45309340 0.82500000
v -9.43437187 -3.43383054 1.00445636
v -9.37156179 -3.41096954 1.16672619
v -9.29994063 -3.38490157 1.30903301
v -9.22073384 -3.35607266 1.42894192
v -9.13529667 -3.32497607 1.52440123
v -9.04509097 -3.29214388 1.59377761
v -8.95166019 -3.25813786 1.63588402
v -8.85660295 -3.22353985 1.65000000
v -8.76154571 -3.18894185 1.63588402
v -8.66811493 -3.15493582 1.59377761
v -8.57790923 -3.12210363 1.52440123
v -8.49247206 -3.09100705 1.42894192
v -8.41326527 -3.06217813 1.30903301
v -8.34164411 -3.03611016 1.16672619
v -8.27883403 -3.01324916 1.00445636
v -8.22590975 -2.99398630 0.82500000
v -8.18377680 -2.97865116 0.63142766
v -8.15315609 -2.96750613 0.42705142
v -8.13457155 -2.96074191 0.21536822
v -8.12834117 -2.95847424 0.00000000
v -8.13457155 -2.96074191 -0.21536822
v -8.15315609 -2.96750613 -0.42705142
v -8.18377680 -2.97865116 -0.63142766
v -8.22590975 -2.99398630 -0.82500000
v -8.27883403 -3.01324916 -1.00445636
v -8.34164411 -3.03611016 -1.16672619
v -8.41326527 -3.06217813 -1.30903301
v -8.49247206 -3.09100705 -1.42894192
v -8.57790923 -3.12210363 -1.52440123
v -8.66811493 -3.15493582 -1.59377761
v -8.76154571 -3.18894185 -1.63588402
v -8.85660295 -3.22353985 -1.65000000
v -8.95166019 -3.25813786 -1.63588402
v -9.04509097 -3.29214388 -1.59377761
v -9.13529667 -3.32497607 -1.52440123
v -9.22073384 -3.35607266 -1.42894192
v -9.29994063 -3.38490157 -1.30903301
v -9.37156179 -3.41096954 -1.16672619
v -9.43437187 -3.43383054 -1.00445636
v -9.48729615 -3.45309340 -0.82500000
v -9.52942910 -3.46842854 -0.63142766
v -9.56004981 -3.47957357 -0.42705142
v -9.57863435 -3.48633779 -0.21536822
v -9.45727532 -3.82098725 0.00000000
v -9.45112787 -3.81850352 0.21536822
v -9.43279072 -3.81109483 0.42705142
v -9.40257762 -3.79888795 0.63142766
v -9.36100553 -3.78209173 0.82500000
v -9.30878575 -3.76099357 1.00445636
v -9.24681177 -3.73595446 1.16672619
v -9.17614400 -3.70740283 1.30903301
v -9.09799157 -3.67582720 1.42894192
v -9.01369170 -3.64176784 1.52440123
v -8.92468678 -3.60580752 1.59377761
v -8.83249971 -3.56856152 1.63588402
v -8.73870783 -3.53066714 1.65000000
v -8.64491595 -3.49277276 1.63588402
v -8.55272888 -3.45552677 1.59377761
v -8.46372396 -3.41956645 1.52440123
v -8.37942409 -3.38550709 1.42894192
v -8.30127166 -3.35393146 1.30903301
v -8.23060389 -3.32537982 1.16672619
v -8.16862991 -3.30034071 1.00445636
v -8.11641013 -3.27924255 0.82500000
v -8.07483804 -3.26244634 0.63142766
v -8.04462494 -3.25023945 0.42705142
v -8.02628779 -3.24283076 0.21536822
v -8.02014034 -3.24034703 0.00000000
v -8.02628779 -3.24283076 -0.21536822
v -8.04462494 -3.25023945 -0.42705142
v -8.07483804 -3.26244634 -0.63142766
v -8.11641013 -3.27924255 -0.82500000
v -8.16862991 -3.30034071 -1.00445636
v -8.23060389 -3.32537982 -1.16672619
v -8.30127166 -3.35393146 -1.30903301
v -8.37942409 -3.38550709 -1.42894192
v -8.46372396 -3.41956645 -1.52440123
v -8.55272888 -3.45552677 -1.59377761
v -8.64491595 -3.49277276 -1.63588402
v -8.73870783 -3.53066714 -1.65000000
v -8.83249971 -3.56856152 -1.63588402
v -8.92468678 -3.60580752 -1.59377761
v -9.01369170 -3.64176784 -1.52440123
v -9.09799157 -3.67582720 -1.42894192
v -9.17614400 -3.70740283 -1.30903301
v -9.24681177 -3.73595446 -1.16672619
v -9.30878575 -3.76099357 -1.00445636
v -9.36100553 -3.78209173 -0.82500000
v -9.40257762 -3.79888795 -0.63142766
v -9.43279072 -3.81109483 -0.42705142
v -9.45112787 -3.81850352 -0.21536822
v -9.31816367 -4.14871376 0.00000000
v -9.31210665 -4.14601700 0.21536822
v -9.29403923 -4.13797287 0.42705142
v -9.26427055 -4.12471900 0.63142766
v -9.22330996 -4.10648217 0.82500000
v -9.17185830 -4.08357441 1.00445636
v -9.11079593 -4.05638770 1.16672619
v -9.04116765 -4.02538719 1.30903301
v -8.96416480 -3.99110331 1.42894192
v -8.88110494 -3.95412268 1.52440123
v -8.79340923 -3.91507803 1.59377761
v -8.70257819 -3.87463744 1.63588402
v -8.61016594 -3.83349286 1.65000000
v -8.51775369 -3.79234828 1.63588402
v -8.42692264 -3.75190769 1.59377761
v -8.33922694 -3.71286305 1.52440123
v -8.25616707 -3.67588241 1.42894192
v -8.17916423 -3.64159854 1.30903301
v -8.10953594 -3.61059803 1.16672619
v -8.04847357 -3.58341131 1.00445636
v -7.99702192 -3.56050356 0.82500000
v -7.95606133 -3.54226672 0.63142766
v -7.92629265 -3.52901285 0.42705142
v -7.90822523 -3.52096872 0.21536822
v -7.90216821 -3.51827196 0.00000000
v -7.90822523 -3.52096872 -0.21536822
v -7.92629265 -3.52901285 -0.42705142
v -7.95606133 -3.54226672 -0.63142766
v -7.99702192 -3.56050356 -0.82500000
v -8.04847357 -3.58341131 -1.00445636
v -8.10953594 -3.61059803 -1.16672619
v -8.17916423 -3.64159854 -1.30903301
v -8.25616707 -3.67588241 -1.42894192
v -8.33922694 -3.71286305 -1.52440123
v -8.42692264 -3.75190769 -1.59377761
v -8.51775369 -3.79234828 -1.63588402
v -8.61016594 -3.83349286 -1.65000000
v -8.70257819 -3.87463744 -1.63588402
v -8.79340923 -3.91507803 -1.59377761
v -8.88110494 -3.95412268 -1.52440123
v -8.96416480 -3.99110331 -1.42894192
v -9.04116765 -4.02538719 -1.30903301
v -9.11079593 -4.05638770 -1.16672619
v -9.17185830 -4.08357441 -1.00445636
v -9.22330996 -4.10648217 -0.82500000
v -9.26427055 -4.12471900 -0.63142766
v -9.29403923 -4.13797287 -0.42705142
v -9.31210665 -4.14601700 -0.21536822
v -9.16769927 -4.47138570 0.00000000
v -9.16174006 -4.46847919 0.21536822
v -9.14396438 -4.45980942 0.42705142
v -9.11467639 -4.44552471 0.63142766
v -9.07437721 -4.42586948 0.82500000
v -9.02375636 -4.40118005 1.00445636
v -8.96367999 -4.37187885 1.16672619
v -8.89517603 -4.33846723 1.30903301
v -8.81941658 -4.30151688 1.42894192
v -8.73769792 -4.26166002 1.52440123
v -8.65141827 -4.21957863 1.59377761
v -8.56205391 -4.17599272 1.63588402
v -8.47113389 -4.13164806 1.65000000
v -8.38021386 -4.08730340 1.63588402
v -8.29084950 -4.04371749 1.59377761
v -8.20456985 -4.00163609 1.52440123
v -8.12285119 -3.96177924 1.42894192
v -8.04709175 -3.92482889 1.30903301
v -7.97858778 -3.89141727 1.16672619
v -7.91851141 -3.86211607 1.00445636
v -7.86789057 -3.83742663 0.82500000
v -7.82759138 -3.81777141 0.63142766
v -7.79830339 -3.80348670 0.42705142
v -7.78052771 -3.79481692 0.21536822
v -7.77456850 -3.79191042 0.00000000
v -7.78052771 -3.79481692 -0.21536822
v -7.79830339 -3.80348670 -0.42705142
v -7.82759138 -3.81777141 -0.63142766
v -7.86789057 -3.83742663 -0.82500000
v -7.91851141 -3.86211607 -1.00445636
v -7.97858778 -3.89141727 -1.16672619
v -8.04709175 -3.92482889 -1.30903301
v -8.12285119 -3.96177924 -1.42894192
v -8.20456985 -4.00163609 -1.52440123
v -8.29084950 -4.04371749 -1.59377761
v -8.38021386 -4.08730340 -1.63588402
v -8.47113389 -4.13164806 -1.65000000
v -8.56205391 -4.17599272 -1.63588402
v -8.65141827 -4.21957863 -1.59377761
v -8.73769792 -4.26166002 -1.52440123
v -8.81941658 -4.30151688 -1.42894192
v -8.89517603 -4.33846723 -1.30903301
v -8.96367999 -4.37187885 -1.16672619
v -9.02375636 -4.40118005 -1.00445636
v -9.07437721 -4.42586948 -0.82500000
v -9.11467639 -4.44552471 -0.63142766
v -9.14396438 -4.45980942 -0.42705142
v -9.16174006 -4.46847919 -0.21536822
v -9.00606545 -4.78860994 0.00000000
v -9.00021130 -4.78549723 0.21536822
v -8.98274902 -4.77621238 0.42705142
v -8.95397740 -4.76091423 0.63142766
v -8.91438872 -4.73986456 0.82500000
v -8.86466036 -4.71342352 1.00445636
v -8.80564319 -4.68204354 1.16672619
v -8.73834700 -4.64626152 1.30903301
v -8.66392325 -4.60668971 1.42894192
v -8.58364536 -4.56400520 1.52440123
v -8.49888689 -4.51893832 1.59377761
v -8.41109810 -4.47226019 1.63588402
v -8.32178106 -4.42476948 1.65000000
v -8.23246403 -4.37727877 1.63588402
v -8.14467523 -4.33060064 1.59377761
v -8.05991677 -4.28553376 1.52440123
v -7.97963887 -4.24284925 1.42894192
v -7.90521512 -4.20327744 1.30903301
v -7.83791893 -4.16749542 1.16672619
v -7.77890176 -4.13611543 1.00445636
v -7.72917340 -4.10967440 0.82500000
v -7.68958473 -4.08862472 0.63142766
v -7.66081310 -4.07332658 0.42705142
v -7.64335083 -4.06404172 0.21536822
v -7.63749668 -4.06092902 0.00000000
v -7.64335083 -4.06404172 -0.21536822
v -7.66081310 -4.07332658 -0.42705142
v -7.68958473 -4.08862472 -0.63142766
v -7.72917340 -4.10967440 -0.82500000
v -7.77890176 -4.13611543 -1.00445636
v -7.83791893 -4.16749542 -1.16672619
v -7.90521512 -4.20327744 -1.30903301
v -7.97963887 -4.24284925 -1.42894192
v -8.05991677 -4.28553376 -1.52440123
v -8.14467523 -4.33060064 -1.59377761
v -8.23246403 -4.37727877 -1.63588402
v -8.32178106 -4.42476948 -1.65000000
v -8.41109810 -4.47226019 -1.63588402
v -8.49888689 -4.51893832 -1.59377761
v -8.58364536 -4.56400520 -1.52440123
v -8.66392325 -4.60668971 -1.42894192
v -8.73834700 -4.64626152 -1.30903301
v -8.80564319 -4.68204354 -1.16672619
v -8.86466036 -4.71342352 -1.00445636
v -8.91438872 -4.73986456 -0.82500000
v -8.95397740 -4.76091423 -0.63142766
v -8.98274902 -4.77621238 -0.42705142
v -9.00021130 -4.78549723 -0.21536822
v -8.83345912 -5.10000000 0.00000000
v -8.82771717 -5.09668488 0.21536822
v -8.81058957 -5.08679626 0.42705142
v -8.78236937 -5.07050332 0.63142766
v -8.74353943 -5.04808484 0.82500000
v -8.69476414 -5.01992442 1.00445636
v -8.63687807 -4.98650388 1.16672619
v -8.57087165 -4.94839505 1.30903301
v -8.49787427 -4.90625000 1.42894192
v -8.41913495 -4.86078983 1.52440123
v -8.33600093 -4.81279238 1.59377761
v -8.24989465 -4.76307890 1.63588402
v -8.16228943 -4.71250000 1.65000000
v -8.07468421 -4.66192110 1.63588402
v -7.98857793 -4.61220762 1.59377761
v -7.90544391 -4.56421017 1.52440123
v -7.82670459 -4.51875000 1.42894192
v -7.75370721 -4.47660495 1.30903301
v -7.68770079 -4.43849612 1.16672619
v -7.62981472 -4.40507558 1.00445636
v -7.58103943 -4.37691516 0.82500000
v -7.54220949 -4.35449668 0.63142766
v -7.51398930 -4.33820374 0.42705142
v -7.49686169 -4.32831512 0.21536822
v -7.49111974 -4.32500000 0.00000000
v -7.49686169 -4.32831512 -0.21536822
v -7.51398930 -4.33820374 -0.42705142
v -7.54220949 -4.35449668 -0.63142766
v -7.58103943 -4.37691516 -0.82500000
v -7.62981472 -4.40507558 -1.00445636
v -7.68770079 -4.43849612 -1.16672619
v -7.75370721 -4.47660495 -1.30903301
v -7.82670459 -4.51875000 -1.42894192
v -7.90544391 -4.56421017 -1.52440123
v -7.98857793 -4.61220762 -1.59377761
v -8.07468421 -4.66192110 -1.63588402
v -8.16228943 -4.71250000 -1.65000000
v -8.24989465 -4.76307890 -1.63588402
v -8.33600093 -4.81279238 -1.59377761
v -8.41913495 -4.86078983 -1.52440123
v -8.49787427 -4.90625000 -1.42894192
v -8.57087165 -4.94839505 -1.30903301
v -8.63687807 -4.98650388 -1.16672619
v -8.69476414 -5.01992442 -1.00445636
v -8.74353943 -5.04808484 -0.82500000
v -8.78236937 -5.07050332 -0.63142766
v -8.81058957 -5.08679626 -0.42705142
v -8.82771717 -5.09668488 -0.21536822
v -8.65009058 -5.40517650 0.00000000
v -8.64446782 -5.40166301 0.21536822
v -8.62769576 -5.39118266 0.42705142
v -8.60006137 -5.37391478 0.63142766
v -8.56203748 -5.35015481 0.82500000
v -8.51427469 -5.32030931 1.00445636
v -8.45759024 -5.28488893 1.16672619
v -8.39295401 -5.24449973 1.30903301
v -8.32147194 -5.19983278 1.42894192
v -8.24436712 -5.15165234 1.52440123
v -8.16295883 -5.10078279 1.59377761
v -8.07863999 -5.04809453 1.63588402
v -7.99285331 -4.99448907 1.65000000
v -7.90706663 -4.94088360 1.63588402
v -7.82274778 -4.88819534 1.59377761
v -7.74133949 -4.83732579 1.52440123
v -7.66423467 -4.78914535 1.42894192
v -7.59275260 -4.74447840 1.30903301
v -7.52811637 -4.70408920 1.16672619
v -7.47143192 -4.66866882 1.00445636
v -7.42366913 -4.63882332 0.82500000
v -7.38564524 -4.61506335 0.63142766
v -7.35801085 -4.59779547 0.42705142
v -7.34123879 -4.58731512 0.21536822
v -7.33561603 -4.58380164 0.00000000
v -7.34123879 -4.58731512 -0.21536822
v -7.35801085 -4.59779547 -0.42705142
v -7.38564524 -4.61506335 -0.63142766
v -7.42366913 -4.63882332 -0.82500000
v -7.47143192 -4.66866882 -1.00445636
v -7.52811637 -4.70408920 -1.16672619
v -7.59275260 -4.74447840 -1.30903301
v -7.66423467 -4.78914535 -1.42894192
v -7.74133949 -4.83732579 -1.52440123
v -7.82274778 -4.88819534 -1.59377761
v -7.90706663 -4.94088360 -1.63588402
v -7.99285331 -4.99448907 -1.65000000
v -8.07863999 -5.04809453 -1.63588402
v -8.16295883 -5.10078279 -1.59377761
v -8.24436712 -5.15165234 -1.52440123
v -8.32147194 -5.19983278 -1.42894192
v -8.39295401 -5.24449973 -1.30903301
v -8.45759024 -5.28488893 -1.16672619
v -8.51427469 -5.32030931 -1.00445636
v -8.56203748 -5.35015481 -0.82500000
v -8.60006137 -5.37391478 -0.63142766
v -8.62769576 -5.39118266 -0.42705142
v -8.64446782 -5.40166301 -0.21536822
v -8.45618324 -5.70376762 0.00000000
v -8.45068653 -5.70006004 0.21536822
v -8.43429044 -5.68900074 0.42705142
v -8.40727553 -5.67077895 0.63142766
v -8.37010401 -5.64570644 0.82500000
v -8.32341191 -5.61421222 1.00445636
v -8.26799814 -5.57683516 1.16672619
v -8.20481085 -5.53421480 1.30903301
v -8.13493118 -5.48708037 1.42894192
v -8.05955480 -5.43623836 1.52440123
v -7.97997142 -5.38255869 1.59377761
v -7.89754274 -5.32695984 1.63588402
v -7.81367912 -5.27039312 1.65000000
v -7.72981551 -5.21382639 1.63588402
v -7.64738682 -5.15822754 1.59377761
v -7.56780344 -5.10454787 1.52440123
v -7.49242706 -5.05370587 1.42894192
v -7.42254740 -5.00657144 1.30903301
v -7.35936010 -4.96395107 1.16672619
v -7.30394633 -4.92657401 1.00445636
v -7.25725423 -4.89507979 0.82500000
v -7.22008272 -4.87000728 0.63142766
v -7.19306780 -4.85178549 0.42705142
v -7.17667171 -4.84072619 0.21536822
v -7.17117500 -4.83701862 0.00000000
v -7.17667171 -4.84072619 -0.21536822
v -7.19306780 -4.85178549 -0.42705142
v -7.22008272 -4.87000728 -0.63142766
v -7.25725423 -4.89507979 -0.82500000
v -7.30394633 -4.92657401 -1.00445636
v -7.35936010 -4.96395107 -1.16672619
v -7.42254740 -5.00657144 -1.30903301
v -7.49242706 -5.05370587 -1.42894192
v -7.56780344 -5.10454787 -1.52440123
v -7.64738682 -5.15822754 -1.59377761
v -7.72981551 -5.21382639 -1.63588402
v -7.81367912 -5.27039312 -1.65000000
v -7.89754274 -5.32695984 -1.63588402
v -7.97997142 -5.38255869 -1.59377761
v -8.05955480 -5.43623836 -1.52440123
v -8.13493118 -5.48708037 -1.42894192
v -8.20481085 -5.53421480 -1.30903301
v -8.26799814 -5.57683516 -1.16672619
v -8.32341191 -5.61421222 -1.00445636
v -8.37010401 -5.64570644 -0.82500000
v -8.40727553 -5.67077895 -0.63142766
v -8.43429044 -5.68900074 -0.42705142
v -8.45068653 -5.70006004 -0.21536822
v -8.25197334 -5.99540957 0.00000000
v -8.24660937 -5.99151242 0.21536822
v -8.23060924 -5.97988764 0.42705142
v -8.20424671 -5.96073415 0.63142766
v -8.16797286 -5.93437965 0.82500000
v -8.12240833 -5.90127508 1.00445636
v -8.06833276 -5.86198688 1.16672619
v -8.00667139 -5.81718727 1.30903301
v -7.93847926 -5.76764279 1.42894192
v -7.86492316 -5.71420115 1.52440123
v -7.78726165 -5.65777677 1.59377761
v -7.70682355 -5.59933507 1.63588402
v -7.62498517 -5.53987600 1.65000000
v -7.54314679 -5.48041694 1.63588402
v -7.46270869 -5.42197524 1.59377761
v -7.38504719 -5.36555085 1.52440123
v -7.31149109 -5.31210922 1.42894192
v -7.24329896 -5.26256474 1.30903301
v -7.18163758 -5.21776513 1.16672619
v -7.12756201 -5.17847692 1.00445636
v -7.08199749 -5.14537236 0.82500000
v -7.04572363 -5.11901786 0.63142766
v -7.01936111 -5.09986436 0.42705142
v -7.00336097 -5.08823959 0.21536822
v -6.99799700 -5.08434243 0.00000000
v -7.00336097 -5.08823959 -0.21536822
v -7.01936111 -5.09986436 -0.42705142
v -7.04572363 -5.11901786 -0.63142766
v -7.08199749 -5.14537236 -0.82500000
v -7.12756201 -5.17847692 -1.00445636
v -7.18163758 -5.21776513 -1.16672619
v -7.24329896 -5.26256474 -1.30903301
v -7.31149109 -5.31210922 -1.42894192
v -7.38504719 -5.36555085 -1.52440123
v -7.46270869 -5.42197524 -1.59377761
v -7.54314679 -5.48041694 -1.63588402
v -7.62498517 -5.53987600 -1.65000000
v -7.70682355 -5.59933507 -1.63588402
v -7.78726165 -5.65777677 -1.59377761
v -7.86492316 -5.71420115 -1.52440123
v -7.93847926 -5.76764279 -1.42894192
v -8.00667139 -5.81718727 -1.30903301
v -8.06833276 -5.86198688 -1.16672619
v -8.12240833 -5.90127508 -1.00445636
v -8.16797286 -5.93437965 -0.82500000
v -8.20424671 -5.96073415 -0.63142766
v -8.23060924 -5.97988764 -0.42705142
v -8.24660937 -5.99151242 -0.21536822
v -8.03770969 -6.27974705 0.00000000
v -8.03248499 -6.27566507 0.21536822
v -8.01690030 -6.26348898 0.42705142
v -7.99122228 -6.24342711 0.63142766
v -7.95589028 -6.21582273 0.82500000
v -7.91150885 -6.18114815 1.00445636
v -7.85883736 -6.13999667 1.16672619
v -7.79877703 -6.09307240 1.30903301
v -7.73235552 -6.04117823 1.42894192
v -7.66070931 -5.98520208 1.52440123
v -7.58506430 -5.92610171 1.59377761
v -7.50671479 -5.86488836 1.63588402
v -7.42700135 -5.80260940 1.65000000
v -7.34728792 -5.74033045 1.63588402
v -7.26893840 -5.67911710 1.59377761
v -7.19329339 -5.62001673 1.52440123
v -7.12164719 -5.56404058 1.42894192
v -7.05522567 -5.51214641 1.30903301
v -6.99516535 -5.46522214 1.16672619
v -6.94249386 -5.42407066 1.00445636
v -6.89811242 -5.38939608 0.82500000
v -6.86278042 -5.36179170 0.63142766
v -6.83710240 -5.34172983 0.42705142
v -6.82151771 -5.32955374 0.21536822
v -6.81629302 -5.32547176 0.00000000
v -6.82151771 -5.32955374 -0.21536822
v -6.83710240 -5.34172983 -0.42705142
v -6.86278042 -5.36179170 -0.63142766
v -6.89811242 -5.38939608 -0.82500000
v -6.94249386 -5.42407066 -1.00445636
v -6.99516535 -5.46522214 -1.16672619
v -7.05522567 -5.51214641 -1.30903301
v -7.12164719 -5.56404058 -1.42894192
v -7.19329339 -5.62001673 -1.52440123
v -7.26893840 -5.67911710 -1.59377761
v -7.34728792 -5.74033045 -1.63588402
v -7.42700135 -5.80260940 -1.65000000
v -7.50671479 -5.86488836 -1.63588402
v -7.58506430 -5.92610171 -1.59377761
v -7.66070931 -5.98520208 -1.52440123
v -7.73235552 -6.04117823 -1.42894192
v -7.79877703 -6.09307240 -1.30903301
v -7.85883736 -6.13999667 -1.16672619
v -7.91150885 -6.18114815 -1.00445636
v -7.95589028 -6.21582273 -0.82500000
v -7.99122228 -6.24342711 -0.63142766
v -8.01690030 -6.26348898 -0.42705142
v -8.03248499 -6.27566507 -0.21536822
v -7.81365332 -6.55643362 0.00000000
v -7.80857427 -6.55217179 0.21536822
v -7.79342401 -6.53945921 0.42705142
v -7.76846178 -6.51851342 0.63142766
v -7.73411469 -6.48969278 0.82500000
v -7.69097041 -6.45349044 1.00445636
v -7.63976717 -6.41052582 1.16672619
v -7.58138107 -6.36153406 1.30903301
v -7.51681110 -6.30735342 1.42894192
v -7.44716208 -6.24891095 1.52440123
v -7.37362572 -6.18720662 1.59377761
v -7.29746025 -6.12329620 1.63588402
v -7.21996888 -6.05827322 1.65000000
v -7.14247751 -5.99325024 1.63588402
v -7.06631204 -5.92933982 1.59377761
v -6.99277568 -5.86763549 1.52440123
v -6.92312665 -5.80919302 1.42894192
v -6.85855669 -5.75501239 1.30903301
v -6.80017058 -5.70602063 1.16672619
v -6.74896734 -5.66305601 1.00445636
v -6.70582307 -5.62685366 0.82500000
v -6.67147597 -5.59803303 0.63142766
v -6.64651374 -5.57708723 0.42705142
v -6.63136349 -5.56437466 0.21536822
v -6.62628443 -5.56011282 0.00000000
v -6.63136349 -5.56437466 -0.21536822
v -6.64651374 -5.57708723 -0.42705142
v -6.67147597 -5.59803303 -0.63142766
v -6.70582307 -5.62685366 -0.82500000
v -6.74896734 -5.66305601 -1.00445636
v -6.80017058 -5.70602063 -1.16672619
v -6.85855669 -5.75501239 -1.30903301
v -6.92312665 -5.80919302 -1.42894192
v -6.99277568 -5.86763549 -1.52440123
v -7.06631204 -5.92933982 -1.59377761
v -7.14247751 -5.99325024 -1.63588402
v -7.21996888 -6.05827322 -1.65000000
v -7.29746025 -6.12329620 -1.63588402
v -7.37362572 -6.18720662 -1.59377761
v -7.44716208 -6.24891095 -1.52440123
v -7.51681110 -6.30735342 -1.42894192
v -7.58138107 -6.36153406 -1.30903301
v -7.63976717 -6.41052582 -1.16672619
v -7.69097041 -6.45349044 -1.00445636
v -7.73411469 -6.48969278 -0.82500000
v -7.76846178 -6.51851342 -0.63142766
v -7.79342401 -6.53945921 -0.42705142
v -7.80857427 -6.55217179 -0.21536822
v -7.58007722 -6.82513218 0.00000000
v -7.57515000 -6.82069569 0.21536822
v -7.56045263 -6.80746213 0.42705142
v -7.53623661 -6.78565792 0.63142766
v -7.50291626 -6.75565615 0.82500000
v -7.46106171 -6.71797014 1.00445636
v -7.41138911 -6.67324473 1.16672619
v -7.35474836 -6.62224517 1.30903301
v -7.29210860 -6.56584407 1.42894192
v -7.22454162 -6.50500649 1.52440123
v -7.15320351 -6.44077337 1.59377761
v -7.07931487 -6.37424374 1.63588402
v -7.00413998 -6.30655596 1.65000000
v -6.92896509 -6.23886819 1.63588402
v -6.85507645 -6.17233856 1.59377761
v -6.78373834 -6.10810544 1.52440123
v -6.71617136 -6.04726785 1.42894192
v -6.65353160 -5.99086676 1.30903301
v -6.59689085 -5.93986720 1.16672619
v -6.54721825 -5.89514179 1.00445636
v -6.50536370 -5.85745578 0.82500000
v -6.47204335 -5.82745401 0.63142766
v -6.44782733 -5.80564980 0.42705142
v -6.43312996 -5.79241624 0.21536822
v -6.42820274 -5.78797975 0.00000000
v -6.43312996 -5.79241624 -0.21536822
v -6.44782733 -5.80564980 -0.42705142
v -6.47204335 -5.82745401 -0.63142766
v -6.50536370 -5.85745578 -0.82500000
v -6.54721825 -5.89514179 -1.00445636
v -6.59689085 -5.93986720 -1.16672619
v -6.65353160 -5.99086676 -1.30903301
v -6.71617136 -6.04726785 -1.42894192
v -6.78373834 -6.10810544 -1.52440123
v -6.85507645 -6.17233856 -1.59377761
v -6.92896509 -6.23886819 -1.63588402
v -7.00413998 -6.30655596 -1.65000000
v -7.07931487 -6.37424374 -1.63588402
v -7.15320351 -6.44077337 -1.59377761
v -7.22454162 -6.50500649 -1.52440123
v -7.29210860 -6.56584407 -1.42894192
v -7.35474836 -6.62224517 -1.30903301
v -7.41138911 -6.67324473 -1.16672619
v -7.46106171 -6.71797014 -1.00445636
v -7.50291626 -6.75565615 -0.82500000
v -7.53623661 -6.78565792 -0.63142766
v -7.56045263 -6.80746213 -0.42705142
v -7.57515000 -6.82069569 -0.21536822
v -7.33726596 -7.08551538 0.00000000
v -7.33249657 -7.08090963 0.21536822
v -7.31827001 -7.06717120 0.42705142
v -7.29482969 -7.04453515 0.63142766
v -7.26257669 -7.01338878 0.82500000
v -7.22206286 -6.97426503 1.00445636
v -7.17398141 -6.92783332 1.16672619
v -7.11915502 -6.87488809 1.30903301
v -7.05852179 -6.81633526 1.42894192
v -6.99311917 -6.75317668 1.52440123
v -6.92406622 -6.68649302 1.59377761
v -6.85254445 -6.61742525 1.63588402
v -6.77977762 -6.54715514 1.65000000
v -6.70701079 -6.47688503 1.63588402
v -6.63548902 -6.40781726 1.59377761
v -6.56643606 -6.34113360 1.52440123
v -6.50103345 -6.27797502 1.42894192
v -6.44040022 -6.21942219 1.30903301
v -6.38557383 -6.16647697 1.16672619
v -6.33749238 -6.12004525 1.00445636
v -6.29697855 -6.08092150 0.82500000
v -6.26472555 -6.04977514 0.63142766
v -6.24128523 -6.02713908 0.42705142
v -6.22705866 -6.01340065 0.21536822
v -6.22228927 -6.00879490 0.00000000
v -6.22705866 -6.01340065 -0.21536822
v -6.24128523 -6.02713908 -0.42705142
v -6.26472555 -6.04977514 -0.63142766
v -6.29697855 -6.08092150 -0.82500000
v -6.33749238 -6.12004525 -1.00445636
v -6.38557383 -6.16647697 -1.16672619
v -6.44040022 -6.21942219 -1.30903301
v -6.50103345 -6.27797502 -1.42894192
v -6.56643606 -6.34113360 -1.52440123
v -6.63548902 -6.40781726 -1.59377761
v -6.70701079 -6.47688503 -1.63588402
v -6.77977762 -6.54715514 -1.65000000
v -6.85254445 -6.61742525 -1.63588402
v -6.92406622 -6.68649302 -1.59377761
v -6.99311917 -6.75317668 -1.52440123
v -7.05852179 -6.81633526 -1.42894192
v -7.11915502 -6.87488809 -1.30903301
v -7.17398141 -6.92783332 -1.16672619
v -7.22206286 -6.97426503 -1.00445636
v -7.26257669 -7.01338878 -0.82500000
v -7.29482969 -7.04453515 -0.63142766
v -7.31827001 -7.06717120 -0.42705142
v -7.33249657 -7.08090963 -0.21536822
v -7.08551538 -7.33726596 0.00000000
v -7.08090963 -7.33249657 0.21536822
v -7.06717120 -7.31827001 0.42705142
v -7.04453515 -7.29482969 0.63142766
v -7.01338878 -7.26257669 0.82500000
v -6.97426503 -7.22206286 1.00445636
v -6.92783332 -7.17398141 1.16672619
v -6.87488809 -7.11915502 1.30903301
v -6.81633526 -7.05852179 1.42894192
v -6.75317668 -6.99311917 1.52440123
v -6.68649302 -6.92406622 1.59377761
v -6.61742525 -6.85254445 1.63588402
v -6.54715514 -6.77977762 1.65000000
v -6.47688503 -6.70701079 1.63588402
v -6.40781726 -6.63548902 1.59377761
v -6.34113360 -6.56643606 1.52440123
v -6.27797502 -6.50103345 1.42894192
v -6.21942219 -6.44040022 1.30903301
v -6.16647697 -6.38557383 1.16672619
v -6.12004525 -6.33749238 1.00445636
v -6.08092150 -6.29697855 0.82500000
v -6.04977514 -6.26472555 0.63142766
v -6.02713908 -6.24128523 0.42705142
v -6.01340065 -6.22705866 0.21536822
v -6.00879490 -6.22228927 0.00000000
v -6.01340065 -6.22705866 -0.21536822
v -6.02713908 -6.24128523 -0.42705142
v -6.04977514 -6.26472555 -0.63142766
v -6.08092150 -6.29697855 -0.82500000
v -6.12004525 -6.33749238 -1.00445636
v -6.16647697 -6.38557383 -1.16672619
v -6.21942219 -6.44040022 -1.30903301
v -6.27797502 -6.50103345 -1.42894192
v -6.34113360 -6.56643606 -1.52440123
v -6.40781726 -6.63548902 -1.59377761
v -6.47688503 -6.70701079 -1.63588402
v -6.54715514 -6.77977762 -1.65000000
v -6.61742525 -6.85254445 -1.63588402
v -6.68649302 -6.92406622 -1.59377761
v -6.75317668 -6.99311917 -1.52440123
v -6.81633526 -7.05852179 -1.42894192
v -6.87488809 -7.11915502 -1.30903301
v -6.92783332 -7.17398141 -1.16672619
v -6.97426503 -7.22206286 -1.00445636
v -7.01338878 -7.26257669 -0.82500000
v -7.04453515 -7.29482969 -0.63142766
v -7.06717120 -7.31827001 -0.42705142
v -7.08090963 -7.33249657 -0.21536822
v -6.82513218 -7.58007722 0.00000000
v -6.82069569 -7.57515000 0.21536822
v -6.80746213 -7.56045263 0.42705142
v -6.78565792 -7.53623661 0.63142766
v -6.75565615 -7.50291626 0.82500000
v -6.71797014 -7.46106171 1.00445636
v -6.67324473 -7.41138911 1.16672619
v -6.62224517 -7.35474836 1.30903301
v -6.56584407 -7.29210860 1.42894192
v -6.50500649 -7.22454162 1.52440123
v -6.44077337 -7.15320351 1.59377761
v -6.37424374 -7.07931487 1.63588402
v -6.30655596 -7.00413998 1.65000000
v -6.23886819 -6.92896509 1.63588402
v -6.17233856 -6.85507645 1.59377761
v -6.10810544 -6.78373834 1.52440123
v -6.04726785 -6.71617136 1.42894192
v -5.99086676 -6.65353160 1.30903301
v -5.93986720 -6.59689085 1.16672619
v -5.89514179 -6.54721825 1.00445636
v -5.85745578 -6.50536370 0.82500000
v -5.82745401 -6.47204335 0.63142766
v -5.80564980 -6.44782733 0.42705142
v -5.79241624 -6.43312996 0.21536822
v -5.78797975 -6.42820274 0.00000000
v -5.79241624 -6.43312996 -0.21536822
v -5.80564980 -6.44782733 -0.42705142
v -5.82745401 -6.47204335 -0.63142766
v -5.85745578 -6.50536370 -0.82500000
v -5.89514179 -6.54721825 -1.00445636
v -5.93986720 -6.59689085 -1.16672619
v -5.99086676 -6.65353160 -1.30903301
v -6.04726785 -6.71617136 -1.42894192
v -6.10810544 -6.78373834 -1.52440123
v -6.17233856 -6.85507645 -1.59377761
v -6.23886819 -6.92896509 -1.63588402
v -6.30655596 -7.00413998 -1.65000000
v -6.37424374 -7.07931487 -1.63588402
v -6.44077337 -7.15320351 -1.59377761
v -6.50500649 -7.22454162 -1.52440123
v -6.56584407 -7.29210860 -1.42894192
v -6.62224517 -7.35474836 -1.30903301
v -6.67324473 -7.41138911 -1.16672619
v -6.71797014 -7.46106171 -1.00445636
v -6.75565615 -7.50291626 -0.82500000
v -6.78565792 -7.53623661 -0.63142766
v -6.80746213 -7.56045263 -0.42705142
v -6.82069569 -7.57515000 -0.21536822
v -6.55643362 -7.81365332 0.00000000
v -6.55217179 -7.80857427 0.21536822
v -6.53945921 -7.79342401 0.42705142
v -6.51851342 -7.76846178 0.63142766
v -6.48969278 -7.73411469 0.82500000
v -6.45349044 -7.69097041 1.00445636
v -6.41052582 -7.63976717 1.16672619
v -6.36153406 -7.58138107 1.30903301
v -6.30735342 -7.51681110 1.42894192
v -6.24891095 -7.44716208 1.52440123
v -6.18720662 -7.37362572 1.59377761
v -6.12329620 -7.29746025 1.63588402
v -6.05827322 -7.21996888 1.65000000
v -5.99325024 -7.14247751 1.63588402
v -5.92933982 -7.06631204 1.59377761
v -5.86763549 -6.99277568 1.52440123
v -5.80919302 -6.92312665 1.42894192
v -5.75501239 -6.85855669 1.30903301
v -5.70602063 -6.80017058 1.16672619
v -5.66305601 -6.74896734 1.00445636
v -5.62685366 -6.70582307 0.82500000
v -5.59803303 -6.67147597 0.63142766
v -5.57708723 -6.64651374 0.42705142
v -5.56437466 -6.63136349 0.21536822
v -5.56011282 -6.62628443 0.00000000
v -5.56437466 -6.63136349 -0.21536822
v -5.57708723 -6.64651374 -0.42705142
v -5.59803303 -6.67147597 -0.63142766
v -5.62685366 -6.70582307 -0.82500000
v -5.66305601 -6.74896734 -1.00445636
v -5.70602063 -6.80017058 -1.16672619
v -5.75501239 -6.85855669 -1.30903301
v -5.80919302 -6.92312665 -1.42894192
v -5.86763549 -6.99277568 -1.52440123
v -5.92933982 -7.06631204 -1.59377761
v -5.99325024 -7.14247751 -1.63588402
v -6.05827322 -7.21996888 -1.65000000
v -6.12329620 -7.29746025 -1.63588402
v -6.18720662 -7.37362572 -1.59377761
v -6.24891095 -7.44716208 -1.52440123
v -6.30735342 -7.51681110 -1.42894192
v -6.36153406 -7.58138107 -1.30903301
v -6.41052582 -7.63976717 -1.16672619
v -6.45349044 -7.69097041 -1.00445636
v -6.48969278 -7.73411469 -0.82500000
v -6.51851342 -7.76846178 -0.63142766
v -6.53945921 -7.79342401 -0.42705142
v -6.55217179 -7.80857427 -0.21536822
v -6.27974705 -8.03770969 0.00000000
v -6.27566507 -8.03248499 0.21536822
v -6.26348898 -8.01690030 0.42705142
v -6.24342711 -7.99122228 0.63142766
v -6.21582273 -7.95589028 0.82500000
v -6.18114815 -7.91150885 1.00445636
v -6.13999667 -7.85883736 1.16672619
v -6.09307240 -7.79877703 1.30903301
v -6.04117823 -7.73235552 1.42894192
v -5.98520208 -7.66070931 1.52440123
v -5.92610171 -7.58506430 1.59377761
v -5.86488836 -7.50671479 1.63588402
v -5.80260940 -7.42700135 1.65000000
v -5.74033045 -7.34728792 1.63588402
v -5.67911710 -7.26893840 1.59377761
v -5.62001673 -7.19329339 1.52440123
v -5.56404058 -7.12164719 1.42894192
v -5.51214641 -7.05522567 1.30903301
v -5.46522214 -6.99516535 1.16672619
v -5.42407066 -6.94249386 1.00445636
v -5.38939608 -6.89811242 0.82500000
v -5.36179170 -6.86278042 0.63142766
v -5.34172983 -6.83710240 0.42705142
v -5.32955374 -6.82151771 0.21536822
v -5.32547176 -6.81629302 0.00000000
v -5.32955374 -6.82151771 -0.21536822
v -5.34172983 -6.83710240 -0.42705142
v -5.36179170 -6.86278042 -0.63142766
v -5.38939608 -6.89811242 -0.82500000
v -5.42407066 -6.94249386 -1.00445636
v -5.46522214 -6.99516535 -1.16672619
v -5.51214641 -7.05522567 -1.30903301
v -5.56404058 -7.12164719 -1.42894192
v -5.62001673 -7.19329339 -1.52440123
v -5.67911710 -7.26893840 -1.59377761
v -5.74033045 -7.34728792 -1.63588402
v -5.80260940 -7.42700135 -1.65000000
v -5.86488836 -7.50671479 -1.63588402
v -5.92610171 -7.58506430 -1.59377761
v -5.98520208 -7.66070931 -1.52440123
v -6.04117823 -7.73235552 -1.42894192
v -6.09307240 -7.79877703 -1.30903301
v -6.13999667 -7.85883736 -1.16672619
v -6.18114815 -7.91150885 -1.00445636
v -6.21582273 -7.95589028 -0.82500000
v -6.24342711 -7.99122228 -0.63142766
v -6.26348898 -8.01690030 -0.42705142
v -6.27566507 -8.03248499 -0.21536822
v -5.99540957 -8.25197334 0.00000000
v -5.99151242 -8.24660937 0.21536822
v -5.97988764 -8.23060924 0.42705142
v -5.96073415 -8.20424671 0.63142766
v -5.93437965 -8.16797286 0.82500000
v -5.90127508 -8.12240833 1.00445636
v -5.86198688 -8.06833276 1.16672619
v -5.81718727 -8.00667139 1.30903301
v -5.76764279 -7.93847926 1.42894192
v -5.71420115 -7.86492316 1.52440123
v -5.65777677 -7.78726165 1.59377761
v -5.59933507 -7.70682355 1.63588402
v -5.53987600 -7.62498517 1.65000000
v -5.48041694 -7.54314679 1.63588402
v -5.42197524 -7.46270869 1.59377761
v -5.36555085 -7.38504719 1.52440123
v -5.31210922 -7.31149109 1.42894192
v -5.26256474 -7.24329896 1.30903301
v -5.21776513 -7.18163758 1.16672619
v -5.17847692 -7.12756201 1.00445636
v -5.14537236 -7.08199749 0.82500000
v -5.11901786 -7.04572363 0.63142766
v -5.09986436 -7.01936111 0.42705142
v -5.08823959 -7.00336097 0.21536822
v -5.08434243 -6.99799700 0.00000000
v -5.08823959 -7.00336097 -0.21536822
v -5.09986436 -7.01936111 -0.42705142
v -5.11901786 -7.04572363 -0.63142766
v -5.14537236 -7.08199749 -0.82500000
v -5.17847692 -7.12756201 -1.00445636
v -5.21776513 -7.18163758 -1.16672619
v -5.26256474 -7.24329896 -1.30903301
v -5.31210922 -7.31149109 -1.42894192
v -5.36555085 -7.38504719 -1.52440123
v -5.42197524 -7.46270869 -1.59377761
v -5.48041694 -7.54314679 -1.63588402
v -5.53987600 -7.62498517 -1.65000000
v -5.59933507 -7.70682355 -1.63588402
v -5.65777677 -7.78726165 -1.59377761
v -5.71420115 -7.86492316 -1.52440123
v -5.76764279 -7.93847926 -1.42894192
v -5.81718727 -8.00667139 -1.30903301
v -5.86198688 -8.06833276 -1.16672619
v -5.90127508 -8.12240833 -1.00445636
v -5.93437965 -8.16797286 -0.82500000
v -5.96073415 -8.20424671 -0.63142766
v -5.97988764 -8.23060924 -0.42705142
v -5.99151242 -8.24660937 -0.21536822
v -5.70376762 -8.45618324 0.00000000
v -5.70006004 -8.45068653 0.21536822
v -5.68900074 -8.43429044 0.42705142
v -5.67077895 -8.40727553 0.63142766
v -5.64570644 -8.37010401 0.82500000
v -5.61421222 -8.32341191 1.00445636
v -5.57683516 -8.26799814 1.16672619
v -5.53421480 -8.20481085 1.30903301
v -5.48708037 -8.13493118 1.42894192
v -5.43623836 -8.05955480 1.52440123
v -5.38255869 -7.97997142 1.59377761
v -5.32695984 -7.89754274 1.63588402
v -5.27039312 -7.81367912 1.65000000
v -5.21382639 -7.72981551 1.63588402
v -5.15822754 -7.64738682 1.59377761
v -5.10454787 -7.56780344 1.52440123
v -5.05370587 -7.49242706 1.42894192
v -5.00657144 -7.42254740 1.30903301
v -4.96395107 -7.35936010 1.16672619
v -4.92657401 -7.30394633 1.00445636
v -4.89507979 -7.25725423 0.82500000
v -4.87000728 -7.22008272 0.63142766
v -4.85178549 -7.19306780 0.42705142
v -4.84072619 -7.17667171 0.21536822
v -4.83701862 -7.17117500 0.00000000
v -4.84072619 -7.17667171 -0.21536822
v -4.85178549 -7.19306780 -0.42705142
v -4.87000728 -7.22008272 -0.63142766
v -4.89507979 -7.25725423 -0.82500000
v -4.92657401 -7.30394633 -1.00445636
v -4.96395107 -7.35936010 -1.16672619
v -5.00657144 -7.42254740 -1.30903301
v -5.05370587 -7.49242706 -1.42894192
v -5.10454787 -7.56780344 -1.52440123
v -5.15822754 -7.64738682 -1.59377761
v -5.21382639 -7.72981551 -1.63588402
v -5.27039312 -7.81367912 -1.65000000
v -5.32695984 -7.89754274 -1.63588402
v -5.38255869 -7.97997142 -1.59377761
v -5.43623836 -8.05955480 -1.52440123
v -5.48708037 -8.13493118 -1.42894192
v -5.53421480 -8.20481085 -1.30903301
v -5.57683516 -8.26799814 -1.16672619
v -5.61421222 -8.32341191 -1.00445636
v -5.64570644 -8.37010401 -0.82500000
v -5.67077895 -8.40727553 -0.63142766
v -5.68900074 -8.43429044 -0.42705142
v -5.70006004 -8.45068653 -0.21536822
v -5.40517650 -8.65009058 0.00000000
v -5.40166301 -8.64446782 0.21536822
v -5.39118266 -8.62769576 0.42705142
v -5.37391478 -8.60006137 0.63142766
v -5.35015481 -8.56203748 0.82500000
v -5.32030931 -8.51427469 1.00445636
v -5.28488893 -8.45759024 1.16672619
v -5.24449973 -8.39295401 1.30903301
v -5.19983278 -8.32147194 1.42894192
v -5.15165234 -8.24436712 1.52440123
v -5.10078279 -8.16295883 1.59377761
v -5.04809453 -8.07863999 1.63588402
v -4.99448907 -7.99285331 1.65000000
v -4.94088360 -7.90706663 1.63588402
v -4.88819534 -7.82274778 1.59377761
v -4.83732579 -7.74133949 1.52440123
v -4.78914535 -7.66423467 1.42894192
v -4.74447840 -7.59275260 1.30903301
v -4.70408920 -7.52811637 1.16672619
v -4.66866882 -7.47143192 1.00445636
v -4.63882332 -7.42366913 0.82500000
v -4.61506335 -7.38564524 0.63142766
v -4.59779547 -7.35801085 0.42705142
v -4.58731512 -7.34123879 0.21536822
v -4.58380164 -7.33561603 0.00000000
v -4.58731512 -7.34123879 -0.21536822
v -4.59779547 -7.35801085 -0.42705142
v -4.61506335 -7.38564524 -0.63142766
v -4.63882332 -7.42366913 -0.82500000
v -4.66866882 -7.47143192 -1.00445636
v -4.70408920 -7.52811637 -1.16672619
v -4.74447840 -7.59275260 -1.30903301
v -4.78914535 -7.66423467 -1.42894192
v -4.83732579 -7.74133949 -1.52440123
v -4.88819534 -7.82274778 -1.59377761
v -4.94088360 -7.90706663 -1.63588402
v -4.99448907 -7.99285331 -1.65000000
v -5.04809453 -8.07863999 -1.63588402
v -5.10078279 -8.16295883 -1.59377761
v -5.15165234 -8.24436712 -1.52440123
v -5.19983278 -8.32147194 -1.42894192
v -5.24449973 -8.39295401 -1.30903301
v -5.28488893 -8.45759024 -1.16672619
v -5.32030931 -8.51427469 -1.00445636
v -5.35015481 -8.56203748 -0.82500000
v -5.37391478 -8.60006137 -0.63142766
v -5.39118266 -8.62769576 -0.42705142
v -5.40166301 -8.64446782 -0.21536822
v -5.10000000 -8.83345912 0.00000000
v -5.09668488 -8.82771717 0.21536822
v -5.08679626 -8.81058957 0.42705142
v -5.07050332 -8.78236937 0.63142766
v -5.04808484 -8.74353943 0.82500000
v -5.01992442 -8.69476414 1.00445636
v -4.98650388 -8.63687807 1.16672619
v -4.94839505 -8.57087165 1.30903301
v -4.90625000 -8.49787427 1.42894192
v -4.86078983 -8.41913495 1.52440123
v -4.81279238 -8.33600093 1.59377761
v -4.76307890 -8.24989465 1.63588402
v -4.71250000 -8.16228943 1.65000000
v -4.66192110 -8.07468421 1.63588402
v -4.61220762 -7.98857793 1.59377761
v -4.56421017 -7.90544391 1.52440123
v -4.51875000 -7.82670459 1.42894192
v -4.47660495 -7.75370721 1.30903301
v -4.43849612 -7.68770079 1.16672619
v -4.40507558 -7.62981472 1.00445636
v -4.37691516 -7.58103943 0.82500000
v -4.35449668 -7.54220949 0.63142766
v -4.33820374 -7.51398930 0.42705142
v -4.32831512 -7.49686169 0.21536822
v -4.32500000 -7.49111974 0.00000000
v -4.32831512 -7.49686169 -0.21536822
v -4.33820374 -7.51398930 -0.42705142
v -4.35449668 -7.54220949 -0.63142766
v -4.37691516 -7.58103943 -0.82500000
v -4.40507558 -7.62981472 -1.00445636
v -4.43849612 -7.68770079 -1.16672619
v -4.47660495 -7.75370721 -1.30903301
v -4.51875000 -7.82670459 -1.42894192
v -4.56421017 -7.90544391 -1.52440123
v -4.61220762 -7.98857793 -1.59377761
v -4.66192110 -8.07468421 -1.63588402
v -4.71250000 -8.16228943 -1.65000000
v -4.76307890 -8.24989465 -1.63588402
v -4.81279238 -8.33600093 -1.59377761
v -4.86078983 -8.41913495 -1.52440123
v -4.90625000 -8.49787427 -1.42894192
v -4.94839505 -8.57087165 -1.30903301
v -4.98650388 -8.63687807 -1.16672619
v -5.01992442 -8.69476414 -1.00445636
v -5.04808484 -8.74353943 -0.82500000
v -5.07050332 -8.78236937 -0.63142766
v -5.08679626 -8.81058957 -0.42705142
v -5.09668488 -8.82771717 -0.21536822
v -4.78860994 -9.00606545 0.00000000
v -4.78549723 -9.00021130 0.21536822
v -4.77621238 -8.98274902 0.42705142
v -4.76091423 -8.95397740 0.63142766
v -4.73986456 -8.91438872 0.82500000
v -4.71342352 -8.86466036 1.00445636
v -4.68204354 -8.80564319 1.16672619
v -4.64626152 -8.73834700 1.30903301
v -4.60668971 -8.66392325 1.42894192
v -4.56400520 -8.58364536 1.52440123
v -4.51893832 -8.49888689 1.59377761
v -4.47226019 -8.41109810 1.63588402
v -4.42476948 -8.32178106 1.65000000
v -4.37727877 -8.23246403 1.63588402
v -4.33060064 -8.14467523 1.59377761
v -4.28553376 -8.05991677 1.52440123
v -4.24284925 -7.97963887 1.42894192
v -4.20327744 -7.90521512 1.30903301
v -4.16749542 -7.83791893 1.16672619
v -4.13611543 -7.77890176 1.00445636
v -4.10967440 -7.72917340 0.82500000
v -4.08862472 -7.68958473 0.63142766
v -4.07332658 -7.66081310 0.42705142
v -4.06404172 -7.64335083 0.21536822
v -4.06092902 -7.63749668 0.00000000
v -4.06404172 -7.64335083 -0.21536822
v -4.07332658 -7.66081310 -0.42705142
v -4.08862472 -7.68958473 -0.63142766
v -4.10967440 -7.72917340 -0.82500000
v -4.13611543 -7.77890176 -1.00445636
v -4.16749542 -7.83791893 -1.16672619
v -4.20327744 -7.90521512 -1.30903301
v -4.24284925 -7.97963887 -1.42894192
v -4.28553376 -8.05991677 -1.52440123
v -4.33060064 -8.14467523 -1.59377761
v -4.37727877 -8.23246403 -1.63588402
v -4.42476948 -8.32178106 -1.65000000
v -4.47226019 -8.41109810 -1.63588402
v -4.51893832 -8.49888689 -1.59377761
v -4.56400520 -8.58364536 -1.52440123
v -4.60668971 -8.66392325 -1.42894192
v -4.64626152 -8.73834700 -1.30903301
v -4.68204354 -8.80564319 -1.16672619
v -4.71342352 -8.86466036 -1.00445636
v -4.73986456 -8.91438872 -0.82500000
v -4.76091423 -8.95397740 -0.63142766
v -4.77621238 -8.98274902 -0.42705142
v -4.78549723 -9.00021130 -0.21536822
v -4.47138570 -9.16769927 0.00000000
v -4.46847919 -9.16174006 0.21536822
v -4.45980942 -9.14396438 0.42705142
v -4.44552471 -9.11467639 0.63142766
v -4.42586948 -9.07437721 0.82500000
v -4.40118005 -9.02375636 1.00445636
v -4.37187885 -8.96367999 1.16672619
v -4.33846723 -8.89517603 1.30903301
v -4.30151688 -8.81941658 1.42894192
v -4.26166002 -8.73769792 1.52440123
v -4.21957863 -8.65141827 1.59377761
v -4.17599272 -8.56205391 1.63588402
v -4.13164806 -8.47113389 1.65000000
v -4.08730340 -8.38021386 1.63588402
v -4.04371749 -8.29084950 1.59377761
v -4.00163609 -8.20456985 1.52440123
v -3.96177924 -8.12285119 1.42894192
v -3.92482889 -8.04709175 1.30903301
v -3.89141727 -7.97858778 1.16672619
v -3.86211607 -7.91851141 1.00445636
v -3.83742663 -7.86789057 0.82500000
v -3.81777141 -7.82759138 0.63142766
v -3.80348670 -7.79830339 0.42705142
v -3.79481692 -7.78052771 0.21536822
v -3.79191042 -7.77456850 0.00000000
v -3.79481692 -7.78052771 -0.21536822
v -3.80348670 -7.79830339 -0.42705142
v -3.81777141 -7.82759138 -0.63142766
v -3.83742663 -7.86789057 -0.82500000
v -3.86211607 -7.91851141 -1.00445636
v -3.89141727 -7.97858778 -1.16672619
v -3.92482889 -8.04709175 -1.30903301
v -3.96177924 -8.12285119 -1.42894192
v -4.00163609 -8.20456985 -1.52440123
v -4.04371749 -8.29084950 -1.59377761
v -4.08730340 -8.38021386 -1.63588402
v -4.13164806 -8.47113389 -1.65000000
v -4.17599272 -8.56205391 -1.63588402
v -4.21957863 -8.65141827 -1.59377761
v -4.26166002 -8.73769792 -1.52440123
v -4.30151688 -8.81941658 -1.42894192
v -4.33846723 -8.89517603 -1.30903301
v -4.37187885 -8.96367999 -1.16672619
v -4.40118005 -9.02375636 -1.00445636
v -4.42586948 -9.07437721 -0.82500000
v -4.44552471 -9.11467639 -0.63142766
v -4.45980942 -9.14396438 -0.42705142
v -4.46847919 -9.16174006 -0.21536822
v -4.14871376 -9.31816367 0.00000000
v -4.14601700 -9.31210665 0.21536822
v -4.13797287 -9.29403923 0.42705142
v -4.12471900 -9.26427055 0.63142766
v -4.10648217 -9.22330996 0.82500000
v -4.08357441 -9.17185830 1.00445636
v -4.05638770 -9.11079593 1.16672619
v -4.02538719 -9.04116765 1.30903301
v -3.99110331 -8.96416480 1.42894192
v -3.95412268 -8.88110494 1.52440123
v -3.91507803 -8.79340923 1.59377761
v -3.87463744 -8.70257819 1.63588402
v -3.83349286 -8.61016594 1.65000000
v -3.79234828 -8.51775369 1.63588402
v -3.75190769 -8.42692264 1.59377761
v -3.71286305 -8.33922694 1.52440123
v -3.67588241 -8.25616707 1.42894192
v -3.64159854 -8.17916423 1.30903301
v -3.61059803 -8.10953594 1.16672619
v -3.58341131 -8.04847357 1.00445636
v -3.56050356 -7.99702192 0.82500000
v -3.54226672 -7.95606133 0.63142766
v -3.52901285 -7.92629265 0.42705142
v -3.52096872 -7.90822523 0.21536822
v -3.51827196 -7.90216821 0.00000000
v -3.52096872 -7.90822523 -0.21536822
v -3.52901285 -7.92629265 -0.42705142
v -3.54226672 -7.95606133 -0.63142766
v -3.56050356 -7.99702192 -0.82500000
v -3.58341131 -8.04847357 -1.00445636
v -3.61059803 -8.10953594 -1.16672619
v -3.64159854 -8.17916423 -1.30903301
v -3.67588241 -8.25616707 -1.42894192
v -3.71286305 -8.33922694 -1.52440123
v -3.75190769 -8.42692264 -1.59377761
v -3.79234828 -8.51775369 -1.63588402
v -3.83349286 -8.61016594 -1.65000000
v -3.87463744 -8.70257819 -1.63588402
v -3.91507803 -8.79340923 -1.59377761
v -3.95412268 -8.88110494 -1.52440123
v -3.99110331 -8.96416480 -1.42894192
v -4.02538719 -9.04116765 -1.30903301
v -4.05638770 -9.11079593 -1.16672619
v -4.08357441 -9.17185830 -1.00445636
v -4.10648217 -9.22330996 -0.82500000
v -4.12471900 -9.26427055 -0.63142766
v -4.13797287 -9.29403923 -0.42705142
v -4.14601700 -9.31210665 -0.21536822
v -3.82098725 -9.45727532 0.00000000
v -3.81850352 -9.45112787 0.21536822
v -3.81109483 -9.43279072 0.42705142
v -3.79888795 -9.40257762 0.63142766
v -3.78209173 -9.36100553 0.82500000
v -3.76099357 -9.30878575 1.00445636
v -3.73595446 -9.24681177 1.16672619
v -3.70740283 -9.17614400 1.30903301
v -3.67582720 -9.09799157 1.42894192
v -3.64176784 -9.01369170 1.52440123
v -3.60580752 -8.92468678 1.59377761
v -3.56856152 -8.83249971 1.63588402
v -3.53066714 -8.73870783 1.65000000
v -3.49277276 -8.64491595 1.63588402
v -3.45552677 -8.55272888 1.59377761
v -3.41956645 -8.46372396 1.52440123
v -3.38550709 -8.37942409 1.42894192
v -3.35393146 -8.30127166 1.30903301
v -3.32537982 -8.23060389 1.16672619
v -3.30034071 -8.16862991 1.00445636
v -3.27924255 -8.11641013 0.82500000
v -3.26244634 -8.07483804 0.63142766
v -3.25023945 -8.04462494 0.42705142
v -3.24283076 -8.02628779 0.21536822
v -3.24034703 -8.02014034 0.00000000
v -3.24283076 -8.02628779 -0.21536822
v -3.25023945 -8.04462494 -0.42705142
v -3.26244634 -8.07483804 -0.63142766
v -3.27924255 -8.11641013 -0.82500000
v -3.30034071 -8.16862991 -1.00445636
v -3.32537982 -8.23060389 -1.16672619
v -3.35393146 -8.30127166 -1.30903301
v -3.38550709 -8.37942409 -1.42894192
v -3.41956645 -8.46372396 -1.52440123
v -3.45552677 -8.55272888 -1.59377761
v -3.49277276 -8.64491595 -1.63588402
v -3.53066714 -8.73870783 -1.65000000
v -3.56856152 -8.83249971 -1.63588402
v -3.60580752 -8.92468678 -1.59377761
v -3.64176784 -9.01369170 -1.52440123
v -3.67582720 -9.09799157 -1.42894192
v -3.70740283 -9.17614400 -1.30903301
v -3.73595446 -9.24681177 -1.16672619
v -3.76099357 -9.30878575 -1.00445636
v -3.78209173 -9.36100553 -0.82500000
v -3.79888795 -9.40257762 -0.63142766
v -3.81109483 -9.43279072 -0.42705142
v -3.81850352 -9.45112787 -0.21536822
v -3.48860546 -9.58486473 0.00000000
v -3.48633779 -9.57863435 0.21536822
v -3.47957357 -9.56004981 0.42705142
v -3.46842854 -9.52942910 0.63142766
v -3.45309340 -9.48729615 0.82500000
v -3.43383054 -9.43437187 1.00445636
v -3.41096954 -9.37156179 1.16672619
v -3.38490157 -9.29994063 1.30903301
v -3.35607266 -9.22073384 1.42894192
v -3.32497607 -9.13529667 1.52440123
v -3.29214388 -9.04509097 1.59377761
v -3.25813786 -8.95166019 1.63588402
v -3.22353985 -8.85660295 1.65000000
v -3.18894185 -8.76154571 1.63588402
v -3.15493582 -8.66811493 1.59377761
v -3.12210363 -8.57790923 1.52440123
v -3.09100705 -8.49247206 1.42894192
v -3.06217813 -8.41326527 1.30903301
v -3.03611016 -8.34164411 1.16672619
v -3.01324916 -8.27883403 1.00445636
v -2.99398630 -8.22590975 0.82500000
v -2.97865116 -8.18377680 0.63142766
v -2.96750613 -8.15315609 0.42705142
v -2.96074191 -8.13457155 0.21536822
v -2.95847424 -8.12834117 0.00000000
v -2.96074191 -8.13457155 -0.21536822
v -2.96750613 -8.15315609 -0.42705142
v -2.97865116 -8.18377680 -0.63142766
v -2.99398630 -8.22590975 -0.82500000
v -3.01324916 -8.27883403 -1.00445636
v -3.03611016 -8.34164411 -1.16672619
v -3.06217813 -8.41326527 -1.30903301
v -3.09100705 -8.49247206 -1.42894192
v -3.12210363 -8.57790923 -1.52440123
v -3.15493582 -8.66811493 -1.59377761
v -3.18894185 -8.76154571 -1.63588402
v -3.22353985 -8.85660295 -1.65000000
v -3.25813786 -8.95166019 -1.63588402
v -3.29214388 -9.04509097 -1.59377761
v -3.32497607 -9.13529667 -1.52440123
v -3.35607266 -9.22073384 -1.42894192
v -3.38490157 -9.29994063 -1.30903301
v -3.41096954 -9.37156179 -1.16672619
v -3.43383054 -9.43437187 -1.00445636
v -3.45309340 -9.48729615 -0.82500000
v -3.46842854 -9.52942910 -0.63142766
v -3.47957357 -9.56004981 -0.42705142
v -3.48633779 -9.57863435 -0.21536822
v -3.15197334 -9.70077647 0.00000000
v -3.14992449 -9.69447074 0.21536822
v -3.14381298 -9.67566146 0.42705142
v -3.13374339 -9.64467044 0.63142766
v -3.11988801 -9.60202797 0.82500000
v -3.10248391 -9.54846366 1.00445636
v -3.08182888 -9.48489401 1.16672619
v -3.05827633 -9.41240672 1.30903301
v -3.03222926 -9.33224207 1.42894192
v -3.00413333 -9.24577168 1.52440123
v -2.97446927 -9.15447511 1.59377761
v -2.94374465 -9.05991445 1.63588402
v -2.91248517 -8.96370767 1.65000000
v -2.88122569 -8.86750088 1.63588402
v -2.85050107 -8.77294022 1.59377761
v -2.82083702 -8.68164365 1.52440123
v -2.79274109 -8.59517327 1.42894192
v -2.76669401 -8.51500861 1.30903301
v -2.74314146 -8.44252132 1.16672619
v -2.72248643 -8.37895167 1.00445636
v -2.70508233 -8.32538736 0.82500000
v -2.69122695 -8.28274489 0.63142766
v -2.68115736 -8.25175388 0.42705142
v -2.67504586 -8.23294459 0.21536822
v -2.67299700 -8.22663887 0.00000000
v -2.67504586 -8.23294459 -0.21536822
v -2.68115736 -8.25175388 -0.42705142
v -2.69122695 -8.28274489 -0.63142766
v -2.70508233 -8.32538736 -0.82500000
v -2.72248643 -8.37895167 -1.00445636
v -2.74314146 -8.44252132 -1.16672619
v -2.76669401 -8.51500861 -1.30903301
v -2.79274109 -8.59517327 -1.42894192
v -2.82083702 -8.68164365 -1.52440123
v -2.85050107 -8.77294022 -1.59377761
v -2.88122569 -8.86750088 -1.63588402
v -2.91248517 -8.96370767 -1.65000000
v -2.94374465 -9.05991445 -1.63588402
v -2.97446927 -9.15447511 -1.59377761
v -3.00413333 -9.24577168 -1.52440123
v -3.03222926 -9.33224207 -1.42894192
v -3.05827633 -9.41240672 -1.30903301
v -3.08182888 -9.48489401 -1.16672619
v -3.10248391 -9.54846366 -1.00445636
v -3.11988801 -9.60202797 -0.82500000
v -3.13374339 -9.64467044 -0.63142766
v -3.14381298 -9.67566146 -0.42705142
v -3.14992449 -9.69447074 -0.21536822
v -2.81150103 -9.80486930 0.00000000
v -2.80967349 -9.79849591 0.21536822
v -2.80422214 -9.77948480 0.42705142
v -2.79524025 -9.74816124 0.63142766
v -2.78288152 -9.70506120 0.82500000
v -2.76735739 -9.65092212 1.00445636
v -2.74893349 -9.58667035 1.16672619
v -2.72792506 -9.51340524 1.30903301
v -2.70469155 -9.43238039 1.42894192
v -2.67963051 -9.34498215 1.52440123
v -2.65317073 -9.25270593 1.59377761
v -2.62576495 -9.15713060 1.63588402
v -2.59788208 -9.05989148 1.65000000
v -2.56999921 -8.96265237 1.63588402
v -2.54259343 -8.86707704 1.59377761
v -2.51613365 -8.77480082 1.52440123
v -2.49107260 -8.68740258 1.42894192
v -2.46783910 -8.60637773 1.30903301
v -2.44683067 -8.53311262 1.16672619
v -2.42840677 -8.46886085 1.00445636
v -2.41288264 -8.41472177 0.82500000
v -2.40052390 -8.37162173 0.63142766
v -2.39154202 -8.34029817 0.42705142
v -2.38609067 -8.32128706 0.21536822
v -2.38426313 -8.31491367 0.00000000
v -2.38609067 -8.32128706 -0.21536822
v -2.39154202 -8.34029817 -0.42705142
v -2.40052390 -8.37162173 -0.63142766
v -2.41288264 -8.41472177 -0.82500000
v -2.42840677 -8.46886085 -1.00445636
v -2.44683067 -8.53311262 -1.16672619
v -2.46783910 -8.60637773 -1.30903301
v -2.49107260 -8.68740258 -1.42894192
v -2.51613365 -8.77480082 -1.52440123
v -2.54259343 -8.86707704 -1.59377761
v -2.56999921 -8.96265237 -1.63588402
v -2.59788208 -9.05989148 -1.65000000
v -2.62576495 -9.15713060 -1.63588402
v -2.65317073 -9.25270593 -1.59377761
v -2.67963051 -9.34498215 -1.52440123
v -2.70469155 -9.43238039 -1.42894192
v -2.72792506 -9.51340524 -1.30903301
v -2.74893349 -9.58667035 -1.16672619
v -2.76735739 -9.65092212 -1.00445636
v -2.78288152 -9.70506120 -0.82500000
v -2.79524025 -9.74816124 -0.63142766
v -2.80422214 -9.77948480 -0.42705142
v -2.80967349 -9.79849591 -0.21536822
v -2.46760334 -9.89701641 0.00000000
v -2.46599934 -9.89058312 0.21536822
v -2.46121479 -9.87139334 0.42705142
v -2.45333155 -9.83977540 0.63142766
v -2.44248451 -9.79627030 0.82500000
v -2.42885926 -9.74162242 1.00445636
v -2.41268894 -9.67676680 1.16672619
v -2.39425022 -9.60281315 1.30903301
v -2.37385860 -9.52102681 1.42894192
v -2.35186298 -9.43280720 1.52440123
v -2.32863971 -9.33966376 1.59377761
v -2.30458615 -9.24319020 1.63588402
v -2.28011387 -9.14503722 1.65000000
v -2.25564158 -9.04688424 1.63588402
v -2.23158802 -8.95041068 1.59377761
v -2.20836475 -8.85726724 1.52440123
v -2.18636913 -8.76904763 1.42894192
v -2.16597751 -8.68726130 1.30903301
v -2.14753879 -8.61330764 1.16672619
v -2.13136847 -8.54845202 1.00445636
v -2.11774322 -8.49380414 0.82500000
v -2.10689618 -8.45029904 0.63142766
v -2.09901295 -8.41868110 0.42705142
v -2.09422840 -8.39949132 0.21536822
v -2.09262440 -8.39305803 0.00000000
v -2.09422840 -8.39949132 -0.21536822
v -2.09901295 -8.41868110 -0.42705142
v -2.10689618 -8.45029904 -0.63142766
v -2.11774322 -8.49380414 -0.82500000
v -2.13136847 -8.54845202 -1.00445636
v -2.14753879 -8.61330764 -1.16672619
v -2.16597751 -8.68726130 -1.30903301
v -2.18636913 -8.76904763 -1.42894192
v -2.20836475 -8.85726724 -1.52440123
v -2.23158802 -8.95041068 -1.59377761
v -2.25564158 -9.04688424 -1.63588402
v -2.28011387 -9.14503722 -1.65000000
v -2.30458615 -9.24319020 -1.63588402
v -2.32863971 -9.33966376 -1.59377761
v -2.35186298 -9.43280720 -1.52440123
v -2.37385860 -9.52102681 -1.42894192
v -2.39425022 -9.60281315 -1.30903301
v -2.41268894 -9.67676680 -1.16672619
v -2.42885926 -9.74162242 -1.00445636
v -2.44248451 -9.79627030 -0.82500000
v -2.45333155 -9.83977540 -0.63142766
v -2.46121479 -9.87139334 -0.42705142
v -2.46599934 -9.89058312 -0.21536822
v -2.12069925 -9.97710553 0.00000000
v -2.11932074 -9.97062018 0.21536822
v -2.11520882 -9.95127511 0.42705142
v -2.10843384 -9.91940131 0.63142766
v -2.09911171 -9.87554416 0.82500000
v -2.08740195 -9.82045405 1.00445636
v -2.07350490 -9.75507361 1.16672619
v -2.05765836 -9.68052150 1.30903301
v -2.04013347 -9.59807333 1.42894192
v -2.02123006 -9.50913982 1.52440123
v -2.00127160 -9.41524264 1.59377761
v -1.98059957 -9.31798840 1.63588402
v -1.95956769 -9.21904114 1.65000000
v -1.93853580 -9.12009388 1.63588402
v -1.91786377 -9.02283964 1.59377761
v -1.89790531 -8.92894245 1.52440123
v -1.87900191 -8.84000894 1.42894192
v -1.86147701 -8.75756078 1.30903301
v -1.84563047 -8.68300867 1.16672619
v -1.83173342 -8.61762822 1.00445636
v -1.82002366 -8.56253812 0.82500000
v -1.81070154 -8.51868096 0.63142766
v -1.80392655 -8.48680716 0.42705142
v -1.79981463 -8.46746209 0.21536822
v -1.79843613 -8.46097675 0.00000000
v -1.79981463 -8.46746209 -0.21536822
v -1.80392655 -8.48680716 -0.42705142
v -1.81070154 -8.51868096 -0.63142766
v -1.82002366 -8.56253812 -0.82500000
v -1.83173342 -8.61762822 -1.00445636
v -1.84563047 -8.68300867 -1.16672619
v -1.86147701 -8.75756078 -1.30903301
v -1.87900191 -8.84000894 -1.42894192
v -1.89790531 -8.92894245 -1.52440123
v -1.91786377 -9.02283964 -1.59377761
v -1.93853580 -9.12009388 -1.63588402
v -1.95956769 -9.21904114 -1.65000000
v -1.98059957 -9.31798840 -1.63588402
v -2.00127160 -9.41524264 -1.59377761
v -2.02123006 -9.50913982 -1.52440123
v -2.04013347 -9.59807333 -1.42894192
v -2.05765836 -9.68052150 -1.30903301
v -2.07350490 -9.75507361 -1.16672619
v -2.08740195 -9.82045405 -1.00445636
v -2.09911171 -9.87554416 -0.82500000
v -2.10843384 -9.91940131 -0.63142766
v -2.11520882 -9.95127511 -0.42705142
v -2.11932074 -9.97062018 -0.21536822
v -1.77121141 -10.04503908 0.00000000
v -1.77006008 -10.03850958 0.21536822
v -1.76662580 -10.01903279 0.42705142
v -1.76096732 -9.98694196 0.63142766
v -1.75318147 -9.94278618 0.82500000
v -1.74340145 -9.88732098 1.00445636
v -1.73179462 -9.82149536 1.16672619
v -1.71855957 -9.74643563 1.30903301
v -1.70392274 -9.66342608 1.42894192
v -1.68813459 -9.57388702 1.52440123
v -1.67146525 -9.47935050 1.59377761
v -1.65419994 -9.38143406 1.63588402
v -1.63663407 -9.28181307 1.65000000
v -1.61906821 -9.18219209 1.63588402
v -1.60180290 -9.08427565 1.59377761
v -1.58513356 -8.98973912 1.52440123
v -1.56934541 -8.90020007 1.42894192
v -1.55470858 -8.81719052 1.30903301
v -1.54147353 -8.74213079 1.16672619
v -1.52986669 -8.67630517 1.00445636
v -1.52008668 -8.62083996 0.82500000
v -1.51230083 -8.57668418 0.63142766
v -1.50664235 -8.54459336 0.42705142
v -1.50320806 -8.52511657 0.21536822
v -1.50205674 -8.51858706 0.00000000
v -1.50320806 -8.52511657 -0.21536822
v -1.50664235 -8.54459336 -0.42705142
v -1.51230083 -8.57668418 -0.63142766
v -1.52008668 -8.62083996 -0.82500000
v -1.52986669 -8.67630517 -1.00445636
v -1.54147353 -8.74213079 -1.16672619
v -1.55470858 -8.81719052 -1.30903301
v -1.56934541 -8.90020007 -1.42894192
v -1.58513356 -8.98973912 -1.52440123
v -1.60180290 -9.08427565 -1.59377761
v -1.61906821 -9.18219209 -1.63588402
v -1.63663407 -9.28181307 -1.65000000
v -1.65419994 -9.38143406 -1.63588402
v -1.67146525 -9.47935050 -1.59377761
v -1.68813459 -9.57388702 -1.52440123
v -1.70392274 -9.66342608 -1.42894192
v -1.71855957 -9.74643563 -1.30903301
v -1.73179462 -9.82149536 -1.16672619
v -1.74340145 -9.88732098 -1.00445636
v -1.75318147 -9.94278618 -0.82500000
v -1.76096732 -9.98694196 -0.63142766
v -1.76662580 -10.01903279 -0.42705142
v -1.77006008 -10.03850958 -0.21536822
v -1.41956563 -10.10073430 0.00000000
v -1.41864288 -10.09416859 0.21536822
v -1.41589042 -10.07458381 0.42705142
v -1.41135534 -10.04231506 0.63142766
v -1.40511524 -9.99791446 0.82500000
v -1.39727690 -9.94214172 1.00445636
v -1.38797442 -9.87595113 1.16672619
v -1.37736697 -9.80047523 1.30903301
v -1.36563605 -9.71700542 1.42894192
v -1.35298239 -9.62696992 1.52440123
v -1.33962248 -9.53190923 1.59377761
v -1.32578492 -9.43344989 1.63588402
v -1.31170648 -9.33327655 1.65000000
v -1.29762803 -9.23310321 1.63588402
v -1.28379047 -9.13464387 1.59377761
v -1.27043057 -9.03958318 1.52440123
v -1.25777690 -8.94954767 1.42894192
v -1.24604598 -8.86607787 1.30903301
v -1.23543854 -8.79060197 1.16672619
v -1.22613606 -8.72441138 1.00445636
v -1.21829771 -8.66863864 0.82500000
v -1.21205761 -8.62423804 0.63142766
v -1.20752253 -8.59196928 0.42705142
v -1.20477007 -8.57238450 0.21536822
v -1.20384732 -8.56581879 0.00000000
v -1.20477007 -8.57238450 -0.21536822
v -1.20752253 -8.59196928 -0.42705142
v -1.21205761 -8.62423804 -0.63142766
v -1.21829771 -8.66863864 -0.82500000
v -1.22613606 -8.72441138 -1.00445636
v -1.23543854 -8.79060197 -1.16672619
v -1.24604598 -8.86607787 -1.30903301
v -1.25777690 -8.94954767 -1.42894192
v -1.27043057 -9.03958318 -1.52440123
v -1.28379047 -9.13464387 -1.59377761
v -1.29762803 -9.23310321 -1.63588402
v -1.31170648 -9.33327655 -1.65000000
v -1.32578492 -9.43344989 -1.63588402
v -1.33962248 -9.53190923 -1.59377761
v -1.35298239 -9.62696992 -1.52440123
v -1.36563605 -9.71700542 -1.42894192
v -1.37736697 -9.80047523 -1.30903301
v -1.38797442 -9.87595113 -1.16672619
v -1.39727690 -9.94214172 -1.00445636
v -1.40511524 -9.99791446 -0.82500000
v -1.41135534 -10.04231506 -0.63142766
v -1.41589042 -10.07458381 -0.42705142
v -1.41864288 -10.09416859 -0.21536822
v -1.06619033 -10.14412333 0.00000000
v -1.06549728 -10.13752942 0.21536822
v -1.06342999 -10.11786051 0.42705142
v -1.06002384 -10.08545314 0.63142766
v -1.05533710 -10.04086181 0.82500000
v -1.04944997 -9.98484950 1.00445636
v -1.04246317 -9.91837458 1.16672619
v -1.03449626 -9.84257446 1.30903301
v -1.02568555 -9.75874610 1.42894192
v -1.01618178 -9.66832383 1.52440123
v -1.00614758 -9.57285480 1.59377761
v -0.99575464 -9.47397251 1.63588402
v -0.98518077 -9.37336886 1.65000000
v -0.97460690 -9.27276522 1.63588402
v -0.96421395 -9.17388293 1.59377761
v -0.95417975 -9.07841390 1.52440123
v -0.94467599 -8.98799163 1.42894192
v -0.93586527 -8.90416327 1.30903301
v -0.92789836 -8.82836315 1.16672619
v -0.92091156 -8.76188823 1.00445636
v -0.91502443 -8.70587591 0.82500000
v -0.91033769 -8.66128459 0.63142766
v -0.90693154 -8.62887722 0.42705142
v -0.90486426 -8.60920831 0.21536822
v -0.90417121 -8.60261439 0.00000000
v -0.90486426 -8.60920831 -0.21536822
v -0.90693154 -8.62887722 -0.42705142
v -0.91033769 -8.66128459 -0.63142766
v -0.91502443 -8.70587591 -0.82500000
v -0.92091156 -8.76188823 -1.00445636
v -0.92789836 -8.82836315 -1.16672619
v -0.93586527 -8.90416327 -1.30903301
v -0.94467599 -8.98799163 -1.42894192
v -0.95417975 -9.07841390 -1.52440123
v -0.96421395 -9.17388293 -1.59377761
v -0.97460690 -9.27276522 -1.63588402
v -0.98518077 -9.37336886 -1.65000000
v -0.99575464 -9.47397251 -1.63588402
v -1.00614758 -9.57285480 -1.59377761
v -1.01618178 -9.66832383 -1.52440123
v -1.02568555 -9.75874610 -1.42894192
v -1.03449626 -9.84257446 -1.30903301
v -1.04246317 -9.91837458 -1.16672619
v -1.04944997 -9.98484950 -1.00445636
v -1.05533710 -10.04086181 -0.82500000
v -1.06002384 -10.08545314 -0.63142766
v -1.06342999 -10.11786051 -0.42705142
v -1.06549728 -10.13752942 -0.21536822
v -0.71151603 -10.17515331 0.00000000
v -0.71105353 -10.16853923 0.21536822
v -0.70967394 -10.14881016 0.42705142
v -0.70740086 -10.11630366 0.63142766
v -0.70427320 -10.07157593 0.82500000
v -0.70034445 -10.01539227 1.00445636
v -0.69568185 -9.94871401 1.16672619
v -0.69036518 -9.87268202 1.30903301
v -0.68448540 -9.78859724 1.42894192
v -0.67814312 -9.69789838 1.52440123
v -0.67144685 -9.60213732 1.59377761
v -0.66451118 -9.50295256 1.63588402
v -0.65745477 -9.40204117 1.65000000
v -0.65039835 -9.30112979 1.63588402
v -0.64346268 -9.20194503 1.59377761
v -0.63676641 -9.10618397 1.52440123
v -0.63042413 -9.01548510 1.42894192
v -0.62454435 -8.93140032 1.30903301
v -0.61922768 -8.85536834 1.16672619
v -0.61456508 -8.78869008 1.00445636
v -0.61063633 -8.73250642 0.82500000
v -0.60750867 -8.68777869 0.63142766
v -0.60523559 -8.65527219 0.42705142
v -0.60385600 -8.63554312 0.21536822
v -0.60339350 -8.62892903 0.00000000
v -0.60385600 -8.63554312 -0.21536822
v -0.60523559 -8.65527219 -0.42705142
v -0.60750867 -8.68777869 -0.63142766
v -0.61063633 -8.73250642 -0.82500000
v -0.61456508 -8.78869008 -1.00445636
v -0.61922768 -8.85536834 -1.16672619
v -0.62454435 -8.93140032 -1.30903301
v -0.63042413 -9.01548510 -1.42894192
v -0.63676641 -9.10618397 -1.52440123
v -0.64346268 -9.20194503 -1.59377761
v -0.65039835 -9.30112979 -1.63588402
v -0.65745477 -9.40204117 -1.65000000
v -0.66451118 -9.50295256 -1.63588402
v -0.67144685 -9.60213732 -1.59377761
v -0.67814312 -9.69789838 -1.52440123
v -0.68448540 -9.78859724 -1.42894192
v -0.69036518 -9.87268202 -1.30903301
v -0.69568185 -9.94871401 -1.16672619
v -0.70034445 -10.01539227 -1.00445636
v -0.70427320 -10.07157593 -0.82500000
v -0.70740086 -10.11630366 -0.63142766
v -0.70967394 -10.14881016 -0.42705142
v -0.71105353 -10.16853923 -0.21536822
v -0.35597487 -10.19378644 0.00000000
v -0.35574347 -10.18716024 0.21536822
v -0.35505326 -10.16739504 0.42705142
v -0.35391603 -10.13482901 0.63142766
v -0.35235124 -10.09001937 0.82500000
v -0.35038567 -10.03373283 1.00445636
v -0.34805295 -9.96693247 1.16672619
v -0.34539299 -9.89076125 1.30903301
v -0.34245131 -9.80652249 1.42894192
v -0.33927824 -9.71565754 1.52440123
v -0.33592806 -9.61972111 1.59377761
v -0.33245811 -9.52035472 1.63588402
v -0.32892776 -9.41925854 1.65000000
v -0.32539740 -9.31816237 1.63588402
v -0.32192745 -9.21879598 1.59377761
v -0.31857728 -9.12285955 1.52440123
v -0.31540420 -9.03199460 1.42894192
v -0.31246252 -8.94775584 1.30903301
v -0.30980256 -8.87158462 1.16672619
v -0.30746984 -8.80478426 1.00445636
v -0.30550427 -8.74849772 0.82500000
v -0.30393949 -8.70368808 0.63142766
v -0.30280225 -8.67112205 0.42705142
v -0.30211204 -8.65135685 0.21536822
v -0.30188065 -8.64473065 0.00000000
v -0.30211204 -8.65135685 -0.21536822
v -0.30280225 -8.67112205 -0.42705142
v -0.30393949 -8.70368808 -0.63142766
v -0.30550427 -8.74849772 -0.82500000
v -0.30746984 -8.80478426 -1.00445636
v -0.30980256 -8.87158462 -1.16672619
v -0.31246252 -8.94775584 -1.30903301
v -0.31540420 -9.03199460 -1.42894192
v -0.31857728 -9.12285955 -1.52440123
v -0.32192745 -9.21879598 -1.59377761
v -0.32539740 -9.31816237 -1.63588402
v -0.32892776 -9.41925854 -1.65000000
v -0.33245811 -9.52035472 -1.63588402
v -0.33592806 -9.61972111 -1.59377761
v -0.33927824 -9.71565754 -1.52440123
v -0.34245131 -9.80652249 -1.42894192
v -0.34539299 -9.89076125 -1.30903301
v -0.34805295 -9.96693247 -1.16672619
v -0.35038567 -10.03373283 -1.00445636
v -0.35235124 -10.09001937 -0.82500000
v -0.35391603 -10.13482901 -0.63142766
v -0.35505326 -10.16739504 -0.42705142
v -0.35574347 -10.18716024 -0.21536822
v -0.00000000 -10.20000000 0.00000000
v -0.00000000 -10.19336977 0.21536822
v -0.00000000 -10.17359252 0.42705142
v -0.00000000 -10.14100664 0.63142766
v -0.00000000 -10.09616969 0.82500000
v -0.00000000 -10.03984884 1.00445636
v -0.00000000 -9.97300776 1.16672619
v -0.00000000 -9.89679011 1.30903301
v -0.00000000 -9.81250000 1.42894192
v -0.00000000 -9.72157966 1.52440123
v -0.00000000 -9.62558476 1.59377761
v -0.00000000 -9.52615780 1.63588402
v -0.00000000 -9.42500000 1.65000000
v -0.00000000 -9.32384220 1.63588402
v -0.00000000 -9.22441524 1.59377761
v -0.00000000 -9.12842034 1.52440123
v -0.00000000 -9.03750000 1.42894192
v -0.00000000 -8.95320989 1.30903301
v -0.00000000 -8.87699224 1.16672619
v -0.00000000 -8.81015116 1.00445636
v -0.00000000 -8.75383031 0.82500000
v -0.00000000 -8.70899336 0.63142766
v -0.00000000 -8.67640748 0.42705142
v -0.00000000 -8.65663023 0.21536822
v -0.00000000 -8.65000000 0.00000000
v -0.00000000 -8.65663023 -0.21536822
v -0.00000000 -8.67640748 -0.42705142
v -0.00000000 -8.70899336 -0.63142766
v -0.00000000 -8.75383031 -0.82500000
v -0.00000000 -8.81015116 -1.00445636
v -0.00000000 -8.87699224 -1.16672619
v -0.00000000 -8.95320989 -1.30903301
v -0.00000000 -9.03750000 -1.42894192
v -0.00000000 -9.12842034 -1.52440123
v -0.00000000 -9.22441524 -1.59377761
v -0.00000000 -9.32384220 -1.63588402
v -0.00000000 -9.42500000 -1.65000000
v -0.00000000 -9.52615780 -1.63588402
v -0.00000000 -9.62558476 -1.59377761
v -0.00000000 -9.72157966 -1.52440123
v -0.00000000 -9.81250000 -1.42894192
v -0.00000000 -9.89679011 -1.30903301
v -0.00000000 -9.97300776 -1.16672619
v -0.00000000 -10.03984884 -1.00445636
v -0.00000000 -10.09616969 -0.82500000
v -0.00000000 -10.14100664 -0.63142766
v -0.00000000 -10.17359252 -0.42705142
v -0.00000000 -10.19336977 -0.21536822
v 0.35597487 -10.19378644 0.00000000
v 0.35574347 -10.18716024 0.21536822
v 0.35505326 -10.16739504 0.42705142
v 0.35391603 -10.13482901 0.63142766
v 0.35235124 -10.09001937 0.82500000
v 0.35038567 -10.03373283 1.00445636
v 0.34805295 -9.96693247 1.16672619
v 0.34539299 -9.89076125 1.30903301
v 0.34245131 -9.80652249 1.42894192
v 0.33927824 -9.71565754 1.52440123
v 0.33592806 -9.61972111 1.59377761
v 0.33245811 -9.52035472 1.63588402
v 0.32892776 -9.41925854 1.65000000
v 0.32539740 -9.31816237 1.63588402
v 0.32192745 -9.21879598 1.59377761
v 0.31857728 -9.12285955 1.52440123
v 0.31540420 -9.03199460 1.42894192
v 0.31246252 -8.94775584 1.30903301
v 0.30980256 -8.87158462 1.16672619
v 0.30746984 -8.80478426 1.00445636
v 0.30550427 -8.74849772 0.82500000
v 0.30393949 -8.70368808 0.63142766
v 0.30280225 -8.67112205 0.42705142
v 0.30211204 -8.65135685 0.21536822
v 0.30188065 -8.64473065 0.00000000
v 0.30211204 -8.65135685 -0.21536822
v 0.30280225 -8.67112205 -0.42705142
v 0.30393949 -8.70368808 -0.63142766
v 0.30550427 -8.74849772 -0.82500000
v 0.30746984 -8.80478426 -1.00445636
v 0.30980256 -8.87158462 -1.16672619
v 0.31246252 -8.94775584 -1.30903301
v 0.31540420 -9.03199460 -1.42894192
v 0.31857728 -9.12285955 -1.52440123
v 0.32192745 -9.21879598 -1.59377761
v 0.32539740 -9.31816237 -1.63588402
v 0.32892776 -9.41925854 -1.65000000
v 0.33245811 -9.52035472 -1.63588402
v 0.33592806 -9.61972111 -1.59377761
v 0.33927824 -9.71565754 -1.52440123
v 0.34245131 -9.80652249 -1.42894192
v 0.34539299 -9.89076125 -1.30903301
v 0.34805295 -9.96693247 -1.16672619
v 0.35038567 -10.03373283 -1.00445636
v 0.35235124 -10.09001937 -0.82500000
v 0.35391603 -10.13482901 -0.63142766
v 0.35505326 -10.16739504 -0.42705142
v 0.35574347 -10.18716024 -0.21536822
v 0.71151603 -10.17515331 0.00000000
v 0.71105353 -10.16853923 0.21536822
v 0.70967394 -10.14881016 0.42705142
v 0.70740086 -10.11630366 0.63142766
v 0.70427320 -10.07157593 0.82500000
v 0.70034445 -10.01539227 1.00445636
v 0.69568185 -9.94871401 1.16672619
v 0.69036518 -9.87268202 1.30903301
v 0.68448540 -9.78859724 1.42894192
v 0.67814312 -9.69789838 1.52440123
v 0.67144685 -9.60213732 1.59377761
v 0.66451118 -9.50295256 1.63588402
v 0.65745477 -9.40204117 1.65000000
v 0.65039835 -9.30112979 1.63588402
v 0.64346268 -9.20194503 1.59377761
v 0.63676641 -9.10618397 1.52440123
v 0.63042413 -9.01548510 1.42894192
v 0.62454435 -8.93140032 1.30903301
v 0.61922768 -8.85536834 1.16672619
v 0.61456508 -8.78869008 1.00445636
v 0.61063633 -8.73250642 0.82500000
v 0.60750867 -8.68777869 0.63142766
v 0.60523559 -8.65527219 0.42705142
v 0.60385600 -8.63554312 0.21536822
v 0.60339350 -8.62892903 0.00000000
v 0.60385600 -8.63554312 -0.21536822
v 0.60523559 -8.65527219 -0.42705142
v 0.60750867 -8.68777869 -0.63142766
v 0.61063633 -8.73250642 -0.82500000
v 0.61456508 -8.78869008 -1.00445636
v 0.61922768 -8.85536834 -1.16672619
v 0.62454435 -8.93140032 -1.30903301
v 0.63042413 -9.01548510 -1.42894192
v 0.63676641 -9.10618397 -1.52440123
v 0.64346268 -9.20194503 -1.59377761
v 0.65039835 -9.30112979 -1.63588402
v 0.65745477 -9.40204117 -1.65000000
v 0.66451118 -9.50295256 -1.63588402
v 0.67144685 -9.60213732 -1.59377761
v 0.67814312 -9.69789838 -1.52440123
v 0.68448540 -9.78859724 -1.42894192
v 0.69036518 -9.87268202 -1.30903301
v 0.69568185 -9.94871401 -1.16672619
v 0.70034445 -10.01539227 -1.00445636
v 0.70427320 -10.07157593 -0.82500000
v 0.70740086 -10.11630366 -0.63142766
v 0.70967394 -10.14881016 -0.42705142
v 0.71105353 -10.16853923 -0.21536822
v 1.06619033 -10.14412333 0.00000000
v 1.06549728 -10.13752942 0.21536822
v 1.06342999 -10.11786051 0.42705142
v 1.06002384 -10.08545314 0.63142766
v 1.05533710 -10.04086181 0.82500000
v 1.04944997 -9.98484950 1.00445636
v 1.04246317 -9.91837458 1.16672619
v 1.03449626 -9.84257446 1.30903301
v 1.02568555 -9.75874610 1.42894192
v 1.01618178 -9.66832383 1.52440123
v 1.00614758 -9.57285480 1.59377761
v 0.99575464 -9.47397251 1.63588402
v 0.98518077 -9.37336886 1.65000000
v 0.97460690 -9.27276522 1.63588402
v 0.96421395 -9.17388293 1.59377761
v 0.95417975 -9.07841390 1.52440123
v 0.94467599 -8.98799163 1.42894192
v 0.93586527 -8.90416327 1.30903301
v 0.92789836 -8.82836315 1.16672619
v 0.92091156 -8.76188823 1.00445636
v 0.91502443 -8.70587591 0.82500000
v 0.91033769 -8.66128459 0.63142766
v 0.90693154 -8.62887722 0.42705142
v 0.90486426 -8.60920831 0.21536822
v 0.90417121 -8.60261439 0.00000000
v 0.90486426 -8.60920831 -0.21536822
v 0.90693154 -8.62887722 -0.42705142
v 0.91033769 -8.66128459 -0.63142766
v 0.91502443 -8.70587591 -0.82500000
v 0.92091156 -8.76188823 -1.00445636
v 0.92789836 -8.82836315 -1.16672619
v 0.93586527 -8.90416327 -1.30903301
v 0.94467599 -8.98799163 -1.42894192
v 0.95417975 -9.07841390 -1.52440123
v 0.96421395 -9.17388293 -1.59377761
v 0.97460690 -9.27276522 -1.63588402
v 0.98518077 -9.37336886 -1.65000000
v 0.99575464 -9.47397251 -1.63588402
v 1.00614758 -9.57285480 -1.59377761
v 1.01618178 -9.66832383 -1.52440123
v 1.02568555 -9.75874610 -1.42894192
v 1.03449626 -9.84257446 -1.30903301
v 1.04246317 -9.91837458 -1.16672619
v 1.04944997 -9.98484950 -1.00445636
v 1.05533710 -10.04086181 -0.82500000
v 1.06002384 -10.08545314 -0.63142766
v 1.06342999 -10.11786051 -0.42705142
v 1.06549728 -10.13752942 -0.21536822
v 1.41956563 -10.10073430 0.00000000
v 1.41864288 -10.09416859 0.21536822
v 1.41589042 -10.07458381 0.42705142
v 1.41135534 -10.04231506 0.63142766
v 1.40511524 -9.99791446 0.82500000
v 1.39727690 -9.94214172 1.00445636
v 1.38797442 -9.87595113 1.16672619
v 1.37736697 -9.80047523 1.30903301
v 1.36563605 -9.71700542 1.42894192
v 1.35298239 -9.62696992 1.52440123
v 1.33962248 -9.53190923 1.59377761
v 1.32578492 -9.43344989 1.63588402
v 1.31170648 -9.33327655 1.65000000
v 1.29762803 -9.23310321 1.63588402
v 1.28379047 -9.13464387 1.59377761
v 1.27043057 -9.03958318 1.52440123
v 1.25777690 -8.94954767 1.42894192
v 1.24604598 -8.86607787 1.30903301
v 1.23543854 -8.79060197 1.16672619
v 1.22613606 -8.72441138 1.00445636
v 1.21829771 -8.66863864 0.82500000
v 1.21205761 -8.62423804 0.63142766
v 1.20752253 -8.59196928 0.42705142
v 1.20477007 -8.57238450 0.21536822
v 1.20384732 -8.56581879 0.00000000
v 1.20477007 -8.57238450 -0.21536822
v 1.20752253 -8.59196928 -0.42705142
v 1.21205761 -8.62423804 -0.63142766
v 1.21829771 -8.66863864 -0.82500000
v 1.22613606 -8.72441138 -1.00445636
v 1.23543854 -8.79060197 -1.16672619
v 1.24604598 -8.86607787 -1.30903301
v 1.25777690 -8.94954767 -1.42894192
v 1.27043057 -9.03958318 -1.52440123
v 1.28379047 -9.13464387 -1.59377761
v 1.29762803 -9.23310321 -1.63588402
v 1.31170648 -9.33327655 -1.65000000
v 1.32578492 -9.43344989 -1.63588402
v 1.33962248 -9.53190923 -1.59377761
v 1.35298239 -9.62696992 -1.52440123
v 1.36563605 -9.71700542 -1.42894192
v 1.37736697 -9.80047523 -1.30903301
v 1.38797442 -9.87595113 -1.16672619
v 1.39727690 -9.94214172 -1.00445636
v 1.40511524 -9.99791446 -0.82500000
v 1.41135534 -10.04231506 -0.63142766
v 1.41589042 -10.07458381 -0.42705142
v 1.41864288 -10.09416859 -0.21536822
v 1.77121141 -10.04503908 0.00000000
v 1.77006008 -10.03850958 0.21536822
v 1.76662580 -10.01903279 0.42705142
v 1.76096732 -9.98694196 0.63142766
v 1.75318147 -9.94278618 0.82500000
v 1.74340145 -9.88732098 1.00445636
v 1.73179462 -9.82149536 1.16672619
v 1.71855957 -9.74643563 1.30903301
v 1.70392274 -9.66342608 1.42894192
v 1.68813459 -9.57388702 1.52440123
v 1.67146525 -9.47935050 1.59377761
v 1.65419994 -9.38143406 1.63588402
v 1.63663407 -9.28181307 1.65000000
v 1.61906821 -9.18219209 1.63588402
v 1.60180290 -9.08427565 1.59377761
v 1.58513356 -8.98973912 1.52440123
v 1.56934541 -8.90020007 1.42894192
v 1.55470858 -8.81719052 1.30903301
v 1.54147353 -8.74213079 1.16672619
v 1.52986669 -8.67630517 1.00445636
v 1.52008668 -8.62083996 0.82500000
v 1.51230083 -8.57668418 0.63142766
v 1.50664235 -8.54459336 0.42705142
v 1.50320806 -8.52511657 0.21536822
v 1.50205674 -8.51858706 0.00000000
v 1.50320806 -8.52511657 -0.21536822
v 1.50664235 -8.54459336 -0.42705142
v 1.51230083 -8.57668418 -0.63142766
v 1.52008668 -8.62083996 -0.82500000
v 1.52986669 -8.67630517 -1.00445636
v 1.54147353 -8.74213079 -1.16672619
v 1.55470858 -8.81719052 -1.30903301
v 1.56934541 -8.90020007 -1.42894192
v 1.58513356 -8.98973912 -1.52440123
v 1.60180290 -9.08427565 -1.59377761
v 1.61906821 -9.18219209 -1.63588402
v 1.63663407 -9.28181307 -1.65000000
v 1.65419994 -9.38143406 -1.63588402
v 1.67146525 -9.47935050 -1.59377761
v 1.68813459 -9.57388702 -1.52440123
v 1.70392274 -9.66342608 -1.42894192
v 1.71855957 -9.74643563 -1.30903301
v 1.73179462 -9.82149536 -1.16672619
v 1.74340145 -9.88732098 -1.00445636
v 1.75318147 -9.94278618 -0.82500000
v 1.76096732 -9.98694196 -0.63142766
v 1.76662580 -10.01903279 -0.42705142
v 1.77006008 -10.03850958 -0.21536822
v 2.12069925 -9.97710553 0.00000000
v 2.11932074 -9.97062018 0.21536822
v 2.11520882 -9.95127511 0.42705142
v 2.10843384 -9.91940131 0.63142766
v 2.09911171 -9.87554416 0.82500000
v 2.08740195 -9.82045405 1.00445636
v 2.07350490 -9.75507361 1.16672619
v 2.05765836 -9.68052150 1.30903301
v 2.04013347 -9.59807333 1.42894192
v 2.02123006 -9.50913982 1.52440123
v 2.00127160 -9.41524264 1.59377761
v 1.98059957 -9.31798840 1.63588402
v 1.95956769 -9.21904114 1.65000000
v 1.93853580 -9.12009388 1.63588402
v 1.91786377 -9.02283964 1.59377761
v 1.89790531 -8.92894245 1.52440123
v 1.87900191 -8.84000894 1.42894192
v 1.86147701 -8.75756078 1.30903301
v 1.84563047 -8.68300867 1.16672619
v 1.83173342 -8.61762822 1.00445636
v 1.82002366 -8.56253812 0.82500000
v 1.81070154 -8.51868096 0.63142766
v 1.80392655 -8.48680716 0.42705142
v 1.79981463 -8.46746209 0.21536822
v 1.79843613 -8.46097675 0.00000000
v 1.79981463 -8.46746209 -0.21536822
v 1.80392655 -8.48680716 -0.42705142
v 1.81070154 -8.51868096 -0.63142766
v 1.82002366 -8.56253812 -0.82500000
v 1.83173342 -8.61762822 -1.00445636
v 1.84563047 -8.68300867 -1.16672619
v 1.86147701 -8.75756078 -1.30903301
v 1.87900191 -8.84000894 -1.42894192
v 1.89790531 -8.92894245 -1.52440123
v 1.91786377 -9.02283964 -1.59377761
v 1.93853580 -9.12009388 -1.63588402
v 1.95956769 -9.21904114 -1.65000000
v 1.98059957 -9.31798840 -1.63588402
v 2.00127160 -9.41524264 -1.59377761
v 2.02123006 -9.50913982 -1.52440123
v 2.04013347 -9.59807333 -1.42894192
v 2.05765836 -9.68052150 -1.30903301
v 2.07350490 -9.75507361 -1.16672619
v 2.08740195 -9.82045405 -1.00445636
v 2.09911171 -9.87554416 -0.82500000
v 2.10843384 -9.91940131 -0.63142766
v 2.11520882 -9.95127511 -0.42705142
v 2.11932074 -9.97062018 -0.21536822
v 2.46760334 -9.89701641 0.00000000
v 2.46599934 -9.89058312 0.21536822
v 2.46121479 -9.87139334 0.42705142
v 2.45333155 -9.83977540 0.63142766
v 2.44248451 -9.79627030 0.82500000
v 2.42885926 -9.74162242 1.00445636
v 2.41268894 -9.67676680 1.16672619
v 2.39425022 -9.60281315 1.30903301
v 2.37385860 -9.52102681 1.42894192
v 2.35186298 -9.43280720 1.52440123
v 2.32863971 -9.33966376 1.59377761
v 2.30458615 -9.24319020 1.63588402
v 2.28011387 -9.14503722 1.65000000
v 2.25564158 -9.04688424 1.63588402
v 2.23158802 -8.95041068 1.59377761
v 2.20836475 -8.85726724 1.52440123
v 2.18636913 -8.76904763 1.42894192
v 2.16597751 -8.68726130 1.30903301
v 2.14753879 -8.61330764 1.16672619
v 2.13136847 -8.54845202 1.00445636
v 2.11774322 -8.49380414 0.82500000
v 2.10689618 -8.45029904 0.63142766
v 2.09901295 -8.41868110 0.42705142
v 2.09422840 -8.39949132 0.21536822
v 2.09262440 -8.39305803 0.00000000
v 2.09422840 -8.39949132 -0.21536822
v 2.09901295 -8.41868110 -0.42705142
v 2.10689618 -8.45029904 -0.63142766
v 2.11774322 -8.49380414 -0.82500000
v 2.13136847 -8.54845202 -1.00445636
v 2.14753879 -8.61330764 -1.16672619
v 2.16597751 -8.68726130 -1.30903301
v 2.18636913 -8.76904763 -1.42894192
v 2.20836475 -8.85726724 -1.52440123
v 2.23158802 -8.95041068 -1.59377761
v 2.25564158 -9.04688424 -1.63588402
v 2.28011387 -9.14503722 -1.65000000
v 2.30458615 -9.24319020 -1.63588402
v 2.32863971 -9.33966376 -1.59377761
v 2.35186298 -9.43280720 -1.52440123
v 2.37385860 -9.52102681 -1.42894192
v 2.39425022 -9.60281315 -1.30903301
v 2.41268894 -9.67676680 -1.16672619
v 2.42885926 -9.74162242 -1.00445636
v 2.44248451 -9.79627030 -0.82500000
v 2.45333155 -9.83977540 -0.63142766
v 2.46121479 -9.87139334 -0.42705142
v 2.46599934 -9.89058312 -0.21536822
v 2.81150103 -9.80486930 0.00000000
v 2.80967349 -9.79849591 0.21536822
v 2.80422214 -9.77948480 0.42705142
v 2.79524025 -9.74816124 0.63142766
v 2.78288152 -9.70506120 0.82500000
v 2.76735739 -9.65092212 1.00445636
v 2.74893349 -9.58667035 1.16672619
v 2.72792506 -9.51340524 1.30903301
v 2.70469155 -9.43238039 1.42894192
v 2.67963051 -9.34498215 1.52440123
v 2.65317073 -9.25270593 1.59377761
v 2.62576495 -9.15713060 1.63588402
v 2.59788208 -9.05989148 1.65000000
v 2.56999921 -8.96265237 1.63588402
v 2.54259343 -8.86707704 1.59377761
v 2.51613365 -8.77480082 1.52440123
v 2.49107260 -8.68740258 1.42894192
v 2.46783910 -8.60637773 1.30903301
v 2.44683067 -8.53311262 1.16672619
v 2.42840677 -8.46886085 1.00445636
v 2.41288264 -8.41472177 0.82500000
v 2.40052390 -8.37162173 0.63142766
v 2.39154202 -8.34029817 0.42705142
v 2.38609067 -8.32128706 0.21536822
v 2.38426313 -8.31491367 0.00000000
v 2.38609067 -8.32128706 -0.21536822
v 2.39154202 -8.34029817 -0.42705142
v 2.40052390 -8.37162173 -0.63142766
v 2.41288264 -8.41472177 -0.82500000
v 2.42840677 -8.46886085 -1.00445636
v 2.44683067 -8.53311262 -1.16672619
v 2.46783910 -8.60637773 -1.30903301
v 2.49107260 -8.68740258 -1.42894192
v 2.51613365 -8.77480082 -1.52440123
v 2.54259343 -8.86707704 -1.59377761
v 2.56999921 -8.96265237 -1.63588402
v 2.59788208 -9.05989148 -1.65000000
v 2.62576495 -9.15713060 -1.63588402
v 2.65317073 -9.25270593 -1.59377761
v 2.67963051 -9.34498215 -1.52440123
v 2.70469155 -9.43238039 -1.42894192
v 2.72792506 -9.51340524 -1.30903301
v 2.74893349 -9.58667035 -1.16672619
v 2.76735739 -9.65092212 -1.00445636
v 2.78288152 -9.70506120 -0.82500000
v 2.79524025 -9.74816124 -0.63142766
v 2.80422214 -9.77948480 -0.42705142
v 2.80967349 -9.79849591 -0.21536822
v 3.15197334 -9.70077647 0.00000000
v 3.14992449 -9.69447074 0.21536822
v 3.14381298 -9.67566146 0.42705142
v 3.13374339 -9.64467044 0.63142766
v 3.11988801 -9.60202797 0.82500000
v 3.10248391 -9.54846366 1.00445636
v 3.08182888 -9.48489401 1.16672619
v 3.05827633 -9.41240672 1.30903301
v 3.03222926 -9.33224207 1.42894192
v 3.00413333 -9.24577168 1.52440123
v 2.97446927 -9.15447511 1.59377761
v 2.94374465 -9.05991445 1.63588402
v 2.91248517 -8.96370767 1.65000000
v 2.88122569 -8.86750088 1.63588402
v 2.85050107 -8.77294022 1.59377761
v 2.82083702 -8.68164365 1.52440123
v 2.79274109 -8.59517327 1.42894192
v 2.76669401 -8.51500861 1.30903301
v 2.74314146 -8.44252132 1.16672619
v 2.72248643 -8.37895167 1.00445636
v 2.70508233 -8.32538736 0.82500000
v 2.69122695 -8.28274489 0.63142766
v 2.68115736 -8.25175388 0.42705142
v 2.67504586 -8.23294459 0.21536822
v 2.67299700 -8.22663887 0.00000000
v 2.67504586 -8.23294459 -0.21536822
v 2.68115736 -8.25175388 -0.42705142
v 2.69122695 -8.28274489 -0.63142766
v 2.70508233 -8.32538736 -0.82500000
v 2.72248643 -8.37895167 -1.00445636
v 2.74314146 -8.44252132 -1.16672619
v 2.76669401 -8.51500861 -1.30903301
v 2.79274109 -8.59517327 -1.42894192
v 2.82083702 -8.68164365 -1.52440123
v 2.85050107 -8.77294022 -1.59377761
v 2.88122569 -8.86750088 -1.63588402
v 2.91248517 -8.96370767 -1.65000000
v 2.94374465 -9.05991445 -1.63588402
v 2.97446927 -9.15447511 -1.59377761
v 3.00413333 -9.24577168 -1.52440123
v 3.03222926 -9.33224207 -1.42894192
v 3.05827633 -9.41240672 -1.30903301
v 3.08182888 -9.48489401 -1.16672619
v 3.10248391 -9.54846366 -1.00445636
v 3.11988801 -9.60202797 -0.82500000
v 3.13374339 -9.64467044 -0.63142766
v 3.14381298 -9.67566146 -0.42705142
v 3.14992449 -9.69447074 -0.21536822
v 3.48860546 -9.58486473 0.00000000
v 3.48633779 -9.57863435 0.21536822
v 3.47957357 -9.56004981 0.42705142
v 3.46842854 -9.52942910 0.63142766
v 3.45309340 -9.48729615 0.82500000
v 3.43383054 -9.43437187 1.00445636
v 3.41096954 -9.37156179 1.16672619
v 3.38490157 -9.29994063 1.30903301
v 3.35607266 -9.22073384 1.42894192
v 3.32497607 -9.13529667 1.52440123
v 3.29214388 -9.04509097 1.59377761
v 3.25813786 -8.95166019 1.63588402
v 3.22353985 -8.85660295 1.65000000
v 3.18894185 -8.76154571 1.63588402
v 3.15493582 -8.66811493 1.59377761
v 3.12210363 -8.57790923 1.52440123
v 3.09100705 -8.49247206 1.42894192
v 3.06217813 -8.41326527 1.30903301
v 3.03611016 -8.34164411 1.16672619
v 3.01324916 -8.27883403 1.00445636
v 2.99398630 -8.22590975 0.82500000
v 2.97865116 -8.18377680 0.63142766
v 2.96750613 -8.15315609 0.42705142
v 2.96074191 -8.13457155 0.21536822
v 2.95847424 -8.12834117 0.00000000
v 2.96074191 -8.13457155 -0.21536822
v 2.96750613 -8.15315609 -0.42705142
v 2.97865116 -8.18377680 -0.63142766
v 2.99398630 -8.22590975 -0.82500000
v 3.01324916 -8.27883403 -1.00445636
v 3.03611016 -8.34164411 -1.16672619
v 3.06217813 -8.41326527 -1.30903301
v 3.09100705 -8.49247206 -1.42894192
v 3.12210363 -8.57790923 -1.52440123
v 3.15493582 -8.66811493 -1.59377761
v 3.18894185 -8.76154571 -1.63588402
v 3.22353985 -8.85660295 -1.65000000
v 3.25813786 -8.95166019 -1.63588402
v 3.29214388 -9.04509097 -1.59377761
v 3.32497607 -9.13529667 -1.52440123
v 3.35607266 -9.22073384 -1.42894192
v 3.38490157 -9.29994063 -1.30903301
v 3.41096954 -9.37156179 -1.16672619
v 3.43383054 -9.43437187 -1.00445636
v 3.45309340 -9.48729615 -0.82500000
v 3.46842854 -9.52942910 -0.63142766
v 3.47957357 -9.56004981 -0.42705142
v 3.48633779 -9.57863435 -0.21536822
v 3.82098725 -9.45727532 0.00000000
v 3.81850352 -9.45112787 0.21536822
v 3.81109483 -9.43279072 0.42705142
v 3.79888795 -9.40257762 0.63142766
v 3.78209173 -9.36100553 0.82500000
v 3.76099357 -9.30878575 1.00445636
v 3.73595446 -9.24681177 1.16672619
v 3.70740283 -9.17614400 1.30903301
v 3.67582720 -9.09799157 1.42894192
v 3.64176784 -9.01369170 1.52440123
v 3.60580752 -8.92468678 1.59377761
v 3.56856152 -8.83249971 1.63588402
v 3.53066714 -8.73870783 1.65000000
v 3.49277276 -8.64491595 1.63588402
v 3.45552677 -8.55272888 1.59377761
v 3.41956645 -8.46372396 1.52440123
v 3.38550709 -8.37942409 1.42894192
v 3.35393146 -8.30127166 1.30903301
v 3.32537982 -8.23060389 1.16672619
v 3.30034071 -8.16862991 1.00445636
v 3.27924255 -8.11641013 0.82500000
v 3.26244634 -8.07483804 0.63142766
v 3.25023945 -8.04462494 0.42705142
v 3.24283076 -8.02628779 0.21536822
v 3.24034703 -8.02014034 0.00000000
v 3.24283076 -8.02628779 -0.21536822
v 3.25023945 -8.04462494 -0.42705142
v 3.26244634 -8.07483804 -0.63142766
v 3.27924255 -8.11641013 -0.82500000
v 3.30034071 -8.16862991 -1.00445636
v 3.32537982 -8.23060389 -1.16672619
v 3.35393146 -8.30127166 -1.30903301
v 3.38550709 -8.37942409 -1.42894192
v 3.41956645 -8.46372396 -1.52440123
v 3.45552677 -8.55272888 -1.59377761
v 3.49277276 -8.64491595 -1.63588402
v 3.53066714 -8.73870783 -1.65000000
v 3.56856152 -8.83249971 -1.63588402
v 3.60580752 -8.92468678 -1.59377761
v 3.64176784 -9.01369170 -1.52440123
v 3.67582720 -9.09799157 -1.42894192
v 3.70740283 -9.17614400 -1.30903301
v 3.73595446 -9.24681177 -1.16672619
v 3.76099357 -9.30878575 -1.00445636
v 3.78209173 -9.36100553 -0.82500000
v 3.79888795 -9.40257762 -0.63142766
v 3.81109483 -9.43279072 -0.42705142
v 3.81850352 -9.45112787 -0.21536822
v 4.14871376 -9.31816367 0.00000000
v 4.14601700 -9.31210665 0.21536822
v 4.13797287 -9.29403923 0.42705142
v 4.12471900 -9.26427055 0.63142766
v 4.10648217 -9.22330996 0.82500000
v 4.08357441 -9.17185830 1.00445636
v 4.05638770 -9.11079593 1.16672619
v 4.02538719 -9.04116765 1.30903301
v 3.99110331 -8.96416480 1.42894192
v 3.95412268 -8.88110494 1.52440123
v 3.91507803 -8.79340923 1.59377761
v 3.87463744 -8.70257819 1.63588402
v 3.83349286 -8.61016594 1.65000000
v 3.79234828 -8.51775369 1.63588402
v 3.75190769 -8.42692264 1.59377761
v 3.71286305 -8.33922694 1.52440123
v 3.67588241 -8.25616707 1.42894192
v 3.64159854 -8.17916423 1.30903301
v 3.61059803 -8.10953594 1.16672619
v 3.58341131 -8.04847357 1.00445636
v 3.56050356 -7.99702192 0.82500000
v 3.54226672 -7.95606133 0.63142766
v 3.52901285 -7.92629265 0.42705142
v 3.52096872 -7.90822523 0.21536822
v 3.51827196 -7.90216821 0.00000000
v 3.52096872 -7.90822523 -0.21536822
v 3.52901285 -7.92629265 -0.42705142
v 3.54226672 -7.95606133 -0.63142766
v 3.56050356 -7.99702192 -0.82500000
v 3.58341131 -8.04847357 -1.00445636
v 3.61059803 -8.10953594 -1.16672619
v 3.64159854 -8.17916423 -1.30903301
v 3.67588241 -8.25616707 -1.42894192
v 3.71286305 -8.33922694 -1.52440123
v 3.75190769 -8.42692264 -1.59377761
v 3.79234828 -8.51775369 -1.63588402
v 3.83349286 -8.61016594 -1.65000000
v 3.87463744 -8.70257819 -1.63588402
v 3.91507803 -8.79340923 -1.59377761
v 3.95412268 -8.88110494 -1.52440123
v 3.99110331 -8.96416480 -1.42894192
v 4.02538719 -9.04116765 -1.30903301
v 4.05638770 -9.11079593 -1.16672619
v 4.08357441 -9.17185830 -1.00445636
v 4.10648217 -9.22330996 -0.82500000
v 4.12471900 -9.26427055 -0.63142766
v 4.13797287 -9.29403923 -0.42705142
v 4.14601700 -9.31210665 -0.21536822
v 4.47138570 -9.16769927 0.00000000
v 4.46847919 -9.16174006 0.21536822
v 4.45980942 -9.14396438 0.42705142
v 4.44552471 -9.11467639 0.63142766
v 4.42586948 -9.07437721 0.82500000
v 4.40118005 -9.02375636 1.00445636
v 4.37187885 -8.96367999 1.16672619
v 4.33846723 -8.89517603 1.30903301
v 4.30151688 -8.81941658 1.42894192
v 4.26166002 -8.73769792 1.52440123
v 4.21957863 -8.65141827 1.59377761
v 4.17599272 -8.56205391 1.63588402
v 4.13164806 -8.47113389 1.65000000
v 4.08730340 -8.38021386 1.63588402
v 4.04371749 -8.29084950 1.59377761
v 4.00163609 -8.20456985 1.52440123
v 3.96177924 -8.12285119 1.42894192
v 3.92482889 -8.04709175 1.30903301
v 3.89141727 -7.97858778 1.16672619
v 3.86211607 -7.91851141 1.00445636
v 3.83742663 -7.86789057 0.82500000
v 3.81777141 -7.82759138 0.63142766
v 3.80348670 -7.79830339 0.42705142
v 3.79481692 -7.78052771 0.21536822
v 3.79191042 -7.77456850 0.00000000
v 3.79481692 -7.78052771 -0.21536822
v 3.80348670 -7.79830339 -0.42705142
v 3.81777141 -7.82759138 -0.63142766
v 3.83742663 -7.86789057 -0.82500000
v 3.86211607 -7.91851141 -1.00445636
v 3.89141727 -7.97858778 -1.16672619
v 3.92482889 -8.04709175 -1.30903301
v 3.96177924 -8.12285119 -1.42894192
v 4.00163609 -8.20456985 -1.52440123
v 4.04371749 -8.29084950 -1.59377761
v 4.08730340 -8.38021386 -1.63588402
v 4.13164806 -8.47113389 -1.65000000
v 4.17599272 -8.56205391 -1.63588402
v 4.21957863 -8.65141827 -1.59377761
v 4.26166002 -8.73769792 -1.52440123
v 4.30151688 -8.81941658 -1.42894192
v 4.33846723 -8.89517603 -1.30903301
v 4.37187885 -8.96367999 -1.16672619
v 4.40118005 -9.02375636 -1.00445636
v 4.42586948 -9.07437721 -0.82500000
v 4.44552471 -9.11467639 -0.63142766
v 4.45980942 -9.14396438 -0.42705142
v 4.46847919 -9.16174006 -0.21536822
v 4.78860994 -9.00606545 0.00000000
v 4.78549723 -9.00021130 0.21536822
v 4.77621238 -8.98274902 0.42705142
v 4.76091423 -8.95397740 0.63142766
v 4.73986456 -8.91438872 0.82500000
v 4.71342352 -8.86466036 1.00445636
v 4.68204354 -8.80564319 1.16672619
v 4.64626152 -8.73834700 1.30903301
v 4.60668971 -8.66392325 1.42894192
v 4.56400520 -8.58364536 1.52440123
v 4.51893832 -8.49888689 1.59377761
v 4.47226019 -8.41109810 1.63588402
v 4.42476948 -8.32178106 1.65000000
v 4.37727877 -8.23246403 1.63588402
v 4.33060064 -8.14467523 1.59377761
v 4.28553376 -8.05991677 1.52440123
v 4.24284925 -7.97963887 1.42894192
v 4.20327744 -7.90521512 1.30903301
v 4.16749542 -7.83791893 1.16672619
v 4.13611543 -7.77890176 1.00445636
v 4.10967440 -7.72917340 0.82500000
v 4.08862472 -7.68958473 0.63142766
v 4.07332658 -7.66081310 0.42705142
v 4.06404172 -7.64335083 0.21536822
v 4.06092902 -7.63749668 0.00000000
v 4.06404172 -7.64335083 -0.21536822
v 4.07332658 -7.66081310 -0.42705142
v 4.08862472 -7.68958473 -0.63142766
v 4.10967440 -7.72917340 -0.82500000
v 4.13611543 -7.77890176 -1.00445636
v 4.16749542 -7.83791893 -1.16672619
v 4.20327744 -7.90521512 -1.30903301
v 4.24284925 -7.97963887 -1.42894192
v 4.28553376 -8.05991677 -1.52440123
v 4.33060064 -8.14467523 -1.59377761
v 4.37727877 -8.23246403 -1.63588402
v 4.42476948 -8.32178106 -1.65000000
v 4.47226019 -8.41109810 -1.63588402
v 4.51893832 -8.49888689 -1.59377761
v 4.56400520 -8.58364536 -1.52440123
v 4.60668971 -8.66392325 -1.42894192
v 4.64626152 -8.73834700 -1.30903301
v 4.68204354 -8.80564319 -1.16672619
v 4.71342352 -8.86466036 -1.00445636
v 4.73986456 -8.91438872 -0.82500000
v 4.76091423 -8.95397740 -0.63142766
v 4.77621238 -8.98274902 -0.42705142
v 4.78549723 -9.00021130 -0.21536822
v 5.10000000 -8.83345912 0.00000000
v 5.09668488 -8.82771717 0.21536822
v 5.08679626 -8.81058957 0.42705142
v 5.07050332 -8.78236937 0.63142766
v 5.04808484 -8.74353943 0.82500000
v 5.01992442 -8.69476414 1.00445636
v 4.98650388 -8.63687807 1.16672619
v 4.94839505 -8.57087165 1.30903301
v 4.90625000 -8.49787427 1.42894192
v 4.86078983 -8.41913495 1.52440123
v 4.81279238 -8.33600093 1.59377761
v 4.76307890 -8.24989465 1.63588402
v 4.71250000 -8.16228943 1.65000000
v 4.66192110 -8.07468421 1.63588402
v 4.61220762 -7.98857793 1.59377761
v 4.56421017 -7.90544391 1.52440123
v 4.51875000 -7.82670459 1.42894192
v 4.47660495 -7.75370721 1.30903301
v 4.43849612 -7.68770079 1.16672619
v 4.40507558 -7.62981472 1.00445636
v 4.37691516 -7.58103943 0.82500000
v 4.35449668 -7.54220949 0.63142766
v 4.33820374 -7.51398930 0.42705142
v 4.32831512 -7.49686169 0.21536822
v 4.32500000 -7.49111974 0.00000000
v 4.32831512 -7.49686169 -0.21536822
v 4.33820374 -7.51398930 -0.42705142
v 4.35449668 -7.54220949 -0.63142766
v 4.37691516 -7.58103943 -0.82500000
v 4.40507558 -7.62981472 -1.00445636
v 4.43849612 -7.68770079 -1.16672619
v 4.47660495 -7.75370721 -1.30903301
v 4.51875000 -7.82670459 -1.42894192
v 4.56421017 -7.90544391 -1.52440123
v 4.61220762 -7.98857793 -1.59377761
v 4.66192110 -8.07468421 -1.63588402
v 4.71250000 -8.16228943 -1.65000000
v 4.76307890 -8.24989465 -1.63588402
v 4.81279238 -8.33600093 -1.59377761
v 4.86078983 -8.41913495 -1.52440123
v 4.90625000 -8.49787427 -1.42894192
v 4.94839505 -8.57087165 -1.30903301
v 4.98650388 -8.63687807 -1.16672619
v 5.01992442 -8.69476414 -1.00445636
v 5.04808484 -8.74353943 -0.82500000
v 5.07050332 -8.78236937 -0.63142766
v 5.08679626 -8.81058957 -0.42705142
v 5.09668488 -8.82771717 -0.21536822
v 5.40517650 -8.65009058 0.00000000
v 5.40166301 -8.64446782 0.21536822
v 5.39118266 -8.62769576 0.42705142
v 5.37391478 -8.60006137 0.63142766
v 5.35015481 -8.56203748 0.82500000
v 5.32030931 -8.51427469 1.00445636
v 5.28488893 -8.45759024 1.16672619
v 5.24449973 -8.39295401 1.30903301
v 5.19983278 -8.32147194 1.42894192
v 5.15165234 -8.24436712 1.52440123
v 5.10078279 -8.16295883 1.59377761
v 5.04809453 -8.07863999 1.63588402
v 4.99448907 -7.99285331 1.65000000
v 4.94088360 -7.90706663 1.63588402
v 4.88819534 -7.82274778 1.59377761
v 4.83732579 -7.74133949 1.52440123
v 4.78914535 -7.66423467 1.42894192
v 4.74447840 -7.59275260 1.30903301
v 4.70408920 -7.52811637 1.16672619
v 4.66866882 -7.47143192 1.00445636
v 4.63882332 -7.42366913 0.82500000
v 4.61506335 -7.38564524 0.63142766
v 4.59779547 -7.35801085 0.42705142
v 4.58731512 -7.34123879 0.21536822
v 4.58380164 -7.33561603 0.00000000
v 4.58731512 -7.34123879 -0.21536822
v 4.59779547 -7.35801085 -0.42705142
v 4.61506335 -7.38564524 -0.63142766
v 4.63882332 -7.42366913 -0.82500000
v 4.66866882 -7.47143192 -1.00445636
v 4.70408920 -7.52811637 -1.16672619
v 4.74447840 -7.59275260 -1.30903301
v 4.78914535 -7.66423467 -1.42894192
v 4.83732579 -7.74133949 -1.52440123
v 4.88819534 -7.82274778 -1.59377761
v 4.94088360 -7.90706663 -1.63588402
v 4.99448907 -7.99285331 -1.65000000
v 5.04809453 -8.07863999 -1.63588402
v 5.10078279 -8.16295883 -1.59377761
v 5.15165234 -8.24436712 -1.52440123
v 5.19983278 -8.32147194 -1.42894192
v 5.24449973 -8.39295401 -1.30903301
v 5.28488893 -8.45759024 -1.16672619
v 5.32030931 -8.51427469 -1.00445636
v 5.35015481 -8.56203748 -0.82500000
v 5.37391478 -8.60006137 -0.63142766
v 5.39118266 -8.62769576 -0.42705142
v 5.40166301 -8.64446782 -0.21536822
v 5.70376762 -8.45618324 0.00000000
v 5.70006004 -8.45068653 0.21536822
v 5.68900074 -8.43429044 0.42705142
v 5.67077895 -8.40727553 0.63142766
v 5.64570644 -8.37010401 0.82500000
v 5.61421222 -8.32341191 1.00445636
v 5.57683516 -8.26799814 1.16672619
v 5.53421480 -8.20481085 1.30903301
v 5.48708037 -8.13493118 1.42894192
v 5.43623836 -8.05955480 1.52440123
v 5.38255869 -7.97997142 1.59377761
v 5.32695984 -7.89754274 1.63588402
v 5.27039312 -7.81367912 1.65000000
v 5.21382639 -7.72981551 1.63588402
v 5.15822754 -7.64738682 1.59377761
v 5.10454787 -7.56780344 1.52440123
v 5.05370587 -7.49242706 1.42894192
v 5.00657144 -7.42254740 1.30903301
v 4.96395107 -7.35936010 1.16672619
v 4.92657401 -7.30394633 1.00445636
v 4.89507979 -7.25725423 0.82500000
v 4.87000728 -7.22008272 0.63142766
v 4.85178549 -7.19306780 0.42705142
v 4.84072619 -7.17667171 0.21536822
v 4.83701862 -7.17117500 0.00000000
v 4.84072619 -7.17667171 -0.21536822
v 4.85178549 -7.19306780 -0.42705142
v 4.87000728 -7.22008272 -0.63142766
v 4.89507979 -7.25725423 -0.82500000
v 4.92657401 -7.30394633 -1.00445636
v 4.96395107 -7.35936010 -1.16672619
v 5.00657144 -7.42254740 -1.30903301
v 5.05370587 -7.49242706 -1.42894192
v 5.10454787 -7.56780344 -1.52440123
v 5.15822754 -7.64738682 -1.59377761
v 5.21382639 -7.72981551 -1.63588402
v 5.27039312 -7.81367912 -1.65000000
v 5.32695984 -7.89754274 -1.63588402
v 5.38255869 -7.97997142 -1.59377761
v 5.43623836 -8.05955480 -1.52440123
v 5.48708037 -8.13493118 -1.42894192
v 5.53421480 -8.20481085 -1.30903301
v 5.57683516 -8.26799814 -1.16672619
v 5.61421222 -8.32341191 -1.00445636
v 5.64570644 -8.37010401 -0.82500000
v 5.67077895 -8.40727553 -0.63142766
v 5.68900074 -8.43429044 -0.42705142
v 5.70006004 -8.45068653 -0.21536822
v 5.99540957 -8.25197334 0.00000000
v 5.99151242 -8.24660937 0.21536822
v 5.97988764 -8.23060924 0.42705142
v 5.96073415 -8.20424671 0.63142766
v 5.93437965 -8.16797286 0.82500000
v 5.90127508 -8.12240833 1.00445636
v 5.86198688 -8.06833276 1.16672619
v 5.81718727 -8.00667139 1.30903301
v 5.76764279 -7.93847926 1.42894192
v 5.71420115 -7.86492316 1.52440123
v 5.65777677 -7.78726165 1.59377761
v 5.59933507 -7.70682355 1.63588402
v 5.53987600 -7.62498517 1.65000000
v 5.48041694 -7.54314679 1.63588402
v 5.42197524 -7.46270869 1.59377761
v 5.36555085 -7.38504719 1.52440123
v 5.31210922 -7.31149109 1.42894192
v 5.26256474 -7.24329896 1.30903301
v 5.21776513 -7.18163758 1.16672619
v 5.17847692 -7.12756201 1.00445636
v 5.14537236 -7.08199749 0.82500000
v 5.11901786 -7.04572363 0.63142766
v 5.09986436 -7.01936111 0.42705142
v 5.08823959 -7.00336097 0.21536822
v 5.08434243 -6.99799700 0.00000000
v 5.08823959 -7.00336097 -0.21536822
v 5.09986436 -7.01936111 -0.42705142
v 5.11901786 -7.04572363 -0.63142766
v 5.14537236 -7.08199749 -0.82500000
v 5.17847692 -7.12756201 -1.00445636
v 5.21776513 -7.18163758 -1.16672619
v 5.26256474 -7.24329896 -1.30903301
v 5.31210922 -7.31149109 -1.42894192
v 5.36555085 -7.38504719 -1.52440123
v 5.42197524 -7.46270869 -1.59377761
v 5.48041694 -7.54314679 -1.63588402
v 5.53987600 -7.62498517 -1.65000000
v 5.59933507 -7.70682355 -1.63588402
v 5.65777677 -7.78726165 -1.59377761
v 5.71420115 -7.86492316 -1.52440123
v 5.76764279 -7.93847926 -1.42894192
v 5.81718727 -8.00667139 -1.30903301
v 5.86198688 -8.06833276 -1.16672619
v 5.90127508 -8.12240833 -1.00445636
v 5.93437965 -8.16797286 -0.82500000
v 5.96073415 -8.20424671 -0.63142766
v 5.97988764 -8.23060924 -0.42705142
v 5.99151242 -8.24660937 -0.21536822
v 6.27974705 -8.03770969 0.00000000
v 6.27566507 -8.03248499 0.21536822
v 6.26348898 -8.01690030 0.42705142
v 6.24342711 -7.99122228 0.63142766
v 6.21582273 -7.95589028 0.82500000
v 6.18114815 -7.91150885 1.00445636
v 6.13999667 -7.85883736 1.16672619
v 6.09307240 -7.79877703 1.30903301
v 6.04117823 -7.73235552 1.42894192
v 5.98520208 -7.66070931 1.52440123
v 5.92610171 -7.58506430 1.59377761
v 5.86488836 -7.50671479 1.63588402
v 5.80260940 -7.42700135 1.65000000
v 5.74033045 -7.34728792 1.63588402
v 5.67911710 -7.26893840 1.59377761
v 5.62001673 -7.19329339 1.52440123
v 5.56404058 -7.12164719 1.42894192
v 5.51214641 -7.05522567 1.30903301
v 5.46522214 -6.99516535 1.16672619
v 5.42407066 -6.94249386 1.00445636
v 5.38939608 -6.89811242 0.82500000
v 5.36179170 -6.86278042 0.63142766
v 5.34172983 -6.83710240 0.42705142
v 5.32955374 -6.82151771 0.21536822
v 5.32547176 -6.81629302 0.00000000
v 5.32955374 -6.82151771 -0.21536822
v 5.34172983 -6.83710240 -0.42705142
v 5.36179170 -6.86278042 -0.63142766
v 5.38939608 -6.89811242 -0.82500000
v 5.42407066 -6.94249386 -1.00445636
v 5.46522214 -6.99516535 -1.16672619
v 5.51214641 -7.05522567 -1.30903301
v 5.56404058 -7.12164719 -1.42894192
v 5.62001673 -7.19329339 -1.52440123
v 5.67911710 -7.26893840 -1.59377761
v 5.74033045 -7.34728792 -1.63588402
v 5.80260940 -7.42700135 -1.65000000
v 5.86488836 -7.50671479 -1.63588402
v 5.92610171 -7.58506430 -1.59377761
v 5.98520208 -7.66070931 -1.52440123
v 6.04117823 -7.73235552 -1.42894192
v 6.09307240 -7.79877703 -1.30903301
v 6.13999667 -7.85883736 -1.16672619
v 6.18114815 -7.91150885 -1.00445636
v 6.21582273 -7.95589028 -0.82500000
v 6.24342711 -7.99122228 -0.63142766
v 6.26348898 -8.01690030 -0.42705142
v 6.27566507 -8.03248499 -0.21536822
v 6.55643362 -7.81365332 0.00000000
v 6.55217179 -7.80857427 0.21536822
v 6.53945921 -7.79342401 0.42705142
v 6.51851342 -7.76846178 0.63142766
v 6.48969278 -7.73411469 0.82500000
v 6.45349044 -7.69097041 1.00445636
v 6.41052582 -7.63976717 1.16672619
v 6.36153406 -7.58138107 1.30903301
v 6.30735342 -7.51681110 1.42894192
v 6.24891095 -7.44716208 1.52440123
v 6.18720662 -7.37362572 1.59377761
v 6.12329620 -7.29746025 1.63588402
v 6.05827322 -7.21996888 1.65000000
v 5.99325024 -7.14247751 1.63588402
v 5.92933982 -7.06631204 1.59377761
v 5.86763549 -6.99277568 1.52440123
v 5.80919302 -6.92312665 1.42894192
v 5.75501239 -6.85855669 1.30903301
v 5.70602063 -6.80017058 1.16672619
v 5.66305601 -6.74896734 1.00445636
v 5.62685366 -6.70582307 0.82500000
v 5.59803303 -6.67147597 0.63142766
v 5.57708723 -6.64651374 0.42705142
v 5.56437466 -6.63136349 0.21536822
v 5.56011282 -6.62628443 0.00000000
v 5.56437466 -6.63136349 -0.21536822
v 5.57708723 -6.64651374 -0.42705142
v 5.59803303 -6.67147597 -0.63142766
v 5.62685366 -6.70582307 -0.82500000
v 5.66305601 -6.74896734 -1.00445636
v 5.70602063 -6.80017058 -1.16672619
v 5.75501239 -6.85855669 -1.30903301
v 5.80919302 -6.92312665 -1.42894192
v 5.86763549 -6.99277568 -1.52440123
v 5.92933982 -7.06631204 -1.59377761
v 5.99325024 -7.14247751 -1.63588402
v 6.05827322 -7.21996888 -1.65000000
v 6.12329620 -7.29746025 -1.63588402
v 6.18720662 -7.37362572 -1.59377761
v 6.24891095 -7.44716208 -1.52440123
v 6.30735342 -7.51681110 -1.42894192
v 6.36153406 -7.58138107 -1.30903301
v 6.41052582 -7.63976717 -1.16672619
v 6.45349044 -7.69097041 -1.00445636
v 6.48969278 -7.73411469 -0.82500000
v 6.51851342 -7.76846178 -0.63142766
v 6.53945921 -7.79342401 -0.42705142
v 6.55217179 -7.80857427 -0.21536822
v 6.82513218 -7.58007722 0.00000000
v 6.82069569 -7.57515000 0.21536822
v 6.80746213 -7.56045263 0.42705142
v 6.78565792 -7.53623661 0.63142766
v 6.75565615 -7.50291626 0.82500000
v 6.71797014 -7.46106171 1.00445636
v 6.67324473 -7.41138911 1.16672619
v 6.62224517 -7.35474836 1.30903301
v 6.56584407 -7.29210860 1.42894192
v 6.50500649 -7.22454162 1.52440123
v 6.44077337 -7.15320351 1.59377761
v 6.37424374 -7.07931487 1.63588402
v 6.30655596 -7.00413998 1.65000000
v 6.23886819 -6.92896509 1.63588402
v 6.17233856 -6.85507645 1.59377761
v 6.10810544 -6.78373834 1.52440123
v 6.04726785 -6.71617136 1.42894192
v 5.99086676 -6.65353160 1.30903301
v 5.93986720 -6.59689085 1.16672619
v 5.89514179 -6.54721825 1.00445636
v 5.85745578 -6.50536370 0.82500000
v 5.82745401 -6.47204335 0.63142766
v 5.80564980 -6.44782733 0.42705142
v 5.79241624 -6.43312996 0.21536822
v 5.78797975 -6.42820274 0.00000000
v 5.79241624 -6.43312996 -0.21536822
v 5.80564980 -6.44782733 -0.42705142
v 5.82745401 -6.47204335 -0.63142766
v 5.85745578 -6.50536370 -0.82500000
v 5.89514179 -6.54721825 -1.00445636
v 5.93986720 -6.59689085 -1.16672619
v 5.99086676 -6.65353160 -1.30903301
v 6.04726785 -6.71617136 -1.42894192
v 6.10810544 -6.78373834 -1.52440123
v 6.17233856 -6.85507645 -1.59377761
v 6.23886819 -6.92896509 -1.63588402
v 6.30655596 -7.00413998 -1.65000000
v 6.37424374 -7.07931487 -1.63588402
v 6.44077337 -7.15320351 -1.59377761
v 6.50500649 -7.22454162 -1.52440123
v 6.56584407 -7.29210860 -1.42894192
v 6.62224517 -7.35474836 -1.30903301
v 6.67324473 -7.41138911 -1.16672619
v 6.71797014 -7.46106171 -1.00445636
v 6.75565615 -7.50291626 -0.82500000
v 6.78565792 -7.53623661 -0.63142766
v 6.80746213 -7.56045263 -0.42705142
v 6.82069569 -7.57515000 -0.21536822
v 7.08551538 -7.33726596 0.00000000
v 7.08090963 -7.33249657 0.21536822
v 7.06717120 -7.31827001 0.42705142
v 7.04453515 -7.29482969 0.63142766
v 7.01338878 -7.26257669 0.82500000
v 6.97426503 -7.22206286 1.00445636
v 6.92783332 -7.17398141 1.16672619
v 6.87488809 -7.11915502 1.30903301
v 6.81633526 -7.05852179 1.42894192
v 6.75317668 -6.99311917 1.52440123
v 6.68649302 -6.92406622 1.59377761
v 6.61742525 -6.85254445 1.63588402
v 6.54715514 -6.77977762 1.65000000
v 6.47688503 -6.70701079 1.63588402
v 6.40781726 -6.63548902 1.59377761
v 6.34113360 -6.56643606 1.52440123
v 6.27797502 -6.50103345 1.42894192
v 6.21942219 -6.44040022 1.30903301
v 6.16647697 -6.38557383 1.16672619
v 6.12004525 -6.33749238 1.00445636
v 6.08092150 -6.29697855 0.82500000
v 6.04977514 -6.26472555 0.63142766
v 6.02713908 -6.24128523 0.42705142
v 6.01340065 -6.22705866 0.21536822
v 6.00879490 -6.22228927 0.00000000
v 6.01340065 -6.22705866 -0.21536822
v 6.02713908 -6.24128523 -0.42705142
v 6.04977514 -6.26472555 -0.63142766
v 6.08092150 -6.29697855 -0.82500000
v 6.12004525 -6.33749238 -1.00445636
v 6.16647697 -6.38557383 -1.16672619
v 6.21942219 -6.44040022 -1.30903301
v 6.27797502 -6.50103345 -1.42894192
v 6.34113360 -6.56643606 -1.52440123
v 6.40781726 -6.63548902 -1.59377761
v 6.47688503 -6.70701079 -1.63588402
v 6.54715514 -6.77977762 -1.65000000
v 6.61742525 -6.85254445 -1.63588402
v 6.68649302 -6.92406622 -1.59377761
v 6.75317668 -6.99311917 -1.52440123
v 6.81633526 -7.05852179 -1.42894192
v 6.87488809 -7.11915502 -1.30903301
v 6.92783332 -7.17398141 -1.16672619
v 6.97426503 -7.22206286 -1.00445636
v 7.01338878 -7.26257669 -0.82500000
v 7.04453515 -7.29482969 -0.63142766
v 7.06717120 -7.31827001 -0.42705142
v 7.08090963 -7.33249657 -0.21536822
v 7.33726596 -7.08551538 0.00000000
v 7.33249657 -7.08090963 0.21536822
v 7.31827001 -7.06717120 0.42705142
v 7.29482969 -7.04453515 0.63142766
v 7.26257669 -7.01338878 0.82500000
v 7.22206286 -6.97426503 1.00445636
v 7.17398141 -6.92783332 1.16672619
v 7.11915502 -6.87488809 1.30903301
v 7.05852179 -6.81633526 1.42894192
v 6.99311917 -6.75317668 1.52440123
v 6.92406622 -6.68649302 1.59377761
v 6.85254445 -6.61742525 1.63588402
v 6.77977762 -6.54715514 1.65000000
v 6.70701079 -6.47688503 1.63588402
v 6.63548902 -6.40781726 1.59377761
v 6.56643606 -6.34113360 1.52440123
v 6.50103345 -6.27797502 1.42894192
v 6.44040022 -6.21942219 1.30903301
v 6.38557383 -6.16647697 1.16672619
v 6.33749238 -6.12004525 1.00445636
v 6.29697855 -6.08092150 0.82500000
v 6.26472555 -6.04977514 0.63142766
v 6.24128523 -6.02713908 0.42705142
v 6.22705866 -6.01340065 0.21536822
v 6.22228927 -6.00879490 0.00000000
v 6.22705866 -6.01340065 -0.21536822
v 6.24128523 -6.02713908 -0.42705142
v 6.26472555 -6.04977514 -0.63142766
v 6.29697855 -6.08092150 -0.82500000
v 6.33749238 -6.12004525 -1.00445636
v 6.38557383 -6.16647697 -1.16672619
v 6.44040022 -6.21942219 -1.30903301
v 6.50103345 -6.27797502 -1.42894192
v 6.56643606 -6.34113360 -1.52440123
v 6.63548902 -6.40781726 -1.59377761
v 6.70701079 -6.47688503 -1.63588402
v 6.77977762 -6.54715514 -1.65000000
v 6.85254445 -6.61742525 -1.63588402
v 6.92406622 -6.68649302 -1.59377761
v 6.99311917 -6.75317668 -1.52440123
v 7.05852179 -6.81633526 -1.42894192
v 7.11915502 -6.87488809 -1.30903301
v 7.17398141 -6.92783332 -1.16672619
v 7.22206286 -6.97426503 -1.00445636
v 7.26257669 -7.01338878 -0.82500000
v 7.29482969 -7.04453515 -0.63142766
v 7.31827001 -7.06717120 -0.42705142
v 7.33249657 -7.08090963 -0.21536822
v 7.58007722 -6.82513218 0.00000000
v 7.57515000 -6.82069569 0.21536822
v 7.56045263 -6.80746213 0.42705142
v 7.53623661 -6.78565792 0.63142766
v 7.50291626 -6.75565615 0.82500000
v 7.46106171 -6.71797014 1.00445636
v 7.41138911 -6.67324473 1.16672619
v 7.35474836 -6.62224517 1.30903301
v 7.29210860 -6.56584407 1.42894192
v 7.22454162 -6.50500649 1.52440123
v 7.15320351 -6.44077337 1.59377761
v 7.07931487 -6.37424374 1.63588402
v 7.00413998 -6.30655596 1.65000000
v 6.92896509 -6.23886819 1.63588402
v 6.85507645 -6.17233856 1.59377761
v 6.78373834 -6.10810544 1.52440123
v 6.71617136 -6.04726785 1.42894192
v 6.65353160 -5.99086676 1.30903301
v 6.59689085 -5.93986720 1.16672619
v 6.54721825 -5.89514179 1.00445636
v 6.50536370 -5.85745578 0.82500000
v 6.47204335 -5.82745401 0.63142766
v 6.44782733 -5.80564980 0.42705142
v 6.43312996 -5.79241624 0.21536822
v 6.42820274 -5.78797975 0.00000000
v 6.43312996 -5.79241624 -0.21536822
v 6.44782733 -5.80564980 -0.42705142
v 6.47204335 -5.82745401 -0.63142766
v 6.50536370 -5.85745578 -0.82500000
v 6.54721825 -5.89514179 -1.00445636
v 6.59689085 -5.93986720 -1.16672619
v 6.65353160 -5.99086676 -1.30903301
v 6.71617136 -6.04726785 -1.42894192
v 6.78373834 -6.10810544 -1.52440123
v 6.85507645 -6.17233856 -1.59377761
v 6.92896509 -6.23886819 -1.63588402
v 7.00413998 -6.30655596 -1.65000000
v 7.07931487 -6.37424374 -1.63588402
v 7.15320351 -6.44077337 -1.59377761
v 7.22454162 -6.50500649 -1.52440123
v 7.29210860 -6.56584407 -1.42894192
v 7.35474836 -6.62224517 -1.30903301
v 7.41138911 -6.67324473 -1.16672619
v 7.46106171 -6.71797014 -1.00445636
v 7.50291626 -6.75565615 -0.82500000
v 7.53623661 -6.78565792 -0.63142766
v 7.56045263 -6.80746213 -0.42705142
v 7.57515000 -6.82069569 -0.21536822
v 7.81365332 -6.55643362 0.00000000
v 7.80857427 -6.55217179 0.21536822
v 7.79342401 -6.53945921 0.42705142
v 7.76846178 -6.51851342 0.63142766
v 7.73411469 -6.48969278 0.82500000
v 7.69097041 -6.45349044 1.00445636
v 7.63976717 -6.41052582 1.16672619
v 7.58138107 -6.36153406 1.30903301
v 7.51681110 -6.30735342 1.42894192
v 7.44716208 -6.24891095 1.52440123
v 7.37362572 -6.18720662 1.59377761
v 7.29746025 -6.12329620 1.63588402
v 7.21996888 -6.05827322 1.65000000
v 7.14247751 -5.99325024 1.63588402
v 7.06631204 -5.92933982 1.59377761
v 6.99277568 -5.86763549 1.52440123
v 6.92312665 -5.80919302 1.42894192
v 6.85855669 -5.75501239 1.30903301
v 6.80017058 -5.70602063 1.16672619
v 6.74896734 -5.66305601 1.00445636
v 6.70582307 -5.62685366 0.82500000
v 6.67147597 -5.59803303 0.63142766
v 6.64651374 -5.57708723 0.42705142
v 6.63136349 -5.56437466 0.21536822
v 6.62628443 -5.56011282 0.00000000
v 6.63136349 -5.56437466 -0.21536822
v 6.64651374 -5.57708723 -0.42705142
v 6.67147597 -5.59803303 -0.63142766
v 6.70582307 -5.62685366 -0.82500000
v 6.74896734 -5.66305601 -1.00445636
v 6.80017058 -5.70602063 -1.16672619
v 6.85855669 -5.75501239 -1.30903301
v 6.92312665 -5.80919302 -1.42894192
v 6.99277568 -5.86763549 -1.52440123
v 7.06631204 -5.92933982 -1.59377761
v 7.14247751 -5.99325024 -1.63588402
v 7.21996888 -6.05827322 -1.65000000
v 7.29746025 -6.12329620 -1.63588402
v 7.37362572 -6.18720662 -1.59377761
v 7.44716208 -6.24891095 -1.52440123
v 7.51681110 -6.30735342 -1.42894192
v 7.58138107 -6.36153406 -1.30903301
v 7.63976717 -6.41052582 -1.16672619
v 7.69097041 -6.45349044 -1.00445636
v 7.73411469 -6.48969278 -0.82500000
v 7.76846178 -6.51851342 -0.63142766
v 7.79342401 -6.53945921 -0.42705142
v 7.80857427 -6.55217179 -0.21536822
v 8.03770969 -6.27974705 0.00000000
v 8.03248499 -6.27566507 0.21536822
v 8.01690030 -6.26348898 0.42705142
v 7.99122228 -6.24342711 0.63142766
v 7.95589028 -6.21582273 0.82500000
v 7.91150885 -6.18114815 1.00445636
v 7.85883736 -6.13999667 1.16672619
v 7.79877703 -6.09307240 1.30903301
v 7.73235552 -6.04117823 1.42894192
v 7.66070931 -5.98520208 1.52440123
v 7.58506430 -5.92610171 1.59377761
v 7.50671479 -5.86488836 1.63588402
v 7.42700135 -5.80260940 1.65000000
v 7.34728792 -5.74033045 1.63588402
v 7.26893840 -5.67911710 1.59377761
v 7.19329339 -5.62001673 1.52440123
v 7.12164719 -5.56404058 1.42894192
v 7.05522567 -5.51214641 1.30903301
v 6.99516535 -5.46522214 1.16672619
v 6.94249386 -5.42407066 1.00445636
v 6.89811242 -5.38939608 0.82500000
v 6.86278042 -5.36179170 0.63142766
v 6.83710240 -5.34172983 0.42705142
v 6.82151771 -5.32955374 0.21536822
v 6.81629302 -5.32547176 0.00000000
v 6.82151771 -5.32955374 -0.21536822
v 6.83710240 -5.34172983 -0.42705142
v 6.86278042 -5.36179170 -0.63142766
v 6.89811242 -5.38939608 -0.82500000
v 6.94249386 -5.42407066 -1.00445636
v 6.99516535 -5.46522214 -1.16672619
v 7.05522567 -5.51214641 -1.30903301
v 7.12164719 -5.56404058 -1.42894192
v 7.19329339 -5.62001673 -1.52440123
v 7.26893840 -5.67911710 -1.59377761
v 7.34728792 -5.74033045 -1.63588402
v 7.42700135 -5.80260940 -1.65000000
v 7.50671479 -5.86488836 -1.63588402
v 7.58506430 -5.92610171 -1.59377761
v 7.66070931 -5.98520208 -1.52440123
v 7.73235552 -6.04117823 -1.42894192
v 7.79877703 -6.09307240 -1.30903301
v 7.85883736 -6.13999667 -1.16672619
v 7.91150885 -6.18114815 -1.00445636
v 7.95589028 -6.21582273 -0.82500000
v 7.99122228 -6.24342711 -0.63142766
v 8.01690030 -6.26348898 -0.42705142
v 8.03248499 -6.27566507 -0.21536822
v 8.25197334 -5.99540957 0.00000000
v 8.24660937 -5.99151242 0.21536822
v 8.23060924 -5.97988764 0.42705142
v 8.20424671 -5.96073415 0.63142766
v 8.16797286 -5.93437965 0.82500000
v 8.12240833 -5.90127508 1.00445636
v 8.06833276 -5.86198688 1.16672619
v 8.00667139 -5.81718727 1.30903301
v 7.93847926 -5.76764279 1.42894192
v 7.86492316 -5.71420115 1.52440123
v 7.78726165 -5.65777677 1.59377761
v 7.70682355 -5.59933507 1.63588402
v 7.62498517 -5.53987600 1.65000000
v 7.54314679 -5.48041694 1.63588402
v 7.46270869 -5.42197524 1.59377761
v 7.38504719 -5.36555085 1.52440123
v 7.31149109 -5.31210922 1.42894192
v 7.24329896 -5.26256474 1.30903301
v 7.18163758 -5.21776513 1.16672619
v 7.12756201 -5.17847692 1.00445636
v 7.08199749 -5.14537236 0.82500000
v 7.04572363 -5.11901786 0.63142766
v 7.01936111 -5.09986436 0.42705142
v 7.00336097 -5.08823959 0.21536822
v 6.99799700 -5.08434243 0.00000000
v 7.00336097 -5.08823959 -0.21536822
v 7.01936111 -5.09986436 -0.42705142
v 7.04572363 -5.11901786 -0.63142766
v 7.08199749 -5.14537236 -0.82500000
v 7.12756201 -5.17847692 -1.00445636
v 7.18163758 -5.21776513 -1.16672619
v 7.24329896 -5.26256474 -1.30903301
v 7.31149109 -5.31210922 -1.42894192
v 7.38504719 -5.36555085 -1.52440123
v 7.46270869 -5.42197524 -1.59377761
v 7.54314679 -5.48041694 -1.63588402
v 7.62498517 -5.53987600 -1.65000000
v 7.70682355 -5.59933507 -1.63588402
v 7.78726165 -5.65777677 -1.59377761
v 7.86492316 -5.71420115 -1.52440123
v 7.93847926 -5.76764279 -1.42894192
v 8.00667139 -5.81718727 -1.30903301
v 8.06833276 -5.86198688 -1.16672619
v 8.12240833 -5.90127508 -1.00445636
v 8.16797286 -5.93437965 -0.82500000
v 8.20424671 -5.96073415 -0.63142766
v 8.23060924 -5.97988764 -0.42705142
v 8.24660937 -5.99151242 -0.21536822
v 8.45618324 -5.70376762 0.00000000
v 8.45068653 -5.70006004 0.21536822
v 8.43429044 -5.68900074 0.42705142
v 8.40727553 -5.67077895 0.63142766
v 8.37010401 -5.64570644 0.82500000
v 8.32341191 -5.61421222 1.00445636
v 8.26799814 -5.57683516 1.16672619
v 8.20481085 -5.53421480 1.30903301
v 8.13493118 -5.48708037 1.42894192
v 8.05955480 -5.43623836 1.52440123
v 7.97997142 -5.38255869 1.59377761
v 7.89754274 -5.32695984 1.63588402
v 7.81367912 -5.27039312 1.65000000
v 7.72981551 -5.21382639 1.63588402
v 7.64738682 -5.15822754 1.59377761
v 7.56780344 -5.10454787 1.52440123
v 7.49242706 -5.05370587 1.42894192
v 7.42254740 -5.00657144 1.30903301
v 7.35936010 -4.96395107 1.16672619
v 7.30394633 -4.92657401 1.00445636
v 7.25725423 -4.89507979 0.82500000
v 7.22008272 -4.87000728 0.63142766
v 7.19306780 -4.85178549 0.42705142
v 7.17667171 -4.84072619 0.21536822
v 7.17117500 -4.83701862 0.00000000
v 7.17667171 -4.84072619 -0.21536822
v 7.19306780 -4.85178549 -0.42705142
v 7.22008272 -4.87000728 -0.63142766
v 7.25725423 -4.89507979 -0.82500000
v 7.30394633 -4.92657401 -1.00445636
v 7.35936010 -4.96395107 -1.16672619
v 7.42254740 -5.00657144 -1.30903301
v 7.49242706 -5.05370587 -1.42894192
v 7.56780344 -5.10454787 -1.52440123
v 7.64738682 -5.15822754 -1.59377761
v 7.72981551 -5.21382639 -1.63588402
v 7.81367912 -5.27039312 -1.65000000
v 7.89754274 -5.32695984 -1.63588402
v 7.97997142 -5.38255869 -1.59377761
v 8.05955480 -5.43623836 -1.52440123
v 8.13493118 -5.48708037 -1.42894192
v 8.20481085 -5.53421480 -1.30903301
v 8.26799814 -5.57683516 -1.16672619
v 8.32341191 -5.61421222 -1.00445636
v 8.37010401 -5.64570644 -0.82500000
v 8.40727553 -5.67077895 -0.63142766
v 8.43429044 -5.68900074 -0.42705142
v 8.45068653 -5.70006004 -0.21536822
v 8.65009058 -5.40517650 0.00000000
v 8.64446782 -5.40166301 0.21536822
v 8.62769576 -5.39118266 0.42705142
v 8.60006137 -5.37391478 0.63142766
v 8.56203748 -5.35015481 0.82500000
v 8.51427469 -5.32030931 1.00445636
v 8.45759024 -5.28488893 1.16672619
v 8.39295401 -5.24449973 1.30903301
v 8.32147194 -5.19983278 1.42894192
v 8.24436712 -5.15165234 1.52440123
v 8.16295883 -5.10078279 1.59377761
v 8.07863999 -5.04809453 1.63588402
v 7.99285331 -4.99448907 1.65000000
v 7.90706663 -4.94088360 1.63588402
v 7.82274778 -4.88819534 1.59377761
v 7.74133949 -4.83732579 1.52440123
v 7.66423467 -4.78914535 1.42894192
v 7.59275260 -4.74447840 1.30903301
v 7.52811637 -4.70408920 1.16672619
v 7.47143192 -4.66866882 1.00445636
v 7.42366913 -4.63882332 0.82500000
v 7.38564524 -4.61506335 0.63142766
v 7.35801085 -4.59779547 0.42705142
v 7.34123879 -4.58731512 0.21536822
v 7.33561603 -4.58380164 0.00000000
v 7.34123879 -4.58731512 -0.21536822
v 7.35801085 -4.59779547 -0.42705142
v 7.38564524 -4.61506335 -0.63142766
v 7.42366913 -4.63882332 -0.82500000
v 7.47143192 -4.66866882 -1.00445636
v 7.52811637 -4.70408920 -1.16672619
v 7.59275260 -4.74447840 -1.30903301
v 7.66423467 -4.78914535 -1.42894192
v 7.74133949 -4.83732579 -1.52440123
v 7.82274778 -4.88819534 -1.59377761
v 7.90706663 -4.94088360 -1.63588402
v 7.99285331 -4.99448907 -1.65000000
v 8.07863999 -5.04809453 -1.63588402
v 8.16295883 -5.10078279 -1.59377761
v 8.24436712 -5.15165234 -1.52440123
v 8.32147194 -5.19983278 -1.42894192
v 8.39295401 -5.24449973 -1.30903301
v 8.45759024 -5.28488893 -1.16672619
v 8.51427469 -5.32030931 -1.00445636
v 8.56203748 -5.35015481 -0.82500000
v 8.60006137 -5.37391478 -0.63142766
v 8.62769576 -5.39118266 -0.42705142
v 8.64446782 -5.40166301 -0.21536822
v 8.83345912 -5.10000000 0.00000000
v 8.82771717 -5.09668488 0.21536822
v 8.81058957 -5.08679626 0.42705142
v 8.78236937 -5.07050332 0.63142766
v 8.74353943 -5.04808484 0.82500000
v 8.69476414 -5.01992442 1.00445636
v 8.63687807 -4.98650388 1.16672619
v 8.57087165 -4.94839505 1.30903301
v 8.49787427 -4.90625000 1.42894192
v 8.41913495 -4.86078983 1.52440123
v 8.33600093 -4.81279238 1.59377761
v 8.24989465 -4.76307890 1.63588402
v 8.16228943 -4.71250000 1.65000000
v 8.07468421 -4.66192110 1.63588402
v 7.98857793 -4.61220762 1.59377761
v 7.90544391 -4.56421017 1.52440123
v 7.82670459 -4.51875000 1.42894192
v 7.75370721 -4.47660495 1.30903301
v 7.68770079 -4.43849612 1.16672619
v 7.62981472 -4.40507558 1.00445636
v 7.58103943 -4.37691516 0.82500000
v 7.54220949 -4.35449668 0.63142766
v 7.51398930 -4.33820374 0.42705142
v 7.49686169 -4.32831512 0.21536822
v 7.49111974 -4.32500000 0.00000000
v 7.49686169 -4.32831512 -0.21536822
v 7.51398930 -4.33820374 -0.42705142
v 7.54220949 -4.35449668 -0.63142766
v 7.58103943 -4.37691516 -0.82500000
v 7.62981472 -4.40507558 -1.00445636
v 7.68770079 -4.43849612 -1.16672619
v 7.75370721 -4.47660495 -1.30903301
v 7.82670459 -4.51875000 -1.42894192
v 7.90544391 -4.56421017 -1.52440123
v 7.98857793 -4.61220762 -1.59377761
v 8.07468421 -4.66192110 -1.63588402
v 8.16228943 -4.71250000 -1.65000000
v 8.24989465 -4.76307890 -1.63588402
v 8.33600093 -4.81279238 -1.59377761
v 8.41913495 -4.86078983 -1.52440123
v 8.49787427 -4.90625000 -1.42894192
v 8.57087165 -4.94839505 -1.30903301
v 8.63687807 -4.98650388 -1.16672619
v 8.69476414 -5.01992442 -1.00445636
v 8.74353943 -5.04808484 -0.82500000
v 8.78236937 -5.07050332 -0.63142766
v 8.81058957 -5.08679626 -0.42705142
v 8.82771717 -5.09668488 -0.21536822
v 9.00606545 -4.78860994 0.00000000
v 9.00021130 -4.78549723 0.21536822
v 8.98274902 -4.77621238 0.42705142
v 8.95397740 -4.76091423 0.63142766
v 8.91438872 -4.73986456 0.82500000
v 8.86466036 -4.71342352 1.00445636
v 8.80564319 -4.68204354 1.16672619
v 8.73834700 -4.64626152 1.30903301
v 8.66392325 -4.60668971 1.42894192
v 8.58364536 -4.56400520 1.52440123
v 8.49888689 -4.51893832 1.59377761
v 8.41109810 -4.47226019 1.63588402
v 8.32178106 -4.42476948 1.65000000
v 8.23246403 -4.37727877 1.63588402
v 8.14467523 -4.33060064 1.59377761
v 8.05991677 -4.28553376 1.52440123
v 7.97963887 -4.24284925 1.42894192
v 7.90521512 -4.20327744 1.30903301
v 7.83791893 -4.16749542 1.16672619
v 7.77890176 -4.13611543 1.00445636
v 7.72917340 -4.10967440 0.82500000
v 7.68958473 -4.08862472 0.63142766
v 7.66081310 -4.07332658 0.42705142
v 7.64335083 -4.06404172 0.21536822
v 7.63749668 -4.06092902 0.00000000
v 7.64335083 -4.06404172 -0.21536822
v 7.66081310 -4.07332658 -0.42705142
v 7.68958473 -4.08862472 -0.63142766
v 7.72917340 -4.10967440 -0.82500000
v 7.77890176 -4.13611543 -1.00445636
v 7.83791893 -4.16749542 -1.16672619
v 7.90521512 -4.20327744 -1.30903301
v 7.97963887 -4.24284925 -1.42894192
v 8.05991677 -4.28553376 -1.52440123
v 8.14467523 -4.33060064 -1.59377761
v 8.23246403 -4.37727877 -1.63588402
v 8.32178106 -4.42476948 -1.65000000
v 8.41109810 -4.47226019 -1.63588402
v 8.49888689 -4.51893832 -1.59377761
v 8.58364536 -4.56400520 -1.52440123
v 8.66392325 -4.60668971 -1.42894192
v 8.73834700 -4.64626152 -1.30903301
v 8.80564319 -4.68204354 -1.16672619
v 8.86466036 -4.71342352 -1.00445636
v 8.91438872 -4.73986456 -0.82500000
v 8.95397740 -4.76091423 -0.63142766
v 8.98274902 -4.77621238 -0.42705142
v 9.00021130 -4.78549723 -0.21536822
v 9.16769927 -4.47138570 0.00000000
v 9.16174006 -4.46847919 0.21536822
v 9.14396438 -4.45980942 0.42705142
v 9.11467639 -4.44552471 0.63142766
v 9.07437721 -4.42586948 0.82500000
v 9.02375636 -4.40118005 1.00445636
v 8.96367999 -4.37187885 1.16672619
v 8.89517603 -4.33846723 1.30903301
v 8.81941658 -4.30151688 1.42894192
v 8.73769792 -4.26166002 1.52440123
v 8.65141827 -4.21957863 1.59377761
v 8.56205391 -4.17599272 1.63588402
v 8.47113389 -4.13164806 1.65000000
v 8.38021386 -4.08730340 1.63588402
v 8.29084950 -4.04371749 1.59377761
v 8.20456985 -4.00163609 1.52440123
v 8.12285119 -3.96177924 1.42894192
v 8.04709175 -3.92482889 1.30903301
v 7.97858778 -3.89141727 1.16672619
v 7.91851141 -3.86211607 1.00445636
v 7.86789057 -3.83742663 0.82500000
v 7.82759138 -3.81777141 0.63142766
v 7.79830339 -3.80348670 0.42705142
v 7.78052771 -3.79481692 0.21536822
v 7.77456850 -3.79191042 0.00000000
v 7.78052771 -3.79481692 -0.21536822
v 7.79830339 -3.80348670 -0.42705142
v 7.82759138 -3.81777141 -0.63142766
v 7.86789057 -3.83742663 -0.82500000
v 7.91851141 -3.86211607 -1.00445636
v 7.97858778 -3.89141727 -1.16672619
v 8.04709175 -3.92482889 -1.30903301
v 8.12285119 -3.96177924 -1.42894192
v 8.20456985 -4.00163609 -1.52440123
v 8.29084950 -4.04371749 -1.59377761
v 8.38021386 -4.08730340 -1.63588402
v 8.47113389 -4.13164806 -1.65000000
v 8.56205391 -4.17599272 -1.63588402
v 8.65141827 -4.21957863 -1.59377761
v 8.73769792 -4.26166002 -1.52440123
v 8.81941658 -4.30151688 -1.42894192
v 8.89517603 -4.33846723 -1.30903301
v 8.96367999 -4.37187885 -1.16672619
v 9.02375636 -4.40118005 -1.00445636
v 9.07437721 -4.42586948 -0.82500000
v 9.11467639 -4.44552471 -0.63142766
v 9.14396438 -4.45980942 -0.42705142
v 9.16174006 -4.46847919 -0.21536822
v 9.31816367 -4.14871376 0.00000000
v 9.31210665 -4.14601700 0.21536822
v 9.29403923 -4.13797287 0.42705142
v 9.26427055 -4.12471900 0.63142766
v 9.22330996 -4.10648217 0.82500000
v 9.17185830 -4.08357441 1.00445636
v 9.11079593 -4.05638770 1.16672619
v 9.04116765 -4.02538719 1.30903301
v 8.96416480 -3.99110331 1.42894192
v 8.88110494 -3.95412268 1.52440123
v 8.79340923 -3.91507803 1.59377761
v 8.70257819 -3.87463744 1.63588402
v 8.61016594 -3.83349286 1.65000000
v 8.51775369 -3.79234828 1.63588402
v 8.42692264 -3.75190769 1.59377761
v 8.33922694 -3.71286305 1.52440123
v 8.25616707 -3.67588241 1.42894192
v 8.17916423 -3.64159854 1.30903301
v 8.10953594 -3.61059803 1.16672619
v 8.04847357 -3.58341131 1.00445636
v 7.99702192 -3.56050356 0.82500000
v 7.95606133 -3.54226672 0.63142766
v 7.92629265 -3.52901285 0.42705142
v 7.90822523 -3.52096872 0.21536822
v 7.90216821 -3.51827196 0.00000000
v 7.90822523 -3.52096872 -0.21536822
v 7.92629265 -3.52901285 -0.42705142
v 7.95606133 -3.54226672 -0.63142766
v 7.99702192 -3.56050356 -0.82500000
v 8.04847357 -3.58341131 -1.00445636
v 8.10953594 -3.61059803 -1.16672619
v 8.17916423 -3.64159854 -1.30903301
v 8.25616707 -3.67588241 -1.42894192
v 8.33922694 -3.71286305 -1.52440123
v 8.42692264 -3.75190769 -1.59377761
v 8.51775369 -3.79234828 -1.63588402
v 8.61016594 -3.83349286 -1.65000000
v 8.70257819 -3.87463744 -1.63588402
v 8.79340923 -3.91507803 -1.59377761
v 8.88110494 -3.95412268 -1.52440123
v 8.96416480 -3.99110331 -1.42894192
v 9.04116765 -4.02538719 -1.30903301
v 9.11079593 -4.05638770 -1.16672619
v 9.17185830 -4.08357441 -1.00445636
v 9.22330996 -4.10648217 -0.82500000
v 9.26427055 -4.12471900 -0.63142766
v 9.29403923 -4.13797287 -0.42705142
v 9.31210665 -4.14601700 -0.21536822
v 9.45727532 -3.82098725 0.00000000
v 9.45112787 -3.81850352 0.21536822
v 9.43279072 -3.81109483 0.42705142
v 9.40257762 -3.79888795 0.63142766
v 9.36100553 -3.78209173 0.82500000
v 9.30878575 -3.76099357 1.00445636
v 9.24681177 -3.73595446 1.16672619
v 9.17614400 -3.70740283 1.30903301
v 9.09799157 -3.67582720 1.42894192
v 9.01369170 -3.64176784 1.52440123
v 8.92468678 -3.60580752 1.59377761
v 8.83249971 -3.56856152 1.63588402
v 8.73870783 -3.53066714 1.65000000
v 8.64491595 -3.49277276 1.63588402
v 8.55272888 -3.45552677 1.59377761
v 8.46372396 -3.41956645 1.52440123
v 8.37942409 -3.38550709 1.42894192
v 8.30127166 -3.35393146 1.30903301
v 8.23060389 -3.32537982 1.16672619
v 8.16862991 -3.30034071 1.00445636
v 8.11641013 -3.27924255 0.82500000
v 8.07483804 -3.26244634 0.63142766
v 8.04462494 -3.25023945 0.42705142
v 8.02628779 -3.24283076 0.21536822
v 8.02014034 -3.24034703 0.00000000
v 8.02628779 -3.24283076 -0.21536822
v 8.04462494 -3.25023945 -0.42705142
v 8.07483804 -3.26244634 -0.63142766
v 8.11641013 -3.27924255 -0.82500000
v 8.16862991 -3.30034071 -1.00445636
v 8.23060389 -3.32537982 -1.16672619
v 8.30127166 -3.35393146 -1.30903301
v 8.37942409 -3.38550709 -1.42894192
v 8.46372396 -3.41956645 -1.52440123
v 8.55272888 -3.45552677 -1.59377761
v 8.64491595 -3.49277276 -1.63588402
v 8.73870783 -3.53066714 -1.65000000
v 8.83249971 -3.56856152 -1.63588402
v 8.92468678 -3.60580752 -1.59377761
v 9.01369170 -3.64176784 -1.52440123
v 9.09799157 -3.67582720 -1.42894192
v 9.17614400 -3.70740283 -1.30903301
v 9.24681177 -3.73595446 -1.16672619
v 9.30878575 -3.76099357 -1.00445636
v 9.36100553 -3.78209173 -0.82500000
v 9.40257762 -3.79888795 -0.63142766
v 9.43279072 -3.81109483 -0.42705142
v 9.45112787 -3.81850352 -0.21536822
v 9.58486473 -3.48860546 0.00000000
v 9.57863435 -3.48633779 0.21536822
v 9.56004981 -3.47957357 0.42705142
v 9.52942910 -3.46842854 0.63142766
v 9.48729615 -3.45309340 0.82500000
v 9.43437187 -3.43383054 1.00445636
v 9.37156179 -3.41096954 1.16672619
v 9.29994063 -3.38490157 1.30903301
v 9.22073384 -3.35607266 1.42894192
v 9.13529667 -3.32497607 1.52440123
v 9.04509097 -3.29214388 1.59377761
v 8.95166019 -3.25813786 1.63588402
v 8.85660295 -3.22353985 1.65000000
v 8.76154571 -3.18894185 1.63588402
v 8.66811493 -3.15493582 1.59377761
v 8.57790923 -3.12210363 1.52440123
v 8.49247206 -3.09100705 1.42894192
v 8.41326527 -3.06217813 1.30903301
v 8.34164411 -3.03611016 1.16672619
v 8.27883403 -3.01324916 1.00445636
v 8.22590975 -2.99398630 0.82500000
v 8.18377680 -2.97865116 0.63142766
v 8.15315609 -2.96750613 0.42705142
v 8.13457155 -2.96074191 0.21536822
v 8.12834117 -2.95847424 0.00000000
v 8.13457155 -2.96074191 -0.21536822
v 8.15315609 -2.96750613 -0.42705142
v 8.18377680 -2.97865116 -0.63142766
v 8.22590975 -2.99398630 -0.82500000
v 8.27883403 -3.01324916 -1.00445636
v 8.34164411 -3.03611016 -1.16672619
v 8.41326527 -3.06217813 -1.30903301
v 8.49247206 -3.09100705 -1.42894192
v 8.57790923 -3.12210363 -1.52440123
v 8.66811493 -3.15493582 -1.59377761
v 8.76154571 -3.18894185 -1.63588402
v 8.85660295 -3.22353985 -1.65000000
v 8.95166019 -3.25813786 -1.63588402
v 9.04509097 -3.29214388 -1.59377761
v 9.13529667 -3.32497607 -1.52440123
v 9.22073384 -3.35607266 -1.42894192
v 9.29994063 -3.38490157 -1.30903301
v 9.37156179 -3.41096954 -1.16672619
v 9.43437187 -3.43383054 -1.00445636
v 9.48729615 -3.45309340 -0.82500000
v 9.52942910 -3.46842854 -0.63142766
v 9.56004981 -3.47957357 -0.42705142
v 9.57863435 -3.48633779 -0.21536822
v 9.70077647 -3.15197334 0.00000000
v 9.69447074 -3.14992449 0.21536822
v 9.67566146 -3.14381298 0.42705142
v 9.64467044 -3.13374339 0.63142766
v 9.60202797 -3.11988801 0.82500000
v 9.54846366 -3.10248391 1.00445636
v 9.48489401 -3.08182888 1.16672619
v 9.41240672 -3.05827633 1.30903301
v 9.33224207 -3.03222926 1.42894192
v 9.24577168 -3.00413333 1.52440123
v 9.15447511 -2.97446927 1.59377761
v 9.05991445 -2.94374465 1.63588402
v 8.96370767 -2.91248517 1.65000000
v 8.86750088 -2.88122569 1.63588402
v 8.77294022 -2.85050107 1.59377761
v 8.68164365 -2.82083702 1.52440123
v 8.59517327 -2.79274109 1.42894192
v 8.51500861 -2.76669401 1.30903301
v 8.44252132 -2.74314146 1.16672619
v 8.37895167 -2.72248643 1.00445636
v 8.32538736 -2.70508233 0.82500000
v 8.28274489 -2.69122695 0.63142766
v 8.25175388 -2.68115736 0.42705142
v 8.23294459 -2.67504586 0.21536822
v 8.22663887 -2.67299700 0.00000000
v 8.23294459 -2.67504586 -0.21536822
v 8.25175388 -2.68115736 -0.42705142
v 8.28274489 -2.69122695 -0.63142766
v 8.32538736 -2.70508233 -0.82500000
v 8.37895167 -2.72248643 -1.00445636
v 8.44252132 -2.74314146 -1.16672619
v 8.51500861 -2.76669401 -1.30903301
v 8.59517327 -2.79274109 -1.42894192
v 8.68164365 -2.82083702 -1.52440123
v 8.77294022 -2.85050107 -1.59377761
v 8.86750088 -2.88122569 -1.63588402
v 8.96370767 -2.91248517 -1.65000000
v 9.05991445 -2.94374465 -1.63588402
v 9.15447511 -2.97446927 -1.59377761
v 9.24577168 -3.00413333 -1.52440123
v 9.33224207 -3.03222926 -1.42894192
v 9.41240672 -3.05827633 -1.30903301
v 9.48489401 -3.08182888 -1.16672619
v 9.54846366 -3.10248391 -1.00445636
v 9.60202797 -3.11988801 -0.82500000
v 9.64467044 -3.13374339 -0.63142766
v 9.67566146 -3.14381298 -0.42705142
v 9.69447074 -3.14992449 -0.21536822
v 9.80486930 -2.81150103 0.00000000
v 9.79849591 -2.80967349 0.21536822
v 9.77948480 -2.80422214 0.42705142
v 9.74816124 -2.79524025 0.63142766
v 9.70506120 -2.78288152 0.82500000
v 9.65092212 -2.76735739 1.00445636
v 9.58667035 -2.74893349 1.16672619
v 9.51340524 -2.72792506 1.30903301
v 9.43238039 -2.70469155 1.42894192
v 9.34498215 -2.67963051 1.52440123
v 9.25270593 -2.65317073 1.59377761
v 9.15713060 -2.62576495 1.63588402
v 9.05989148 -2.59788208 1.65000000
v 8.96265237 -2.56999921 1.63588402
v 8.86707704 -2.54259343 1.59377761
v 8.77480082 -2.51613365 1.52440123
v 8.68740258 -2.49107260 1.42894192
v 8.60637773 -2.46783910 1.30903301
v 8.53311262 -2.44683067 1.16672619
v 8.46886085 -2.42840677 1.00445636
v 8.41472177 -2.41288264 0.82500000
v 8.37162173 -2.40052390 0.63142766
v 8.34029817 -2.39154202 0.42705142
v 8.32128706 -2.38609067 0.21536822
v 8.31491367 -2.38426313 0.00000000
v 8.32128706 -2.38609067 -0.21536822
v 8.34029817 -2.39154202 -0.42705142
v 8.37162173 -2.40052390 -0.63142766
v 8.41472177 -2.41288264 -0.82500000
v 8.46886085 -2.42840677 -1.00445636
v 8.53311262 -2.44683067 -1.16672619
v 8.60637773 -2.46783910 -1.30903301
v 8.68740258 -2.49107260 -1.42894192
v 8.77480082 -2.51613365 -1.52440123
v 8.86707704 -2.54259343 -1.59377761
v 8.96265237 -2.56999921 -1.63588402
v 9.05989148 -2.59788208 -1.65000000
v 9.15713060 -2.62576495 -1.63588402
v 9.25270593 -2.65317073 -1.59377761
v 9.34498215 -2.67963051 -1.52440123
v 9.43238039 -2.70469155 -1.42894192
v 9.51340524 -2.72792506 -1.30903301
v 9.58667035 -2.74893349 -1.16672619
v 9.65092212 -2.76735739 -1.00445636
v 9.70506120 -2.78288152 -0.82500000
v 9.74816124 -2.79524025 -0.63142766
v 9.77948480 -2.80422214 -0.42705142
v 9.79849591 -2.80967349 -0.21536822
v 9.89701641 -2.46760334 0.00000000
v 9.89058312 -2.46599934 0.21536822
v 9.87139334 -2.46121479 0.42705142
v 9.83977540 -2.45333155 0.63142766
v 9.79627030 -2.44248451 0.82500000
v 9.74162242 -2.42885926 1.00445636
v 9.67676680 -2.41268894 1.16672619
v 9.60281315 -2.39425022 1.30903301
v 9.52102681 -2.37385860 1.42894192
v 9.43280720 -2.35186298 1.52440123
v 9.33966376 -2.32863971 1.59377761
v 9.24319020 -2.30458615 1.63588402
v 9.14503722 -2.28011387 1.65000000
v 9.04688424 -2.25564158 1.63588402
v 8.95041068 -2.23158802 1.59377761
v 8.85726724 -2.20836475 1.52440123
v 8.76904763 -2.18636913 1.42894192
v 8.68726130 -2.16597751 1.30903301
v 8.61330764 -2.14753879 1.16672619
v 8.54845202 -2.13136847 1.00445636
v 8.49380414 -2.11774322 0.82500000
v 8.45029904 -2.10689618 0.63142766
v 8.41868110 -2.09901295 0.42705142
v 8.39949132 -2.09422840 0.21536822
v 8.39305803 -2.09262440 0.00000000
v 8.39949132 -2.09422840 -0.21536822
v 8.41868110 -2.09901295 -0.42705142
v 8.45029904 -2.10689618 -0.63142766
v 8.49380414 -2.11774322 -0.82500000
v 8.54845202 -2.13136847 -1.00445636
v 8.61330764 -2.14753879 -1.16672619
v 8.68726130 -2.16597751 -1.30903301
v 8.76904763 -2.18636913 -1.42894192
v 8.85726724 -2.20836475 -1.52440123
v 8.95041068 -2.23158802 -1.59377761
v 9.04688424 -2.25564158 -1.63588402
v 9.14503722 -2.28011387 -1.65000000
v 9.24319020 -2.30458615 -1.63588402
v 9.33966376 -2.32863971 -1.59377761
v 9.43280720 -2.35186298 -1.52440123
v 9.52102681 -2.37385860 -1.42894192
v 9.60281315 -2.39425022 -1.30903301
v 9.67676680 -2.41268894 -1.16672619
v 9.74162242 -2.42885926 -1.00445636
v 9.79627030 -2.44248451 -0.82500000
v 9.83977540 -2.45333155 -0.63142766
v 9.87139334 -2.46121479 -0.42705142
v 9.89058312 -2.46599934 -0.21536822
v 9.97710553 -2.12069925 0.00000000
v 9.97062018 -2.11932074 0.21536822
v 9.95127511 -2.11520882 0.42705142
v 9.91940131 -2.10843384 0.63142766
v 9.87554416 -2.09911171 0.82500000
v 9.82045405 -2.08740195 1.00445636
v 9.75507361 -2.07350490 1.16672619
v 9.68052150 -2.05765836 1.30903301
v 9.59807333 -2.04013347 1.42894192
v 9.50913982 -2.02123006 1.52440123
v 9.41524264 -2.00127160 1.59377761
v 9.31798840 -1.98059957 1.63588402
v 9.21904114 -1.95956769 1.65000000
v 9.12009388 -1.93853580 1.63588402
v 9.02283964 -1.91786377 1.59377761
v 8.92894245 -1.89790531 1.52440123
v 8.84000894 -1.87900191 1.42894192
v 8.75756078 -1.86147701 1.30903301
v 8.68300867 -1.84563047 1.16672619
v 8.61762822 -1.83173342 1.00445636
v 8.56253812 -1.82002366 0.82500000
v 8.51868096 -1.81070154 0.63142766
v 8.48680716 -1.80392655 0.42705142
v 8.46746209 -1.79981463 0.21536822
v 8.46097675 -1.79843613 0.00000000
v 8.46746209 -1.79981463 -0.21536822
v 8.48680716 -1.80392655 -0.42705142
v 8.51868096 -1.81070154 -0.63142766
v 8.56253812 -1.82002366 -0.82500000
v 8.61762822 -1.83173342 -1.00445636
v 8.68300867 -1.84563047 -1.16672619
v 8.75756078 -1.86147701 -1.30903301
v 8.84000894 -1.87900191 -1.42894192
v 8.92894245 -1.89790531 -1.52440123
v 9.02283964 -1.91786377 -1.59377761
v 9.12009388 -1.93853580 -1.63588402
v 9.21904114 -1.95956769 -1.65000000
v 9.31798840 -1.98059957 -1.63588402
v 9.41524264 -2.00127160 -1.59377761
v 9.50913982 -2.02123006 -1.52440123
v 9.59807333 -2.04013347 -1.42894192
v 9.68052150 -2.05765836 -1.30903301
v 9.75507361 -2.07350490 -1.16672619
v 9.82045405 -2.08740195 -1.00445636
v 9.87554416 -2.09911171 -0.82500000
v 9.91940131 -2.10843384 -0.63142766
v 9.95127511 -2.11520882 -0.42705142
v 9.97062018 -2.11932074 -0.21536822
v 10.04503908 -1.77121141 0.00000000
v 10.03850958 -1.77006008 0.21536822
v 10.01903279 -1.76662580 0.42705142
v 9.98694196 -1.76096732 0.63142766
v 9.94278618 -1.75318147 0.82500000
v 9.88732098 -1.74340145 1.00445636
v 9.82149536 -1.73179462 1.16672619
v 9.74643563 -1.71855957 1.30903301
v 9.66342608 -1.70392274 1.42894192
v 9.57388702 -1.68813459 1.52440123
v 9.47935050 -1.67146525 1.59377761
v 9.38143406 -1.65419994 1.63588402
v 9.28181307 -1.63663407 1.65000000
v 9.18219209 -1.61906821 1.63588402
v 9.08427565 -1.60180290 1.59377761
v 8.98973912 -1.58513356 1.52440123
v 8.90020007 -1.56934541 1.42894192
v 8.81719052 -1.55470858 1.30903301
v 8.74213079 -1.54147353 1.16672619
v 8.67630517 -1.52986669 1.00445636
v 8.62083996 -1.52008668 0.82500000
v 8.57668418 -1.51230083 0.63142766
v 8.54459336 -1.50664235 0.42705142
v 8.52511657 -1.50320806 0.21536822
v 8.51858706 -1.50205674 0.00000000
v 8.52511657 -1.50320806 -0.21536822
v 8.54459336 -1.50664235 -0.42705142
v 8.57668418 -1.51230083 -0.63142766
v 8.62083996 -1.52008668 -0.82500000
v 8.67630517 -1.52986669 -1.00445636
v 8.74213079 -1.54147353 -1.16672619
v 8.81719052 -1.55470858 -1.30903301
v 8.90020007 -1.56934541 -1.42894192
v 8.98973912 -1.58513356 -1.52440123
v 9.08427565 -1.60180290 -1.59377761
v 9.18219209 -1.61906821 -1.63588402
v 9.28181307 -1.63663407 -1.65000000
v 9.38143406 -1.65419994 -1.63588402
v 9.47935050 -1.67146525 -1.59377761
v 9.57388702 -1.68813459 -1.52440123
v 9.66342608 -1.70392274 -1.42894192
v 9.74643563 -1.71855957 -1.30903301
v 9.82149536 -1.73179462 -1.16672619
v 9.88732098 -1.74340145 -1.00445636
v 9.94278618 -1.75318147 -0.82500000
v 9.98694196 -1.76096732 -0.63142766
v 10.01903279 -1.76662580 -0.42705142
v 10.03850958 -1.77006008 -0.21536822
v 10.10073430 -1.41956563 0.00000000
v 10.09416859 -1.41864288 0.21536822
v 10.07458381 -1.41589042 0.42705142
v 10.04231506 -1.41135534 0.63142766
v 9.99791446 -1.40511524 0.82500000
v 9.94214172 -1.39727690 1.00445636
v 9.87595113 -1.38797442 1.16672619
v 9.80047523 -1.37736697 1.30903301
v 9.71700542 -1.36563605 1.42894192
v 9.62696992 -1.35298239 1.52440123
v 9.53190923 -1.33962248 1.59377761
v 9.43344989 -1.32578492 1.63588402
v 9.33327655 -1.31170648 1.65000000
v 9.23310321 -1.29762803 1.63588402
v 9.13464387 -1.28379047 1.59377761
v 9.03958318 -1.27043057 1.52440123
v 8.94954767 -1.25777690 1.42894192
v 8.86607787 -1.24604598 1.30903301
v 8.79060197 -1.23543854 1.16672619
v 8.72441138 -1.22613606 1.00445636
v 8.66863864 -1.21829771 0.82500000
v 8.62423804 -1.21205761 0.63142766
v 8.59196928 -1.20752253 0.42705142
v 8.57238450 -1.20477007 0.21536822
v 8.56581879 -1.20384732 0.00000000
v 8.57238450 -1.20477007 -0.21536822
v 8.59196928 -1.20752253 -0.42705142
v 8.62423804 -1.21205761 -0.63142766
v 8.66863864 -1.21829771 -0.82500000
v 8.72441138 -1.22613606 -1.00445636
v 8.79060197 -1.23543854 -1.16672619
v 8.86607787 -1.24604598 -1.30903301
v 8.94954767 -1.25777690 -1.42894192
v 9.03958318 -1.27043057 -1.52440123
v 9.13464387 -1.28379047 -1.59377761
v 9.23310321 -1.29762803 -1.63588402
v 9.33327655 -1.31170648 -1.65000000
v 9.43344989 -1.32578492 -1.63588402
v 9.53190923 -1.33962248 -1.59377761
v 9.62696992 -1.35298239 -1.52440123
v 9.71700542 -1.36563605 -1.42894192
v 9.80047523 -1.37736697 -1.30903301
v 9.87595113 -1.38797442 -1.16672619
v 9.94214172 -1.39727690 -1.00445636
v 9.99791446 -1.40511524 -0.82500000
v 10.04231506 -1.41135534 -0.63142766
v 10.07458381 -1.41589042 -0.42705142
v 10.09416859 -1.41864288 -0.21536822
v 10.14412333 -1.06619033 0.00000000
v 10.13752942 -1.06549728 0.21536822
v 10.11786051 -1.06342999 0.42705142
v 10.08545314 -1.06002384 0.63142766
v 10.04086181 -1.05533710 0.82500000
v 9.98484950 -1.04944997 1.00445636
v 9.91837458 -1.04246317 1.16672619
v 9.84257446 -1.03449626 1.30903301
v 9.75874610 -1.02568555 1.42894192
v 9.66832383 -1.01618178 1.52440123
v 9.57285480 -1.00614758 1.59377761
v 9.47397251 -0.99575464 1.63588402
v 9.37336886 -0.98518077 1.65000000
v 9.27276522 -0.97460690 1.63588402
v 9.17388293 -0.96421395 1.59377761
v 9.07841390 -0.95417975 1.52440123
v 8.98799163 -0.94467599 1.42894192
v 8.90416327 -0.93586527 1.30903301
v 8.82836315 -0.92789836 1.16672619
v 8.76188823 -0.92091156 1.00445636
v 8.70587591 -0.91502443 0.82500000
v 8.66128459 -0.91033769 0.63142766
v 8.62887722 -0.90693154 0.42705142
v 8.60920831 -0.90486426 0.21536822
v 8.60261439 -0.90417121 0.00000000
v 8.60920831 -0.90486426 -0.21536822
v 8.62887722 -0.90693154 -0.42705142
v 8.66128459 -0.91033769 -0.63142766
v 8.70587591 -0.91502443 -0.82500000
v 8.76188823 -0.92091156 -1.00445636
v 8.82836315 -0.92789836 -1.16672619
v 8.90416327 -0.93586527 -1.30903301
v 8.98799163 -0.94467599 -1.42894192
v 9.07841390 -0.95417975 -1.52440123
v 9.17388293 -0.96421395 -1.59377761
v 9.27276522 -0.97460690 -1.63588402
v 9.37336886 -0.98518077 -1.65000000
v 9.47397251 -0.99575464 -1.63588402
v 9.57285480 -1.00614758 -1.59377761
v 9.66832383 -1.01618178 -1.52440123
v 9.75874610 -1.02568555 -1.42894192
v 9.84257446 -1.03449626 -1.30903301
v 9.91837458 -1.04246317 -1.16672619
v 9.98484950 -1.04944997 -1.00445636
v 10.04086181 -1.05533710 -0.82500000
v 10.08545314 -1.06002384 -0.63142766
v 10.11786051 -1.06342999 -0.42705142
v 10.13752942 -1.06549728 -0.21536822
v 10.17515331 -0.71151603 0.00000000
v 10.16853923 -0.71105353 0.21536822
v 10.14881016 -0.70967394 0.42705142
v 10.11630366 -0.70740086 0.63142766
v 10.07157593 -0.70427320 0.82500000
v 10.01539227 -0.70034445 1.00445636
v 9.94871401 -0.69568185 1.16672619
v 9.87268202 -0.69036518 1.30903301
v 9.78859724 -0.68448540 1.42894192
v 9.69789838 -0.67814312 1.52440123
v 9.60213732 -0.67144685 1.59377761
v 9.50295256 -0.66451118 1.63588402
v 9.40204117 -0.65745477 1.65000000
v 9.30112979 -0.65039835 1.63588402
v 9.20194503 -0.64346268 1.59377761
v 9.10618397 -0.63676641 1.52440123
v 9.01548510 -0.63042413 1.42894192
v 8.93140032 -0.62454435 1.30903301
v 8.85536834 -0.61922768 1.16672619
v 8.78869008 -0.61456508 1.00445636
v 8.73250642 -0.61063633 0.82500000
v 8.68777869 -0.60750867 0.63142766
v 8.65527219 -0.60523559 0.42705142
v 8.63554312 -0.60385600 0.21536822
v 8.62892903 -0.60339350 0.00000000
v 8.63554312 -0.60385600 -0.21536822
v 8.65527219 -0.60523559 -0.42705142
v 8.68777869 -0.60750867 -0.63142766
v 8.73250642 -0.61063633 -0.82500000
v 8.78869008 -0.61456508 -1.00445636
v 8.85536834 -0.61922768 -1.16672619
v 8.93140032 -0.62454435 -1.30903301
v 9.01548510 -0.63042413 -1.42894192
v 9.10618397 -0.63676641 -1.52440123
v 9.20194503 -0.64346268 -1.59377761
v 9.30112979 -0.65039835 -1.63588402
v 9.40204117 -0.65745477 -1.65000000
v 9.50295256 -0.66451118 -1.63588402
v 9.60213732 -0.67144685 -1.59377761
v 9.69789838 -0.67814312 -1.52440123
v 9.78859724 -0.68448540 -1.42894192
v 9.87268202 -0.69036518 -1.30903301
v 9.94871401 -0.69568185 -1.16672619
v 10.01539227 -0.70034445 -1.00445636
v 10.07157593 -0.70427320 -0.82500000
v 10.11630366 -0.70740086 -0.63142766
v 10.14881016 -0.70967394 -0.42705142
v 10.16853923 -0.71105353 -0.21536822
v 10.19378644 -0.35597487 0.00000000
v 10.18716024 -0.35574347 0.21536822
v 10.16739504 -0.35505326 0.42705142
v 10.13482901 -0.35391603 0.63142766
v 10.09001937 -0.35235124 0.82500000
v 10.03373283 -0.35038567 1.00445636
v 9.96693247 -0.34805295 1.16672619
v 9.89076125 -0.34539299 1.30903301
v 9.80652249 -0.34245131 1.42894192
v 9.71565754 -0.33927824 1.52440123
v 9.61972111 -0.33592806 1.59377761
v 9.52035472 -0.33245811 1.63588402
v 9.41925854 -0.32892776 1.65000000
v 9.31816237 -0.32539740 1.63588402
v 9.21879598 -0.32192745 1.59377761
v 9.12285955 -0.31857728 1.52440123
v 9.03199460 -0.31540420 1.42894192
v 8.94775584 -0.31246252 1.30903301
v 8.87158462 -0.30980256 1.16672619
v 8.80478426 -0.30746984 1.00445636
v 8.74849772 -0.30550427 0.82500000
v 8.70368808 -0.30393949 0.63142766
v 8.67112205 -0.30280225 0.42705142
v 8.65135685 -0.30211204 0.21536822
v 8.64473065 -0.30188065 0.00000000
v 8.65135685 -0.30211204 -0.21536822
v 8.67112205 -0.30280225 -0.42705142
v 8.70368808 -0.30393949 -0.63142766
v 8.74849772 -0.30550427 -0.82500000
v 8.80478426 -0.30746984 -1.00445636
v 8.87158462 -0.30980256 -1.16672619
v 8.94775584 -0.31246252 -1.30903301
v 9.03199460 -0.31540420 -1.42894192
v 9.12285955 -0.31857728 -1.52440123
v 9.21879598 -0.32192745 -1.59377761
v 9.31816237 -0.32539740 -1.63588402
v 9.41925854 -0.32892776 -1.65000000
v 9.52035472 -0.33245811 -1.63588402
v 9.61972111 -0.33592806 -1.59377761
v 9.71565754 -0.33927824 -1.52440123
v 9.80652249 -0.34245131 -1.42894192
v 9.89076125 -0.34539299 -1.30903301
v 9.96693247 -0.34805295 -1.16672619
v 10.03373283 -0.35038567 -1.00445636
v 10.09001937 -0.35235124 -0.82500000
v 10.13482901 -0.35391603 -0.63142766
v 10.16739504 -0.35505326 -0.42705142
v 10.18716024 -0.35574347 -0.21536822
v -8.52971336 6.50661758 -3.21750000
v -8.30900647 6.74573415 -3.16677314
v -8.09678123 6.97566161 -3.01654197
v -7.90119332 7.18756396 -2.77257978
v -7.72975908 7.37329793 -2.44426190
v -7.58906664 7.52572586 -2.04420542
v -7.48452273 7.63899003 -1.58778426
v -7.42014490 7.70873776 -1.09253845
v -7.39840717 7.73228869 -0.57750000
v -7.39840717 7.73228869 0.57750000
v -7.42014490 7.70873776 1.09253845
v -7.48452273 7.63899003 1.58778426
v -7.58906664 7.52572586 2.04420542
v -7.72975908 7.37329793 2.44426190
v -7.90119332 7.18756396 2.77257978
v -8.09678123 6.97566161 3.01654197
v -8.30900647 6.74573415 3.16677314
v -8.52971336 6.50661758 3.21750000
v -8.55963907 6.81757429 -3.16677314
v -8.58841475 7.11658111 -3.01654197
v -8.61493456 7.39214737 -2.77257978
v -8.63817938 7.63368322 -2.44426190
v -8.65725590 7.83190657 -2.04420542
v -8.67143104 7.97919981 -1.58778426
v -8.68016005 8.06990253 -1.09253845
v -8.68310747 8.10052910 -0.57750000
v -8.68310747 8.10052910 0.57750000
v -8.68016005 8.06990253 1.09253845
v -8.67143104 7.97919981 1.58778426
v -8.65725590 7.83190657 2.04420542
v -8.63817938 7.63368322 2.44426190
v -8.61493456 7.39214737 2.77257978
v -8.58841475 7.11658111 3.01654197
v -8.55963907 6.81757429 3.16677314
v -8.79274159 6.70726021 -3.16677314
v -9.04566179 6.90019225 -3.01654197
v -9.27875439 7.07799944 -2.77257978
v -9.48306175 7.23384874 -2.44426190
v -9.65073247 7.36175096 -2.04420542
v -9.77532306 7.45679089 -1.58778426
v -9.85204556 7.51531618 -1.09253845
v -9.87795158 7.53507775 -0.57750000
v -9.87795158 7.53507775 0.57750000
v -9.85204556 7.51531618 1.09253845
v -9.77532306 7.45679089 1.58778426
v -9.65073247 7.36175096 2.04420542
v -9.48306175 7.23384874 2.44426190
v -9.27875439 7.07799944 2.77257978
v -9.04566179 6.90019225 3.01654197
v -8.79274159 6.70726021 3.16677314
v -8.87176575 6.47941239 -3.16677314
v -9.20067325 6.45325268 -3.01654197
v -9.50379614 6.42914376 -2.77257978
v -9.76948557 6.40801211 -2.44426190
v -9.98753125 6.39066982 -2.04420542
v -10.14955381 6.37778333 -1.58778426
v -10.24932681 6.36984787 -1.09253845
v -10.28301603 6.36716839 -0.57750000
v -10.28301603 6.36716839 0.57750000
v -10.24932681 6.36984787 1.09253845
v -10.14955381 6.37778333 1.58778426
v -9.98753125 6.39066982 2.04420542
v -9.76948557 6.40801211 2.44426190
v -9.50379614 6.42914376 2.77257978
v -9.20067325 6.45325268 3.01654197
v -8.87176575 6.47941239 3.16677314
v -8.75042025 6.26750101 -3.16677314
v -8.96264550 6.03757355 -3.01654197
v -9.15823341 5.82567120 -2.77257978
v -9.32966764 5.63993723 -2.44426190
v -9.47036008 5.48750930 -2.04420542
v -9.57490400 5.37424513 -1.58778426
v -9.63928182 5.30449740 -1.09253845
v -9.66101956 5.28094647 -0.57750000
v -9.66101956 5.28094647 0.57750000
v -9.63928182 5.30449740 1.09253845
v -9.57490400 5.37424513 1.58778426
v -9.47036008 5.48750930 2.04420542
v -9.32966764 5.63993723 2.44426190
v -9.15823341 5.82567120 2.77257978
v -8.96264550 6.03757355 3.01654197
v -8.75042025 6.26750101 3.16677314
v -8.49978766 6.19566087 -3.16677314
v -8.47101198 5.89665405 -3.01654197
v -8.44449216 5.62108779 -2.77257978
v -8.42124735 5.37955194 -2.44426190
v -8.40217082 5.18132859 -2.04420542
v -8.38799569 5.03403535 -1.58778426
v -8.37926668 4.94333262 -1.09253845
v -8.37631926 4.91270606 -0.57750000
v -8.37631926 4.91270606 0.57750000
v -8.37926668 4.94333262 1.09253845
v -8.38799569 5.03403535 1.58778426
v -8.40217082 5.18132859 2.04420542
v -8.42124735 5.37955194 2.44426190
v -8.44449216 5.62108779 2.77257978
v -8.47101198 5.89665405 3.01654197
v -8.49978766 6.19566087 3.16677314
v -8.26668513 6.30597495 -3.16677314
v -8.01376493 6.11304291 -3.01654197
v -7.78067234 5.93523572 -2.77257978
v -7.57636498 5.77938641 -2.44426190
v -7.40869425 5.65148420 -2.04420542
v -7.28410367 5.55644427 -1.58778426
v -7.20738116 5.49791898 -1.09253845
v -7.18147514 5.47815740 -0.57750000
v -7.18147514 5.47815740 0.57750000
v -7.20738116 5.49791898 1.09253845
v -7.28410367 5.55644427 1.58778426
v -7.40869425 5.65148420 2.04420542
v -7.57636498 5.77938641 2.44426190
v -7.78067234 5.93523572 2.77257978
v -8.01376493 6.11304291 3.01654197
v -8.26668513 6.30597495 3.16677314
v -8.18766098 6.53382277 -3.16677314
v -7.85875348 6.55998247 -3.01654197
v -7.55563059 6.58409140 -2.77257978
v -7.28994116 6.60522305 -2.44426190
v -7.07189547 6.62256534 -2.04420542
v -6.90987291 6.63545183 -1.58778426
v -6.81009991 6.64338729 -1.09253845
v -6.77641069 6.64606677 -0.57750000
v -6.77641069 6.64606677 0.57750000
v -6.81009991 6.64338729 1.09253845
v -6.90987291 6.63545183 1.58778426
v -7.07189547 6.62256534 2.04420542
v -7.28994116 6.60522305 2.44426190
v -7.55563059 6.58409140 2.77257978
v -7.85875348 6.55998247 3.01654197
v -8.18766098 6.53382277 3.16677314
v -7.15727934 7.75428488 -3.21750000
v -6.89425111 7.95492750 -3.16677314
v -6.64133091 8.14785955 -3.01654197
v -6.40823831 8.32566673 -2.77257978
v -6.20393095 8.48151604 -2.44426190
v -6.03626023 8.60941826 -2.04420542
v -5.91166964 8.70445818 -1.58778426
v -5.83494714 8.76298348 -1.09253845
v -5.80904112 8.78274505 -0.57750000
v -5.80904112 8.78274505 0.57750000
v -5.83494714 8.76298348 1.09253845
v -5.91166964 8.70445818 1.58778426
v -6.03626023 8.60941826 2.04420542
v -6.20393095 8.48151604 2.44426190
v -6.40823831 8.32566673 2.77257978
v -6.64133091 8.14785955 3.01654197
v -6.89425111 7.95492750 3.16677314
v -7.15727934 7.75428488 3.21750000
v -7.12735363 8.06524159 -3.16677314
v -7.09857795 8.36424841 -3.01654197
v -7.07205814 8.63981467 -2.77257978
v -7.04881332 8.88135052 -2.44426190
v -7.02973680 9.07957387 -2.04420542
v -7.01556166 9.22686710 -1.58778426
v -7.00683265 9.31756983 -1.09253845
v -7.00388523 9.34819639 -0.57750000
v -7.00388523 9.34819639 0.57750000
v -7.00683265 9.31756983 1.09253845
v -7.01556166 9.22686710 1.58778426
v -7.02973680 9.07957387 2.04420542
v -7.04881332 8.88135052 2.44426190
v -7.07205814 8.63981467 2.77257978
v -7.09857795 8.36424841 3.01654197
v -7.12735363 8.06524159 3.16677314
v -7.37798623 7.99340145 -3.16677314
v -7.59021147 8.22332890 -3.01654197
v -7.78579938 8.43523126 -2.77257978
v -7.95723362 8.62096523 -2.44426190
v -8.09792606 8.77339316 -2.04420542
v -8.20246997 8.88665733 -1.58778426
v -8.26684780 8.95640506 -1.09253845
v -8.28858553 8.97995598 -0.57750000
v -8.28858553 8.97995598 0.57750000
v -8.26684780 8.95640506 1.09253845
v -8.20246997 8.88665733 1.58778426
v -8.09792606 8.77339316 2.04420542
v -7.95723362 8.62096523 2.44426190
v -7.78579938 8.43523126 2.77257978
v -7.59021147 8.22332890 3.01654197
v -7.37798623 7.99340145 3.16677314
v -7.49933172 7.78149006 -3.16677314
v -7.82823922 7.80764977 -3.01654197
v -8.13136211 7.83175869 -2.77257978
v -8.39705154 7.85289034 -2.44426190
v -8.61509723 7.87023264 -2.04420542
v -8.77711979 7.88311913 -1.58778426
v -8.87689279 7.89105459 -1.09253845
v -8.91058201 7.89373406 -0.57750000
v -8.91058201 7.89373406 0.57750000
v -8.87689279 7.89105459 1.09253845
v -8.77711979 7.88311913 1.58778426
v -8.61509723 7.87023264 2.04420542
v -8.39705154 7.85289034 2.44426190
v -8.13136211 7.83175869 2.77257978
v -7.82823922 7.80764977 3.01654197
v -7.49933172 7.78149006 3.16677314
v -7.42030757 7.55364225 -3.16677314
v -7.67322777 7.36071021 -3.01654197
v -7.90632036 7.18290302 -2.77257978
v -8.11062772 7.02705371 -2.44426190
v -8.27829845 6.89915149 -2.04420542
v -8.40288903 6.80411157 -1.58778426
v -8.47961154 6.74558627 -1.09253845
v -8.50551756 6.72582470 -0.57750000
v -8.50551756 6.72582470 0.57750000
v -8.47961154 6.74558627 1.09253845
v -8.40288903 6.80411157 1.58778426
v -8.27829845 6.89915149 2.04420542
v -8.11062772 7.02705371 2.44426190
v -7.90632036 7.18290302 2.77257978
v -7.67322777 7.36071021 3.01654197
v -7.42030757 7.55364225 3.16677314
v -7.18720504 7.44332816 -3.16677314
v -7.21598072 7.14432135 -3.01654197
v -7.24250054 6.86875508 -2.77257978
v -7.26574535 6.62721923 -2.44426190
v -7.28482188 6.42899588 -2.04420542
v -7.29899701 6.28170265 -1.58778426
v -7.30772602 6.19099992 -1.09253845
v -7.31067344 6.16037336 -0.57750000
v -7.31067344 6.16037336 0.57750000
v -7.30772602 6.19099992 1.09253845
v -7.29899701 6.28170265 1.58778426
v -7.28482188 6.42899588 2.04420542
v -7.26574535 6.62721923 2.44426190
v -7.24250054 6.86875508 2.77257978
v -7.21598072 7.14432135 3.01654197
v -7.18720504 7.44332816 3.16677314
v -6.93657245 7.51516830 -3.16677314
v -6.72434720 7.28524085 -3.01654197
v -6.52875929 7.07333849 -2.77257978
v -6.35732506 6.88760452 -2.44426190
v -6.21663262 6.73517659 -2.04420542
v -6.11208870 6.62191242 -1.58778426
v -6.04771088 6.55216469 -1.09253845
v -6.02597314 6.52861377 -0.57750000
v -6.02597314 6.52861377 0.57750000
v -6.04771088 6.55216469 1.09253845
v -6.11208870 6.62191242 1.58778426
v -6.21663262 6.73517659 2.04420542
v -6.35732506 6.88760452 2.44426190
v -6.52875929 7.07333849 2.77257978
v -6.72434720 7.28524085 3.01654197
v -6.93657245 7.51516830 3.16677314
v -6.81522695 7.72707969 -3.16677314
v -6.48631945 7.70091998 -3.01654197
v -6.18319656 7.67681106 -2.77257978
v -5.91750713 7.65567941 -2.44426190
v -5.69946145 7.63833711 -2.04420542
v -5.53743889 7.62545062 -1.58778426
v -5.43766589 7.61751516 -1.09253845
v -5.40397667 7.61483569 -0.57750000
v -5.40397667 7.61483569 0.57750000
v -5.43766589 7.61751516 1.09253845
v -5.53743889 7.62545062 1.58778426
v -5.69946145 7.63833711 2.04420542
v -5.91750713 7.65567941 2.44426190
v -6.18319656 7.67681106 2.77257978
v -6.48631945 7.70091998 3.01654197
v -6.81522695 7.72707969 3.16677314
v -5.56737500 8.76634215 -3.21750000
v -5.27001741 8.92241441 -3.16677314
v -4.98408711 9.07248890 -3.01654197
v -4.72057223 9.21079834 -2.77257978
v -4.48959951 9.33202757 -2.44426190
v -4.30004510 9.43151784 -2.04420542
v -4.15919346 9.50544578 -1.58778426
v -4.07245746 9.55097037 -1.09253845
v -4.04317029 9.56634215 -0.57750000
v -4.04317029 9.56634215 0.57750000
v -4.07245746 9.55097037 1.09253845
v -4.15919346 9.50544578 1.58778426
v -4.30004510 9.43151784 2.04420542
v -4.48959951 9.33202757 2.44426190
v -4.72057223 9.21079834 2.77257978
v -4.98408711 9.07248890 3.01654197
v -5.27001741 8.92241441 3.16677314
v -5.56737500 8.76634215 3.21750000
v -5.47850716 9.06785060 -3.16677314
v -5.39305446 9.35777225 -3.01654197
v -5.31430080 9.62496557 -2.77257978
v -5.24527264 9.85916247 -2.44426190
v -5.18862270 10.05136291 -2.04420542
v -5.14652799 10.19418071 -1.58778426
v -5.12060620 10.28212748 -1.09253845
v -5.11185348 10.31182347 -0.57750000
v -5.11185348 10.31182347 0.57750000
v -5.12060620 10.28212748 1.09253845
v -5.14652799 10.19418071 1.58778426
v -5.18862270 10.05136291 2.04420542
v -5.24527264 9.85916247 2.44426190
v -5.31430080 9.62496557 2.77257978
v -5.39305446 9.35777225 3.01654197
v -5.47850716 9.06785060 3.16677314
v -5.73905448 9.03666723 -3.16677314
v -5.90413642 9.29660387 -3.01654197
v -6.05627681 9.53616285 -2.77257978
v -6.18962897 9.74613805 -2.44426190
v -6.29906826 9.91846024 -2.04420542
v -6.38038899 10.04650718 -1.58778426
v -6.43046605 10.12535810 -1.09253845
v -6.44737500 10.15198280 -0.57750000
v -6.44737500 10.15198280 0.57750000
v -6.43046605 10.12535810 1.09253845
v -6.38038899 10.04650718 1.58778426
v -6.29906826 9.91846024 2.04420542
v -6.18962897 9.74613805 2.44426190
v -6.05627681 9.53616285 2.77257978
v -5.90413642 9.29660387 3.01654197
v -5.73905448 9.03666723 3.16677314
v -5.89903429 8.84713110 -3.16677314
v -6.21794811 8.92481537 -3.01654197
v -6.51186076 8.99640960 -2.77257978
v -6.76947736 9.05916247 -2.44426190
v -6.98089783 9.11066242 -2.04420542
v -7.13799742 9.14893034 -1.58778426
v -7.23473886 9.17249561 -1.09253845
v -7.26740445 9.18045262 -0.57750000
v -7.26740445 9.18045262 0.57750000
v -7.23473886 9.17249561 1.09253845
v -7.13799742 9.14893034 1.58778426
v -6.98089783 9.11066242 2.04420542
v -6.76947736 9.05916247 2.44426190
v -6.51186076 8.99640960 2.77257978
v -6.21794811 8.92481537 3.01654197
v -5.89903429 8.84713110 3.16677314
v -5.86473259 8.61026989 -3.16677314
v -6.15066289 8.46019540 -3.01654197
v -6.41417777 8.32188596 -2.77257978
v -6.64515049 8.20065672 -2.44426190
v -6.83470490 8.10116646 -2.04420542
v -6.97555654 8.02723852 -1.58778426
v -7.06229254 7.98171393 -1.09253845
v -7.09157971 7.96634215 -0.57750000
v -7.09157971 7.96634215 0.57750000
v -7.06229254 7.98171393 1.09253845
v -6.97555654 8.02723852 1.58778426
v -6.83470490 8.10116646 2.04420542
v -6.64515049 8.20065672 2.44426190
v -6.41417777 8.32188596 2.77257978
v -6.15066289 8.46019540 3.01654197
v -5.86473259 8.61026989 3.16677314
v -5.65624284 8.46483370 -3.16677314
v -5.74169554 8.17491205 -3.01654197
v -5.82044920 7.90771873 -2.77257978
v -5.88947736 7.67352183 -2.44426190
v -5.94612730 7.48132139 -2.04420542
v -5.98822201 7.33850359 -1.58778426
v -6.01414380 7.25055682 -1.09253845
v -6.02289652 7.22086083 -0.57750000
v -6.02289652 7.22086083 0.57750000
v -6.01414380 7.25055682 1.09253845
v -5.98822201 7.33850359 1.58778426
v -5.94612730 7.48132139 2.04420542
v -5.88947736 7.67352183 2.44426190
v -5.82044920 7.90771873 2.77257978
v -5.74169554 8.17491205 3.01654197
v -5.65624284 8.46483370 3.16677314
v -5.39569552 8.49601707 -3.16677314
v -5.23061358 8.23608043 -3.01654197
v -5.07847319 7.99652145 -2.77257978
v -4.94512103 7.78654625 -2.44426190
v -4.83568174 7.61422406 -2.04420542
v -4.75436101 7.48617712 -1.58778426
v -4.70428395 7.40732620 -1.09253845
v -4.68737500 7.38070150 -0.57750000
v -4.68737500 7.38070150 0.57750000
v -4.70428395 7.40732620 1.09253845
v -4.75436101 7.48617712 1.58778426
v -4.83568174 7.61422406 2.04420542
v -4.94512103 7.78654625 2.44426190
v -5.07847319 7.99652145 2.77257978
v -5.23061358 8.23608043 3.01654197
v -5.39569552 8.49601707 3.16677314
v -5.23571571 8.68555320 -3.16677314
v -4.91680189 8.60786893 -3.01654197
v -4.62288924 8.53627470 -2.77257978
v -4.36527264 8.47352183 -2.44426190
v -4.15385217 8.42202188 -2.04420542
v -3.99675258 8.38375396 -1.58778426
v -3.90001114 8.36018869 -1.09253845
v -3.86734555 8.35223168 -0.57750000
v -3.86734555 8.35223168 0.57750000
v -3.90001114 8.36018869 1.09253845
v -3.99675258 8.38375396 1.58778426
v -4.15385217 8.42202188 2.04420542
v -4.36527264 8.47352183 2.44426190
v -4.62288924 8.53627470 2.77257978
v -4.91680189 8.60786893 3.01654197
v -5.23571571 8.68555320 3.16677314
v -3.80830879 9.51203855 -3.21750000
v -3.48565690 9.61879827 -3.16677314
v -3.17540435 9.72145526 -3.01654197
v -2.88947395 9.81606449 -2.77257978
v -2.63885387 9.89899017 -2.44426190
v -2.43317528 9.96704552 -2.04420542
v -2.28034230 10.01761521 -1.58778426
v -2.18622822 10.04875587 -1.09253845
v -2.15444978 10.05927078 -0.57750000
v -2.15444978 10.05927078 0.57750000
v -2.18622822 10.04875587 1.09253845
v -2.28034230 10.01761521 1.58778426
v -2.43317528 9.96704552 2.04420542
v -2.63885387 9.89899017 2.44426190
v -2.88947395 9.81606449 2.77257978
v -3.17540435 9.72145526 3.01654197
v -3.48565690 9.61879827 3.16677314
v -3.80830879 9.51203855 3.21750000
v -3.66319902 9.79493756 -3.16677314
v -3.52366574 10.06696491 -3.01654197
v -3.39507113 10.31766676 -2.77257978
v -3.28235701 10.53740877 -2.44426190
v -3.18985492 10.71774637 -2.04420542
v -3.12111967 10.85174930 -1.58778426
v -3.07879272 10.93426789 -1.09253845
v -3.06450065 10.96213101 -0.57750000
v -3.06450065 10.96213101 0.57750000
v -3.07879272 10.93426789 1.09253845
v -3.12111967 10.85174930 1.58778426
v -3.18985492 10.71774637 2.04420542
v -3.28235701 10.53740877 2.44426190
v -3.39507113 10.31766676 2.77257978
v -3.52366574 10.06696491 3.01654197
v -3.66319902 9.79493756 3.16677314
v -3.92574447 9.80535845 -3.16677314
v -4.03866717 10.08740623 -3.01654197
v -4.14273732 10.34734295 -2.77257978
v -4.23395557 10.57517939 -2.44426190
v -4.30881646 10.76215993 -2.04420542
v -4.36444311 10.90109900 -1.58778426
v -4.39869784 10.98665726 -1.09253845
v -4.41026424 11.01554675 -0.57750000
v -4.41026424 11.01554675 0.57750000
v -4.39869784 10.98665726 1.09253845
v -4.36444311 10.90109900 1.58778426
v -4.30881646 10.76215993 2.04420542
v -4.23395557 10.57517939 2.44426190
v -4.14273732 10.34734295 2.77257978
v -4.03866717 10.08740623 3.01654197
v -3.92574447 9.80535845 3.16677314
v -4.11949770 9.64395653 -3.16677314
v -4.41872779 9.77080497 -3.01654197
v -4.69449982 9.88770916 -2.77257978
v -4.93621602 9.99017654 -2.44426190
v -5.13458739 10.07426934 -2.04420542
v -5.28199061 10.13675593 -1.58778426
v -5.37276106 10.17523499 -1.09253845
v -5.40341050 10.18822777 -0.57750000
v -5.40341050 10.18822777 0.57750000
v -5.37276106 10.17523499 1.09253845
v -5.28199061 10.13675593 1.58778426
v -5.13458739 10.07426934 2.04420542
v -4.93621602 9.99017654 2.44426190
v -4.69449982 9.88770916 2.77257978
v -4.41872779 9.77080497 3.01654197
v -4.11949770 9.64395653 3.16677314
v -4.13096068 9.40527884 -3.16677314
v -4.44121323 9.30262185 -3.01654197
v -4.72714363 9.20801262 -2.77257978
v -4.97776371 9.12508693 -2.44426190
v -5.18344230 9.05703158 -2.04420542
v -5.33627528 9.00646190 -1.58778426
v -5.43038937 8.97532124 -1.09253845
v -5.46216780 8.96480632 -0.57750000
v -5.46216780 8.96480632 0.57750000
v -5.43038937 8.97532124 1.09253845
v -5.33627528 9.00646190 1.58778426
v -5.18344230 9.05703158 2.04420542
v -4.97776371 9.12508693 2.44426190
v -4.72714363 9.20801262 2.77257978
v -4.44121323 9.30262185 3.01654197
v -4.13096068 9.40527884 3.16677314
v -3.95341856 9.22913955 -3.16677314
v -4.09295184 8.95711219 -3.01654197
v -4.22154645 8.70641035 -2.77257978
v -4.33426057 8.48666834 -2.44426190
v -4.42676266 8.30633074 -2.04420542
v -4.49549791 8.17232781 -1.58778426
v -4.53782487 8.08980921 -1.09253845
v -4.55211693 8.06194609 -0.57750000
v -4.55211693 8.06194609 0.57750000
v -4.53782487 8.08980921 1.09253845
v -4.49549791 8.17232781 1.58778426
v -4.42676266 8.30633074 2.04420542
v -4.33426057 8.48666834 2.44426190
v -4.22154645 8.70641035 2.77257978
v -4.09295184 8.95711219 3.01654197
v -3.95341856 9.22913955 3.16677314
v -3.69087311 9.21871866 -3.16677314
v -3.57795041 8.93667088 -3.01654197
v -3.47388026 8.67673416 -2.77257978
v -3.38266201 8.44889771 -2.44426190
v -3.30780112 8.26191718 -2.04420542
v -3.25217447 8.12297811 -1.58778426
v -3.21791974 8.03741985 -1.09253845
v -3.20635334 8.00853036 -0.57750000
v -3.20635334 8.00853036 0.57750000
v -3.21791974 8.03741985 1.09253845
v -3.25217447 8.12297811 1.58778426
v -3.30780112 8.26191718 2.04420542
v -3.38266201 8.44889771 2.44426190
v -3.47388026 8.67673416 2.77257978
v -3.57795041 8.93667088 3.01654197
v -3.69087311 9.21871866 3.16677314
v -3.49711989 9.38012058 -3.16677314
v -3.19788980 9.25327214 -3.01654197
v -2.92211776 9.13636795 -2.77257978
v -2.68040156 9.03390057 -2.44426190
v -2.48203019 8.94980777 -2.04420542
v -2.33462697 8.88732117 -1.58778426
v -2.24385652 8.84884212 -1.09253845
v -2.21320709 8.83584934 -0.57750000
v -2.21320709 8.83584934 0.57750000
v -2.24385652 8.84884212 1.09253845
v -2.33462697 8.88732117 1.58778426
v -2.48203019 8.94980777 2.04420542
v -2.68040156 9.03390057 2.44426190
v -2.92211776 9.13636795 2.77257978
v -3.19788980 9.25327214 3.01654197
v -3.49711989 9.38012058 3.16677314
v -1.93352905 9.96871648 -3.21750000
v -1.59538647 10.02291981 -3.16677314
v -1.27023853 10.07504013 -3.01654197
v -0.97058047 10.12307449 -2.77257978
v -0.70792798 10.16517697 -2.44426190
v -0.49237466 10.19972957 -2.04420542
v -0.33220409 10.22540448 -1.58778426
v -0.23357154 10.24121500 -1.09253845
v -0.20026740 10.24655356 -0.57750000
v -0.20026740 10.24655356 0.57750000
v -0.23357154 10.24121500 1.09253845
v -0.33220409 10.22540448 1.58778426
v -0.49237466 10.19972957 2.04420542
v -0.70792798 10.16517697 2.44426190
v -0.97058047 10.12307449 2.77257978
v -1.27023853 10.07504013 3.01654197
v -1.59538647 10.02291981 3.16677314
v -1.93352905 9.96871648 3.21750000
v -1.73658643 10.22441030 -3.16677314
v -1.54721222 10.47027795 -3.01654197
v -1.37268394 10.69687087 -2.77257978
v -1.21970862 10.89548122 -2.44426190
v -1.09416502 11.05847653 -2.04420542
v -1.00087771 11.17959297 -1.58778426
v -0.94343167 11.25417611 -1.09253845
v -0.92403452 11.27935975 -0.57750000
v -0.92403452 11.27935975 0.57750000
v -0.94343167 11.25417611 1.09253845
v -1.00087771 11.17959297 1.58778426
v -1.09416502 11.05847653 2.04420542
v -1.21970862 10.89548122 2.44426190
v -1.37268394 10.69687087 2.77257978
v -1.54721222 10.47027795 3.01654197
v -1.73658643 10.22441030 3.16677314
v -1.99315271 10.27611882 -3.16677314
v -2.05048506 10.57170786 -3.01654197
v -2.10332286 10.84412428 -2.77257978
v -2.14963558 11.08289926 -2.44426190
v -2.18764345 11.27885683 -2.04420542
v -2.21588584 11.42446644 -1.58778426
v -2.23327742 11.51413240 -1.09253845
v -2.23914984 11.54440888 -0.57750000
v -2.23914984 11.54440888 0.57750000
v -2.23327742 11.51413240 1.09253845
v -2.21588584 11.42446644 1.58778426
v -2.18764345 11.27885683 2.04420542
v -2.14963558 11.08289926 2.44426190
v -2.10332286 10.84412428 2.77257978
v -2.05048506 10.57170786 3.01654197
v -1.99315271 10.27611882 3.16677314
v -2.21479225 10.14775522 -3.16677314
v -2.48524666 10.31991360 -3.01654197
v -2.73449887 10.47857567 -2.77257978
v -2.95297027 10.61764414 -2.44426190
v -3.13226510 10.73177468 -2.04420542
v -3.26549319 10.81658133 -1.58778426
v -3.34753464 10.86880500 -1.09253845
v -3.37523664 10.88643878 -0.57750000
v -3.37523664 10.88643878 0.57750000
v -3.34753464 10.86880500 1.09253845
v -3.26549319 10.81658133 1.58778426
v -3.13226510 10.73177468 2.04420542
v -2.95297027 10.61764414 2.44426190
v -2.73449887 10.47857567 2.77257978
v -2.48524666 10.31991360 3.01654197
v -2.21479225 10.14775522 3.16677314
v -2.27167162 9.91451315 -3.16677314
v -2.59681956 9.86239283 -3.01654197
v -2.89647762 9.81435847 -2.77257978
v -3.15913011 9.77225599 -2.44426190
v -3.37468343 9.73770339 -2.04420542
v -3.53485400 9.71202848 -1.58778426
v -3.63348656 9.69621796 -1.09253845
v -3.66679069 9.69087940 -0.57750000
v -3.66679069 9.69087940 0.57750000
v -3.63348656 9.69621796 1.09253845
v -3.53485400 9.71202848 1.58778426
v -3.37468343 9.73770339 2.04420542
v -3.15913011 9.77225599 2.44426190
v -2.89647762 9.81435847 2.77257978
v -2.59681956 9.86239283 3.01654197
v -2.27167162 9.91451315 3.16677314
v -2.13047166 9.71302266 -3.16677314
v -2.31984588 9.46715501 -3.01654197
v -2.49437416 9.24056209 -2.77257978
v -2.64734947 9.04195174 -2.44426190
v -2.77289307 8.87895643 -2.04420542
v -2.86618038 8.75783999 -1.58778426
v -2.92362642 8.68325685 -1.09253845
v -2.94302357 8.65807321 -0.57750000
v -2.94302357 8.65807321 0.57750000
v -2.92362642 8.68325685 1.09253845
v -2.86618038 8.75783999 1.58778426
v -2.77289307 8.87895643 2.04420542
v -2.64734947 9.04195174 2.44426190
v -2.49437416 9.24056209 2.77257978
v -2.31984588 9.46715501 3.01654197
v -2.13047166 9.71302266 3.16677314
v -1.87390539 9.66131414 -3.16677314
v -1.81657303 9.36572510 -3.01654197
v -1.76373523 9.09330868 -2.77257978
v -1.71742251 8.85453370 -2.44426190
v -1.67941464 8.65857613 -2.04420542
v -1.65117225 8.51296652 -1.58778426
v -1.63378067 8.42330056 -1.09253845
v -1.62790825 8.39302408 -0.57750000
v -1.62790825 8.39302408 0.57750000
v -1.63378067 8.42330056 1.09253845
v -1.65117225 8.51296652 1.58778426
v -1.67941464 8.65857613 2.04420542
v -1.71742251 8.85453370 2.44426190
v -1.76373523 9.09330868 2.77257978
v -1.81657303 9.36572510 3.01654197
v -1.87390539 9.66131414 3.16677314
v -1.65226585 9.78967774 -3.16677314
v -1.38181143 9.61751936 -3.01654197
v -1.13255922 9.45885729 -2.77257978
v -0.91408783 9.31978882 -2.44426190
v -0.73479299 9.20565828 -2.04420542
v -0.60156490 9.12085163 -1.58778426
v -0.51952346 9.06862796 -1.09253845
v -0.49182145 9.05099418 -0.57750000
v -0.49182145 9.05099418 0.57750000
v -0.51952346 9.06862796 1.09253845
v -0.60156490 9.12085163 1.58778426
v -0.73479299 9.20565828 2.04420542
v -0.91408783 9.31978882 2.44426190
v -1.13255922 9.45885729 2.77257978
v -1.38181143 9.61751936 3.01654197
v -1.65226585 9.78967774 3.16677314
v 0.00000000 10.12250000 -3.21750000
v 0.34335897 10.12250000 -3.16677314
v 0.67352284 10.12250000 -3.01654197
v 0.97780361 10.12250000 -2.77257978
v 1.24450793 10.12250000 -2.44426190
v 1.46338652 10.12250000 -2.04420542
v 1.62602798 10.12250000 -1.58778426
v 1.72618209 10.12250000 -1.09253845
v 1.76000000 10.12250000 -0.57750000
v 1.76000000 10.12250000 0.57750000
v 1.72618209 10.12250000 1.09253845
v 1.62602798 10.12250000 1.58778426
v 1.46338652 10.12250000 2.04420542
v 1.24450793 10.12250000 2.44426190
v 0.97780361 10.12250000 2.77257978
v 0.67352284 10.12250000 3.01654197
v 0.34335897 10.12250000 3.16677314
v 0.00000000 10.12250000 3.21750000
v 0.24279145 10.34321950 -3.16677314
v 0.47625257 10.55545688 -3.01654197
v 0.69141156 10.75105597 -2.77257978
v 0.88000000 10.92250000 -2.44426190
v 1.03477053 11.06320048 -2.04420542
v 1.14977541 11.16775037 -1.58778426
v 1.22059506 11.23213188 -1.09253845
v 1.24450793 11.25387085 -0.57750000
v 1.24450793 11.25387085 0.57750000
v 1.22059506 11.23213188 1.09253845
v 1.14977541 11.16775037 1.58778426
v 1.03477053 11.06320048 2.04420542
v 0.88000000 10.92250000 2.44426190
v 0.69141156 10.75105597 2.77257978
v 0.47625257 10.55545688 3.01654197
v 0.24279145 10.34321950 3.16677314
v 0.00000000 10.43464452 -3.16677314
v 0.00000000 10.73479349 -3.01654197
v 0.00000000 11.01141237 -2.77257978
v 0.00000000 11.25387085 -2.44426190
v 0.00000000 11.45285138 -2.04420542
v 0.00000000 11.60070725 -1.58778426
v 0.00000000 11.69175645 -1.09253845
v 0.00000000 11.72250000 -0.57750000
v 0.00000000 11.72250000 0.57750000
v 0.00000000 11.69175645 1.09253845
v 0.00000000 11.60070725 1.58778426
v 0.00000000 11.45285138 2.04420542
v 0.00000000 11.25387085 2.44426190
v 0.00000000 11.01141237 2.77257978
v 0.00000000 10.73479349 3.01654197
v 0.00000000 10.43464452 3.16677314
v -0.24279145 10.34321950 -3.16677314
v -0.47625257 10.55545688 -3.01654197
v -0.69141156 10.75105597 -2.77257978
v -0.88000000 10.92250000 -2.44426190
v -1.03477053 11.06320048 -2.04420542
v -1.14977541 11.16775037 -1.58778426
v -1.22059506 11.23213188 -1.09253845
v -1.24450793 11.25387085 -0.57750000
v -1.24450793 11.25387085 0.57750000
v -1.22059506 11.23213188 1.09253845
v -1.14977541 11.16775037 1.58778426
v -1.03477053 11.06320048 2.04420542
v -0.88000000 10.92250000 2.44426190
v -0.69141156 10.75105597 2.77257978
v -0.47625257 10.55545688 3.01654197
v -0.24279145 10.34321950 3.16677314
v -0.34335897 10.12250000 -3.16677314
v -0.67352284 10.12250000 -3.01654197
v -0.97780361 10.12250000 -2.77257978
v -1.24450793 10.12250000 -2.44426190
v -1.46338652 10.12250000 -2.04420542
v -1.62602798 10.12250000 -1.58778426
v -1.72618209 10.12250000 -1.09253845
v -1.76000000 10.12250000 -0.57750000
v -1.76000000 10.12250000 0.57750000
v -1.72618209 10.12250000 1.09253845
v -1.62602798 10.12250000 1.58778426
v -1.46338652 10.12250000 2.04420542
v -1.24450793 10.12250000 2.44426190
v -0.97780361 10.12250000 2.77257978
v -0.67352284 10.12250000 3.01654197
v -0.34335897 10.12250000 3.16677314
v -0.24279145 9.90178050 -3.16677314
v -0.47625257 9.68954312 -3.01654197
v -0.69141156 9.49394403 -2.77257978
v -0.88000000 9.32250000 -2.44426190
v -1.03477053 9.18179952 -2.04420542
v -1.14977541 9.07724963 -1.58778426
v -1.22059506 9.01286812 -1.09253845
v -1.24450793 8.99112915 -0.57750000
v -1.24450793 8.99112915 0.57750000
v -1.22059506 9.01286812 1.09253845
v -1.14977541 9.07724963 1.58778426
v -1.03477053 9.18179952 2.04420542
v -0.88000000 9.32250000 2.44426190
v -0.69141156 9.49394403 2.77257978
v -0.47625257 9.68954312 3.01654197
v -0.24279145 9.90178050 3.16677314
v -0.00000000 9.81035548 -3.16677314
v -0.00000000 9.51020651 -3.01654197
v -0.00000000 9.23358763 -2.77257978
v -0.00000000 8.99112915 -2.44426190
v -0.00000000 8.79214862 -2.04420542
v -0.00000000 8.64429275 -1.58778426
v -0.00000000 8.55324355 -1.09253845
v -0.00000000 8.52250000 -0.57750000
v -0.00000000 8.52250000 0.57750000
v -0.00000000 8.55324355 1.09253845
v -0.00000000 8.64429275 1.58778426
v -0.00000000 8.79214862 2.04420542
v -0.00000000 8.99112915 2.44426190
v -0.00000000 9.23358763 2.77257978
v -0.00000000 9.51020651 3.01654197
v -0.00000000 9.81035548 3.16677314
v 0.24279145 9.90178050 -3.16677314
v 0.47625257 9.68954312 -3.01654197
v 0.69141156 9.49394403 -2.77257978
v 0.88000000 9.32250000 -2.44426190
v 1.03477053 9.18179952 -2.04420542
v 1.14977541 9.07724963 -1.58778426
v 1.22059506 9.01286812 -1.09253845
v 1.24450793 8.99112915 -0.57750000
v 1.24450793 8.99112915 0.57750000
v 1.22059506 9.01286812 1.09253845
v 1.14977541 9.07724963 1.58778426
v 1.03477053 9.18179952 2.04420542
v 0.88000000 9.32250000 2.44426190
v 0.69141156 9.49394403 2.77257978
v 0.47625257 9.68954312 3.01654197
v 0.24279145 9.90178050 3.16677314
v 1.93352905 9.96871648 -3.21750000
v 2.27167162 9.91451315 -3.16677314
v 2.59681956 9.86239283 -3.01654197
v 2.89647762 9.81435847 -2.77257978
v 3.15913011 9.77225599 -2.44426190
v 3.37468343 9.73770339 -2.04420542
v 3.53485400 9.71202848 -1.58778426
v 3.63348656 9.69621796 -1.09253845
v 3.66679069 9.69087940 -0.57750000
v 3.66679069 9.69087940 0.57750000
v 3.63348656 9.69621796 1.09253845
v 3.53485400 9.71202848 1.58778426
v 3.37468343 9.73770339 2.04420542
v 3.15913011 9.77225599 2.44426190
v 2.89647762 9.81435847 2.77257978
v 2.59681956 9.86239283 3.01654197
v 2.27167162 9.91451315 3.16677314
v 1.93352905 9.96871648 3.21750000
v 2.21479225 10.14775522 -3.16677314
v 2.48524666 10.31991360 -3.01654197
v 2.73449887 10.47857567 -2.77257978
v 2.95297027 10.61764414 -2.44426190
v 3.13226510 10.73177468 -2.04420542
v 3.26549319 10.81658133 -1.58778426
v 3.34753464 10.86880500 -1.09253845
v 3.37523664 10.88643878 -0.57750000
v 3.37523664 10.88643878 0.57750000
v 3.34753464 10.86880500 1.09253845
v 3.26549319 10.81658133 1.58778426
v 3.13226510 10.73177468 2.04420542
v 2.95297027 10.61764414 2.44426190
v 2.73449887 10.47857567 2.77257978
v 2.48524666 10.31991360 3.01654197
v 2.21479225 10.14775522 3.16677314
v 1.99315271 10.27611882 -3.16677314
v 2.05048506 10.57170786 -3.01654197
v 2.10332286 10.84412428 -2.77257978
v 2.14963558 11.08289926 -2.44426190
v 2.18764345 11.27885683 -2.04420542
v 2.21588584 11.42446644 -1.58778426
v 2.23327742 11.51413240 -1.09253845
v 2.23914984 11.54440888 -0.57750000
v 2.23914984 11.54440888 0.57750000
v 2.23327742 11.51413240 1.09253845
v 2.21588584 11.42446644 1.58778426
v 2.18764345 11.27885683 2.04420542
v 2.14963558 11.08289926 2.44426190
v 2.10332286 10.84412428 2.77257978
v 2.05048506 10.57170786 3.01654197
v 1.99315271 10.27611882 3.16677314
v 1.73658643 10.22441030 -3.16677314
v 1.54721222 10.47027795 -3.01654197
v 1.37268394 10.69687087 -2.77257978
v 1.21970862 10.89548122 -2.44426190
v 1.09416502 11.05847653 -2.04420542
v 1.00087771 11.17959297 -1.58778426
v 0.94343167 11.25417611 -1.09253845
v 0.92403452 11.27935975 -0.57750000
v 0.92403452 11.27935975 0.57750000
v 0.94343167 11.25417611 1.09253845
v 1.00087771 11.17959297 1.58778426
v 1.09416502 11.05847653 2.04420542
v 1.21970862 10.89548122 2.44426190
v 1.37268394 10.69687087 2.77257978
v 1.54721222 10.47027795 3.01654197
v 1.73658643 10.22441030 3.16677314
v 1.59538647 10.02291981 -3.16677314
v 1.27023853 10.07504013 -3.01654197
v 0.97058047 10.12307449 -2.77257978
v 0.70792798 10.16517697 -2.44426190
v 0.49237466 10.19972957 -2.04420542
v 0.33220409 10.22540448 -1.58778426
v 0.23357154 10.24121500 -1.09253845
v 0.20026740 10.24655356 -0.57750000
v 0.20026740 10.24655356 0.57750000
v 0.23357154 10.24121500 1.09253845
v 0.33220409 10.22540448 1.58778426
v 0.49237466 10.19972957 2.04420542
v 0.70792798 10.16517697 2.44426190
v 0.97058047 10.12307449 2.77257978
v 1.27023853 10.07504013 3.01654197
v 1.59538647 10.02291981 3.16677314
v 1.65226585 9.78967774 -3.16677314
v 1.38181143 9.61751936 -3.01654197
v 1.13255922 9.45885729 -2.77257978
v 0.91408783 9.31978882 -2.44426190
v 0.73479299 9.20565828 -2.04420542
v 0.60156490 9.12085163 -1.58778426
v 0.51952346 9.06862796 -1.09253845
v 0.49182145 9.05099418 -0.57750000
v 0.49182145 9.05099418 0.57750000
v 0.51952346 9.06862796 1.09253845
v 0.60156490 9.12085163 1.58778426
v 0.73479299 9.20565828 2.04420542
v 0.91408783 9.31978882 2.44426190
v 1.13255922 9.45885729 2.77257978
v 1.38181143 9.61751936 3.01654197
v 1.65226585 9.78967774 3.16677314
v 1.87390539 9.66131414 -3.16677314
v 1.81657303 9.36572510 -3.01654197
v 1.76373523 9.09330868 -2.77257978
v 1.71742251 8.85453370 -2.44426190
v 1.67941464 8.65857613 -2.04420542
v 1.65117225 8.51296652 -1.58778426
v 1.63378067 8.42330056 -1.09253845
v 1.62790825 8.39302408 -0.57750000
v 1.62790825 8.39302408 0.57750000
v 1.63378067 8.42330056 1.09253845
v 1.65117225 8.51296652 1.58778426
v 1.67941464 8.65857613 2.04420542
v 1.71742251 8.85453370 2.44426190
v 1.76373523 9.09330868 2.77257978
v 1.81657303 9.36572510 3.01654197
v 1.87390539 9.66131414 3.16677314
v 2.13047166 9.71302266 -3.16677314
v 2.31984588 9.46715501 -3.01654197
v 2.49437416 9.24056209 -2.77257978
v 2.64734947 9.04195174 -2.44426190
v 2.77289307 8.87895643 -2.04420542
v 2.86618038 8.75783999 -1.58778426
v 2.92362642 8.68325685 -1.09253845
v 2.94302357 8.65807321 -0.57750000
v 2.94302357 8.65807321 0.57750000
v 2.92362642 8.68325685 1.09253845
v 2.86618038 8.75783999 1.58778426
v 2.77289307 8.87895643 2.04420542
v 2.64734947 9.04195174 2.44426190
v 2.49437416 9.24056209 2.77257978
v 2.31984588 9.46715501 3.01654197
v 2.13047166 9.71302266 3.16677314
v 3.80830879 9.51203855 -3.21750000
v 4.13096068 9.40527884 -3.16677314
v 4.44121323 9.30262185 -3.01654197
v 4.72714363 9.20801262 -2.77257978
v 4.97776371 9.12508693 -2.44426190
v 5.18344230 9.05703158 -2.04420542
v 5.33627528 9.00646190 -1.58778426
v 5.43038937 8.97532124 -1.09253845
v 5.46216780 8.96480632 -0.57750000
v 5.46216780 8.96480632 0.57750000
v 5.43038937 8.97532124 1.09253845
v 5.33627528 9.00646190 1.58778426
v 5.18344230 9.05703158 2.04420542
v 4.97776371 9.12508693 2.44426190
v 4.72714363 9.20801262 2.77257978
v 4.44121323 9.30262185 3.01654197
v 4.13096068 9.40527884 3.16677314
v 3.80830879 9.51203855 3.21750000
v 4.11949770 9.64395653 -3.16677314
v 4.41872779 9.77080497 -3.01654197
v 4.69449982 9.88770916 -2.77257978
v 4.93621602 9.99017654 -2.44426190
v 5.13458739 10.07426934 -2.04420542
v 5.28199061 10.13675593 -1.58778426
v 5.37276106 10.17523499 -1.09253845
v 5.40341050 10.18822777 -0.57750000
v 5.40341050 10.18822777 0.57750000
v 5.37276106 10.17523499 1.09253845
v 5.28199061 10.13675593 1.58778426
v 5.13458739 10.07426934 2.04420542
v 4.93621602 9.99017654 2.44426190
v 4.69449982 9.88770916 2.77257978
v 4.41872779 9.77080497 3.01654197
v 4.11949770 9.64395653 3.16677314
v 3.92574447 9.80535845 -3.16677314
v 4.03866717 10.08740623 -3.01654197
v 4.14273732 10.34734295 -2.77257978
v 4.23395557 10.57517939 -2.44426190
v 4.30881646 10.76215993 -2.04420542
v 4.36444311 10.90109900 -1.58778426
v 4.39869784 10.98665726 -1.09253845
v 4.41026424 11.01554675 -0.57750000
v 4.41026424 11.01554675 0.57750000
v 4.39869784 10.98665726 1.09253845
v 4.36444311 10.90109900 1.58778426
v 4.30881646 10.76215993 2.04420542
v 4.23395557 10.57517939 2.44426190
v 4.14273732 10.34734295 2.77257978
v 4.03866717 10.08740623 3.01654197
v 3.92574447 9.80535845 3.16677314
v 3.66319902 9.79493756 -3.16677314
v 3.52366574 10.06696491 -3.01654197
v 3.39507113 10.31766676 -2.77257978
v 3.28235701 10.53740877 -2.44426190
v 3.18985492 10.71774637 -2.04420542
v 3.12111967 10.85174930 -1.58778426
v 3.07879272 10.93426789 -1.09253845
v 3.06450065 10.96213101 -0.57750000
v 3.06450065 10.96213101 0.57750000
v 3.07879272 10.93426789 1.09253845
v 3.12111967 10.85174930 1.58778426
v 3.18985492 10.71774637 2.04420542
v 3.28235701 10.53740877 2.44426190
v 3.39507113 10.31766676 2.77257978
v 3.52366574 10.06696491 3.01654197
v 3.66319902 9.79493756 3.16677314
v 3.48565690 9.61879827 -3.16677314
v 3.17540435 9.72145526 -3.01654197
v 2.88947395 9.81606449 -2.77257978
v 2.63885387 9.89899017 -2.44426190
v 2.43317528 9.96704552 -2.04420542
v 2.28034230 10.01761521 -1.58778426
v 2.18622822 10.04875587 -1.09253845
v 2.15444978 10.05927078 -0.57750000
v 2.15444978 10.05927078 0.57750000
v 2.18622822 10.04875587 1.09253845
v 2.28034230 10.01761521 1.58778426
v 2.43317528 9.96704552 2.04420542
v 2.63885387 9.89899017 2.44426190
v 2.88947395 9.81606449 2.77257978
v 3.17540435 9.72145526 3.01654197
v 3.48565690 9.61879827 3.16677314
v 3.49711989 9.38012058 -3.16677314
v 3.19788980 9.25327214 -3.01654197
v 2.92211776 9.13636795 -2.77257978
v 2.68040156 9.03390057 -2.44426190
v 2.48203019 8.94980777 -2.04420542
v 2.33462697 8.88732117 -1.58778426
v 2.24385652 8.84884212 -1.09253845
v 2.21320709 8.83584934 -0.57750000
v 2.21320709 8.83584934 0.57750000
v 2.24385652 8.84884212 1.09253845
v 2.33462697 8.88732117 1.58778426
v 2.48203019 8.94980777 2.04420542
v 2.68040156 9.03390057 2.44426190
v 2.92211776 9.13636795 2.77257978
v 3.19788980 9.25327214 3.01654197
v 3.49711989 9.38012058 3.16677314
v 3.69087311 9.21871866 -3.16677314
v 3.57795041 8.93667088 -3.01654197
v 3.47388026 8.67673416 -2.77257978
v 3.38266201 8.44889771 -2.44426190
v 3.30780112 8.26191718 -2.04420542
v 3.25217447 8.12297811 -1.58778426
v 3.21791974 8.03741985 -1.09253845
v 3.20635334 8.00853036 -0.57750000
v 3.20635334 8.00853036 0.57750000
v 3.21791974 8.03741985 1.09253845
v 3.25217447 8.12297811 1.58778426
v 3.30780112 8.26191718 2.04420542
v 3.38266201 8.44889771 2.44426190
v 3.47388026 8.67673416 2.77257978
v 3.57795041 8.93667088 3.01654197
v 3.69087311 9.21871866 3.16677314
v 3.95341856 9.22913955 -3.16677314
v 4.09295184 8.95711219 -3.01654197
v 4.22154645 8.70641035 -2.77257978
v 4.33426057 8.48666834 -2.44426190
v 4.42676266 8.30633074 -2.04420542
v 4.49549791 8.17232781 -1.58778426
v 4.53782487 8.08980921 -1.09253845
v 4.55211693 8.06194609 -0.57750000
v 4.55211693 8.06194609 0.57750000
v 4.53782487 8.08980921 1.09253845
v 4.49549791 8.17232781 1.58778426
v 4.42676266 8.30633074 2.04420542
v 4.33426057 8.48666834 2.44426190
v 4.22154645 8.70641035 2.77257978
v 4.09295184 8.95711219 3.01654197
v 3.95341856 9.22913955 3.16677314
v 5.56737500 8.76634215 -3.21750000
v 5.86473259 8.61026989 -3.16677314
v 6.15066289 8.46019540 -3.01654197
v 6.41417777 8.32188596 -2.77257978
v 6.64515049 8.20065672 -2.44426190
v 6.83470490 8.10116646 -2.04420542
v 6.97555654 8.02723852 -1.58778426
v 7.06229254 7.98171393 -1.09253845
v 7.09157971 7.96634215 -0.57750000
v 7.09157971 7.96634215 0.57750000
v 7.06229254 7.98171393 1.09253845
v 6.97555654 8.02723852 1.58778426
v 6.83470490 8.10116646 2.04420542
v 6.64515049 8.20065672 2.44426190
v 6.41417777 8.32188596 2.77257978
v 6.15066289 8.46019540 3.01654197
v 5.86473259 8.61026989 3.16677314
v 5.56737500 8.76634215 3.21750000
v 5.89903429 8.84713110 -3.16677314
v 6.21794811 8.92481537 -3.01654197
v 6.51186076 8.99640960 -2.77257978
v 6.76947736 9.05916247 -2.44426190
v 6.98089783 9.11066242 -2.04420542
v 7.13799742 9.14893034 -1.58778426
v 7.23473886 9.17249561 -1.09253845
v 7.26740445 9.18045262 -0.57750000
v 7.26740445 9.18045262 0.57750000
v 7.23473886 9.17249561 1.09253845
v 7.13799742 9.14893034 1.58778426
v 6.98089783 9.11066242 2.04420542
v 6.76947736 9.05916247 2.44426190
v 6.51186076 8.99640960 2.77257978
v 6.21794811 8.92481537 3.01654197
v 5.89903429 8.84713110 3.16677314
v 5.73905448 9.03666723 -3.16677314
v 5.90413642 9.29660387 -3.01654197
v 6.05627681 9.53616285 -2.77257978
v 6.18962897 9.74613805 -2.44426190
v 6.29906826 9.91846024 -2.04420542
v 6.38038899 10.04650718 -1.58778426
v 6.43046605 10.12535810 -1.09253845
v 6.44737500 10.15198280 -0.57750000
v 6.44737500 10.15198280 0.57750000
v 6.43046605 10.12535810 1.09253845
v 6.38038899 10.04650718 1.58778426
v 6.29906826 9.91846024 2.04420542
v 6.18962897 9.74613805 2.44426190
v 6.05627681 9.53616285 2.77257978
v 5.90413642 9.29660387 3.01654197
v 5.73905448 9.03666723 3.16677314
v 5.47850716 9.06785060 -3.16677314
v 5.39305446 9.35777225 -3.01654197
v 5.31430080 9.62496557 -2.77257978
v 5.24527264 9.85916247 -2.44426190
v 5.18862270 10.05136291 -2.04420542
v 5.14652799 10.19418071 -1.58778426
v 5.12060620 10.28212748 -1.09253845
v 5.11185348 10.31182347 -0.57750000
v 5.11185348 10.31182347 0.57750000
v 5.12060620 10.28212748 1.09253845
v 5.14652799 10.19418071 1.58778426
v 5.18862270 10.05136291 2.04420542
v 5.24527264 9.85916247 2.44426190
v 5.31430080 9.62496557 2.77257978
v 5.39305446 9.35777225 3.01654197
v 5.47850716 9.06785060 3.16677314
v 5.27001741 8.92241441 -3.16677314
v 4.98408711 9.07248890 -3.01654197
v 4.72057223 9.21079834 -2.77257978
v 4.48959951 9.33202757 -2.44426190
v 4.30004510 9.43151784 -2.04420542
v 4.15919346 9.50544578 -1.58778426
v 4.07245746 9.55097037 -1.09253845
v 4.04317029 9.56634215 -0.57750000
v 4.04317029 9.56634215 0.57750000
v 4.07245746 9.55097037 1.09253845
v 4.15919346 9.50544578 1.58778426
v 4.30004510 9.43151784 2.04420542
v 4.48959951 9.33202757 2.44426190
v 4.72057223 9.21079834 2.77257978
v 4.98408711 9.07248890 3.01654197
v 5.27001741 8.92241441 3.16677314
v 5.23571571 8.68555320 -3.16677314
v 4.91680189 8.60786893 -3.01654197
v 4.62288924 8.53627470 -2.77257978
v 4.36527264 8.47352183 -2.44426190
v 4.15385217 8.42202188 -2.04420542
v 3.99675258 8.38375396 -1.58778426
v 3.90001114 8.36018869 -1.09253845
v 3.86734555 8.35223168 -0.57750000
v 3.86734555 8.35223168 0.57750000
v 3.90001114 8.36018869 1.09253845
v 3.99675258 8.38375396 1.58778426
v 4.15385217 8.42202188 2.04420542
v 4.36527264 8.47352183 2.44426190
v 4.62288924 8.53627470 2.77257978
v 4.91680189 8.60786893 3.01654197
v 5.23571571 8.68555320 3.16677314
v 5.39569552 8.49601707 -3.16677314
v 5.23061358 8.23608043 -3.01654197
v 5.07847319 7.99652145 -2.77257978
v 4.94512103 7.78654625 -2.44426190
v 4.83568174 7.61422406 -2.04420542
v 4.75436101 7.48617712 -1.58778426
v 4.70428395 7.40732620 -1.09253845
v 4.68737500 7.38070150 -0.57750000
v 4.68737500 7.38070150 0.57750000
v 4.70428395 7.40732620 1.09253845
v 4.75436101 7.48617712 1.58778426
v 4.83568174 7.61422406 2.04420542
v 4.94512103 7.78654625 2.44426190
v 5.07847319 7.99652145 2.77257978
v 5.23061358 8.23608043 3.01654197
v 5.39569552 8.49601707 3.16677314
v 5.65624284 8.46483370 -3.16677314
v 5.74169554 8.17491205 -3.01654197
v 5.82044920 7.90771873 -2.77257978
v 5.88947736 7.67352183 -2.44426190
v 5.94612730 7.48132139 -2.04420542
v 5.98822201 7.33850359 -1.58778426
v 6.01414380 7.25055682 -1.09253845
v 6.02289652 7.22086083 -0.57750000
v 6.02289652 7.22086083 0.57750000
v 6.01414380 7.25055682 1.09253845
v 5.98822201 7.33850359 1.58778426
v 5.94612730 7.48132139 2.04420542
v 5.88947736 7.67352183 2.44426190
v 5.82044920 7.90771873 2.77257978
v 5.74169554 8.17491205 3.01654197
v 5.65624284 8.46483370 3.16677314
v 7.15727934 7.75428488 -3.21750000
v 7.42030757 7.55364225 -3.16677314
v 7.67322777 7.36071021 -3.01654197
v 7.90632036 7.18290302 -2.77257978
v 8.11062772 7.02705371 -2.44426190
v 8.27829845 6.89915149 -2.04420542
v 8.40288903 6.80411157 -1.58778426
v 8.47961154 6.74558627 -1.09253845
v 8.50551756 6.72582470 -0.57750000
v 8.50551756 6.72582470 0.57750000
v 8.47961154 6.74558627 1.09253845
v 8.40288903 6.80411157 1.58778426
v 8.27829845 6.89915149 2.04420542
v 8.11062772 7.02705371 2.44426190
v 7.90632036 7.18290302 2.77257978
v 7.67322777 7.36071021 3.01654197
v 7.42030757 7.55364225 3.16677314
v 7.15727934 7.75428488 3.21750000
v 7.49933172 7.78149006 -3.16677314
v 7.82823922 7.80764977 -3.01654197
v 8.13136211 7.83175869 -2.77257978
v 8.39705154 7.85289034 -2.44426190
v 8.61509723 7.87023264 -2.04420542
v 8.77711979 7.88311913 -1.58778426
v 8.87689279 7.89105459 -1.09253845
v 8.91058201 7.89373406 -0.57750000
v 8.91058201 7.89373406 0.57750000
v 8.87689279 7.89105459 1.09253845
v 8.77711979 7.88311913 1.58778426
v 8.61509723 7.87023264 2.04420542
v 8.39705154 7.85289034 2.44426190
v 8.13136211 7.83175869 2.77257978
v 7.82823922 7.80764977 3.01654197
v 7.49933172 7.78149006 3.16677314
v 7.37798623 7.99340145 -3.16677314
v 7.59021147 8.22332890 -3.01654197
v 7.78579938 8.43523126 -2.77257978
v 7.95723362 8.62096523 -2.44426190
v 8.09792606 8.77339316 -2.04420542
v 8.20246997 8.88665733 -1.58778426
v 8.26684780 8.95640506 -1.09253845
v 8.28858553 8.97995598 -0.57750000
v 8.28858553 8.97995598 0.57750000
v 8.26684780 8.95640506 1.09253845
v 8.20246997 8.88665733 1.58778426
v 8.09792606 8.77339316 2.04420542
v 7.95723362 8.62096523 2.44426190
v 7.78579938 8.43523126 2.77257978
v 7.59021147 8.22332890 3.01654197
v 7.37798623 7.99340145 3.16677314
v 7.12735363 8.06524159 -3.16677314
v 7.09857795 8.36424841 -3.01654197
v 7.07205814 8.63981467 -2.77257978
v 7.04881332 8.88135052 -2.44426190
v 7.02973680 9.07957387 -2.04420542
v 7.01556166 9.22686710 -1.58778426
v 7.00683265 9.31756983 -1.09253845
v 7.00388523 9.34819639 -0.57750000
v 7.00388523 9.34819639 0.57750000
v 7.00683265 9.31756983 1.09253845
v 7.01556166 9.22686710 1.58778426
v 7.02973680 9.07957387 2.04420542
v 7.04881332 8.88135052 2.44426190
v 7.07205814 8.63981467 2.77257978
v 7.09857795 8.36424841 3.01654197
v 7.12735363 8.06524159 3.16677314
v 6.89425111 7.95492750 -3.16677314
v 6.64133091 8.14785955 -3.01654197
v 6.40823831 8.32566673 -2.77257978
v 6.20393095 8.48151604 -2.44426190
v 6.03626023 8.60941826 -2.04420542
v 5.91166964 8.70445818 -1.58778426
v 5.83494714 8.76298348 -1.09253845
v 5.80904112 8.78274505 -0.57750000
v 5.80904112 8.78274505 0.57750000
v 5.83494714 8.76298348 1.09253845
v 5.91166964 8.70445818 1.58778426
v 6.03626023 8.60941826 2.04420542
v 6.20393095 8.48151604 2.44426190
v 6.40823831 8.32566673 2.77257978
v 6.64133091 8.14785955 3.01654197
v 6.89425111 7.95492750 3.16677314
v 6.81522695 7.72707969 -3.16677314
v 6.48631945 7.70091998 -3.01654197
v 6.18319656 7.67681106 -2.77257978
v 5.91750713 7.65567941 -2.44426190
v 5.69946145 7.63833711 -2.04420542
v 5.53743889 7.62545062 -1.58778426
v 5.43766589 7.61751516 -1.09253845
v 5.40397667 7.61483569 -0.57750000
v 5.40397667 7.61483569 0.57750000
v 5.43766589 7.61751516 1.09253845
v 5.53743889 7.62545062 1.58778426
v 5.69946145 7.63833711 2.04420542
v 5.91750713 7.65567941 2.44426190
v 6.18319656 7.67681106 2.77257978
v 6.48631945 7.70091998 3.01654197
v 6.81522695 7.72707969 3.16677314
v 6.93657245 7.51516830 -3.16677314
v 6.72434720 7.28524085 -3.01654197
v 6.52875929 7.07333849 -2.77257978
v 6.35732506 6.88760452 -2.44426190
v 6.21663262 6.73517659 -2.04420542
v 6.11208870 6.62191242 -1.58778426
v 6.04771088 6.55216469 -1.09253845
v 6.02597314 6.52861377 -0.57750000
v 6.02597314 6.52861377 0.57750000
v 6.04771088 6.55216469 1.09253845
v 6.11208870 6.62191242 1.58778426
v 6.21663262 6.73517659 2.04420542
v 6.35732506 6.88760452 2.44426190
v 6.52875929 7.07333849 2.77257978
v 6.72434720 7.28524085 3.01654197
v 6.93657245 7.51516830 3.16677314
v 7.18720504 7.44332816 -3.16677314
v 7.21598072 7.14432135 -3.01654197
v 7.24250054 6.86875508 -2.77257978
v 7.26574535 6.62721923 -2.44426190
v 7.28482188 6.42899588 -2.04420542
v 7.29899701 6.28170265 -1.58778426
v 7.30772602 6.19099992 -1.09253845
v 7.31067344 6.16037336 -0.57750000
v 7.31067344 6.16037336 0.57750000
v 7.30772602 6.19099992 1.09253845
v 7.29899701 6.28170265 1.58778426
v 7.28482188 6.42899588 2.04420542
v 7.26574535 6.62721923 2.44426190
v 7.24250054 6.86875508 2.77257978
v 7.21598072 7.14432135 3.01654197
v 7.18720504 7.44332816 3.16677314
v 8.52971336 6.50661758 -3.21750000
v 8.75042025 6.26750101 -3.16677314
v 8.96264550 6.03757355 -3.01654197
v 9.15823341 5.82567120 -2.77257978
v 9.32966764 5.63993723 -2.44426190
v 9.47036008 5.48750930 -2.04420542
v 9.57490400 5.37424513 -1.58778426
v 9.63928182 5.30449740 -1.09253845
v 9.66101956 5.28094647 -0.57750000
v 9.66101956 5.28094647 0.57750000
v 9.63928182 5.30449740 1.09253845
v 9.57490400 5.37424513 1.58778426
v 9.47036008 5.48750930 2.04420542
v 9.32966764 5.63993723 2.44426190
v 9.15823341 5.82567120 2.77257978
v 8.96264550 6.03757355 3.01654197
v 8.75042025 6.26750101 3.16677314
v 8.52971336 6.50661758 3.21750000
v 8.87176575 6.47941239 -3.16677314
v 9.20067325 6.45325268 -3.01654197
v 9.50379614 6.42914376 -2.77257978
v 9.76948557 6.40801211 -2.44426190
v 9.98753125 6.39066982 -2.04420542
v 10.14955381 6.37778333 -1.58778426
v 10.24932681 6.36984787 -1.09253845
v 10.28301603 6.36716839 -0.57750000
v 10.28301603 6.36716839 0.57750000
v 10.24932681 6.36984787 1.09253845
v 10.14955381 6.37778333 1.58778426
v 9.98753125 6.39066982 2.04420542
v 9.76948557 6.40801211 2.44426190
v 9.50379614 6.42914376 2.77257978
v 9.20067325 6.45325268 3.01654197
v 8.87176575 6.47941239 3.16677314
v 8.79274159 6.70726021 -3.16677314
v 9.04566179 6.90019225 -3.01654197
v 9.27875439 7.07799944 -2.77257978
v 9.48306175 7.23384874 -2.44426190
v 9.65073247 7.36175096 -2.04420542
v 9.77532306 7.45679089 -1.58778426
v 9.85204556 7.51531618 -1.09253845
v 9.87795158 7.53507775 -0.57750000
v 9.87795158 7.53507775 0.57750000
v 9.85204556 7.51531618 1.09253845
v 9.77532306 7.45679089 1.58778426
v 9.65073247 7.36175096 2.04420542
v 9.48306175 7.23384874 2.44426190
v 9.27875439 7.07799944 2.77257978
v 9.04566179 6.90019225 3.01654197
v 8.79274159 6.70726021 3.16677314
v 8.55963907 6.81757429 -3.16677314
v 8.58841475 7.11658111 -3.01654197
v 8.61493456 7.39214737 -2.77257978
v 8.63817938 7.63368322 -2.44426190
v 8.65725590 7.83190657 -2.04420542
v 8.67143104 7.97919981 -1.58778426
v 8.68016005 8.06990253 -1.09253845
v 8.68310747 8.10052910 -0.57750000
v 8.68310747 8.10052910 0.57750000
v 8.68016005 8.06990253 1.09253845
v 8.67143104 7.97919981 1.58778426
v 8.65725590 7.83190657 2.04420542
v 8.63817938 7.63368322 2.44426190
v 8.61493456 7.39214737 2.77257978
v 8.58841475 7.11658111 3.01654197
v 8.55963907 6.81757429 3.16677314
v 8.30900647 6.74573415 -3.16677314
v 8.09678123 6.97566161 -3.01654197
v 7.90119332 7.18756396 -2.77257978
v 7.72975908 7.37329793 -2.44426190
v 7.58906664 7.52572586 -2.04420542
v 7.48452273 7.63899003 -1.58778426
v 7.42014490 7.70873776 -1.09253845
v 7.39840717 7.73228869 -0.57750000
v 7.39840717 7.73228869 0.57750000
v 7.42014490 7.70873776 1.09253845
v 7.48452273 7.63899003 1.58778426
v 7.58906664 7.52572586 2.04420542
v 7.72975908 7.37329793 2.44426190
v 7.90119332 7.18756396 2.77257978
v 8.09678123 6.97566161 3.01654197
v 8.30900647 6.74573415 3.16677314
v 8.18766098 6.53382277 -3.16677314
v 7.85875348 6.55998247 -3.01654197
v 7.55563059 6.58409140 -2.77257978
v 7.28994116 6.60522305 -2.44426190
v 7.07189547 6.62256534 -2.04420542
v 6.90987291 6.63545183 -1.58778426
v 6.81009991 6.64338729 -1.09253845
v 6.77641069 6.64606677 -0.57750000
v 6.77641069 6.64606677 0.57750000
v 6.81009991 6.64338729 1.09253845
v 6.90987291 6.63545183 1.58778426
v 7.07189547 6.62256534 2.04420542
v 7.28994116 6.60522305 2.44426190
v 7.55563059 6.58409140 2.77257978
v 7.85875348 6.55998247 3.01654197
v 8.18766098 6.53382277 3.16677314
v 8.26668513 6.30597495 -3.16677314
v 8.01376493 6.11304291 -3.01654197
v 7.78067234 5.93523572 -2.77257978
v 7.57636498 5.77938641 -2.44426190
v 7.40869425 5.65148420 -2.04420542
v 7.28410367 5.55644427 -1.58778426
v 7.20738116 5.49791898 -1.09253845
v 7.18147514 5.47815740 -0.57750000
v 7.18147514 5.47815740 0.57750000
v 7.20738116 5.49791898 1.09253845
v 7.28410367 5.55644427 1.58778426
v 7.40869425 5.65148420 2.04420542
v 7.57636498 5.77938641 2.44426190
v 7.78067234 5.93523572 2.77257978
v 8.01376493 6.11304291 3.01654197
v 8.26668513 6.30597495 3.16677314
v 8.49978766 6.19566087 -3.16677314
v 8.47101198 5.89665405 -3.01654197
v 8.44449216 5.62108779 -2.77257978
v 8.42124735 5.37955194 -2.44426190
v 8.40217082 5.18132859 -2.04420542
v 8.38799569 5.03403535 -1.58778426
v 8.37926668 4.94333262 -1.09253845
v 8.37631926 4.91270606 -0.57750000
v 8.37631926 4.91270606 0.57750000
v 8.37926668 4.94333262 1.09253845
v 8.38799569 5.03403535 1.58778426
v 8.40217082 5.18132859 2.04420542
v 8.42124735 5.37955194 2.44426190
v 8.44449216 5.62108779 2.77257978
v 8.47101198 5.89665405 3.01654197
v 8.49978766 6.19566087 3.16677314
f 1 49 2
f 2 49 50
f 2 50 3
f 3 50 51
f 3 51 4
f 4 51 52
f 4 52 5
f 5 52 53
f 5 53 6
f 6 53 54
f 6 54 7
f 7 54 55
f 7 55 8
f 8 55 56
f 8 56 9
f 9 56 57
f 9 57 10
f 10 57 58
f 10 58 11
f 11 58 59
f 11 59 12
f 12 59 60
f 12 60 13
f 13 60 61
f 13 61 14
f 14 61 62
f 14 62 15
f 15 62 63
f 15 63 16
f 16 63 64
f 16 64 17
f 17 64 65
f 17 65 18
f 18 65 66
f 18 66 19
f 19 66 67
f 19 67 20
f 20 67 68
f 20 68 21
f 21 68 69
f 21 69 22
f 22 69 70
f 22 70 23
f 23 70 71
f 23 71 24
f 24 71 72
f 24 72 25
f 25 72 73
f 25 73 26
f 26 73 74
f 26 74 27
f 27 74 75
f 27 75 28
f 28 75 76
f 28 76 29
f 29 76 77
f 29 77 30
f 30 77 78
f 30 78 31
f 31 78 79
f 31 79 32
f 32 79 80
f 32 80 33
f 33 80 81
f 33 81 34
f 34 81 82
f 34 82 35
f 35 82 83
f 35 83 36
f 36 83 84
f 36 84 37
f 37 84 85
f 37 85 38
f 38 85 86
f 38 86 39
f 39 86 87
f 39 87 40
f 40 87 88
f 40 88 41
f 41 88 89
f 41 89 42
f 42 89 90
f 42 90 43
f 43 90 91
f 43 91 44
f 44 91 92
f 44 92 45
f 45 92 93
f 45 93 46
f 46 93 94
f 46 94 47
f 47 94 95
f 47 95 48
f 48 95 96
f 48 96 1
f 1 96 49
f 49 97 50
f 50 97 98
f 50 98 51
f 51 98 99
f 51 99 52
f 52 99 100
f 52 100 53
f 53 100 101
f 53 101 54
f 54 101 102
f 54 102 55
f 55 102 103
f 55 103 56
f 56 103 104
f 56 104 57
f 57 104 105
f 57 105 58
f 58 105 106
f 58 106 59
f 59 106 107
f 59 107 60
f 60 107 108
f 60 108 61
f 61 108 109
f 61 109 62
f 62 109 110
f 62 110 63
f 63 110 111
f 63 111 64
f 64 111 112
f 64 112 65
f 65 112 113
f 65 113 66
f 66 113 114
f 66 114 67
f 67 114 115
f 67 115 68
f 68 115 116
f 68 116 69
f 69 116 117
f 69 117 70
f 70 117 118
f 70 118 71
f 71 118 119
f 71 119 72
f 72 119 120
f 72 120 73
f 73 120 121
f 73 121 74
f 74 121 122
f 74 122 75
f 75 122 123
f 75 123 76
f 76 123 124
f 76 124 77
f 77 124 125
f 77 125 78
f 78 125 126
f 78 126 79
f 79 126 127
f 79 127 80
f 80 127 128
f 80 128 81
f 81 128 129
f 81 129 82
f 82 129 130
f 82 130 83
f 83 130 131
f 83 131 84
f 84 131 132
f 84 132 85
f 85 132 133
f 85 133 86
f 86 133 134
f 86 134 87
f 87 134 135
f 87 135 88
f 88 135 136
f 88 136 89
f 89 136 137
f 89 137 90
f 90 137 138
f 90 138 91
f 91 138 139
f 91 139 92
f 92 139 140
f 92 140 93
f 93 140 141
f 93 141 94
f 94 141 142
f 94 142 95
f 95 142 143
f 95 143 96
f 96 143 144
f 96 144 49
f 49 144 97
f 97 145 98
f 98 145 146
f 98 146 99
f 99 146 147
f 99 147 100
f 100 147 148
f 100 148 101
f 101 148 149
f 101 149 102
f 102 149 150
f 102 150 103
f 103 150 151
f 103 151 104
f 104 151 152
f 104 152 105
f 105 152 153
f 105 153 106
f 106 153 154
f 106 154 107
f 107 154 155
f 107 155 108
f 108 155 156
f 108 156 109
f 109 156 157
f 109 157 110
f 110 157 158
f 110 158 111
f 111 158 159
f 111 159 112
f 112 159 160
f 112 160 113
f 113 160 161
f 113 161 114
f 114 161 162
f 114 162 115
f 115 162 163
f 115 163 116
f 116 163 164
f 116 164 117
f 117 164 165
f 117 165 118
f 118 165 166
f 118 166 119
f 119 166 167
f 119 167 120
f 120 167 168
f 120 168 121
f 121 168 169
f 121 169 122
f 122 169 170
f 122 170 123
f 123 170 171
f 123 171 124
f 124 171 172
f 124 172 125
f 125 172 173
f 125 173 126
f 126 173 174
f 126 174 127
f 127 174 175
f 127 175 128
f 128 175 176
f 128 176 129
f 129 176 177
f 129 177 130
f 130 177 178
f 130 178 131
f 131 178 179
f 131 179 132
f 132 179 180
f 132 180 133
f 133 180 181
f 133 181 134
f 134 181 182
f 134 182 135
f 135 182 183
f 135 183 136
f 136 183 184
f 136 184 137
f 137 184 185
f 137 185 138
f 138 185 186
f 138 186 139
f 139 186 187
f 139 187 140
f 140 187 188
f 140 188 141
f 141 188 189
f 141 189 142
f 142 189 190
f 142 190 143
f 143 190 191
f 143 191 144
f 144 191 192
f 144 192 97
f 97 192 145
f 145 193 146
f 146 193 194
f 146 194 147
f 147 194 195
f 147 195 148
f 148 195 196
f 148 196 149
f 149 196 197
f 149 197 150
f 150 197 198
f 150 198 151
f 151 198 199
f 151 199 152
f 152 199 200
f 152 200 153
f 153 200 201
f 153 201 154
f 154 201 202
f 154 202 155
f 155 202 203
f 155 203 156
f 156 203 204
f 156 204 157
f 157 204 205
f 157 205 158
f 158 205 206
f 158 206 159
f 159 206 207
f 159 207 160
f 160 207 208
f 160 208 161
f 161 208 209
f 161 209 162
f 162 209 210
f 162 210 163
f 163 210 211
f 163 211 164
f 164 211 212
f 164 212 165
f 165 212 213
f 165 213 166
f 166 213 214
f 166 214 167
f 167 214 215
f 167 215 168
f 168 215 216
f 168 216 169
f 169 216 217
f 169 217 170
f 170 217 218
f 170 218 171
f 171 218 219
f 171 219 172
f 172 219 220
f 172 220 173
f 173 220 221
f 173 221 174
f 174 221 222
f 174 222 175
f 175 222 223
f 175 223 176
f 176 223 224
f 176 224 177
f 177 224 225
f 177 225 178
f 178 225 226
f 178 226 179
f 179 226 227
f 179 227 180
f 180 227 228
f 180 228 181
f 181 228 229
f 181 229 182
f 182 229 230
f 182 230 183
f 183 230 231
f 183 231 184
f 184 231 232
f 184 232 185
f 185 232 233
f 185 233 186
f 186 233 234
f 186 234 187
f 187 234 235
f 187 235 188
f 188 235 236
f 188 236 189
f 189 236 237
f 189 237 190
f 190 237 238
f 190 238 191
f 191 238 239
f 191 239 192
f 192 239 240
f 192 240 145
f 145 240 193
f 193 241 194
f 194 241 242
f 194 242 195
f 195 242 243
f 195 243 196
f 196 243 244
f 196 244 197
f 197 244 245
f 197 245 198
f 198 245 246
f 198 246 199
f 199 246 247
f 199 247 200
f 200 247 248
f 200 248 201
f 201 248 249
f 201 249 202
f 202 249 250
f 202 250 203
f 203 250 251
f 203 251 204
f 204 251 252
f 204 252 205
f 205 252 253
f 205 253 206
f 206 253 254
f 206 254 207
f 207 254 255
f 207 255 208
f 208 255 256
f 208 256 209
f 209 256 257
f 209 257 210
f 210 257 258
f 210 258 211
f 211 258 259
f 211 259 212
f 212 259 260
f 212 260 213
f 213 260 261
f 213 261 214
f 214 261 262
f 214 262 215
f 215 262 263
f 215 263 216
f 216 263 264
f 216 264 217
f 217 264 265
f 217 265 218
f 218 265 266
f 218 266 219
f 219 266 267
f 219 267 220
f 220 267 268
f 220 268 221
f 221 268 269
f 221 269 222
f 222 269 270
f 222 270 223
f 223 270 271
f 223 271 224
f 224 271 272
f 224 272 225
f 225 272 273
f 225 273 226
f 226 273 274
f 226 274 227
f 227 274 275
f 227 275 228
f 228 275 276
f 228 276 229
f 229 276 277
f 229 277 230
f 230 277 278
f 230 278 231
f 231 278 279
f 231 279 232
f 232 279 280
f 232 280 233
f 233 280 281
f 233 281 234
f 234 281 282
f 234 282 235
f 235 282 283
f 235 283 236
f 236 283 284
f 236 284 237
f 237 284 285
f 237 285 238
f 238 285 286
f 238 286 239
f 239 286 287
f 239 287 240
f 240 287 288
f 240 288 193
f 193 288 241
f 241 289 242
f 242 289 290
f 242 290 243
f 243 290 291
f 243 291 244
f 244 291 292
f 244 292 245
f 245 292 293
f 245 293 246
f 246 293 294
f 246 294 247
f 247 294 295
f 247 295 248
f 248 295 296
f 248 296 249
f 249 296 297
f 249 297 250
f 250 297 298
f 250 298 251
f 251 298 299
f 251 299 252
f 252 299 300
f 252 300 253
f 253 300 301
f 253 301 254
f 254 301 302
f 254 302 255
f 255 302 303
f 255 303 256
f 256 303 304
f 256 304 257
f 257 304 305
f 257 305 258
f 258 305 306
f 258 306 259
f 259 306 307
f 259 307 260
f 260 307 308
f 260 308 261
f 261 308 309
f 261 309 262
f 262 309 310
f 262 310 263
f 263 310 311
f 263 311 264
f 264 311 312
f 264 312 265
f 265 312 313
f 265 313 266
f 266 313 314
f 266 314 267
f 267 314 315
f 267 315 268
f 268 315 316
f 268 316 269
f 269 316 317
f 269 317 270
f 270 317 318
f 270 318 271
f 271 318 319
f 271 319 272
f 272 319 320
f 272 320 273
f 273 320 321
f 273 321 274
f 274 321 322
f 274 322 275
f 275 322 323
f 275 323 276
f 276 323 324
f 276 324 277
f 277 324 325
f 277 325 278
f 278 325 326
f 278 326 279
f 279 326 327
f 279 327 280
f 280 327 328
f 280 328 281
f 281 328 329
f 281 329 282
f 282 329 330
f 282 330 283
f 283 330 331
f 283 331 284
f 284 331 332
f 284 332 285
f 285 332 333
f 285 333 286
f 286 333 334
f 286 334 287
f 287 334 335
f 287 335 288
f 288 335 336
f 288 336 241
f 241 336 289
f 289 337 290
f 290 337 338
f 290 338 291
f 291 338 339
f 291 339 292
f 292 339 340
f 292 340 293
f 293 340 341
f 293 341 294
f 294 341 342
f 294 342 295
f 295 342 343
f 295 343 296
f 296 343 344
f 296 344 297
f 297 344 345
f 297 345 298
f 298 345 346
f 298 346 299
f 299 346 347
f 299 347 300
f 300 347 348
f 300 348 301
f 301 348 349
f 301 349 302
f 302 349 350
f 302 350 303
f 303 350 351
f 303 351 304
f 304 351 352
f 304 352 305
f 305 352 353
f 305 353 306
f 306 353 354
f 306 354 307
f 307 354 355
f 307 355 308
f 308 355 356
f 308 356 309
f 309 356 357
f 309 357 310
f 310 357 358
f 310 358 311
f 311 358 359
f 311 359 312
f 312 359 360
f 312 360 313
f 313 360 361
f 313 361 314
f 314 361 362
f 314 362 315
f 315 362 363
f 315 363 316
f 316 363 364
f 316 364 317
f 317 364 365
f 317 365 318
f 318 365 366
f 318 366 319
f 319 366 367
f 319 367 320
f 320 367 368
f 320 368 321
f 321 368 369
f 321 369 322
f 322 369 370
f 322 370 323
f 323 370 371
f 323 371 324
f 324 371 372
f 324 372 325
f 325 372 373
f 325 373 326
f 326 373 374
f 326 374 327
f 327 374 375
f 327 375 328
f 328 375 376
f 328 376 329
f 329 376 377
f 329 377 330
f 330 377 378
f 330 378 331
f 331 378 379
f 331 379 332
f 332 379 380
f 332 380 333
f 333 380 381
f 333 381 334
f 334 381 382
f 334 382 335
f 335 382 383
f 335 383 336
f 336 383 384
f 336 384 289
f 289 384 337
f 337 385 338
f 338 385 386
f 338 386 339
f 339 386 387
f 339 387 340
f 340 387 388
f 340 388 341
f 341 388 389
f 341 389 342
f 342 389 390
f 342 390 343
f 343 390 391
f 343 391 344
f 344 391 392
f 344 392 345
f 345 392 393
f 345 393 346
f 346 393 394
f 346 394 347
f 347 394 395
f 347 395 348
f 348 395 396
f 348 396 349
f 349 396 397
f 349 397 350
f 350 397 398
f 350 398 351
f 351 398 399
f 351 399 352
f 352 399 400
f 352 400 353
f 353 400 401
f 353 401 354
f 354 401 402
f 354 402 355
f 355 402 403
f 355 403 356
f 356 403 404
f 356 404 357
f 357 404 405
f 357 405 358
f 358 405 406
f 358 406 359
f 359 406 407
f 359 407 360
f 360 407 408
f 360 408 361
f 361 408 409
f 361 409 362
f 362 409 410
f 362 410 363
f 363 410 411
f 363 411 364
f 364 411 412
f 364 412 365
f 365 412 413
f 365 413 366
f 366 413 414
f 366 414 367
f 367 414 415
f 367 415 368
f 368 415 416
f 368 416 369
f 369 416 417
f 369 417 370
f 370 417 418
f 370 418 371
f 371 418 419
f 371 419 372
f 372 419 420
f 372 420 373
f 373 420 421
f 373 421 374
f 374 421 422
f 374 422 375
f 375 422 423
f 375 423 376
f 376 423 424
f 376 424 377
f 377 424 425
f 377 425 378
f 378 425 426
f 378 426 379
f 379 426 427
f 379 427 380
f 380 427 428
f 380 428 381
f 381 428 429
f 381 429 382
f 382 429 430
f 382 430 383
f 383 430 431
f 383 431 384
f 384 431 432
f 384 432 337
f 337 432 385
f 385 433 386
f 386 433 434
f 386 434 387
f 387 434 435
f 387 435 388
f 388 435 436
f 388 436 389
f 389 436 437
f 389 437 390
f 390 437 438
f 390 438 391
f 391 438 439
f 391 439 392
f 392 439 440
f 392 440 393
f 393 440 441
f 393 441 394
f 394 441 442
f 394 442 395
f 395 442 443
f 395 443 396
f 396 443 444
f 396 444 397
f 397 444 445
f 397 445 398
f 398 445 446
f 398 446 399
f 399 446 447
f 399 447 400
f 400 447 448
f 400 448 401
f 401 448 449
f 401 449 402
f 402 449 450
f 402 450 403
f 403 450 451
f 403 451 404
f 404 451 452
f 404 452 405
f 405 452 453
f 405 453 406
f 406 453 454
f 406 454 407
f 407 454 455
f 407 455 408
f 408 455 456
f 408 456 409
f 409 456 457
f 409 457 410
f 410 457 458
f 410 458 411
f 411 458 459
f 411 459 412
f 412 459 460
f 412 460 413
f 413 460 461
f 413 461 414
f 414 461 462
f 414 462 415
f 415 462 463
f 415 463 416
f 416 463 464
f 416 464 417
f 417 464 465
f 417 465 418
f 418 465 466
f 418 466 419
f 419 466 467
f 419 467 420
f 420 467 468
f 420 468 421
f 421 468 469
f 421 469 422
f 422 469 470
f 422 470 423
f 423 470 471
f 423 471 424
f 424 471 472
f 424 472 425
f 425 472 473
f 425 473 426
f 426 473 474
f 426 474 427
f 427 474 475
f 427 475 428
f 428 475 476
f 428 476 429
f 429 476 477
f 429 477 430
f 430 477 478
f 430 478 431
f 431 478 479
f 431 479 432
f 432 479 480
f 432 480 385
f 385 480 433
f 433 481 434
f 434 481 482
f 434 482 435
f 435 482 483
f 435 483 436
f 436 483 484
f 436 484 437
f 437 484 485
f 437 485 438
f 438 485 486
f 438 486 439
f 439 486 487
f 439 487 440
f 440 487 488
f 440 488 441
f 441 488 489
f 441 489 442
f 442 489 490
f 442 490 443
f 443 490 491
f 443 491 444
f 444 491 492
f 444 492 445
f 445 492 493
f 445 493 446
f 446 493 494
f 446 494 447
f 447 494 495
f 447 495 448
f 448 495 496
f 448 496 449
f 449 496 497
f 449 497 450
f 450 497 498
f 450 498 451
f 451 498 499
f 451 499 452
f 452 499 500
f 452 500 453
f 453 500 501
f 453 501 454
f 454 501 502
f 454 502 455
f 455 502 503
f 455 503 456
f 456 503 504
f 456 504 457
f 457 504 505
f 457 505 458
f 458 505 506
f 458 506 459
f 459 506 507
f 459 507 460
f 460 507 508
f 460 508 461
f 461 508 509
f 461 509 462
f 462 509 510
f 462 510 463
f 463 510 511
f 463 511 464
f 464 511 512
f 464 512 465
f 465 512 513
f 465 513 466
f 466 513 514
f 466 514 467
f 467 514 515
f 467 515 468
f 468 515 516
f 468 516 469
f 469 516 517
f 469 517 470
f 470 517 518
f 470 518 471
f 471 518 519
f 471 519 472
f 472 519 520
f 472 520 473
f 473 520 521
f 473 521 474
f 474 521 522
f 474 522 475
f 475 522 523
f 475 523 476
f 476 523 524
f 476 524 477
f 477 524 525
f 477 525 478
f 478 525 526
f 478 526 479
f 479 526 527
f 479 527 480
f 480 527 528
f 480 528 433
f 433 528 481
f 481 529 482
f 482 529 530
f 482 530 483
f 483 530 531
f 483 531 484
f 484 531 532
f 484 532 485
f 485 532 533
f 485 533 486
f 486 533 534
f 486 534 487
f 487 534 535
f 487 535 488
f 488 535 536
f 488 536 489
f 489 536 537
f 489 537 490
f 490 537 538
f 490 538 491
f 491 538 539
f 491 539 492
f 492 539 540
f 492 540 493
f 493 540 541
f 493 541 494
f 494 541 542
f 494 542 495
f 495 542 543
f 495 543 496
f 496 543 544
f 496 544 497
f 497 544 545
f 497 545 498
f 498 545 546
f 498 546 499
f 499 546 547
f 499 547 500
f 500 547 548
f 500 548 501
f 501 548 549
f 501 549 502
f 502 549 550
f 502 550 503
f 503 550 551
f 503 551 504
f 504 551 552
f 504 552 505
f 505 552 553
f 505 553 506
f 506 553 554
f 506 554 507
f 507 554 555
f 507 555 508
f 508 555 556
f 508 556 509
f 509 556 557
f 509 557 510
f 510 557 558
f 510 558 511
f 511 558 559
f 511 559 512
f 512 559 560
f 512 560 513
f 513 560 561
f 513 561 514
f 514 561 562
f 514 562 515
f 515 562 563
f 515 563 516
f 516 563 564
f 516 564 517
f 517 564 565
f 517 565 518
f 518 565 566
f 518 566 519
f 519 566 567
f 519 567 520
f 520 567 568
f 520 568 521
f 521 568 569
f 521 569 522
f 522 569 570
f 522 570 523
f 523 570 571
f 523 571 524
f 524 571 572
f 524 572 525
f 525 572 573
f 525 573 526
f 526 573 574
f 526 574 527
f 527 574 575
f 527 575 528
f 528 575 576
f 528 576 481
f 481 576 529
f 529 577 530
f 530 577 578
f 530 578 531
f 531 578 579
f 531 579 532
f 532 579 580
f 532 580 533
f 533 580 581
f 533 581 534
f 534 581 582
f 534 582 535
f 535 582 583
f 535 583 536
f 536 583 584
f 536 584 537
f 537 584 585
f 537 585 538
f 538 585 586
f 538 586 539
f 539 586 587
f 539 587 540
f 540 587 588
f 540 588 541
f 541 588 589
f 541 589 542
f 542 589 590
f 542 590 543
f 543 590 591
f 543 591 544
f 544 591 592
f 544 592 545
f 545 592 593
f 545 593 546
f 546 593 594
f 546 594 547
f 547 594 595
f 547 595 548
f 548 595 596
f 548 596 549
f 549 596 597
f 549 597 550
f 550 597 598
f 550 598 551
f 551 598 599
f 551 599 552
f 552 599 600
f 552 600 553
f 553 600 601
f 553 601 554
f 554 601 602
f 554 602 555
f 555 602 603
f 555 603 556
f 556 603 604
f 556 604 557
f 557 604 605
f 557 605 558
f 558 605 606
f 558 606 559
f 559 606 607
f 559 607 560
f 560 607 608
f 560 608 561
f 561 608 609
f 561 609 562
f 562 609 610
f 562 610 563
f 563 610 611
f 563 611 564
f 564 611 612
f 564 612 565
f 565 612 613
f 565 613 566
f 566 613 614
f 566 614 567
f 567 614 615
f 567 615 568
f 568 615 616
f 568 616 569
f 569 616 617
f 569 617 570
f 570 617 618
f 570 618 571
f 571 618 619
f 571 619 572
f 572 619 620
f 572 620 573
f 573 620 621
f 573 621 574
f 574 621 622
f 574 622 575
f 575 622 623
f 575 623 576
f 576 623 624
f 576 624 529
f 529 624 577
f 577 625 578
f 578 625 626
f 578 626 579
f 579 626 627
f 579 627 580
f 580 627 628
f 580 628 581
f 581 628 629
f 581 629 582
f 582 629 630
f 582 630 583
f 583 630 631
f 583 631 584
f 584 631 632
f 584 632 585
f 585 632 633
f 585 633 586
f 586 633 634
f 586 634 587
f 587 634 635
f 587 635 588
f 588 635 636
f 588 636 589
f 589 636 637
f 589 637 590
f 590 637 638
f 590 638 591
f 591 638 639
f 591 639 592
f 592 639 640
f 592 640 593
f 593 640 641
f 593 641 594
f 594 641 642
f 594 642 595
f 595 642 643
f 595 643 596
f 596 643 644
f 596 644 597
f 597 644 645
f 597 645 598
f 598 645 646
f 598 646 599
f 599 646 647
f 599 647 600
f 600 647 648
f 600 648 601
f 601 648 649
f 601 649 602
f 602 649 650
f 602 650 603
f 603 650 651
f 603 651 604
f 604 651 652
f 604 652 605
f 605 652 653
f 605 653 606
f 606 653 654
f 606 654 607
f 607 654 655
f 607 655 608
f 608 655 656
f 608 656 609
f 609 656 657
f 609 657 610
f 610 657 658
f 610 658 611
f 611 658 659
f 611 659 612
f 612 659 660
f 612 660 613
f 613 660 661
f 613 661 614
f 614 661 662
f 614 662 615
f 615 662 663
f 615 663 616
f 616 663 664
f 616 664 617
f 617 664 665
f 617 665 618
f 618 665 666
f 618 666 619
f 619 666 667
f 619 667 620
f 620 667 668
f 620 668 621
f 621 668 669
f 621 669 622
f 622 669 670
f 622 670 623
f 623 670 671
f 623 671 624
f 624 671 672
f 624 672 577
f 577 672 625
f 625 673 626
f 626 673 674
f 626 674 627
f 627 674 675
f 627 675 628
f 628 675 676
f 628 676 629
f 629 676 677
f 629 677 630
f 630 677 678
f 630 678 631
f 631 678 679
f 631 679 632
f 632 679 680
f 632 680 633
f 633 680 681
f 633 681 634
f 634 681 682
f 634 682 635
f 635 682 683
f 635 683 636
f 636 683 684
f 636 684 637
f 637 684 685
f 637 685 638
f 638 685 686
f 638 686 639
f 639 686 687
f 639 687 640
f 640 687 688
f 640 688 641
f 641 688 689
f 641 689 642
f 642 689 690
f 642 690 643
f 643 690 691
f 643 691 644
f 644 691 692
f 644 692 645
f 645 692 693
f 645 693 646
f 646 693 694
f 646 694 647
f 647 694 695
f 647 695 648
f 648 695 696
f 648 696 649
f 649 696 697
f 649 697 650
f 650 697 698
f 650 698 651
f 651 698 699
f 651 699 652
f 652 699 700
f 652 700 653
f 653 700 701
f 653 701 654
f 654 701 702
f 654 702 655
f 655 702 703
f 655 703 656
f 656 703 704
f 656 704 657
f 657 704 705
f 657 705 658
f 658 705 706
f 658 706 659
f 659 706 707
f 659 707 660
f 660 707 708
f 660 708 661
f 661 708 709
f 661 709 662
f 662 709 710
f 662 710 663
f 663 710 711
f 663 711 664
f 664 711 712
f 664 712 665
f 665 712 713
f 665 713 666
f 666 713 714
f 666 714 667
f 667 714 715
f 667 715 668
f 668 715 716
f 668 716 669
f 669 716 717
f 669 717 670
f 670 717 718
f 670 718 671
f 671 718 719
f 671 719 672
f 672 719 720
f 672 720 625
f 625 720 673
f 673 721 674
f 674 721 722
f 674 722 675
f 675 722 723
f 675 723 676
f 676 723 724
f 676 724 677
f 677 724 725
f 677 725 678
f 678 725 726
f 678 726 679
f 679 726 727
f 679 727 680
f 680 727 728
f 680 728 681
f 681 728 729
f 681 729 682
f 682 729 730
f 682 730 683
f 683 730 731
f 683 731 684
f 684 731 732
f 684 732 685
f 685 732 733
f 685 733 686
f 686 733 734
f 686 734 687
f 687 734 735
f 687 735 688
f 688 735 736
f 688 736 689
f 689 736 737
f 689 737 690
f 690 737 738
f 690 738 691
f 691 738 739
f 691 739 692
f 692 739 740
f 692 740 693
f 693 740 741
f 693 741 694
f 694 741 742
f 694 742 695
f 695 742 743
f 695 743 696
f 696 743 744
f 696 744 697
f 697 744 745
f 697 745 698
f 698 745 746
f 698 746 699
f 699 746 747
f 699 747 700
f 700 747 748
f 700 748 701
f 701 748 749
f 701 749 702
f 702 749 750
f 702 750 703
f 703 750 751
f 703 751 704
f 704 751 752
f 704 752 705
f 705 752 753
f 705 753 706
f 706 753 754
f 706 754 707
f 707 754 755
f 707 755 708
f 708 755 756
f 708 756 709
f 709 756 757
f 709 757 710
f 710 757 758
f 710 758 711
f 711 758 759
f 711 759 712
f 712 759 760
f 712 760 713
f 713 760 761
f 713 761 714
f 714 761 762
f 714 762 715
f 715 762 763
f 715 763 716
f 716 763 764
f 716 764 717
f 717 764 765
f 717 765 718
f 718 765 766
f 718 766 719
f 719 766 767
f 719 767 720
f 720 767 768
f 720 768 673
f 673 768 721
f 721 769 722
f 722 769 770
f 722 770 723
f 723 770 771
f 723 771 724
f 724 771 772
f 724 772 725
f 725 772 773
f 725 773 726
f 726 773 774
f 726 774 727
f 727 774 775
f 727 775 728
f 728 775 776
f 728 776 729
f 729 776 777
f 729 777 730
f 730 777 778
f 730 778 731
f 731 778 779
f 731 779 732
f 732 779 780
f 732 780 733
f 733 780 781
f 733 781 734
f 734 781 782
f 734 782 735
f 735 782 783
f 735 783 736
f 736 783 784
f 736 784 737
f 737 784 785
f 737 785 738
f 738 785 786
f 738 786 739
f 739 786 787
f 739 787 740
f 740 787 788
f 740 788 741
f 741 788 789
f 741 789 742
f 742 789 790
f 742 790 743
f 743 790 791
f 743 791 744
f 744 791 792
f 744 792 745
f 745 792 793
f 745 793 746
f 746 793 794
f 746 794 747
f 747 794 795
f 747 795 748
f 748 795 796
f 748 796 749
f 749 796 797
f 749 797 750
f 750 797 798
f 750 798 751
f 751 798 799
f 751 799 752
f 752 799 800
f 752 800 753
f 753 800 801
f 753 801 754
f 754 801 802
f 754 802 755
f 755 802 803
f 755 803 756
f 756 803 804
f 756 804 757
f 757 804 805
f 757 805 758
f 758 805 806
f 758 806 759
f 759 806 807
f 759 807 760
f 760 807 808
f 760 808 761
f 761 808 809
f 761 809 762
f 762 809 810
f 762 810 763
f 763 810 811
f 763 811 764
f 764 811 812
f 764 812 765
f 765 812 813
f 765 813 766
f 766 813 814
f 766 814 767
f 767 814 815
f 767 815 768
f 768 815 816
f 768 816 721
f 721 816 769
f 769 817 770
f 770 817 818
f 770 818 771
f 771 818 819
f 771 819 772
f 772 819 820
f 772 820 773
f 773 820 821
f 773 821 774
f 774 821 822
f 774 822 775
f 775 822 823
f 775 823 776
f 776 823 824
f 776 824 777
f 777 824 825
f 777 825 778
f 778 825 826
f 778 826 779
f 779 826 827
f 779 827 780
f 780 827 828
f 780 828 781
f 781 828 829
f 781 829 782
f 782 829 830
f 782 830 783
f 783 830 831
f 783 831 784
f 784 831 832
f 784 832 785
f 785 832 833
f 785 833 786
f 786 833 834
f 786 834 787
f 787 834 835
f 787 835 788
f 788 835 836
f 788 836 789
f 789 836 837
f 789 837 790
f 790 837 838
f 790 838 791
f 791 838 839
f 791 839 792
f 792 839 840
f 792 840 793
f 793 840 841
f 793 841 794
f 794 841 842
f 794 842 795
f 795 842 843
f 795 843 796
f 796 843 844
f 796 844 797
f 797 844 845
f 797 845 798
f 798 845 846
f 798 846 799
f 799 846 847
f 799 847 800
f 800 847 848
f 800 848 801
f 801 848 849
f 801 849 802
f 802 849 850
f 802 850 803
f 803 850 851
f 803 851 804
f 804 851 852
f 804 852 805
f 805 852 853
f 805 853 806
f 806 853 854
f 806 854 807
f 807 854 855
f 807 855 808
f 808 855 856
f 808 856 809
f 809 856 857
f 809 857 810
f 810 857 858
f 810 858 811
f 811 858 859
f 811 859 812
f 812 859 860
f 812 860 813
f 813 860 861
f 813 861 814
f 814 861 862
f 814 862 815
f 815 862 863
f 815 863 816
f 816 863 864
f 816 864 769
f 769 864 817
f 817 865 818
f 818 865 866
f 818 866 819
f 819 866 867
f 819 867 820
f 820 867 868
f 820 868 821
f 821 868 869
f 821 869 822
f 822 869 870
f 822 870 823
f 823 870 871
f 823 871 824
f 824 871 872
f 824 872 825
f 825 872 873
f 825 873 826
f 826 873 874
f 826 874 827
f 827 874 875
f 827 875 828
f 828 875 876
f 828 876 829
f 829 876 877
f 829 877 830
f 830 877 878
f 830 878 831
f 831 878 879
f 831 879 832
f 832 879 880
f 832 880 833
f 833 880 881
f 833 881 834
f 834 881 882
f 834 882 835
f 835 882 883
f 835 883 836
f 836 883 884
f 836 884 837
f 837 884 885
f 837 885 838
f 838 885 886
f 838 886 839
f 839 886 887
f 839 887 840
f 840 887 888
f 840 888 841
f 841 888 889
f 841 889 842
f 842 889 890
f 842 890 843
f 843 890 891
f 843 891 844
f 844 891 892
f 844 892 845
f 845 892 893
f 845 893 846
f 846 893 894
f 846 894 847
f 847 894 895
f 847 895 848
f 848 895 896
f 848 896 849
f 849 896 897
f 849 897 850
f 850 897 898
f 850 898 851
f 851 898 899
f 851 899 852
f 852 899 900
f 852 900 853
f 853 900 901
f 853 901 854
f 854 901 902
f 854 902 855
f 855 902 903
f 855 903 856
f 856 903 904
f 856 904 857
f 857 904 905
f 857 905 858
f 858 905 906
f 858 906 859
f 859 906 907
f 859 907 860
f 860 907 908
f 860 908 861
f 861 908 909
f 861 909 862
f 862 909 910
f 862 910 863
f 863 910 911
f 863 911 864
f 864 911 912
f 864 912 817
f 817 912 865
f 865 913 866
f 866 913 914
f 866 914 867
f 867 914 915
f 867 915 868
f 868 915 916
f 868 916 869
f 869 916 917
f 869 917 870
f 870 917 918
f 870 918 871
f 871 918 919
f 871 919 872
f 872 919 920
f 872 920 873
f 873 920 921
f 873 921 874
f 874 921 922
f 874 922 875
f 875 922 923
f 875 923 876
f 876 923 924
f 876 924 877
f 877 924 925
f 877 925 878
f 878 925 926
f 878 926 879
f 879 926 927
f 879 927 880
f 880 927 928
f 880 928 881
f 881 928 929
f 881 929 882
f 882 929 930
f 882 930 883
f 883 930 931
f 883 931 884
f 884 931 932
f 884 932 885
f 885 932 933
f 885 933 886
f 886 933 934
f 886 934 887
f 887 934 935
f 887 935 888
f 888 935 936
f 888 936 889
f 889 936 937
f 889 937 890
f 890 937 938
f 890 938 891
f 891 938 939
f 891 939 892
f 892 939 940
f 892 940 893
f 893 940 941
f 893 941 894
f 894 941 942
f 894 942 895
f 895 942 943
f 895 943 896
f 896 943 944
f 896 944 897
f 897 944 945
f 897 945 898
f 898 945 946
f 898 946 899
f 899 946 947
f 899 947 900
f 900 947 948
f 900 948 901
f 901 948 949
f 901 949 902
f 902 949 950
f 902 950 903
f 903 950 951
f 903 951 904
f 904 951 952
f 904 952 905
f 905 952 953
f 905 953 906
f 906 953 954
f 906 954 907
f 907 954 955
f 907 955 908
f 908 955 956
f 908 956 909
f 909 956 957
f 909 957 910
f 910 957 958
f 910 958 911
f 911 958 959
f 911 959 912
f 912 959 960
f 912 960 865
f 865 960 913
f 913 961 914
f 914 961 962
f 914 962 915
f 915 962 963
f 915 963 916
f 916 963 964
f 916 964 917
f 917 964 965
f 917 965 918
f 918 965 966
f 918 966 919
f 919 966 967
f 919 967 920
f 920 967 968
f 920 968 921
f 921 968 969
f 921 969 922
f 922 969 970
f 922 970 923
f 923 970 971
f 923 971 924
f 924 971 972
f 924 972 925
f 925 972 973
f 925 973 926
f 926 973 974
f 926 974 927
f 927 974 975
f 927 975 928
f 928 975 976
f 928 976 929
f 929 976 977
f 929 977 930
f 930 977 978
f 930 978 931
f 931 978 979
f 931 979 932
f 932 979 980
f 932 980 933
f 933 980 981
f 933 981 934
f 934 981 982
f 934 982 935
f 935 982 983
f 935 983 936
f 936 983 984
f 936 984 937
f 937 984 985
f 937 985 938
f 938 985 986
f 938 986 939
f 939 986 987
f 939 987 940
f 940 987 988
f 940 988 941
f 941 988 989
f 941 989 942
f 942 989 990
f 942 990 943
f 943 990 991
f 943 991 944
f 944 991 992
f 944 992 945
f 945 992 993
f 945 993 946
f 946 993 994
f 946 994 947
f 947 994 995
f 947 995 948
f 948 995 996
f 948 996 949
f 949 996 997
f 949 997 950
f 950 997 998
f 950 998 951
f 951 998 999
f 951 999 952
f 952 999 1000
f 952 1000 953
f 953 1000 1001
f 953 1001 954
f 954 1001 1002
f 954 1002 955
f 955 1002 1003
f 955 1003 956
f 956 1003 1004
f 956 1004 957
f 957 1004 1005
f 957 1005 958
f 958 1005 1006
f 958 1006 959
f 959 1006 1007
f 959 1007 960
f 960 1007 1008
f 960 1008 913
f 913 1008 961
f 961 1009 962
f 962 1009 1010
f 962 1010 963
f 963 1010 1011
f 963 1011 964
f 964 1011 1012
f 964 1012 965
f 965 1012 1013
f 965 1013 966
f 966 1013 1014
f 966 1014 967
f 967 1014 1015
f 967 1015 968
f 968 1015 1016
f 968 1016 969
f 969 1016 1017
f 969 1017 970
f 970 1017 1018
f 970 1018 971
f 971 1018 1019
f 971 1019 972
f 972 1019 1020
f 972 1020 973
f 973 1020 1021
f 973 1021 974
f 974 1021 1022
f 974 1022 975
f 975 1022 1023
f 975 1023 976
f 976 1023 1024
f 976 1024 977
f 977 1024 1025
f 977 1025 978
f 978 1025 1026
f 978 1026 979
f 979 1026 1027
f 979 1027 980
f 980 1027 1028
f 980 1028 981
f 981 1028 1029
f 981 1029 982
f 982 1029 1030
f 982 1030 983
f 983 1030 1031
f 983 1031 984
f 984 1031 1032
f 984 1032 985
f 985 1032 1033
f 985 1033 986
f 986 1033 1034
f 986 1034 987
f 987 1034 1035
f 987 1035 988
f 988 1035 1036
f 988 1036 989
f 989 1036 1037
f 989 1037 990
f 990 1037 1038
f 990 1038 991
f 991 1038 1039
f 991 1039 992
f 992 1039 1040
f 992 1040 993
f 993 1040 1041
f 993 1041 994
f 994 1041 1042
f 994 1042 995
f 995 1042 1043
f 995 1043 996
f 996 1043 1044
f 996 1044 997
f 997 1044 1045
f 997 1045 998
f 998 1045 1046
f 998 1046 999
f 999 1046 1047
f 999 1047 1000
f 1000 1047 1048
f 1000 1048 1001
f 1001 1048 1049
f 1001 1049 1002
f 1002 1049 1050
f 1002 1050 1003
f 1003 1050 1051
f 1003 1051 1004
f 1004 1051 1052
f 1004 1052 1005
f 1005 1052 1053
f 1005 1053 1006
f 1006 1053 1054
f 1006 1054 1007
f 1007 1054 1055
f 1007 1055 1008
f 1008 1055 1056
f 1008 1056 961
f 961 1056 1009
f 1009 1057 1010
f 1010 1057 1058
f 1010 1058 1011
f 1011 1058 1059
f 1011 1059 1012
f 1012 1059 1060
f 1012 1060 1013
f 1013 1060 1061
f 1013 1061 1014
f 1014 1061 1062
f 1014 1062 1015
f 1015 1062 1063
f 1015 1063 1016
f 1016 1063 1064
f 1016 1064 1017
f 1017 1064 1065
f 1017 1065 1018
f 1018 1065 1066
f 1018 1066 1019
f 1019 1066 1067
f 1019 1067 1020
f 1020 1067 1068
f 1020 1068 1021
f 1021 1068 1069
f 1021 1069 1022
f 1022 1069 1070
f 1022 1070 1023
f 1023 1070 1071
f 1023 1071 1024
f 1024 1071 1072
f 1024 1072 1025
f 1025 1072 1073
f 1025 1073 1026
f 1026 1073 1074
f 1026 1074 1027
f 1027 1074 1075
f 1027 1075 1028
f 1028 1075 1076
f 1028 1076 1029
f 1029 1076 1077
f 1029 1077 1030
f 1030 1077 1078
f 1030 1078 1031
f 1031 1078 1079
f 1031 1079 1032
f 1032 1079 1080
f 1032 1080 1033
f 1033 1080 1081
f 1033 1081 1034
f 1034 1081 1082
f 1034 1082 1035
f 1035 1082 1083
f 1035 1083 1036
f 1036 1083 1084
f 1036 1084 1037
f 1037 1084 1085
f 1037 1085 1038
f 1038 1085 1086
f 1038 1086 1039
f 1039 1086 1087
f 1039 1087 1040
f 1040 1087 1088
f 1040 1088 1041
f 1041 1088 1089
f 1041 1089 1042
f 1042 1089 1090
f 1042 1090 1043
f 1043 1090 1091
f 1043 1091 1044
f 1044 1091 1092
f 1044 1092 1045
f 1045 1092 1093
f 1045 1093 1046
f 1046 1093 1094
f 1046 1094 1047
f 1047 1094 1095
f 1047 1095 1048
f 1048 1095 1096
f 1048 1096 1049
f 1049 1096 1097
f 1049 1097 1050
f 1050 1097 1098
f 1050 1098 1051
f 1051 1098 1099
f 1051 1099 1052
f 1052 1099 1100
f 1052 1100 1053
f 1053 1100 1101
f 1053 1101 1054
f 1054 1101 1102
f 1054 1102 1055
f 1055 1102 1103
f 1055 1103 1056
f 1056 1103 1104
f 1056 1104 1009
f 1009 1104 1057
f 1057 1105 1058
f 1058 1105 1106
f 1058 1106 1059
f 1059 1106 1107
f 1059 1107 1060
f 1060 1107 1108
f 1060 1108 1061
f 1061 1108 1109
f 1061 1109 1062
f 1062 1109 1110
f 1062 1110 1063
f 1063 1110 1111
f 1063 1111 1064
f 1064 1111 1112
f 1064 1112 1065
f 1065 1112 1113
f 1065 1113 1066
f 1066 1113 1114
f 1066 1114 1067
f 1067 1114 1115
f 1067 1115 1068
f 1068 1115 1116
f 1068 1116 1069
f 1069 1116 1117
f 1069 1117 1070
f 1070 1117 1118
f 1070 1118 1071
f 1071 1118 1119
f 1071 1119 1072
f 1072 1119 1120
f 1072 1120 1073
f 1073 1120 1121
f 1073 1121 1074
f 1074 1121 1122
f 1074 1122 1075
f 1075 1122 1123
f 1075 1123 1076
f 1076 1123 1124
f 1076 1124 1077
f 1077 1124 1125
f 1077 1125 1078
f 1078 1125 1126
f 1078 1126 1079
f 1079 1126 1127
f 1079 1127 1080
f 1080 1127 1128
f 1080 1128 1081
f 1081 1128 1129
f 1081 1129 1082
f 1082 1129 1130
f 1082 1130 1083
f 1083 1130 1131
f 1083 1131 1084
f 1084 1131 1132
f 1084 1132 1085
f 1085 1132 1133
f 1085 1133 1086
f 1086 1133 1134
f 1086 1134 1087
f 1087 1134 1135
f 1087 1135 1088
f 1088 1135 1136
f 1088 1136 1089
f 1089 1136 1137
f 1089 1137 1090
f 1090 1137 1138
f 1090 1138 1091
f 1091 1138 1139
f 1091 1139 1092
f 1092 1139 1140
f 1092 1140 1093
f 1093 1140 1141
f 1093 1141 1094
f 1094 1141 1142
f 1094 1142 1095
f 1095 1142 1143
f 1095 1143 1096
f 1096 1143 1144
f 1096 1144 1097
f 1097 1144 1145
f 1097 1145 1098
f 1098 1145 1146
f 1098 1146 1099
f 1099 1146 1147
f 1099 1147 1100
f 1100 1147 1148
f 1100 1148 1101
f 1101 1148 1149
f 1101 1149 1102
f 1102 1149 1150
f 1102 1150 1103
f 1103 1150 1151
f 1103 1151 1104
f 1104 1151 1152
f 1104 1152 1057
f 1057 1152 1105
f 1105 1153 1106
f 1106 1153 1154
f 1106 1154 1107
f 1107 1154 1155
f 1107 1155 1108
f 1108 1155 1156
f 1108 1156 1109
f 1109 1156 1157
f 1109 1157 1110
f 1110 1157 1158
f 1110 1158 1111
f 1111 1158 1159
f 1111 1159 1112
f 1112 1159 1160
f 1112 1160 1113
f 1113 1160 1161
f 1113 1161 1114
f 1114 1161 1162
f 1114 1162 1115
f 1115 1162 1163
f 1115 1163 1116
f 1116 1163 1164
f 1116 1164 1117
f 1117 1164 1165
f 1117 1165 1118
f 1118 1165 1166
f 1118 1166 1119
f 1119 1166 1167
f 1119 1167 1120
f 1120 1167 1168
f 1120 1168 1121
f 1121 1168 1169
f 1121 1169 1122
f 1122 1169 1170
f 1122 1170 1123
f 1123 1170 1171
f 1123 1171 1124
f 1124 1171 1172
f 1124 1172 1125
f 1125 1172 1173
f 1125 1173 1126
f 1126 1173 1174
f 1126 1174 1127
f 1127 1174 1175
f 1127 1175 1128
f 1128 1175 1176
f 1128 1176 1129
f 1129 1176 1177
f 1129 1177 1130
f 1130 1177 1178
f 1130 1178 1131
f 1131 1178 1179
f 1131 1179 1132
f 1132 1179 1180
f 1132 1180 1133
f 1133 1180 1181
f 1133 1181 1134
f 1134 1181 1182
f 1134 1182 1135
f 1135 1182 1183
f 1135 1183 1136
f 1136 1183 1184
f 1136 1184 1137
f 1137 1184 1185
f 1137 1185 1138
f 1138 1185 1186
f 1138 1186 1139
f 1139 1186 1187
f 1139 1187 1140
f 1140 1187 1188
f 1140 1188 1141
f 1141 1188 1189
f 1141 1189 1142
f 1142 1189 1190
f 1142 1190 1143
f 1143 1190 1191
f 1143 1191 1144
f 1144 1191 1192
f 1144 1192 1145
f 1145 1192 1193
f 1145 1193 1146
f 1146 1193 1194
f 1146 1194 1147
f 1147 1194 1195
f 1147 1195 1148
f 1148 1195 1196
f 1148 1196 1149
f 1149 1196 1197
f 1149 1197 1150
f 1150 1197 1198
f 1150 1198 1151
f 1151 1198 1199
f 1151 1199 1152
f 1152 1199 1200
f 1152 1200 1105
f 1105 1200 1153
f 1153 1201 1154
f 1154 1201 1202
f 1154 1202 1155
f 1155 1202 1203
f 1155 1203 1156
f 1156 1203 1204
f 1156 1204 1157
f 1157 1204 1205
f 1157 1205 1158
f 1158 1205 1206
f 1158 1206 1159
f 1159 1206 1207
f 1159 1207 1160
f 1160 1207 1208
f 1160 1208 1161
f 1161 1208 1209
f 1161 1209 1162
f 1162 1209 1210
f 1162 1210 1163
f 1163 1210 1211
f 1163 1211 1164
f 1164 1211 1212
f 1164 1212 1165
f 1165 1212 1213
f 1165 1213 1166
f 1166 1213 1214
f 1166 1214 1167
f 1167 1214 1215
f 1167 1215 1168
f 1168 1215 1216
f 1168 1216 1169
f 1169 1216 1217
f 1169 1217 1170
f 1170 1217 1218
f 1170 1218 1171
f 1171 1218 1219
f 1171 1219 1172
f 1172 1219 1220
f 1172 1220 1173
f 1173 1220 1221
f 1173 1221 1174
f 1174 1221 1222
f 1174 1222 1175
f 1175 1222 1223
f 1175 1223 1176
f 1176 1223 1224
f 1176 1224 1177
f 1177 1224 1225
f 1177 1225 1178
f 1178 1225 1226
f 1178 1226 1179
f 1179 1226 1227
f 1179 1227 1180
f 1180 1227 1228
f 1180 1228 1181
f 1181 1228 1229
f 1181 1229 1182
f 1182 1229 1230
f 1182 1230 1183
f 1183 1230 1231
f 1183 1231 1184
f 1184 1231 1232
f 1184 1232 1185
f 1185 1232 1233
f 1185 1233 1186
f 1186 1233 1234
f 1186 1234 1187
f 1187 1234 1235
f 1187 1235 1188
f 1188 1235 1236
f 1188 1236 1189
f 1189 1236 1237
f 1189 1237 1190
f 1190 1237 1238
f 1190 1238 1191
f 1191 1238 1239
f 1191 1239 1192
f 1192 1239 1240
f 1192 1240 1193
f 1193 1240 1241
f 1193 1241 1194
f 1194 1241 1242
f 1194 1242 1195
f 1195 1242 1243
f 1195 1243 1196
f 1196 1243 1244
f 1196 1244 1197
f 1197 1244 1245
f 1197 1245 1198
f 1198 1245 1246
f 1198 1246 1199
f 1199 1246 1247
f 1199 1247 1200
f 1200 1247 1248
f 1200 1248 1153
f 1153 1248 1201
f 1201 1249 1202
f 1202 1249 1250
f 1202 1250 1203
f 1203 1250 1251
f 1203 1251 1204
f 1204 1251 1252
f 1204 1252 1205
f 1205 1252 1253
f 1205 1253 1206
f 1206 1253 1254
f 1206 1254 1207
f 1207 1254 1255
f 1207 1255 1208
f 1208 1255 1256
f 1208 1256 1209
f 1209 1256 1257
f 1209 1257 1210
f 1210 1257 1258
f 1210 1258 1211
f 1211 1258 1259
f 1211 1259 1212
f 1212 1259 1260
f 1212 1260 1213
f 1213 1260 1261
f 1213 1261 1214
f 1214 1261 1262
f 1214 1262 1215
f 1215 1262 1263
f 1215 1263 1216
f 1216 1263 1264
f 1216 1264 1217
f 1217 1264 1265
f 1217 1265 1218
f 1218 1265 1266
f 1218 1266 1219
f 1219 1266 1267
f 1219 1267 1220
f 1220 1267 1268
f 1220 1268 1221
f 1221 1268 1269
f 1221 1269 1222
f 1222 1269 1270
f 1222 1270 1223
f 1223 1270 1271
f 1223 1271 1224
f 1224 1271 1272
f 1224 1272 1225
f 1225 1272 1273
f 1225 1273 1226
f 1226 1273 1274
f 1226 1274 1227
f 1227 1274 1275
f 1227 1275 1228
f 1228 1275 1276
f 1228 1276 1229
f 1229 1276 1277
f 1229 1277 1230
f 1230 1277 1278
f 1230 1278 1231
f 1231 1278 1279
f 1231 1279 1232
f 1232 1279 1280
f 1232 1280 1233
f 1233 1280 1281
f 1233 1281 1234
f 1234 1281 1282
f 1234 1282 1235
f 1235 1282 1283
f 1235 1283 1236
f 1236 1283 1284
f 1236 1284 1237
f 1237 1284 1285
f 1237 1285 1238
f 1238 1285 1286
f 1238 1286 1239
f 1239 1286 1287
f 1239 1287 1240
f 1240 1287 1288
f 1240 1288 1241
f 1241 1288 1289
f 1241 1289 1242
f 1242 1289 1290
f 1242 1290 1243
f 1243 1290 1291
f 1243 1291 1244
f 1244 1291 1292
f 1244 1292 1245
f 1245 1292 1293
f 1245 1293 1246
f 1246 1293 1294
f 1246 1294 1247
f 1247 1294 1295
f 1247 1295 1248
f 1248 1295 1296
f 1248 1296 1201
f 1201 1296 1249
f 1249 1297 1250
f 1250 1297 1298
f 1250 1298 1251
f 1251 1298 1299
f 1251 1299 1252
f 1252 1299 1300
f 1252 1300 1253
f 1253 1300 1301
f 1253 1301 1254
f 1254 1301 1302
f 1254 1302 1255
f 1255 1302 1303
f 1255 1303 1256
f 1256 1303 1304
f 1256 1304 1257
f 1257 1304 1305
f 1257 1305 1258
f 1258 1305 1306
f 1258 1306 1259
f 1259 1306 1307
f 1259 1307 1260
f 1260 1307 1308
f 1260 1308 1261
f 1261 1308 1309
f 1261 1309 1262
f 1262 1309 1310
f 1262 1310 1263
f 1263 1310 1311
f 1263 1311 1264
f 1264 1311 1312
f 1264 1312 1265
f 1265 1312 1313
f 1265 1313 1266
f 1266 1313 1314
f 1266 1314 1267
f 1267 1314 1315
f 1267 1315 1268
f 1268 1315 1316
f 1268 1316 1269
f 1269 1316 1317
f 1269 1317 1270
f 1270 1317 1318
f 1270 1318 1271
f 1271 1318 1319
f 1271 1319 1272
f 1272 1319 1320
f 1272 1320 1273
f 1273 1320 1321
f 1273 1321 1274
f 1274 1321 1322
f 1274 1322 1275
f 1275 1322 1323
f 1275 1323 1276
f 1276 1323 1324
f 1276 1324 1277
f 1277 1324 1325
f 1277 1325 1278
f 1278 1325 1326
f 1278 1326 1279
f 1279 1326 1327
f 1279 1327 1280
f 1280 1327 1328
f 1280 1328 1281
f 1281 1328 1329
f 1281 1329 1282
f 1282 1329 1330
f 1282 1330 1283
f 1283 1330 1331
f 1283 1331 1284
f 1284 1331 1332
f 1284 1332 1285
f 1285 1332 1333
f 1285 1333 1286
f 1286 1333 1334
f 1286 1334 1287
f 1287 1334 1335
f 1287 1335 1288
f 1288 1335 1336
f 1288 1336 1289
f 1289 1336 1337
f 1289 1337 1290
f 1290 1337 1338
f 1290 1338 1291
f 1291 1338 1339
f 1291 1339 1292
f 1292 1339 1340
f 1292 1340 1293
f 1293 1340 1341
f 1293 1341 1294
f 1294 1341 1342
f 1294 1342 1295
f 1295 1342 1343
f 1295 1343 1296
f 1296 1343 1344
f 1296 1344 1249
f 1249 1344 1297
f 1297 1345 1298
f 1298 1345 1346
f 1298 1346 1299
f 1299 1346 1347
f 1299 1347 1300
f 1300 1347 1348
f 1300 1348 1301
f 1301 1348 1349
f 1301 1349 1302
f 1302 1349 1350
f 1302 1350 1303
f 1303 1350 1351
f 1303 1351 1304
f 1304 1351 1352
f 1304 1352 1305
f 1305 1352 1353
f 1305 1353 1306
f 1306 1353 1354
f 1306 1354 1307
f 1307 1354 1355
f 1307 1355 1308
f 1308 1355 1356
f 1308 1356 1309
f 1309 1356 1357
f 1309 1357 1310
f 1310 1357 1358
f 1310 1358 1311
f 1311 1358 1359
f 1311 1359 1312
f 1312 1359 1360
f 1312 1360 1313
f 1313 1360 1361
f 1313 1361 1314
f 1314 1361 1362
f 1314 1362 1315
f 1315 1362 1363
f 1315 1363 1316
f 1316 1363 1364
f 1316 1364 1317
f 1317 1364 1365
f 1317 1365 1318
f 1318 1365 1366
f 1318 1366 1319
f 1319 1366 1367
f 1319 1367 1320
f 1320 1367 1368
f 1320 1368 1321
f 1321 1368 1369
f 1321 1369 1322
f 1322 1369 1370
f 1322 1370 1323
f 1323 1370 1371
f 1323 1371 1324
f 1324 1371 1372
f 1324 1372 1325
f 1325 1372 1373
f 1325 1373 1326
f 1326 1373 1374
f 1326 1374 1327
f 1327 1374 1375
f 1327 1375 1328
f 1328 1375 1376
f 1328 1376 1329
f 1329 1376 1377
f 1329 1377 1330
f 1330 1377 1378
f 1330 1378 1331
f 1331 1378 1379
f 1331 1379 1332
f 1332 1379 1380
f 1332 1380 1333
f 1333 1380 1381
f 1333 1381 1334
f 1334 1381 1382
f 1334 1382 1335
f 1335 1382 1383
f 1335 1383 1336
f 1336 1383 1384
f 1336 1384 1337
f 1337 1384 1385
f 1337 1385 1338
f 1338 1385 1386
f 1338 1386 1339
f 1339 1386 1387
f 1339 1387 1340
f 1340 1387 1388
f 1340 1388 1341
f 1341 1388 1389
f 1341 1389 1342
f 1342 1389 1390
f 1342 1390 1343
f 1343 1390 1391
f 1343 1391 1344
f 1344 1391 1392
f 1344 1392 1297
f 1297 1392 1345
f 1345 1393 1346
f 1346 1393 1394
f 1346 1394 1347
f 1347 1394 1395
f 1347 1395 1348
f 1348 1395 1396
f 1348 1396 1349
f 1349 1396 1397
f 1349 1397 1350
f 1350 1397 1398
f 1350 1398 1351
f 1351 1398 1399
f 1351 1399 1352
f 1352 1399 1400
f 1352 1400 1353
f 1353 1400 1401
f 1353 1401 1354
f 1354 1401 1402
f 1354 1402 1355
f 1355 1402 1403
f 1355 1403 1356
f 1356 1403 1404
f 1356 1404 1357
f 1357 1404 1405
f 1357 1405 1358
f 1358 1405 1406
f 1358 1406 1359
f 1359 1406 1407
f 1359 1407 1360
f 1360 1407 1408
f 1360 1408 1361
f 1361 1408 1409
f 1361 1409 1362
f 1362 1409 1410
f 1362 1410 1363
f 1363 1410 1411
f 1363 1411 1364
f 1364 1411 1412
f 1364 1412 1365
f 1365 1412 1413
f 1365 1413 1366
f 1366 1413 1414
f 1366 1414 1367
f 1367 1414 1415
f 1367 1415 1368
f 1368 1415 1416
f 1368 1416 1369
f 1369 1416 1417
f 1369 1417 1370
f 1370 1417 1418
f 1370 1418 1371
f 1371 1418 1419
f 1371 1419 1372
f 1372 1419 1420
f 1372 1420 1373
f 1373 1420 1421
f 1373 1421 1374
f 1374 1421 1422
f 1374 1422 1375
f 1375 1422 1423
f 1375 1423 1376
f 1376 1423 1424
f 1376 1424 1377
f 1377 1424 1425
f 1377 1425 1378
f 1378 1425 1426
f 1378 1426 1379
f 1379 1426 1427
f 1379 1427 1380
f 1380 1427 1428
f 1380 1428 1381
f 1381 1428 1429
f 1381 1429 1382
f 1382 1429 1430
f 1382 1430 1383
f 1383 1430 1431
f 1383 1431 1384
f 1384 1431 1432
f 1384 1432 1385
f 1385 1432 1433
f 1385 1433 1386
f 1386 1433 1434
f 1386 1434 1387
f 1387 1434 1435
f 1387 1435 1388
f 1388 1435 1436
f 1388 1436 1389
f 1389 1436 1437
f 1389 1437 1390
f 1390 1437 1438
f 1390 1438 1391
f 1391 1438 1439
f 1391 1439 1392
f 1392 1439 1440
f 1392 1440 1345
f 1345 1440 1393
f 1393 1441 1394
f 1394 1441 1442
f 1394 1442 1395
f 1395 1442 1443
f 1395 1443 1396
f 1396 1443 1444
f 1396 1444 1397
f 1397 1444 1445
f 1397 1445 1398
f 1398 1445 1446
f 1398 1446 1399
f 1399 1446 1447
f 1399 1447 1400
f 1400 1447 1448
f 1400 1448 1401
f 1401 1448 1449
f 1401 1449 1402
f 1402 1449 1450
f 1402 1450 1403
f 1403 1450 1451
f 1403 1451 1404
f 1404 1451 1452
f 1404 1452 1405
f 1405 1452 1453
f 1405 1453 1406
f 1406 1453 1454
f 1406 1454 1407
f 1407 1454 1455
f 1407 1455 1408
f 1408 1455 1456
f 1408 1456 1409
f 1409 1456 1457
f 1409 1457 1410
f 1410 1457 1458
f 1410 1458 1411
f 1411 1458 1459
f 1411 1459 1412
f 1412 1459 1460
f 1412 1460 1413
f 1413 1460 1461
f 1413 1461 1414
f 1414 1461 1462
f 1414 1462 1415
f 1415 1462 1463
f 1415 1463 1416
f 1416 1463 1464
f 1416 1464 1417
f 1417 1464 1465
f 1417 1465 1418
f 1418 1465 1466
f 1418 1466 1419
f 1419 1466 1467
f 1419 1467 1420
f 1420 1467 1468
f 1420 1468 1421
f 1421 1468 1469
f 1421 1469 1422
f 1422 1469 1470
f 1422 1470 1423
f 1423 1470 1471
f 1423 1471 1424
f 1424 1471 1472
f 1424 1472 1425
f 1425 1472 1473
f 1425 1473 1426
f 1426 1473 1474
f 1426 1474 1427
f 1427 1474 1475
f 1427 1475 1428
f 1428 1475 1476
f 1428 1476 1429
f 1429 1476 1477
f 1429 1477 1430
f 1430 1477 1478
f 1430 1478 1431
f 1431 1478 1479
f 1431 1479 1432
f 1432 1479 1480
f 1432 1480 1433
f 1433 1480 1481
f 1433 1481 1434
f 1434 1481 1482
f 1434 1482 1435
f 1435 1482 1483
f 1435 1483 1436
f 1436 1483 1484
f 1436 1484 1437
f 1437 1484 1485
f 1437 1485 1438
f 1438 1485 1486
f 1438 1486 1439
f 1439 1486 1487
f 1439 1487 1440
f 1440 1487 1488
f 1440 1488 1393
f 1393 1488 1441
f 1441 1489 1442
f 1442 1489 1490
f 1442 1490 1443
f 1443 1490 1491
f 1443 1491 1444
f 1444 1491 1492
f 1444 1492 1445
f 1445 1492 1493
f 1445 1493 1446
f 1446 1493 1494
f 1446 1494 1447
f 1447 1494 1495
f 1447 1495 1448
f 1448 1495 1496
f 1448 1496 1449
f 1449 1496 1497
f 1449 1497 1450
f 1450 1497 1498
f 1450 1498 1451
f 1451 1498 1499
f 1451 1499 1452
f 1452 1499 1500
f 1452 1500 1453
f 1453 1500 1501
f 1453 1501 1454
f 1454 1501 1502
f 1454 1502 1455
f 1455 1502 1503
f 1455 1503 1456
f 1456 1503 1504
f 1456 1504 1457
f 1457 1504 1505
f 1457 1505 1458
f 1458 1505 1506
f 1458 1506 1459
f 1459 1506 1507
f 1459 1507 1460
f 1460 1507 1508
f 1460 1508 1461
f 1461 1508 1509
f 1461 1509 1462
f 1462 1509 1510
f 1462 1510 1463
f 1463 1510 1511
f 1463 1511 1464
f 1464 1511 1512
f 1464 1512 1465
f 1465 1512 1513
f 1465 1513 1466
f 1466 1513 1514
f 1466 1514 1467
f 1467 1514 1515
f 1467 1515 1468
f 1468 1515 1516
f 1468 1516 1469
f 1469 1516 1517
f 1469 1517 1470
f 1470 1517 1518
f 1470 1518 1471
f 1471 1518 1519
f 1471 1519 1472
f 1472 1519 1520
f 1472 1520 1473
f 1473 1520 1521
f 1473 1521 1474
f 1474 1521 1522
f 1474 1522 1475
f 1475 1522 1523
f 1475 1523 1476
f 1476 1523 1524
f 1476 1524 1477
f 1477 1524 1525
f 1477 1525 1478
f 1478 1525 1526
f 1478 1526 1479
f 1479 1526 1527
f 1479 1527 1480
f 1480 1527 1528
f 1480 1528 1481
f 1481 1528 1529
f 1481 1529 1482
f 1482 1529 1530
f 1482 1530 1483
f 1483 1530 1531
f 1483 1531 1484
f 1484 1531 1532
f 1484 1532 1485
f 1485 1532 1533
f 1485 1533 1486
f 1486 1533 1534
f 1486 1534 1487
f 1487 1534 1535
f 1487 1535 1488
f 1488 1535 1536
f 1488 1536 1441
f 1441 1536 1489
f 1489 1537 1490
f 1490 1537 1538
f 1490 1538 1491
f 1491 1538 1539
f 1491 1539 1492
f 1492 1539 1540
f 1492 1540 1493
f 1493 1540 1541
f 1493 1541 1494
f 1494 1541 1542
f 1494 1542 1495
f 1495 1542 1543
f 1495 1543 1496
f 1496 1543 1544
f 1496 1544 1497
f 1497 1544 1545
f 1497 1545 1498
f 1498 1545 1546
f 1498 1546 1499
f 1499 1546 1547
f 1499 1547 1500
f 1500 1547 1548
f 1500 1548 1501
f 1501 1548 1549
f 1501 1549 1502
f 1502 1549 1550
f 1502 1550 1503
f 1503 1550 1551
f 1503 1551 1504
f 1504 1551 1552
f 1504 1552 1505
f 1505 1552 1553
f 1505 1553 1506
f 1506 1553 1554
f 1506 1554 1507
f 1507 1554 1555
f 1507 1555 1508
f 1508 1555 1556
f 1508 1556 1509
f 1509 1556 1557
f 1509 1557 1510
f 1510 1557 1558
f 1510 1558 1511
f 1511 1558 1559
f 1511 1559 1512
f 1512 1559 1560
f 1512 1560 1513
f 1513 1560 1561
f 1513 1561 1514
f 1514 1561 1562
f 1514 1562 1515
f 1515 1562 1563
f 1515 1563 1516
f 1516 1563 1564
f 1516 1564 1517
f 1517 1564 1565
f 1517 1565 1518
f 1518 1565 1566
f 1518 1566 1519
f 1519 1566 1567
f 1519 1567 1520
f 1520 1567 1568
f 1520 1568 1521
f 1521 1568 1569
f 1521 1569 1522
f 1522 1569 1570
f 1522 1570 1523
f 1523 1570 1571
f 1523 1571 1524
f 1524 1571 1572
f 1524 1572 1525
f 1525 1572 1573
f 1525 1573 1526
f 1526 1573 1574
f 1526 1574 1527
f 1527 1574 1575
f 1527 1575 1528
f 1528 1575 1576
f 1528 1576 1529
f 1529 1576 1577
f 1529 1577 1530
f 1530 1577 1578
f 1530 1578 1531
f 1531 1578 1579
f 1531 1579 1532
f 1532 1579 1580
f 1532 1580 1533
f 1533 1580 1581
f 1533 1581 1534
f 1534 1581 1582
f 1534 1582 1535
f 1535 1582 1583
f 1535 1583 1536
f 1536 1583 1584
f 1536 1584 1489
f 1489 1584 1537
f 1537 1585 1538
f 1538 1585 1586
f 1538 1586 1539
f 1539 1586 1587
f 1539 1587 1540
f 1540 1587 1588
f 1540 1588 1541
f 1541 1588 1589
f 1541 1589 1542
f 1542 1589 1590
f 1542 1590 1543
f 1543 1590 1591
f 1543 1591 1544
f 1544 1591 1592
f 1544 1592 1545
f 1545 1592 1593
f 1545 1593 1546
f 1546 1593 1594
f 1546 1594 1547
f 1547 1594 1595
f 1547 1595 1548
f 1548 1595 1596
f 1548 1596 1549
f 1549 1596 1597
f 1549 1597 1550
f 1550 1597 1598
f 1550 1598 1551
f 1551 1598 1599
f 1551 1599 1552
f 1552 1599 1600
f 1552 1600 1553
f 1553 1600 1601
f 1553 1601 1554
f 1554 1601 1602
f 1554 1602 1555
f 1555 1602 1603
f 1555 1603 1556
f 1556 1603 1604
f 1556 1604 1557
f 1557 1604 1605
f 1557 1605 1558
f 1558 1605 1606
f 1558 1606 1559
f 1559 1606 1607
f 1559 1607 1560
f 1560 1607 1608
f 1560 1608 1561
f 1561 1608 1609
f 1561 1609 1562
f 1562 1609 1610
f 1562 1610 1563
f 1563 1610 1611
f 1563 1611 1564
f 1564 1611 1612
f 1564 1612 1565
f 1565 1612 1613
f 1565 1613 1566
f 1566 1613 1614
f 1566 1614 1567
f 1567 1614 1615
f 1567 1615 1568
f 1568 1615 1616
f 1568 1616 1569
f 1569 1616 1617
f 1569 1617 1570
f 1570 1617 1618
f 1570 1618 1571
f 1571 1618 1619
f 1571 1619 1572
f 1572 1619 1620
f 1572 1620 1573
f 1573 1620 1621
f 1573 1621 1574
f 1574 1621 1622
f 1574 1622 1575
f 1575 1622 1623
f 1575 1623 1576
f 1576 1623 1624
f 1576 1624 1577
f 1577 1624 1625
f 1577 1625 1578
f 1578 1625 1626
f 1578 1626 1579
f 1579 1626 1627
f 1579 1627 1580
f 1580 1627 1628
f 1580 1628 1581
f 1581 1628 1629
f 1581 1629 1582
f 1582 1629 1630
f 1582 1630 1583
f 1583 1630 1631
f 1583 1631 1584
f 1584 1631 1632
f 1584 1632 1537
f 1537 1632 1585
f 1585 1633 1586
f 1586 1633 1634
f 1586 1634 1587
f 1587 1634 1635
f 1587 1635 1588
f 1588 1635 1636
f 1588 1636 1589
f 1589 1636 1637
f 1589 1637 1590
f 1590 1637 1638
f 1590 1638 1591
f 1591 1638 1639
f 1591 1639 1592
f 1592 1639 1640
f 1592 1640 1593
f 1593 1640 1641
f 1593 1641 1594
f 1594 1641 1642
f 1594 1642 1595
f 1595 1642 1643
f 1595 1643 1596
f 1596 1643 1644
f 1596 1644 1597
f 1597 1644 1645
f 1597 1645 1598
f 1598 1645 1646
f 1598 1646 1599
f 1599 1646 1647
f 1599 1647 1600
f 1600 1647 1648
f 1600 1648 1601
f 1601 1648 1649
f 1601 1649 1602
f 1602 1649 1650
f 1602 1650 1603
f 1603 1650 1651
f 1603 1651 1604
f 1604 1651 1652
f 1604 1652 1605
f 1605 1652 1653
f 1605 1653 1606
f 1606 1653 1654
f 1606 1654 1607
f 1607 1654 1655
f 1607 1655 1608
f 1608 1655 1656
f 1608 1656 1609
f 1609 1656 1657
f 1609 1657 1610
f 1610 1657 1658
f 1610 1658 1611
f 1611 1658 1659
f 1611 1659 1612
f 1612 1659 1660
f 1612 1660 1613
f 1613 1660 1661
f 1613 1661 1614
f 1614 1661 1662
f 1614 1662 1615
f 1615 1662 1663
f 1615 1663 1616
f 1616 1663 1664
f 1616 1664 1617
f 1617 1664 1665
f 1617 1665 1618
f 1618 1665 1666
f 1618 1666 1619
f 1619 1666 1667
f 1619 1667 1620
f 1620 1667 1668
f 1620 1668 1621
f 1621 1668 1669
f 1621 1669 1622
f 1622 1669 1670
f 1622 1670 1623
f 1623 1670 1671
f 1623 1671 1624
f 1624 1671 1672
f 1624 1672 1625
f 1625 1672 1673
f 1625 1673 1626
f 1626 1673 1674
f 1626 1674 1627
f 1627 1674 1675
f 1627 1675 1628
f 1628 1675 1676
f 1628 1676 1629
f 1629 1676 1677
f 1629 1677 1630
f 1630 1677 1678
f 1630 1678 1631
f 1631 1678 1679
f 1631 1679 1632
f 1632 1679 1680
f 1632 1680 1585
f 1585 1680 1633
f 1633 1681 1634
f 1634 1681 1682
f 1634 1682 1635
f 1635 1682 1683
f 1635 1683 1636
f 1636 1683 1684
f 1636 1684 1637
f 1637 1684 1685
f 1637 1685 1638
f 1638 1685 1686
f 1638 1686 1639
f 1639 1686 1687
f 1639 1687 1640
f 1640 1687 1688
f 1640 1688 1641
f 1641 1688 1689
f 1641 1689 1642
f 1642 1689 1690
f 1642 1690 1643
f 1643 1690 1691
f 1643 1691 1644
f 1644 1691 1692
f 1644 1692 1645
f 1645 1692 1693
f 1645 1693 1646
f 1646 1693 1694
f 1646 1694 1647
f 1647 1694 1695
f 1647 1695 1648
f 1648 1695 1696
f 1648 1696 1649
f 1649 1696 1697
f 1649 1697 1650
f 1650 1697 1698
f 1650 1698 1651
f 1651 1698 1699
f 1651 1699 1652
f 1652 1699 1700
f 1652 1700 1653
f 1653 1700 1701
f 1653 1701 1654
f 1654 1701 1702
f 1654 1702 1655
f 1655 1702 1703
f 1655 1703 1656
f 1656 1703 1704
f 1656 1704 1657
f 1657 1704 1705
f 1657 1705 1658
f 1658 1705 1706
f 1658 1706 1659
f 1659 1706 1707
f 1659 1707 1660
f 1660 1707 1708
f 1660 1708 1661
f 1661 1708 1709
f 1661 1709 1662
f 1662 1709 1710
f 1662 1710 1663
f 1663 1710 1711
f 1663 1711 1664
f 1664 1711 1712
f 1664 1712 1665
f 1665 1712 1713
f 1665 1713 1666
f 1666 1713 1714
f 1666 1714 1667
f 1667 1714 1715
f 1667 1715 1668
f 1668 1715 1716
f 1668 1716 1669
f 1669 1716 1717
f 1669 1717 1670
f 1670 1717 1718
f 1670 1718 1671
f 1671 1718 1719
f 1671 1719 1672
f 1672 1719 1720
f 1672 1720 1673
f 1673 1720 1721
f 1673 1721 1674
f 1674 1721 1722
f 1674 1722 1675
f 1675 1722 1723
f 1675 1723 1676
f 1676 1723 1724
f 1676 1724 1677
f 1677 1724 1725
f 1677 1725 1678
f 1678 1725 1726
f 1678 1726 1679
f 1679 1726 1727
f 1679 1727 1680
f 1680 1727 1728
f 1680 1728 1633
f 1633 1728 1681
f 1681 1729 1682
f 1682 1729 1730
f 1682 1730 1683
f 1683 1730 1731
f 1683 1731 1684
f 1684 1731 1732
f 1684 1732 1685
f 1685 1732 1733
f 1685 1733 1686
f 1686 1733 1734
f 1686 1734 1687
f 1687 1734 1735
f 1687 1735 1688
f 1688 1735 1736
f 1688 1736 1689
f 1689 1736 1737
f 1689 1737 1690
f 1690 1737 1738
f 1690 1738 1691
f 1691 1738 1739
f 1691 1739 1692
f 1692 1739 1740
f 1692 1740 1693
f 1693 1740 1741
f 1693 1741 1694
f 1694 1741 1742
f 1694 1742 1695
f 1695 1742 1743
f 1695 1743 1696
f 1696 1743 1744
f 1696 1744 1697
f 1697 1744 1745
f 1697 1745 1698
f 1698 1745 1746
f 1698 1746 1699
f 1699 1746 1747
f 1699 1747 1700
f 1700 1747 1748
f 1700 1748 1701
f 1701 1748 1749
f 1701 1749 1702
f 1702 1749 1750
f 1702 1750 1703
f 1703 1750 1751
f 1703 1751 1704
f 1704 1751 1752
f 1704 1752 1705
f 1705 1752 1753
f 1705 1753 1706
f 1706 1753 1754
f 1706 1754 1707
f 1707 1754 1755
f 1707 1755 1708
f 1708 1755 1756
f 1708 1756 1709
f 1709 1756 1757
f 1709 1757 1710
f 1710 1757 1758
f 1710 1758 1711
f 1711 1758 1759
f 1711 1759 1712
f 1712 1759 1760
f 1712 1760 1713
f 1713 1760 1761
f 1713 1761 1714
f 1714 1761 1762
f 1714 1762 1715
f 1715 1762 1763
f 1715 1763 1716
f 1716 1763 1764
f 1716 1764 1717
f 1717 1764 1765
f 1717 1765 1718
f 1718 1765 1766
f 1718 1766 1719
f 1719 1766 1767
f 1719 1767 1720
f 1720 1767 1768
f 1720 1768 1721
f 1721 1768 1769
f 1721 1769 1722
f 1722 1769 1770
f 1722 1770 1723
f 1723 1770 1771
f 1723 1771 1724
f 1724 1771 1772
f 1724 1772 1725
f 1725 1772 1773
f 1725 1773 1726
f 1726 1773 1774
f 1726 1774 1727
f 1727 1774 1775
f 1727 1775 1728
f 1728 1775 1776
f 1728 1776 1681
f 1681 1776 1729
f 1729 1777 1730
f 1730 1777 1778
f 1730 1778 1731
f 1731 1778 1779
f 1731 1779 1732
f 1732 1779 1780
f 1732 1780 1733
f 1733 1780 1781
f 1733 1781 1734
f 1734 1781 1782
f 1734 1782 1735
f 1735 1782 1783
f 1735 1783 1736
f 1736 1783 1784
f 1736 1784 1737
f 1737 1784 1785
f 1737 1785 1738
f 1738 1785 1786
f 1738 1786 1739
f 1739 1786 1787
f 1739 1787 1740
f 1740 1787 1788
f 1740 1788 1741
f 1741 1788 1789
f 1741 1789 1742
f 1742 1789 1790
f 1742 1790 1743
f 1743 1790 1791
f 1743 1791 1744
f 1744 1791 1792
f 1744 1792 1745
f 1745 1792 1793
f 1745 1793 1746
f 1746 1793 1794
f 1746 1794 1747
f 1747 1794 1795
f 1747 1795 1748
f 1748 1795 1796
f 1748 1796 1749
f 1749 1796 1797
f 1749 1797 1750
f 1750 1797 1798
f 1750 1798 1751
f 1751 1798 1799
f 1751 1799 1752
f 1752 1799 1800
f 1752 1800 1753
f 1753 1800 1801
f 1753 1801 1754
f 1754 1801 1802
f 1754 1802 1755
f 1755 1802 1803
f 1755 1803 1756
f 1756 1803 1804
f 1756 1804 1757
f 1757 1804 1805
f 1757 1805 1758
f 1758 1805 1806
f 1758 1806 1759
f 1759 1806 1807
f 1759 1807 1760
f 1760 1807 1808
f 1760 1808 1761
f 1761 1808 1809
f 1761 1809 1762
f 1762 1809 1810
f 1762 1810 1763
f 1763 1810 1811
f 1763 1811 1764
f 1764 1811 1812
f 1764 1812 1765
f 1765 1812 1813
f 1765 1813 1766
f 1766 1813 1814
f 1766 1814 1767
f 1767 1814 1815
f 1767 1815 1768
f 1768 1815 1816
f 1768 1816 1769
f 1769 1816 1817
f 1769 1817 1770
f 1770 1817 1818
f 1770 1818 1771
f 1771 1818 1819
f 1771 1819 1772
f 1772 1819 1820
f 1772 1820 1773
f 1773 1820 1821
f 1773 1821 1774
f 1774 1821 1822
f 1774 1822 1775
f 1775 1822 1823
f 1775 1823 1776
f 1776 1823 1824
f 1776 1824 1729
f 1729 1824 1777
f 1777 1825 1778
f 1778 1825 1826
f 1778 1826 1779
f 1779 1826 1827
f 1779 1827 1780
f 1780 1827 1828
f 1780 1828 1781
f 1781 1828 1829
f 1781 1829 1782
f 1782 1829 1830
f 1782 1830 1783
f 1783 1830 1831
f 1783 1831 1784
f 1784 1831 1832
f 1784 1832 1785
f 1785 1832 1833
f 1785 1833 1786
f 1786 1833 1834
f 1786 1834 1787
f 1787 1834 1835
f 1787 1835 1788
f 1788 1835 1836
f 1788 1836 1789
f 1789 1836 1837
f 1789 1837 1790
f 1790 1837 1838
f 1790 1838 1791
f 1791 1838 1839
f 1791 1839 1792
f 1792 1839 1840
f 1792 1840 1793
f 1793 1840 1841
f 1793 1841 1794
f 1794 1841 1842
f 1794 1842 1795
f 1795 1842 1843
f 1795 1843 1796
f 1796 1843 1844
f 1796 1844 1797
f 1797 1844 1845
f 1797 1845 1798
f 1798 1845 1846
f 1798 1846 1799
f 1799 1846 1847
f 1799 1847 1800
f 1800 1847 1848
f 1800 1848 1801
f 1801 1848 1849
f 1801 1849 1802
f 1802 1849 1850
f 1802 1850 1803
f 1803 1850 1851
f 1803 1851 1804
f 1804 1851 1852
f 1804 1852 1805
f 1805 1852 1853
f 1805 1853 1806
f 1806 1853 1854
f 1806 1854 1807
f 1807 1854 1855
f 1807 1855 1808
f 1808 1855 1856
f 1808 1856 1809
f 1809 1856 1857
f 1809 1857 1810
f 1810 1857 1858
f 1810 1858 1811
f 1811 1858 1859
f 1811 1859 1812
f 1812 1859 1860
f 1812 1860 1813
f 1813 1860 1861
f 1813 1861 1814
f 1814 1861 1862
f 1814 1862 1815
f 1815 1862 1863
f 1815 1863 1816
f 1816 1863 1864
f 1816 1864 1817
f 1817 1864 1865
f 1817 1865 1818
f 1818 1865 1866
f 1818 1866 1819
f 1819 1866 1867
f 1819 1867 1820
f 1820 1867 1868
f 1820 1868 1821
f 1821 1868 1869
f 1821 1869 1822
f 1822 1869 1870
f 1822 1870 1823
f 1823 1870 1871
f 1823 1871 1824
f 1824 1871 1872
f 1824 1872 1777
f 1777 1872 1825
f 1825 1873 1826
f 1826 1873 1874
f 1826 1874 1827
f 1827 1874 1875
f 1827 1875 1828
f 1828 1875 1876
f 1828 1876 1829
f 1829 1876 1877
f 1829 1877 1830
f 1830 1877 1878
f 1830 1878 1831
f 1831 1878 1879
f 1831 1879 1832
f 1832 1879 1880
f 1832 1880 1833
f 1833 1880 1881
f 1833 1881 1834
f 1834 1881 1882
f 1834 1882 1835
f 1835 1882 1883
f 1835 1883 1836
f 1836 1883 1884
f 1836 1884 1837
f 1837 1884 1885
f 1837 1885 1838
f 1838 1885 1886
f 1838 1886 1839
f 1839 1886 1887
f 1839 1887 1840
f 1840 1887 1888
f 1840 1888 1841
f 1841 1888 1889
f 1841 1889 1842
f 1842 1889 1890
f 1842 1890 1843
f 1843 1890 1891
f 1843 1891 1844
f 1844 1891 1892
f 1844 1892 1845
f 1845 1892 1893
f 1845 1893 1846
f 1846 1893 1894
f 1846 1894 1847
f 1847 1894 1895
f 1847 1895 1848
f 1848 1895 1896
f 1848 1896 1849
f 1849 1896 1897
f 1849 1897 1850
f 1850 1897 1898
f 1850 1898 1851
f 1851 1898 1899
f 1851 1899 1852
f 1852 1899 1900
f 1852 1900 1853
f 1853 1900 1901
f 1853 1901 1854
f 1854 1901 1902
f 1854 1902 1855
f 1855 1902 1903
f 1855 1903 1856
f 1856 1903 1904
f 1856 1904 1857
f 1857 1904 1905
f 1857 1905 1858
f 1858 1905 1906
f 1858 1906 1859
f 1859 1906 1907
f 1859 1907 1860
f 1860 1907 1908
f 1860 1908 1861
f 1861 1908 1909
f 1861 1909 1862
f 1862 1909 1910
f 1862 1910 1863
f 1863 1910 1911
f 1863 1911 1864
f 1864 1911 1912
f 1864 1912 1865
f 1865 1912 1913
f 1865 1913 1866
f 1866 1913 1914
f 1866 1914 1867
f 1867 1914 1915
f 1867 1915 1868
f 1868 1915 1916
f 1868 1916 1869
f 1869 1916 1917
f 1869 1917 1870
f 1870 1917 1918
f 1870 1918 1871
f 1871 1918 1919
f 1871 1919 1872
f 1872 1919 1920
f 1872 1920 1825
f 1825 1920 1873
f 1873 1921 1874
f 1874 1921 1922
f 1874 1922 1875
f 1875 1922 1923
f 1875 1923 1876
f 1876 1923 1924
f 1876 1924 1877
f 1877 1924 1925
f 1877 1925 1878
f 1878 1925 1926
f 1878 1926 1879
f 1879 1926 1927
f 1879 1927 1880
f 1880 1927 1928
f 1880 1928 1881
f 1881 1928 1929
f 1881 1929 1882
f 1882 1929 1930
f 1882 1930 1883
f 1883 1930 1931
f 1883 1931 1884
f 1884 1931 1932
f 1884 1932 1885
f 1885 1932 1933
f 1885 1933 1886
f 1886 1933 1934
f 1886 1934 1887
f 1887 1934 1935
f 1887 1935 1888
f 1888 1935 1936
f 1888 1936 1889
f 1889 1936 1937
f 1889 1937 1890
f 1890 1937 1938
f 1890 1938 1891
f 1891 1938 1939
f 1891 1939 1892
f 1892 1939 1940
f 1892 1940 1893
f 1893 1940 1941
f 1893 1941 1894
f 1894 1941 1942
f 1894 1942 1895
f 1895 1942 1943
f 1895 1943 1896
f 1896 1943 1944
f 1896 1944 1897
f 1897 1944 1945
f 1897 1945 1898
f 1898 1945 1946
f 1898 1946 1899
f 1899 1946 1947
f 1899 1947 1900
f 1900 1947 1948
f 1900 1948 1901
f 1901 1948 1949
f 1901 1949 1902
f 1902 1949 1950
f 1902 1950 1903
f 1903 1950 1951
f 1903 1951 1904
f 1904 1951 1952
f 1904 1952 1905
f 1905 1952 1953
f 1905 1953 1906
f 1906 1953 1954
f 1906 1954 1907
f 1907 1954 1955
f 1907 1955 1908
f 1908 1955 1956
f 1908 1956 1909
f 1909 1956 1957
f 1909 1957 1910
f 1910 1957 1958
f 1910 1958 1911
f 1911 1958 1959
f 1911 1959 1912
f 1912 1959 1960
f 1912 1960 1913
f 1913 1960 1961
f 1913 1961 1914
f 1914 1961 1962
f 1914 1962 1915
f 1915 1962 1963
f 1915 1963 1916
f 1916 1963 1964
f 1916 1964 1917
f 1917 1964 1965
f 1917 1965 1918
f 1918 1965 1966
f 1918 1966 1919
f 1919 1966 1967
f 1919 1967 1920
f 1920 1967 1968
f 1920 1968 1873
f 1873 1968 1921
f 1921 1969 1922
f 1922 1969 1970
f 1922 1970 1923
f 1923 1970 1971
f 1923 1971 1924
f 1924 1971 1972
f 1924 1972 1925
f 1925 1972 1973
f 1925 1973 1926
f 1926 1973 1974
f 1926 1974 1927
f 1927 1974 1975
f 1927 1975 1928
f 1928 1975 1976
f 1928 1976 1929
f 1929 1976 1977
f 1929 1977 1930
f 1930 1977 1978
f 1930 1978 1931
f 1931 1978 1979
f 1931 1979 1932
f 1932 1979 1980
f 1932 1980 1933
f 1933 1980 1981
f 1933 1981 1934
f 1934 1981 1982
f 1934 1982 1935
f 1935 1982 1983
f 1935 1983 1936
f 1936 1983 1984
f 1936 1984 1937
f 1937 1984 1985
f 1937 1985 1938
f 1938 1985 1986
f 1938 1986 1939
f 1939 1986 1987
f 1939 1987 1940
f 1940 1987 1988
f 1940 1988 1941
f 1941 1988 1989
f 1941 1989 1942
f 1942 1989 1990
f 1942 1990 1943
f 1943 1990 1991
f 1943 1991 1944
f 1944 1991 1992
f 1944 1992 1945
f 1945 1992 1993
f 1945 1993 1946
f 1946 1993 1994
f 1946 1994 1947
f 1947 1994 1995
f 1947 1995 1948
f 1948 1995 1996
f 1948 1996 1949
f 1949 1996 1997
f 1949 1997 1950
f 1950 1997 1998
f 1950 1998 1951
f 1951 1998 1999
f 1951 1999 1952
f 1952 1999 2000
f 1952 2000 1953
f 1953 2000 2001
f 1953 2001 1954
f 1954 2001 2002
f 1954 2002 1955
f 1955 2002 2003
f 1955 2003 1956
f 1956 2003 2004
f 1956 2004 1957
f 1957 2004 2005
f 1957 2005 1958
f 1958 2005 2006
f 1958 2006 1959
f 1959 2006 2007
f 1959 2007 1960
f 1960 2007 2008
f 1960 2008 1961
f 1961 2008 2009
f 1961 2009 1962
f 1962 2009 2010
f 1962 2010 1963
f 1963 2010 2011
f 1963 2011 1964
f 1964 2011 2012
f 1964 2012 1965
f 1965 2012 2013
f 1965 2013 1966
f 1966 2013 2014
f 1966 2014 1967
f 1967 2014 2015
f 1967 2015 1968
f 1968 2015 2016
f 1968 2016 1921
f 1921 2016 1969
f 1969 2017 1970
f 1970 2017 2018
f 1970 2018 1971
f 1971 2018 2019
f 1971 2019 1972
f 1972 2019 2020
f 1972 2020 1973
f 1973 2020 2021
f 1973 2021 1974
f 1974 2021 2022
f 1974 2022 1975
f 1975 2022 2023
f 1975 2023 1976
f 1976 2023 2024
f 1976 2024 1977
f 1977 2024 2025
f 1977 2025 1978
f 1978 2025 2026
f 1978 2026 1979
f 1979 2026 2027
f 1979 2027 1980
f 1980 2027 2028
f 1980 2028 1981
f 1981 2028 2029
f 1981 2029 1982
f 1982 2029 2030
f 1982 2030 1983
f 1983 2030 2031
f 1983 2031 1984
f 1984 2031 2032
f 1984 2032 1985
f 1985 2032 2033
f 1985 2033 1986
f 1986 2033 2034
f 1986 2034 1987
f 1987 2034 2035
f 1987 2035 1988
f 1988 2035 2036
f 1988 2036 1989
f 1989 2036 2037
f 1989 2037 1990
f 1990 2037 2038
f 1990 2038 1991
f 1991 2038 2039
f 1991 2039 1992
f 1992 2039 2040
f 1992 2040 1993
f 1993 2040 2041
f 1993 2041 1994
f 1994 2041 2042
f 1994 2042 1995
f 1995 2042 2043
f 1995 2043 1996
f 1996 2043 2044
f 1996 2044 1997
f 1997 2044 2045
f 1997 2045 1998
f 1998 2045 2046
f 1998 2046 1999
f 1999 2046 2047
f 1999 2047 2000
f 2000 2047 2048
f 2000 2048 2001
f 2001 2048 2049
f 2001 2049 2002
f 2002 2049 2050
f 2002 2050 2003
f 2003 2050 2051
f 2003 2051 2004
f 2004 2051 2052
f 2004 2052 2005
f 2005 2052 2053
f 2005 2053 2006
f 2006 2053 2054
f 2006 2054 2007
f 2007 2054 2055
f 2007 2055 2008
f 2008 2055 2056
f 2008 2056 2009
f 2009 2056 2057
f 2009 2057 2010
f 2010 2057 2058
f 2010 2058 2011
f 2011 2058 2059
f 2011 2059 2012
f 2012 2059 2060
f 2012 2060 2013
f 2013 2060 2061
f 2013 2061 2014
f 2014 2061 2062
f 2014 2062 2015
f 2015 2062 2063
f 2015 2063 2016
f 2016 2063 2064
f 2016 2064 1969
f 1969 2064 2017
f 2017 2065 2018
f 2018 2065 2066
f 2018 2066 2019
f 2019 2066 2067
f 2019 2067 2020
f 2020 2067 2068
f 2020 2068 2021
f 2021 2068 2069
f 2021 2069 2022
f 2022 2069 2070
f 2022 2070 2023
f 2023 2070 2071
f 2023 2071 2024
f 2024 2071 2072
f 2024 2072 2025
f 2025 2072 2073
f 2025 2073 2026
f 2026 2073 2074
f 2026 2074 2027
f 2027 2074 2075
f 2027 2075 2028
f 2028 2075 2076
f 2028 2076 2029
f 2029 2076 2077
f 2029 2077 2030
f 2030 2077 2078
f 2030 2078 2031
f 2031 2078 2079
f 2031 2079 2032
f 2032 2079 2080
f 2032 2080 2033
f 2033 2080 2081
f 2033 2081 2034
f 2034 2081 2082
f 2034 2082 2035
f 2035 2082 2083
f 2035 2083 2036
f 2036 2083 2084
f 2036 2084 2037
f 2037 2084 2085
f 2037 2085 2038
f 2038 2085 2086
f 2038 2086 2039
f 2039 2086 2087
f 2039 2087 2040
f 2040 2087 2088
f 2040 2088 2041
f 2041 2088 2089
f 2041 2089 2042
f 2042 2089 2090
f 2042 2090 2043
f 2043 2090 2091
f 2043 2091 2044
f 2044 2091 2092
f 2044 2092 2045
f 2045 2092 2093
f 2045 2093 2046
f 2046 2093 2094
f 2046 2094 2047
f 2047 2094 2095
f 2047 2095 2048
f 2048 2095 2096
f 2048 2096 2049
f 2049 2096 2097
f 2049 2097 2050
f 2050 2097 2098
f 2050 2098 2051
f 2051 2098 2099
f 2051 2099 2052
f 2052 2099 2100
f 2052 2100 2053
f 2053 2100 2101
f 2053 2101 2054
f 2054 2101 2102
f 2054 2102 2055
f 2055 2102 2103
f 2055 2103 2056
f 2056 2103 2104
f 2056 2104 2057
f 2057 2104 2105
f 2057 2105 2058
f 2058 2105 2106
f 2058 2106 2059
f 2059 2106 2107
f 2059 2107 2060
f 2060 2107 2108
f 2060 2108 2061
f 2061 2108 2109
f 2061 2109 2062
f 2062 2109 2110
f 2062 2110 2063
f 2063 2110 2111
f 2063 2111 2064
f 2064 2111 2112
f 2064 2112 2017
f 2017 2112 2065
f 2065 2113 2066
f 2066 2113 2114
f 2066 2114 2067
f 2067 2114 2115
f 2067 2115 2068
f 2068 2115 2116
f 2068 2116 2069
f 2069 2116 2117
f 2069 2117 2070
f 2070 2117 2118
f 2070 2118 2071
f 2071 2118 2119
f 2071 2119 2072
f 2072 2119 2120
f 2072 2120 2073
f 2073 2120 2121
f 2073 2121 2074
f 2074 2121 2122
f 2074 2122 2075
f 2075 2122 2123
f 2075 2123 2076
f 2076 2123 2124
f 2076 2124 2077
f 2077 2124 2125
f 2077 2125 2078
f 2078 2125 2126
f 2078 2126 2079
f 2079 2126 2127
f 2079 2127 2080
f 2080 2127 2128
f 2080 2128 2081
f 2081 2128 2129
f 2081 2129 2082
f 2082 2129 2130
f 2082 2130 2083
f 2083 2130 2131
f 2083 2131 2084
f 2084 2131 2132
f 2084 2132 2085
f 2085 2132 2133
f 2085 2133 2086
f 2086 2133 2134
f 2086 2134 2087
f 2087 2134 2135
f 2087 2135 2088
f 2088 2135 2136
f 2088 2136 2089
f 2089 2136 2137
f 2089 2137 2090
f 2090 2137 2138
f 2090 2138 2091
f 2091 2138 2139
f 2091 2139 2092
f 2092 2139 2140
f 2092 2140 2093
f 2093 2140 2141
f 2093 2141 2094
f 2094 2141 2142
f 2094 2142 2095
f 2095 2142 2143
f 2095 2143 2096
f 2096 2143 2144
f 2096 2144 2097
f 2097 2144 2145
f 2097 2145 2098
f 2098 2145 2146
f 2098 2146 2099
f 2099 2146 2147
f 2099 2147 2100
f 2100 2147 2148
f 2100 2148 2101
f 2101 2148 2149
f 2101 2149 2102
f 2102 2149 2150
f 2102 2150 2103
f 2103 2150 2151
f 2103 2151 2104
f 2104 2151 2152
f 2104 2152 2105
f 2105 2152 2153
f 2105 2153 2106
f 2106 2153 2154
f 2106 2154 2107
f 2107 2154 2155
f 2107 2155 2108
f 2108 2155 2156
f 2108 2156 2109
f 2109 2156 2157
f 2109 2157 2110
f 2110 2157 2158
f 2110 2158 2111
f 2111 2158 2159
f 2111 2159 2112
f 2112 2159 2160
f 2112 2160 2065
f 2065 2160 2113
f 2113 2161 2114
f 2114 2161 2162
f 2114 2162 2115
f 2115 2162 2163
f 2115 2163 2116
f 2116 2163 2164
f 2116 2164 2117
f 2117 2164 2165
f 2117 2165 2118
f 2118 2165 2166
f 2118 2166 2119
f 2119 2166 2167
f 2119 2167 2120
f 2120 2167 2168
f 2120 2168 2121
f 2121 2168 2169
f 2121 2169 2122
f 2122 2169 2170
f 2122 2170 2123
f 2123 2170 2171
f 2123 2171 2124
f 2124 2171 2172
f 2124 2172 2125
f 2125 2172 2173
f 2125 2173 2126
f 2126 2173 2174
f 2126 2174 2127
f 2127 2174 2175
f 2127 2175 2128
f 2128 2175 2176
f 2128 2176 2129
f 2129 2176 2177
f 2129 2177 2130
f 2130 2177 2178
f 2130 2178 2131
f 2131 2178 2179
f 2131 2179 2132
f 2132 2179 2180
f 2132 2180 2133
f 2133 2180 2181
f 2133 2181 2134
f 2134 2181 2182
f 2134 2182 2135
f 2135 2182 2183
f 2135 2183 2136
f 2136 2183 2184
f 2136 2184 2137
f 2137 2184 2185
f 2137 2185 2138
f 2138 2185 2186
f 2138 2186 2139
f 2139 2186 2187
f 2139 2187 2140
f 2140 2187 2188
f 2140 2188 2141
f 2141 2188 2189
f 2141 2189 2142
f 2142 2189 2190
f 2142 2190 2143
f 2143 2190 2191
f 2143 2191 2144
f 2144 2191 2192
f 2144 2192 2145
f 2145 2192 2193
f 2145 2193 2146
f 2146 2193 2194
f 2146 2194 2147
f 2147 2194 2195
f 2147 2195 2148
f 2148 2195 2196
f 2148 2196 2149
f 2149 2196 2197
f 2149 2197 2150
f 2150 2197 2198
f 2150 2198 2151
f 2151 2198 2199
f 2151 2199 2152
f 2152 2199 2200
f 2152 2200 2153
f 2153 2200 2201
f 2153 2201 2154
f 2154 2201 2202
f 2154 2202 2155
f 2155 2202 2203
f 2155 2203 2156
f 2156 2203 2204
f 2156 2204 2157
f 2157 2204 2205
f 2157 2205 2158
f 2158 2205 2206
f 2158 2206 2159
f 2159 2206 2207
f 2159 2207 2160
f 2160 2207 2208
f 2160 2208 2113
f 2113 2208 2161
f 2161 2209 2162
f 2162 2209 2210
f 2162 2210 2163
f 2163 2210 2211
f 2163 2211 2164
f 2164 2211 2212
f 2164 2212 2165
f 2165 2212 2213
f 2165 2213 2166
f 2166 2213 2214
f 2166 2214 2167
f 2167 2214 2215
f 2167 2215 2168
f 2168 2215 2216
f 2168 2216 2169
f 2169 2216 2217
f 2169 2217 2170
f 2170 2217 2218
f 2170 2218 2171
f 2171 2218 2219
f 2171 2219 2172
f 2172 2219 2220
f 2172 2220 2173
f 2173 2220 2221
f 2173 2221 2174
f 2174 2221 2222
f 2174 2222 2175
f 2175 2222 2223
f 2175 2223 2176
f 2176 2223 2224
f 2176 2224 2177
f 2177 2224 2225
f 2177 2225 2178
f 2178 2225 2226
f 2178 2226 2179
f 2179 2226 2227
f 2179 2227 2180
f 2180 2227 2228
f 2180 2228 2181
f 2181 2228 2229
f 2181 2229 2182
f 2182 2229 2230
f 2182 2230 2183
f 2183 2230 2231
f 2183 2231 2184
f 2184 2231 2232
f 2184 2232 2185
f 2185 2232 2233
f 2185 2233 2186
f 2186 2233 2234
f 2186 2234 2187
f 2187 2234 2235
f 2187 2235 2188
f 2188 2235 2236
f 2188 2236 2189
f 2189 2236 2237
f 2189 2237 2190
f 2190 2237 2238
f 2190 2238 2191
f 2191 2238 2239
f 2191 2239 2192
f 2192 2239 2240
f 2192 2240 2193
f 2193 2240 2241
f 2193 2241 2194
f 2194 2241 2242
f 2194 2242 2195
f 2195 2242 2243
f 2195 2243 2196
f 2196 2243 2244
f 2196 2244 2197
f 2197 2244 2245
f 2197 2245 2198
f 2198 2245 2246
f 2198 2246 2199
f 2199 2246 2247
f 2199 2247 2200
f 2200 2247 2248
f 2200 2248 2201
f 2201 2248 2249
f 2201 2249 2202
f 2202 2249 2250
f 2202 2250 2203
f 2203 2250 2251
f 2203 2251 2204
f 2204 2251 2252
f 2204 2252 2205
f 2205 2252 2253
f 2205 2253 2206
f 2206 2253 2254
f 2206 2254 2207
f 2207 2254 2255
f 2207 2255 2208
f 2208 2255 2256
f 2208 2256 2161
f 2161 2256 2209
f 2209 2257 2210
f 2210 2257 2258
f 2210 2258 2211
f 2211 2258 2259
f 2211 2259 2212
f 2212 2259 2260
f 2212 2260 2213
f 2213 2260 2261
f 2213 2261 2214
f 2214 2261 2262
f 2214 2262 2215
f 2215 2262 2263
f 2215 2263 2216
f 2216 2263 2264
f 2216 2264 2217
f 2217 2264 2265
f 2217 2265 2218
f 2218 2265 2266
f 2218 2266 2219
f 2219 2266 2267
f 2219 2267 2220
f 2220 2267 2268
f 2220 2268 2221
f 2221 2268 2269
f 2221 2269 2222
f 2222 2269 2270
f 2222 2270 2223
f 2223 2270 2271
f 2223 2271 2224
f 2224 2271 2272
f 2224 2272 2225
f 2225 2272 2273
f 2225 2273 2226
f 2226 2273 2274
f 2226 2274 2227
f 2227 2274 2275
f 2227 2275 2228
f 2228 2275 2276
f 2228 2276 2229
f 2229 2276 2277
f 2229 2277 2230
f 2230 2277 2278
f 2230 2278 2231
f 2231 2278 2279
f 2231 2279 2232
f 2232 2279 2280
f 2232 2280 2233
f 2233 2280 2281
f 2233 2281 2234
f 2234 2281 2282
f 2234 2282 2235
f 2235 2282 2283
f 2235 2283 2236
f 2236 2283 2284
f 2236 2284 2237
f 2237 2284 2285
f 2237 2285 2238
f 2238 2285 2286
f 2238 2286 2239
f 2239 2286 2287
f 2239 2287 2240
f 2240 2287 2288
f 2240 2288 2241
f 2241 2288 2289
f 2241 2289 2242
f 2242 2289 2290
f 2242 2290 2243
f 2243 2290 2291
f 2243 2291 2244
f 2244 2291 2292
f 2244 2292 2245
f 2245 2292 2293
f 2245 2293 2246
f 2246 2293 2294
f 2246 2294 2247
f 2247 2294 2295
f 2247 2295 2248
f 2248 2295 2296
f 2248 2296 2249
f 2249 2296 2297
f 2249 2297 2250
f 2250 2297 2298
f 2250 2298 2251
f 2251 2298 2299
f 2251 2299 2252
f 2252 2299 2300
f 2252 2300 2253
f 2253 2300 2301
f 2253 2301 2254
f 2254 2301 2302
f 2254 2302 2255
f 2255 2302 2303
f 2255 2303 2256
f 2256 2303 2304
f 2256 2304 2209
f 2209 2304 2257
f 2257 2305 2258
f 2258 2305 2306
f 2258 2306 2259
f 2259 2306 2307
f 2259 2307 2260
f 2260 2307 2308
f 2260 2308 2261
f 2261 2308 2309
f 2261 2309 2262
f 2262 2309 2310
f 2262 2310 2263
f 2263 2310 2311
f 2263 2311 2264
f 2264 2311 2312
f 2264 2312 2265
f 2265 2312 2313
f 2265 2313 2266
f 2266 2313 2314
f 2266 2314 2267
f 2267 2314 2315
f 2267 2315 2268
f 2268 2315 2316
f 2268 2316 2269
f 2269 2316 2317
f 2269 2317 2270
f 2270 2317 2318
f 2270 2318 2271
f 2271 2318 2319
f 2271 2319 2272
f 2272 2319 2320
f 2272 2320 2273
f 2273 2320 2321
f 2273 2321 2274
f 2274 2321 2322
f 2274 2322 2275
f 2275 2322 2323
f 2275 2323 2276
f 2276 2323 2324
f 2276 2324 2277
f 2277 2324 2325
f 2277 2325 2278
f 2278 2325 2326
f 2278 2326 2279
f 2279 2326 2327
f 2279 2327 2280
f 2280 2327 2328
f 2280 2328 2281
f 2281 2328 2329
f 2281 2329 2282
f 2282 2329 2330
f 2282 2330 2283
f 2283 2330 2331
f 2283 2331 2284
f 2284 2331 2332
f 2284 2332 2285
f 2285 2332 2333
f 2285 2333 2286
f 2286 2333 2334
f 2286 2334 2287
f 2287 2334 2335
f 2287 2335 2288
f 2288 2335 2336
f 2288 2336 2289
f 2289 2336 2337
f 2289 2337 2290
f 2290 2337 2338
f 2290 2338 2291
f 2291 2338 2339
f 2291 2339 2292
f 2292 2339 2340
f 2292 2340 2293
f 2293 2340 2341
f 2293 2341 2294
f 2294 2341 2342
f 2294 2342 2295
f 2295 2342 2343
f 2295 2343 2296
f 2296 2343 2344
f 2296 2344 2297
f 2297 2344 2345
f 2297 2345 2298
f 2298 2345 2346
f 2298 2346 2299
f 2299 2346 2347
f 2299 2347 2300
f 2300 2347 2348
f 2300 2348 2301
f 2301 2348 2349
f 2301 2349 2302
f 2302 2349 2350
f 2302 2350 2303
f 2303 2350 2351
f 2303 2351 2304
f 2304 2351 2352
f 2304 2352 2257
f 2257 2352 2305
f 2305 2353 2306
f 2306 2353 2354
f 2306 2354 2307
f 2307 2354 2355
f 2307 2355 2308
f 2308 2355 2356
f 2308 2356 2309
f 2309 2356 2357
f 2309 2357 2310
f 2310 2357 2358
f 2310 2358 2311
f 2311 2358 2359
f 2311 2359 2312
f 2312 2359 2360
f 2312 2360 2313
f 2313 2360 2361
f 2313 2361 2314
f 2314 2361 2362
f 2314 2362 2315
f 2315 2362 2363
f 2315 2363 2316
f 2316 2363 2364
f 2316 2364 2317
f 2317 2364 2365
f 2317 2365 2318
f 2318 2365 2366
f 2318 2366 2319
f 2319 2366 2367
f 2319 2367 2320
f 2320 2367 2368
f 2320 2368 2321
f 2321 2368 2369
f 2321 2369 2322
f 2322 2369 2370
f 2322 2370 2323
f 2323 2370 2371
f 2323 2371 2324
f 2324 2371 2372
f 2324 2372 2325
f 2325 2372 2373
f 2325 2373 2326
f 2326 2373 2374
f 2326 2374 2327
f 2327 2374 2375
f 2327 2375 2328
f 2328 2375 2376
f 2328 2376 2329
f 2329 2376 2377
f 2329 2377 2330
f 2330 2377 2378
f 2330 2378 2331
f 2331 2378 2379
f 2331 2379 2332
f 2332 2379 2380
f 2332 2380 2333
f 2333 2380 2381
f 2333 2381 2334
f 2334 2381 2382
f 2334 2382 2335
f 2335 2382 2383
f 2335 2383 2336
f 2336 2383 2384
f 2336 2384 2337
f 2337 2384 2385
f 2337 2385 2338
f 2338 2385 2386
f 2338 2386 2339
f 2339 2386 2387
f 2339 2387 2340
f 2340 2387 2388
f 2340 2388 2341
f 2341 2388 2389
f 2341 2389 2342
f 2342 2389 2390
f 2342 2390 2343
f 2343 2390 2391
f 2343 2391 2344
f 2344 2391 2392
f 2344 2392 2345
f 2345 2392 2393
f 2345 2393 2346
f 2346 2393 2394
f 2346 2394 2347
f 2347 2394 2395
f 2347 2395 2348
f 2348 2395 2396
f 2348 2396 2349
f 2349 2396 2397
f 2349 2397 2350
f 2350 2397 2398
f 2350 2398 2351
f 2351 2398 2399
f 2351 2399 2352
f 2352 2399 2400
f 2352 2400 2305
f 2305 2400 2353
f 2353 2401 2354
f 2354 2401 2402
f 2354 2402 2355
f 2355 2402 2403
f 2355 2403 2356
f 2356 2403 2404
f 2356 2404 2357
f 2357 2404 2405
f 2357 2405 2358
f 2358 2405 2406
f 2358 2406 2359
f 2359 2406 2407
f 2359 2407 2360
f 2360 2407 2408
f 2360 2408 2361
f 2361 2408 2409
f 2361 2409 2362
f 2362 2409 2410
f 2362 2410 2363
f 2363 2410 2411
f 2363 2411 2364
f 2364 2411 2412
f 2364 2412 2365
f 2365 2412 2413
f 2365 2413 2366
f 2366 2413 2414
f 2366 2414 2367
f 2367 2414 2415
f 2367 2415 2368
f 2368 2415 2416
f 2368 2416 2369
f 2369 2416 2417
f 2369 2417 2370
f 2370 2417 2418
f 2370 2418 2371
f 2371 2418 2419
f 2371 2419 2372
f 2372 2419 2420
f 2372 2420 2373
f 2373 2420 2421
f 2373 2421 2374
f 2374 2421 2422
f 2374 2422 2375
f 2375 2422 2423
f 2375 2423 2376
f 2376 2423 2424
f 2376 2424 2377
f 2377 2424 2425
f 2377 2425 2378
f 2378 2425 2426
f 2378 2426 2379
f 2379 2426 2427
f 2379 2427 2380
f 2380 2427 2428
f 2380 2428 2381
f 2381 2428 2429
f 2381 2429 2382
f 2382 2429 2430
f 2382 2430 2383
f 2383 2430 2431
f 2383 2431 2384
f 2384 2431 2432
f 2384 2432 2385
f 2385 2432 2433
f 2385 2433 2386
f 2386 2433 2434
f 2386 2434 2387
f 2387 2434 2435
f 2387 2435 2388
f 2388 2435 2436
f 2388 2436 2389
f 2389 2436 2437
f 2389 2437 2390
f 2390 2437 2438
f 2390 2438 2391
f 2391 2438 2439
f 2391 2439 2392
f 2392 2439 2440
f 2392 2440 2393
f 2393 2440 2441
f 2393 2441 2394
f 2394 2441 2442
f 2394 2442 2395
f 2395 2442 2443
f 2395 2443 2396
f 2396 2443 2444
f 2396 2444 2397
f 2397 2444 2445
f 2397 2445 2398
f 2398 2445 2446
f 2398 2446 2399
f 2399 2446 2447
f 2399 2447 2400
f 2400 2447 2448
f 2400 2448 2353
f 2353 2448 2401
f 2401 2449 2402
f 2402 2449 2450
f 2402 2450 2403
f 2403 2450 2451
f 2403 2451 2404
f 2404 2451 2452
f 2404 2452 2405
f 2405 2452 2453
f 2405 2453 2406
f 2406 2453 2454
f 2406 2454 2407
f 2407 2454 2455
f 2407 2455 2408
f 2408 2455 2456
f 2408 2456 2409
f 2409 2456 2457
f 2409 2457 2410
f 2410 2457 2458
f 2410 2458 2411
f 2411 2458 2459
f 2411 2459 2412
f 2412 2459 2460
f 2412 2460 2413
f 2413 2460 2461
f 2413 2461 2414
f 2414 2461 2462
f 2414 2462 2415
f 2415 2462 2463
f 2415 2463 2416
f 2416 2463 2464
f 2416 2464 2417
f 2417 2464 2465
f 2417 2465 2418
f 2418 2465 2466
f 2418 2466 2419
f 2419 2466 2467
f 2419 2467 2420
f 2420 2467 2468
f 2420 2468 2421
f 2421 2468 2469
f 2421 2469 2422
f 2422 2469 2470
f 2422 2470 2423
f 2423 2470 2471
f 2423 2471 2424
f 2424 2471 2472
f 2424 2472 2425
f 2425 2472 2473
f 2425 2473 2426
f 2426 2473 2474
f 2426 2474 2427
f 2427 2474 2475
f 2427 2475 2428
f 2428 2475 2476
f 2428 2476 2429
f 2429 2476 2477
f 2429 2477 2430
f 2430 2477 2478
f 2430 2478 2431
f 2431 2478 2479
f 2431 2479 2432
f 2432 2479 2480
f 2432 2480 2433
f 2433 2480 2481
f 2433 2481 2434
f 2434 2481 2482
f 2434 2482 2435
f 2435 2482 2483
f 2435 2483 2436
f 2436 2483 2484
f 2436 2484 2437
f 2437 2484 2485
f 2437 2485 2438
f 2438 2485 2486
f 2438 2486 2439
f 2439 2486 2487
f 2439 2487 2440
f 2440 2487 2488
f 2440 2488 2441
f 2441 2488 2489
f 2441 2489 2442
f 2442 2489 2490
f 2442 2490 2443
f 2443 2490 2491
f 2443 2491 2444
f 2444 2491 2492
f 2444 2492 2445
f 2445 2492 2493
f 2445 2493 2446
f 2446 2493 2494
f 2446 2494 2447
f 2447 2494 2495
f 2447 2495 2448
f 2448 2495 2496
f 2448 2496 2401
f 2401 2496 2449
f 2449 2497 2450
f 2450 2497 2498
f 2450 2498 2451
f 2451 2498 2499
f 2451 2499 2452
f 2452 2499 2500
f 2452 2500 2453
f 2453 2500 2501
f 2453 2501 2454
f 2454 2501 2502
f 2454 2502 2455
f 2455 2502 2503
f 2455 2503 2456
f 2456 2503 2504
f 2456 2504 2457
f 2457 2504 2505
f 2457 2505 2458
f 2458 2505 2506
f 2458 2506 2459
f 2459 2506 2507
f 2459 2507 2460
f 2460 2507 2508
f 2460 2508 2461
f 2461 2508 2509
f 2461 2509 2462
f 2462 2509 2510
f 2462 2510 2463
f 2463 2510 2511
f 2463 2511 2464
f 2464 2511 2512
f 2464 2512 2465
f 2465 2512 2513
f 2465 2513 2466
f 2466 2513 2514
f 2466 2514 2467
f 2467 2514 2515
f 2467 2515 2468
f 2468 2515 2516
f 2468 2516 2469
f 2469 2516 2517
f 2469 2517 2470
f 2470 2517 2518
f 2470 2518 2471
f 2471 2518 2519
f 2471 2519 2472
f 2472 2519 2520
f 2472 2520 2473
f 2473 2520 2521
f 2473 2521 2474
f 2474 2521 2522
f 2474 2522 2475
f 2475 2522 2523
f 2475 2523 2476
f 2476 2523 2524
f 2476 2524 2477
f 2477 2524 2525
f 2477 2525 2478
f 2478 2525 2526
f 2478 2526 2479
f 2479 2526 2527
f 2479 2527 2480
f 2480 2527 2528
f 2480 2528 2481
f 2481 2528 2529
f 2481 2529 2482
f 2482 2529 2530
f 2482 2530 2483
f 2483 2530 2531
f 2483 2531 2484
f 2484 2531 2532
f 2484 2532 2485
f 2485 2532 2533
f 2485 2533 2486
f 2486 2533 2534
f 2486 2534 2487
f 2487 2534 2535
f 2487 2535 2488
f 2488 2535 2536
f 2488 2536 2489
f 2489 2536 2537
f 2489 2537 2490
f 2490 2537 2538
f 2490 2538 2491
f 2491 2538 2539
f 2491 2539 2492
f 2492 2539 2540
f 2492 2540 2493
f 2493 2540 2541
f 2493 2541 2494
f 2494 2541 2542
f 2494 2542 2495
f 2495 2542 2543
f 2495 2543 2496
f 2496 2543 2544
f 2496 2544 2449
f 2449 2544 2497
f 2497 2545 2498
f 2498 2545 2546
f 2498 2546 2499
f 2499 2546 2547
f 2499 2547 2500
f 2500 2547 2548
f 2500 2548 2501
f 2501 2548 2549
f 2501 2549 2502
f 2502 2549 2550
f 2502 2550 2503
f 2503 2550 2551
f 2503 2551 2504
f 2504 2551 2552
f 2504 2552 2505
f 2505 2552 2553
f 2505 2553 2506
f 2506 2553 2554
f 2506 2554 2507
f 2507 2554 2555
f 2507 2555 2508
f 2508 2555 2556
f 2508 2556 2509
f 2509 2556 2557
f 2509 2557 2510
f 2510 2557 2558
f 2510 2558 2511
f 2511 2558 2559
f 2511 2559 2512
f 2512 2559 2560
f 2512 2560 2513
f 2513 2560 2561
f 2513 2561 2514
f 2514 2561 2562
f 2514 2562 2515
f 2515 2562 2563
f 2515 2563 2516
f 2516 2563 2564
f 2516 2564 2517
f 2517 2564 2565
f 2517 2565 2518
f 2518 2565 2566
f 2518 2566 2519
f 2519 2566 2567
f 2519 2567 2520
f 2520 2567 2568
f 2520 2568 2521
f 2521 2568 2569
f 2521 2569 2522
f 2522 2569 2570
f 2522 2570 2523
f 2523 2570 2571
f 2523 2571 2524
f 2524 2571 2572
f 2524 2572 2525
f 2525 2572 2573
f 2525 2573 2526
f 2526 2573 2574
f 2526 2574 2527
f 2527 2574 2575
f 2527 2575 2528
f 2528 2575 2576
f 2528 2576 2529
f 2529 2576 2577
f 2529 2577 2530
f 2530 2577 2578
f 2530 2578 2531
f 2531 2578 2579
f 2531 2579 2532
f 2532 2579 2580
f 2532 2580 2533
f 2533 2580 2581
f 2533 2581 2534
f 2534 2581 2582
f 2534 2582 2535
f 2535 2582 2583
f 2535 2583 2536
f 2536 2583 2584
f 2536 2584 2537
f 2537 2584 2585
f 2537 2585 2538
f 2538 2585 2586
f 2538 2586 2539
f 2539 2586 2587
f 2539 2587 2540
f 2540 2587 2588
f 2540 2588 2541
f 2541 2588 2589
f 2541 2589 2542
f 2542 2589 2590
f 2542 2590 2543
f 2543 2590 2591
f 2543 2591 2544
f 2544 2591 2592
f 2544 2592 2497
f 2497 2592 2545
f 2545 2593 2546
f 2546 2593 2594
f 2546 2594 2547
f 2547 2594 2595
f 2547 2595 2548
f 2548 2595 2596
f 2548 2596 2549
f 2549 2596 2597
f 2549 2597 2550
f 2550 2597 2598
f 2550 2598 2551
f 2551 2598 2599
f 2551 2599 2552
f 2552 2599 2600
f 2552 2600 2553
f 2553 2600 2601
f 2553 2601 2554
f 2554 2601 2602
f 2554 2602 2555
f 2555 2602 2603
f 2555 2603 2556
f 2556 2603 2604
f 2556 2604 2557
f 2557 2604 2605
f 2557 2605 2558
f 2558 2605 2606
f 2558 2606 2559
f 2559 2606 2607
f 2559 2607 2560
f 2560 2607 2608
f 2560 2608 2561
f 2561 2608 2609
f 2561 2609 2562
f 2562 2609 2610
f 2562 2610 2563
f 2563 2610 2611
f 2563 2611 2564
f 2564 2611 2612
f 2564 2612 2565
f 2565 2612 2613
f 2565 2613 2566
f 2566 2613 2614
f 2566 2614 2567
f 2567 2614 2615
f 2567 2615 2568
f 2568 2615 2616
f 2568 2616 2569
f 2569 2616 2617
f 2569 2617 2570
f 2570 2617 2618
f 2570 2618 2571
f 2571 2618 2619
f 2571 2619 2572
f 2572 2619 2620
f 2572 2620 2573
f 2573 2620 2621
f 2573 2621 2574
f 2574 2621 2622
f 2574 2622 2575
f 2575 2622 2623
f 2575 2623 2576
f 2576 2623 2624
f 2576 2624 2577
f 2577 2624 2625
f 2577 2625 2578
f 2578 2625 2626
f 2578 2626 2579
f 2579 2626 2627
f 2579 2627 2580
f 2580 2627 2628
f 2580 2628 2581
f 2581 2628 2629
f 2581 2629 2582
f 2582 2629 2630
f 2582 2630 2583
f 2583 2630 2631
f 2583 2631 2584
f 2584 2631 2632
f 2584 2632 2585
f 2585 2632 2633
f 2585 2633 2586
f 2586 2633 2634
f 2586 2634 2587
f 2587 2634 2635
f 2587 2635 2588
f 2588 2635 2636
f 2588 2636 2589
f 2589 2636 2637
f 2589 2637 2590
f 2590 2637 2638
f 2590 2638 2591
f 2591 2638 2639
f 2591 2639 2592
f 2592 2639 2640
f 2592 2640 2545
f 2545 2640 2593
f 2593 2641 2594
f 2594 2641 2642
f 2594 2642 2595
f 2595 2642 2643
f 2595 2643 2596
f 2596 2643 2644
f 2596 2644 2597
f 2597 2644 2645
f 2597 2645 2598
f 2598 2645 2646
f 2598 2646 2599
f 2599 2646 2647
f 2599 2647 2600
f 2600 2647 2648
f 2600 2648 2601
f 2601 2648 2649
f 2601 2649 2602
f 2602 2649 2650
f 2602 2650 2603
f 2603 2650 2651
f 2603 2651 2604
f 2604 2651 2652
f 2604 2652 2605
f 2605 2652 2653
f 2605 2653 2606
f 2606 2653 2654
f 2606 2654 2607
f 2607 2654 2655
f 2607 2655 2608
f 2608 2655 2656
f 2608 2656 2609
f 2609 2656 2657
f 2609 2657 2610
f 2610 2657 2658
f 2610 2658 2611
f 2611 2658 2659
f 2611 2659 2612
f 2612 2659 2660
f 2612 2660 2613
f 2613 2660 2661
f 2613 2661 2614
f 2614 2661 2662
f 2614 2662 2615
f 2615 2662 2663
f 2615 2663 2616
f 2616 2663 2664
f 2616 2664 2617
f 2617 2664 2665
f 2617 2665 2618
f 2618 2665 2666
f 2618 2666 2619
f 2619 2666 2667
f 2619 2667 2620
f 2620 2667 2668
f 2620 2668 2621
f 2621 2668 2669
f 2621 2669 2622
f 2622 2669 2670
f 2622 2670 2623
f 2623 2670 2671
f 2623 2671 2624
f 2624 2671 2672
f 2624 2672 2625
f 2625 2672 2673
f 2625 2673 2626
f 2626 2673 2674
f 2626 2674 2627
f 2627 2674 2675
f 2627 2675 2628
f 2628 2675 2676
f 2628 2676 2629
f 2629 2676 2677
f 2629 2677 2630
f 2630 2677 2678
f 2630 2678 2631
f 2631 2678 2679
f 2631 2679 2632
f 2632 2679 2680
f 2632 2680 2633
f 2633 2680 2681
f 2633 2681 2634
f 2634 2681 2682
f 2634 2682 2635
f 2635 2682 2683
f 2635 2683 2636
f 2636 2683 2684
f 2636 2684 2637
f 2637 2684 2685
f 2637 2685 2638
f 2638 2685 2686
f 2638 2686 2639
f 2639 2686 2687
f 2639 2687 2640
f 2640 2687 2688
f 2640 2688 2593
f 2593 2688 2641
f 2641 2689 2642
f 2642 2689 2690
f 2642 2690 2643
f 2643 2690 2691
f 2643 2691 2644
f 2644 2691 2692
f 2644 2692 2645
f 2645 2692 2693
f 2645 2693 2646
f 2646 2693 2694
f 2646 2694 2647
f 2647 2694 2695
f 2647 2695 2648
f 2648 2695 2696
f 2648 2696 2649
f 2649 2696 2697
f 2649 2697 2650
f 2650 2697 2698
f 2650 2698 2651
f 2651 2698 2699
f 2651 2699 2652
f 2652 2699 2700
f 2652 2700 2653
f 2653 2700 2701
f 2653 2701 2654
f 2654 2701 2702
f 2654 2702 2655
f 2655 2702 2703
f 2655 2703 2656
f 2656 2703 2704
f 2656 2704 2657
f 2657 2704 2705
f 2657 2705 2658
f 2658 2705 2706
f 2658 2706 2659
f 2659 2706 2707
f 2659 2707 2660
f 2660 2707 2708
f 2660 2708 2661
f 2661 2708 2709
f 2661 2709 2662
f 2662 2709 2710
f 2662 2710 2663
f 2663 2710 2711
f 2663 2711 2664
f 2664 2711 2712
f 2664 2712 2665
f 2665 2712 2713
f 2665 2713 2666
f 2666 2713 2714
f 2666 2714 2667
f 2667 2714 2715
f 2667 2715 2668
f 2668 2715 2716
f 2668 2716 2669
f 2669 2716 2717
f 2669 2717 2670
f 2670 2717 2718
f 2670 2718 2671
f 2671 2718 2719
f 2671 2719 2672
f 2672 2719 2720
f 2672 2720 2673
f 2673 2720 2721
f 2673 2721 2674
f 2674 2721 2722
f 2674 2722 2675
f 2675 2722 2723
f 2675 2723 2676
f 2676 2723 2724
f 2676 2724 2677
f 2677 2724 2725
f 2677 2725 2678
f 2678 2725 2726
f 2678 2726 2679
f 2679 2726 2727
f 2679 2727 2680
f 2680 2727 2728
f 2680 2728 2681
f 2681 2728 2729
f 2681 2729 2682
f 2682 2729 2730
f 2682 2730 2683
f 2683 2730 2731
f 2683 2731 2684
f 2684 2731 2732
f 2684 2732 2685
f 2685 2732 2733
f 2685 2733 2686
f 2686 2733 2734
f 2686 2734 2687
f 2687 2734 2735
f 2687 2735 2688
f 2688 2735 2736
f 2688 2736 2641
f 2641 2736 2689
f 2689 2737 2690
f 2690 2737 2738
f 2690 2738 2691
f 2691 2738 2739
f 2691 2739 2692
f 2692 2739 2740
f 2692 2740 2693
f 2693 2740 2741
f 2693 2741 2694
f 2694 2741 2742
f 2694 2742 2695
f 2695 2742 2743
f 2695 2743 2696
f 2696 2743 2744
f 2696 2744 2697
f 2697 2744 2745
f 2697 2745 2698
f 2698 2745 2746
f 2698 2746 2699
f 2699 2746 2747
f 2699 2747 2700
f 2700 2747 2748
f 2700 2748 2701
f 2701 2748 2749
f 2701 2749 2702
f 2702 2749 2750
f 2702 2750 2703
f 2703 2750 2751
f 2703 2751 2704
f 2704 2751 2752
f 2704 2752 2705
f 2705 2752 2753
f 2705 2753 2706
f 2706 2753 2754
f 2706 2754 2707
f 2707 2754 2755
f 2707 2755 2708
f 2708 2755 2756
f 2708 2756 2709
f 2709 2756 2757
f 2709 2757 2710
f 2710 2757 2758
f 2710 2758 2711
f 2711 2758 2759
f 2711 2759 2712
f 2712 2759 2760
f 2712 2760 2713
f 2713 2760 2761
f 2713 2761 2714
f 2714 2761 2762
f 2714 2762 2715
f 2715 2762 2763
f 2715 2763 2716
f 2716 2763 2764
f 2716 2764 2717
f 2717 2764 2765
f 2717 2765 2718
f 2718 2765 2766
f 2718 2766 2719
f 2719 2766 2767
f 2719 2767 2720
f 2720 2767 2768
f 2720 2768 2721
f 2721 2768 2769
f 2721 2769 2722
f 2722 2769 2770
f 2722 2770 2723
f 2723 2770 2771
f 2723 2771 2724
f 2724 2771 2772
f 2724 2772 2725
f 2725 2772 2773
f 2725 2773 2726
f 2726 2773 2774
f 2726 2774 2727
f 2727 2774 2775
f 2727 2775 2728
f 2728 2775 2776
f 2728 2776 2729
f 2729 2776 2777
f 2729 2777 2730
f 2730 2777 2778
f 2730 2778 2731
f 2731 2778 2779
f 2731 2779 2732
f 2732 2779 2780
f 2732 2780 2733
f 2733 2780 2781
f 2733 2781 2734
f 2734 2781 2782
f 2734 2782 2735
f 2735 2782 2783
f 2735 2783 2736
f 2736 2783 2784
f 2736 2784 2689
f 2689 2784 2737
f 2737 2785 2738
f 2738 2785 2786
f 2738 2786 2739
f 2739 2786 2787
f 2739 2787 2740
f 2740 2787 2788
f 2740 2788 2741
f 2741 2788 2789
f 2741 2789 2742
f 2742 2789 2790
f 2742 2790 2743
f 2743 2790 2791
f 2743 2791 2744
f 2744 2791 2792
f 2744 2792 2745
f 2745 2792 2793
f 2745 2793 2746
f 2746 2793 2794
f 2746 2794 2747
f 2747 2794 2795
f 2747 2795 2748
f 2748 2795 2796
f 2748 2796 2749
f 2749 2796 2797
f 2749 2797 2750
f 2750 2797 2798
f 2750 2798 2751
f 2751 2798 2799
f 2751 2799 2752
f 2752 2799 2800
f 2752 2800 2753
f 2753 2800 2801
f 2753 2801 2754
f 2754 2801 2802
f 2754 2802 2755
f 2755 2802 2803
f 2755 2803 2756
f 2756 2803 2804
f 2756 2804 2757
f 2757 2804 2805
f 2757 2805 2758
f 2758 2805 2806
f 2758 2806 2759
f 2759 2806 2807
f 2759 2807 2760
f 2760 2807 2808
f 2760 2808 2761
f 2761 2808 2809
f 2761 2809 2762
f 2762 2809 2810
f 2762 2810 2763
f 2763 2810 2811
f 2763 2811 2764
f 2764 2811 2812
f 2764 2812 2765
f 2765 2812 2813
f 2765 2813 2766
f 2766 2813 2814
f 2766 2814 2767
f 2767 2814 2815
f 2767 2815 2768
f 2768 2815 2816
f 2768 2816 2769
f 2769 2816 2817
f 2769 2817 2770
f 2770 2817 2818
f 2770 2818 2771
f 2771 2818 2819
f 2771 2819 2772
f 2772 2819 2820
f 2772 2820 2773
f 2773 2820 2821
f 2773 2821 2774
f 2774 2821 2822
f 2774 2822 2775
f 2775 2822 2823
f 2775 2823 2776
f 2776 2823 2824
f 2776 2824 2777
f 2777 2824 2825
f 2777 2825 2778
f 2778 2825 2826
f 2778 2826 2779
f 2779 2826 2827
f 2779 2827 2780
f 2780 2827 2828
f 2780 2828 2781
f 2781 2828 2829
f 2781 2829 2782
f 2782 2829 2830
f 2782 2830 2783
f 2783 2830 2831
f 2783 2831 2784
f 2784 2831 2832
f 2784 2832 2737
f 2737 2832 2785
f 2785 2833 2786
f 2786 2833 2834
f 2786 2834 2787
f 2787 2834 2835
f 2787 2835 2788
f 2788 2835 2836
f 2788 2836 2789
f 2789 2836 2837
f 2789 2837 2790
f 2790 2837 2838
f 2790 2838 2791
f 2791 2838 2839
f 2791 2839 2792
f 2792 2839 2840
f 2792 2840 2793
f 2793 2840 2841
f 2793 2841 2794
f 2794 2841 2842
f 2794 2842 2795
f 2795 2842 2843
f 2795 2843 2796
f 2796 2843 2844
f 2796 2844 2797
f 2797 2844 2845
f 2797 2845 2798
f 2798 2845 2846
f 2798 2846 2799
f 2799 2846 2847
f 2799 2847 2800
f 2800 2847 2848
f 2800 2848 2801
f 2801 2848 2849
f 2801 2849 2802
f 2802 2849 2850
f 2802 2850 2803
f 2803 2850 2851
f 2803 2851 2804
f 2804 2851 2852
f 2804 2852 2805
f 2805 2852 2853
f 2805 2853 2806
f 2806 2853 2854
f 2806 2854 2807
f 2807 2854 2855
f 2807 2855 2808
f 2808 2855 2856
f 2808 2856 2809
f 2809 2856 2857
f 2809 2857 2810
f 2810 2857 2858
f 2810 2858 2811
f 2811 2858 2859
f 2811 2859 2812
f 2812 2859 2860
f 2812 2860 2813
f 2813 2860 2861
f 2813 2861 2814
f 2814 2861 2862
f 2814 2862 2815
f 2815 2862 2863
f 2815 2863 2816
f 2816 2863 2864
f 2816 2864 2817
f 2817 2864 2865
f 2817 2865 2818
f 2818 2865 2866
f 2818 2866 2819
f 2819 2866 2867
f 2819 2867 2820
f 2820 2867 2868
f 2820 2868 2821
f 2821 2868 2869
f 2821 2869 2822
f 2822 2869 2870
f 2822 2870 2823
f 2823 2870 2871
f 2823 2871 2824
f 2824 2871 2872
f 2824 2872 2825
f 2825 2872 2873
f 2825 2873 2826
f 2826 2873 2874
f 2826 2874 2827
f 2827 2874 2875
f 2827 2875 2828
f 2828 2875 2876
f 2828 2876 2829
f 2829 2876 2877
f 2829 2877 2830
f 2830 2877 2878
f 2830 2878 2831
f 2831 2878 2879
f 2831 2879 2832
f 2832 2879 2880
f 2832 2880 2785
f 2785 2880 2833
f 2833 2881 2834
f 2834 2881 2882
f 2834 2882 2835
f 2835 2882 2883
f 2835 2883 2836
f 2836 2883 2884
f 2836 2884 2837
f 2837 2884 2885
f 2837 2885 2838
f 2838 2885 2886
f 2838 2886 2839
f 2839 2886 2887
f 2839 2887 2840
f 2840 2887 2888
f 2840 2888 2841
f 2841 2888 2889
f 2841 2889 2842
f 2842 2889 2890
f 2842 2890 2843
f 2843 2890 2891
f 2843 2891 2844
f 2844 2891 2892
f 2844 2892 2845
f 2845 2892 2893
f 2845 2893 2846
f 2846 2893 2894
f 2846 2894 2847
f 2847 2894 2895
f 2847 2895 2848
f 2848 2895 2896
f 2848 2896 2849
f 2849 2896 2897
f 2849 2897 2850
f 2850 2897 2898
f 2850 2898 2851
f 2851 2898 2899
f 2851 2899 2852
f 2852 2899 2900
f 2852 2900 2853
f 2853 2900 2901
f 2853 2901 2854
f 2854 2901 2902
f 2854 2902 2855
f 2855 2902 2903
f 2855 2903 2856
f 2856 2903 2904
f 2856 2904 2857
f 2857 2904 2905
f 2857 2905 2858
f 2858 2905 2906
f 2858 2906 2859
f 2859 2906 2907
f 2859 2907 2860
f 2860 2907 2908
f 2860 2908 2861
f 2861 2908 2909
f 2861 2909 2862
f 2862 2909 2910
f 2862 2910 2863
f 2863 2910 2911
f 2863 2911 2864
f 2864 2911 2912
f 2864 2912 2865
f 2865 2912 2913
f 2865 2913 2866
f 2866 2913 2914
f 2866 2914 2867
f 2867 2914 2915
f 2867 2915 2868
f 2868 2915 2916
f 2868 2916 2869
f 2869 2916 2917
f 2869 2917 2870
f 2870 2917 2918
f 2870 2918 2871
f 2871 2918 2919
f 2871 2919 2872
f 2872 2919 2920
f 2872 2920 2873
f 2873 2920 2921
f 2873 2921 2874
f 2874 2921 2922
f 2874 2922 2875
f 2875 2922 2923
f 2875 2923 2876
f 2876 2923 2924
f 2876 2924 2877
f 2877 2924 2925
f 2877 2925 2878
f 2878 2925 2926
f 2878 2926 2879
f 2879 2926 2927
f 2879 2927 2880
f 2880 2927 2928
f 2880 2928 2833
f 2833 2928 2881
f 2881 2929 2882
f 2882 2929 2930
f 2882 2930 2883
f 2883 2930 2931
f 2883 2931 2884
f 2884 2931 2932
f 2884 2932 2885
f 2885 2932 2933
f 2885 2933 2886
f 2886 2933 2934
f 2886 2934 2887
f 2887 2934 2935
f 2887 2935 2888
f 2888 2935 2936
f 2888 2936 2889
f 2889 2936 2937
f 2889 2937 2890
f 2890 2937 2938
f 2890 2938 2891
f 2891 2938 2939
f 2891 2939 2892
f 2892 2939 2940
f 2892 2940 2893
f 2893 2940 2941
f 2893 2941 2894
f 2894 2941 2942
f 2894 2942 2895
f 2895 2942 2943
f 2895 2943 2896
f 2896 2943 2944
f 2896 2944 2897
f 2897 2944 2945
f 2897 2945 2898
f 2898 2945 2946
f 2898 2946 2899
f 2899 2946 2947
f 2899 2947 2900
f 2900 2947 2948
f 2900 2948 2901
f 2901 2948 2949
f 2901 2949 2902
f 2902 2949 2950
f 2902 2950 2903
f 2903 2950 2951
f 2903 2951 2904
f 2904 2951 2952
f 2904 2952 2905
f 2905 2952 2953
f 2905 2953 2906
f 2906 2953 2954
f 2906 2954 2907
f 2907 2954 2955
f 2907 2955 2908
f 2908 2955 2956
f 2908 2956 2909
f 2909 2956 2957
f 2909 2957 2910
f 2910 2957 2958
f 2910 2958 2911
f 2911 2958 2959
f 2911 2959 2912
f 2912 2959 2960
f 2912 2960 2913
f 2913 2960 2961
f 2913 2961 2914
f 2914 2961 2962
f 2914 2962 2915
f 2915 2962 2963
f 2915 2963 2916
f 2916 2963 2964
f 2916 2964 2917
f 2917 2964 2965
f 2917 2965 2918
f 2918 2965 2966
f 2918 2966 2919
f 2919 2966 2967
f 2919 2967 2920
f 2920 2967 2968
f 2920 2968 2921
f 2921 2968 2969
f 2921 2969 2922
f 2922 2969 2970
f 2922 2970 2923
f 2923 2970 2971
f 2923 2971 2924
f 2924 2971 2972
f 2924 2972 2925
f 2925 2972 2973
f 2925 2973 2926
f 2926 2973 2974
f 2926 2974 2927
f 2927 2974 2975
f 2927 2975 2928
f 2928 2975 2976
f 2928 2976 2881
f 2881 2976 2929
f 2929 2977 2930
f 2930 2977 2978
f 2930 2978 2931
f 2931 2978 2979
f 2931 2979 2932
f 2932 2979 2980
f 2932 2980 2933
f 2933 2980 2981
f 2933 2981 2934
f 2934 2981 2982
f 2934 2982 2935
f 2935 2982 2983
f 2935 2983 2936
f 2936 2983 2984
f 2936 2984 2937
f 2937 2984 2985
f 2937 2985 2938
f 2938 2985 2986
f 2938 2986 2939
f 2939 2986 2987
f 2939 2987 2940
f 2940 2987 2988
f 2940 2988 2941
f 2941 2988 2989
f 2941 2989 2942
f 2942 2989 2990
f 2942 2990 2943
f 2943 2990 2991
f 2943 2991 2944
f 2944 2991 2992
f 2944 2992 2945
f 2945 2992 2993
f 2945 2993 2946
f 2946 2993 2994
f 2946 2994 2947
f 2947 2994 2995
f 2947 2995 2948
f 2948 2995 2996
f 2948 2996 2949
f 2949 2996 2997
f 2949 2997 2950
f 2950 2997 2998
f 2950 2998 2951
f 2951 2998 2999
f 2951 2999 2952
f 2952 2999 3000
f 2952 3000 2953
f 2953 3000 3001
f 2953 3001 2954
f 2954 3001 3002
f 2954 3002 2955
f 2955 3002 3003
f 2955 3003 2956
f 2956 3003 3004
f 2956 3004 2957
f 2957 3004 3005
f 2957 3005 2958
f 2958 3005 3006
f 2958 3006 2959
f 2959 3006 3007
f 2959 3007 2960
f 2960 3007 3008
f 2960 3008 2961
f 2961 3008 3009
f 2961 3009 2962
f 2962 3009 3010
f 2962 3010 2963
f 2963 3010 3011
f 2963 3011 2964
f 2964 3011 3012
f 2964 3012 2965
f 2965 3012 3013
f 2965 3013 2966
f 2966 3013 3014
f 2966 3014 2967
f 2967 3014 3015
f 2967 3015 2968
f 2968 3015 3016
f 2968 3016 2969
f 2969 3016 3017
f 2969 3017 2970
f 2970 3017 3018
f 2970 3018 2971
f 2971 3018 3019
f 2971 3019 2972
f 2972 3019 3020
f 2972 3020 2973
f 2973 3020 3021
f 2973 3021 2974
f 2974 3021 3022
f 2974 3022 2975
f 2975 3022 3023
f 2975 3023 2976
f 2976 3023 3024
f 2976 3024 2929
f 2929 3024 2977
f 2977 3025 2978
f 2978 3025 3026
f 2978 3026 2979
f 2979 3026 3027
f 2979 3027 2980
f 2980 3027 3028
f 2980 3028 2981
f 2981 3028 3029
f 2981 3029 2982
f 2982 3029 3030
f 2982 3030 2983
f 2983 3030 3031
f 2983 3031 2984
f 2984 3031 3032
f 2984 3032 2985
f 2985 3032 3033
f 2985 3033 2986
f 2986 3033 3034
f 2986 3034 2987
f 2987 3034 3035
f 2987 3035 2988
f 2988 3035 3036
f 2988 3036 2989
f 2989 3036 3037
f 2989 3037 2990
f 2990 3037 3038
f 2990 3038 2991
f 2991 3038 3039
f 2991 3039 2992
f 2992 3039 3040
f 2992 3040 2993
f 2993 3040 3041
f 2993 3041 2994
f 2994 3041 3042
f 2994 3042 2995
f 2995 3042 3043
f 2995 3043 2996
f 2996 3043 3044
f 2996 3044 2997
f 2997 3044 3045
f 2997 3045 2998
f 2998 3045 3046
f 2998 3046 2999
f 2999 3046 3047
f 2999 3047 3000
f 3000 3047 3048
f 3000 3048 3001
f 3001 3048 3049
f 3001 3049 3002
f 3002 3049 3050
f 3002 3050 3003
f 3003 3050 3051
f 3003 3051 3004
f 3004 3051 3052
f 3004 3052 3005
f 3005 3052 3053
f 3005 3053 3006
f 3006 3053 3054
f 3006 3054 3007
f 3007 3054 3055
f 3007 3055 3008
f 3008 3055 3056
f 3008 3056 3009
f 3009 3056 3057
f 3009 3057 3010
f 3010 3057 3058
f 3010 3058 3011
f 3011 3058 3059
f 3011 3059 3012
f 3012 3059 3060
f 3012 3060 3013
f 3013 3060 3061
f 3013 3061 3014
f 3014 3061 3062
f 3014 3062 3015
f 3015 3062 3063
f 3015 3063 3016
f 3016 3063 3064
f 3016 3064 3017
f 3017 3064 3065
f 3017 3065 3018
f 3018 3065 3066
f 3018 3066 3019
f 3019 3066 3067
f 3019 3067 3020
f 3020 3067 3068
f 3020 3068 3021
f 3021 3068 3069
f 3021 3069 3022
f 3022 3069 3070
f 3022 3070 3023
f 3023 3070 3071
f 3023 3071 3024
f 3024 3071 3072
f 3024 3072 2977
f 2977 3072 3025
f 3025 3073 3026
f 3026 3073 3074
f 3026 3074 3027
f 3027 3074 3075
f 3027 3075 3028
f 3028 3075 3076
f 3028 3076 3029
f 3029 3076 3077
f 3029 3077 3030
f 3030 3077 3078
f 3030 3078 3031
f 3031 3078 3079
f 3031 3079 3032
f 3032 3079 3080
f 3032 3080 3033
f 3033 3080 3081
f 3033 3081 3034
f 3034 3081 3082
f 3034 3082 3035
f 3035 3082 3083
f 3035 3083 3036
f 3036 3083 3084
f 3036 3084 3037
f 3037 3084 3085
f 3037 3085 3038
f 3038 3085 3086
f 3038 3086 3039
f 3039 3086 3087
f 3039 3087 3040
f 3040 3087 3088
f 3040 3088 3041
f 3041 3088 3089
f 3041 3089 3042
f 3042 3089 3090
f 3042 3090 3043
f 3043 3090 3091
f 3043 3091 3044
f 3044 3091 3092
f 3044 3092 3045
f 3045 3092 3093
f 3045 3093 3046
f 3046 3093 3094
f 3046 3094 3047
f 3047 3094 3095
f 3047 3095 3048
f 3048 3095 3096
f 3048 3096 3049
f 3049 3096 3097
f 3049 3097 3050
f 3050 3097 3098
f 3050 3098 3051
f 3051 3098 3099
f 3051 3099 3052
f 3052 3099 3100
f 3052 3100 3053
f 3053 3100 3101
f 3053 3101 3054
f 3054 3101 3102
f 3054 3102 3055
f 3055 3102 3103
f 3055 3103 3056
f 3056 3103 3104
f 3056 3104 3057
f 3057 3104 3105
f 3057 3105 3058
f 3058 3105 3106
f 3058 3106 3059
f 3059 3106 3107
f 3059 3107 3060
f 3060 3107 3108
f 3060 3108 3061
f 3061 3108 3109
f 3061 3109 3062
f 3062 3109 3110
f 3062 3110 3063
f 3063 3110 3111
f 3063 3111 3064
f 3064 3111 3112
f 3064 3112 3065
f 3065 3112 3113
f 3065 3113 3066
f 3066 3113 3114
f 3066 3114 3067
f 3067 3114 3115
f 3067 3115 3068
f 3068 3115 3116
f 3068 3116 3069
f 3069 3116 3117
f 3069 3117 3070
f 3070 3117 3118
f 3070 3118 3071
f 3071 3118 3119
f 3071 3119 3072
f 3072 3119 3120
f 3072 3120 3025
f 3025 3120 3073
f 3073 3121 3074
f 3074 3121 3122
f 3074 3122 3075
f 3075 3122 3123
f 3075 3123 3076
f 3076 3123 3124
f 3076 3124 3077
f 3077 3124 3125
f 3077 3125 3078
f 3078 3125 3126
f 3078 3126 3079
f 3079 3126 3127
f 3079 3127 3080
f 3080 3127 3128
f 3080 3128 3081
f 3081 3128 3129
f 3081 3129 3082
f 3082 3129 3130
f 3082 3130 3083
f 3083 3130 3131
f 3083 3131 3084
f 3084 3131 3132
f 3084 3132 3085
f 3085 3132 3133
f 3085 3133 3086
f 3086 3133 3134
f 3086 3134 3087
f 3087 3134 3135
f 3087 3135 3088
f 3088 3135 3136
f 3088 3136 3089
f 3089 3136 3137
f 3089 3137 3090
f 3090 3137 3138
f 3090 3138 3091
f 3091 3138 3139
f 3091 3139 3092
f 3092 3139 3140
f 3092 3140 3093
f 3093 3140 3141
f 3093 3141 3094
f 3094 3141 3142
f 3094 3142 3095
f 3095 3142 3143
f 3095 3143 3096
f 3096 3143 3144
f 3096 3144 3097
f 3097 3144 3145
f 3097 3145 3098
f 3098 3145 3146
f 3098 3146 3099
f 3099 3146 3147
f 3099 3147 3100
f 3100 3147 3148
f 3100 3148 3101
f 3101 3148 3149
f 3101 3149 3102
f 3102 3149 3150
f 3102 3150 3103
f 3103 3150 3151
f 3103 3151 3104
f 3104 3151 3152
f 3104 3152 3105
f 3105 3152 3153
f 3105 3153 3106
f 3106 3153 3154
f 3106 3154 3107
f 3107 3154 3155
f 3107 3155 3108
f 3108 3155 3156
f 3108 3156 3109
f 3109 3156 3157
f 3109 3157 3110
f 3110 3157 3158
f 3110 3158 3111
f 3111 3158 3159
f 3111 3159 3112
f 3112 3159 3160
f 3112 3160 3113
f 3113 3160 3161
f 3113 3161 3114
f 3114 3161 3162
f 3114 3162 3115
f 3115 3162 3163
f 3115 3163 3116
f 3116 3163 3164
f 3116 3164 3117
f 3117 3164 3165
f 3117 3165 3118
f 3118 3165 3166
f 3118 3166 3119
f 3119 3166 3167
f 3119 3167 3120
f 3120 3167 3168
f 3120 3168 3073
f 3073 3168 3121
f 3121 3169 3122
f 3122 3169 3170
f 3122 3170 3123
f 3123 3170 3171
f 3123 3171 3124
f 3124 3171 3172
f 3124 3172 3125
f 3125 3172 3173
f 3125 3173 3126
f 3126 3173 3174
f 3126 3174 3127
f 3127 3174 3175
f 3127 3175 3128
f 3128 3175 3176
f 3128 3176 3129
f 3129 3176 3177
f 3129 3177 3130
f 3130 3177 3178
f 3130 3178 3131
f 3131 3178 3179
f 3131 3179 3132
f 3132 3179 3180
f 3132 3180 3133
f 3133 3180 3181
f 3133 3181 3134
f 3134 3181 3182
f 3134 3182 3135
f 3135 3182 3183
f 3135 3183 3136
f 3136 3183 3184
f 3136 3184 3137
f 3137 3184 3185
f 3137 3185 3138
f 3138 3185 3186
f 3138 3186 3139
f 3139 3186 3187
f 3139 3187 3140
f 3140 3187 3188
f 3140 3188 3141
f 3141 3188 3189
f 3141 3189 3142
f 3142 3189 3190
f 3142 3190 3143
f 3143 3190 3191
f 3143 3191 3144
f 3144 3191 3192
f 3144 3192 3145
f 3145 3192 3193
f 3145 3193 3146
f 3146 3193 3194
f 3146 3194 3147
f 3147 3194 3195
f 3147 3195 3148
f 3148 3195 3196
f 3148 3196 3149
f 3149 3196 3197
f 3149 3197 3150
f 3150 3197 3198
f 3150 3198 3151
f 3151 3198 3199
f 3151 3199 3152
f 3152 3199 3200
f 3152 3200 3153
f 3153 3200 3201
f 3153 3201 3154
f 3154 3201 3202
f 3154 3202 3155
f 3155 3202 3203
f 3155 3203 3156
f 3156 3203 3204
f 3156 3204 3157
f 3157 3204 3205
f 3157 3205 3158
f 3158 3205 3206
f 3158 3206 3159
f 3159 3206 3207
f 3159 3207 3160
f 3160 3207 3208
f 3160 3208 3161
f 3161 3208 3209
f 3161 3209 3162
f 3162 3209 3210
f 3162 3210 3163
f 3163 3210 3211
f 3163 3211 3164
f 3164 3211 3212
f 3164 3212 3165
f 3165 3212 3213
f 3165 3213 3166
f 3166 3213 3214
f 3166 3214 3167
f 3167 3214 3215
f 3167 3215 3168
f 3168 3215 3216
f 3168 3216 3121
f 3121 3216 3169
f 3169 3217 3170
f 3170 3217 3218
f 3170 3218 3171
f 3171 3218 3219
f 3171 3219 3172
f 3172 3219 3220
f 3172 3220 3173
f 3173 3220 3221
f 3173 3221 3174
f 3174 3221 3222
f 3174 3222 3175
f 3175 3222 3223
f 3175 3223 3176
f 3176 3223 3224
f 3176 3224 3177
f 3177 3224 3225
f 3177 3225 3178
f 3178 3225 3226
f 3178 3226 3179
f 3179 3226 3227
f 3179 3227 3180
f 3180 3227 3228
f 3180 3228 3181
f 3181 3228 3229
f 3181 3229 3182
f 3182 3229 3230
f 3182 3230 3183
f 3183 3230 3231
f 3183 3231 3184
f 3184 3231 3232
f 3184 3232 3185
f 3185 3232 3233
f 3185 3233 3186
f 3186 3233 3234
f 3186 3234 3187
f 3187 3234 3235
f 3187 3235 3188
f 3188 3235 3236
f 3188 3236 3189
f 3189 3236 3237
f 3189 3237 3190
f 3190 3237 3238
f 3190 3238 3191
f 3191 3238 3239
f 3191 3239 3192
f 3192 3239 3240
f 3192 3240 3193
f 3193 3240 3241
f 3193 3241 3194
f 3194 3241 3242
f 3194 3242 3195
f 3195 3242 3243
f 3195 3243 3196
f 3196 3243 3244
f 3196 3244 3197
f 3197 3244 3245
f 3197 3245 3198
f 3198 3245 3246
f 3198 3246 3199
f 3199 3246 3247
f 3199 3247 3200
f 3200 3247 3248
f 3200 3248 3201
f 3201 3248 3249
f 3201 3249 3202
f 3202 3249 3250
f 3202 3250 3203
f 3203 3250 3251
f 3203 3251 3204
f 3204 3251 3252
f 3204 3252 3205
f 3205 3252 3253
f 3205 3253 3206
f 3206 3253 3254
f 3206 3254 3207
f 3207 3254 3255
f 3207 3255 3208
f 3208 3255 3256
f 3208 3256 3209
f 3209 3256 3257
f 3209 3257 3210
f 3210 3257 3258
f 3210 3258 3211
f 3211 3258 3259
f 3211 3259 3212
f 3212 3259 3260
f 3212 3260 3213
f 3213 3260 3261
f 3213 3261 3214
f 3214 3261 3262
f 3214 3262 3215
f 3215 3262 3263
f 3215 3263 3216
f 3216 3263 3264
f 3216 3264 3169
f 3169 3264 3217
f 3217 3265 3218
f 3218 3265 3266
f 3218 3266 3219
f 3219 3266 3267
f 3219 3267 3220
f 3220 3267 3268
f 3220 3268 3221
f 3221 3268 3269
f 3221 3269 3222
f 3222 3269 3270
f 3222 3270 3223
f 3223 3270 3271
f 3223 3271 3224
f 3224 3271 3272
f 3224 3272 3225
f 3225 3272 3273
f 3225 3273 3226
f 3226 3273 3274
f 3226 3274 3227
f 3227 3274 3275
f 3227 3275 3228
f 3228 3275 3276
f 3228 3276 3229
f 3229 3276 3277
f 3229 3277 3230
f 3230 3277 3278
f 3230 3278 3231
f 3231 3278 3279
f 3231 3279 3232
f 3232 3279 3280
f 3232 3280 3233
f 3233 3280 3281
f 3233 3281 3234
f 3234 3281 3282
f 3234 3282 3235
f 3235 3282 3283
f 3235 3283 3236
f 3236 3283 3284
f 3236 3284 3237
f 3237 3284 3285
f 3237 3285 3238
f 3238 3285 3286
f 3238 3286 3239
f 3239 3286 3287
f 3239 3287 3240
f 3240 3287 3288
f 3240 3288 3241
f 3241 3288 3289
f 3241 3289 3242
f 3242 3289 3290
f 3242 3290 3243
f 3243 3290 3291
f 3243 3291 3244
f 3244 3291 3292
f 3244 3292 3245
f 3245 3292 3293
f 3245 3293 3246
f 3246 3293 3294
f 3246 3294 3247
f 3247 3294 3295
f 3247 3295 3248
f 3248 3295 3296
f 3248 3296 3249
f 3249 3296 3297
f 3249 3297 3250
f 3250 3297 3298
f 3250 3298 3251
f 3251 3298 3299
f 3251 3299 3252
f 3252 3299 3300
f 3252 3300 3253
f 3253 3300 3301
f 3253 3301 3254
f 3254 3301 3302
f 3254 3302 3255
f 3255 3302 3303
f 3255 3303 3256
f 3256 3303 3304
f 3256 3304 3257
f 3257 3304 3305
f 3257 3305 3258
f 3258 3305 3306
f 3258 3306 3259
f 3259 3306 3307
f 3259 3307 3260
f 3260 3307 3308
f 3260 3308 3261
f 3261 3308 3309
f 3261 3309 3262
f 3262 3309 3310
f 3262 3310 3263
f 3263 3310 3311
f 3263 3311 3264
f 3264 3311 3312
f 3264 3312 3217
f 3217 3312 3265
f 3265 3313 3266
f 3266 3313 3314
f 3266 3314 3267
f 3267 3314 3315
f 3267 3315 3268
f 3268 3315 3316
f 3268 3316 3269
f 3269 3316 3317
f 3269 3317 3270
f 3270 3317 3318
f 3270 3318 3271
f 3271 3318 3319
f 3271 3319 3272
f 3272 3319 3320
f 3272 3320 3273
f 3273 3320 3321
f 3273 3321 3274
f 3274 3321 3322
f 3274 3322 3275
f 3275 3322 3323
f 3275 3323 3276
f 3276 3323 3324
f 3276 3324 3277
f 3277 3324 3325
f 3277 3325 3278
f 3278 3325 3326
f 3278 3326 3279
f 3279 3326 3327
f 3279 3327 3280
f 3280 3327 3328
f 3280 3328 3281
f 3281 3328 3329
f 3281 3329 3282
f 3282 3329 3330
f 3282 3330 3283
f 3283 3330 3331
f 3283 3331 3284
f 3284 3331 3332
f 3284 3332 3285
f 3285 3332 3333
f 3285 3333 3286
f 3286 3333 3334
f 3286 3334 3287
f 3287 3334 3335
f 3287 3335 3288
f 3288 3335 3336
f 3288 3336 3289
f 3289 3336 3337
f 3289 3337 3290
f 3290 3337 3338
f 3290 3338 3291
f 3291 3338 3339
f 3291 3339 3292
f 3292 3339 3340
f 3292 3340 3293
f 3293 3340 3341
f 3293 3341 3294
f 3294 3341 3342
f 3294 3342 3295
f 3295 3342 3343
f 3295 3343 3296
f 3296 3343 3344
f 3296 3344 3297
f 3297 3344 3345
f 3297 3345 3298
f 3298 3345 3346
f 3298 3346 3299
f 3299 3346 3347
f 3299 3347 3300
f 3300 3347 3348
f 3300 3348 3301
f 3301 3348 3349
f 3301 3349 3302
f 3302 3349 3350
f 3302 3350 3303
f 3303 3350 3351
f 3303 3351 3304
f 3304 3351 3352
f 3304 3352 3305
f 3305 3352 3353
f 3305 3353 3306
f 3306 3353 3354
f 3306 3354 3307
f 3307 3354 3355
f 3307 3355 3308
f 3308 3355 3356
f 3308 3356 3309
f 3309 3356 3357
f 3309 3357 3310
f 3310 3357 3358
f 3310 3358 3311
f 3311 3358 3359
f 3311 3359 3312
f 3312 3359 3360
f 3312 3360 3265
f 3265 3360 3313
f 3313 3361 3314
f 3314 3361 3362
f 3314 3362 3315
f 3315 3362 3363
f 3315 3363 3316
f 3316 3363 3364
f 3316 3364 3317
f 3317 3364 3365
f 3317 3365 3318
f 3318 3365 3366
f 3318 3366 3319
f 3319 3366 3367
f 3319 3367 3320
f 3320 3367 3368
f 3320 3368 3321
f 3321 3368 3369
f 3321 3369 3322
f 3322 3369 3370
f 3322 3370 3323
f 3323 3370 3371
f 3323 3371 3324
f 3324 3371 3372
f 3324 3372 3325
f 3325 3372 3373
f 3325 3373 3326
f 3326 3373 3374
f 3326 3374 3327
f 3327 3374 3375
f 3327 3375 3328
f 3328 3375 3376
f 3328 3376 3329
f 3329 3376 3377
f 3329 3377 3330
f 3330 3377 3378
f 3330 3378 3331
f 3331 3378 3379
f 3331 3379 3332
f 3332 3379 3380
f 3332 3380 3333
f 3333 3380 3381
f 3333 3381 3334
f 3334 3381 3382
f 3334 3382 3335
f 3335 3382 3383
f 3335 3383 3336
f 3336 3383 3384
f 3336 3384 3337
f 3337 3384 3385
f 3337 3385 3338
f 3338 3385 3386
f 3338 3386 3339
f 3339 3386 3387
f 3339 3387 3340
f 3340 3387 3388
f 3340 3388 3341
f 3341 3388 3389
f 3341 3389 3342
f 3342 3389 3390
f 3342 3390 3343
f 3343 3390 3391
f 3343 3391 3344
f 3344 3391 3392
f 3344 3392 3345
f 3345 3392 3393
f 3345 3393 3346
f 3346 3393 3394
f 3346 3394 3347
f 3347 3394 3395
f 3347 3395 3348
f 3348 3395 3396
f 3348 3396 3349
f 3349 3396 3397
f 3349 3397 3350
f 3350 3397 3398
f 3350 3398 3351
f 3351 3398 3399
f 3351 3399 3352
f 3352 3399 3400
f 3352 3400 3353
f 3353 3400 3401
f 3353 3401 3354
f 3354 3401 3402
f 3354 3402 3355
f 3355 3402 3403
f 3355 3403 3356
f 3356 3403 3404
f 3356 3404 3357
f 3357 3404 3405
f 3357 3405 3358
f 3358 3405 3406
f 3358 3406 3359
f 3359 3406 3407
f 3359 3407 3360
f 3360 3407 3408
f 3360 3408 3313
f 3313 3408 3361
f 3361 3409 3362
f 3362 3409 3410
f 3362 3410 3363
f 3363 3410 3411
f 3363 3411 3364
f 3364 3411 3412
f 3364 3412 3365
f 3365 3412 3413
f 3365 3413 3366
f 3366 3413 3414
f 3366 3414 3367
f 3367 3414 3415
f 3367 3415 3368
f 3368 3415 3416
f 3368 3416 3369
f 3369 3416 3417
f 3369 3417 3370
f 3370 3417 3418
f 3370 3418 3371
f 3371 3418 3419
f 3371 3419 3372
f 3372 3419 3420
f 3372 3420 3373
f 3373 3420 3421
f 3373 3421 3374
f 3374 3421 3422
f 3374 3422 3375
f 3375 3422 3423
f 3375 3423 3376
f 3376 3423 3424
f 3376 3424 3377
f 3377 3424 3425
f 3377 3425 3378
f 3378 3425 3426
f 3378 3426 3379
f 3379 3426 3427
f 3379 3427 3380
f 3380 3427 3428
f 3380 3428 3381
f 3381 3428 3429
f 3381 3429 3382
f 3382 3429 3430
f 3382 3430 3383
f 3383 3430 3431
f 3383 3431 3384
f 3384 3431 3432
f 3384 3432 3385
f 3385 3432 3433
f 3385 3433 3386
f 3386 3433 3434
f 3386 3434 3387
f 3387 3434 3435
f 3387 3435 3388
f 3388 3435 3436
f 3388 3436 3389
f 3389 3436 3437
f 3389 3437 3390
f 3390 3437 3438
f 3390 3438 3391
f 3391 3438 3439
f 3391 3439 3392
f 3392 3439 3440
f 3392 3440 3393
f 3393 3440 3441
f 3393 3441 3394
f 3394 3441 3442
f 3394 3442 3395
f 3395 3442 3443
f 3395 3443 3396
f 3396 3443 3444
f 3396 3444 3397
f 3397 3444 3445
f 3397 3445 3398
f 3398 3445 3446
f 3398 3446 3399
f 3399 3446 3447
f 3399 3447 3400
f 3400 3447 3448
f 3400 3448 3401
f 3401 3448 3449
f 3401 3449 3402
f 3402 3449 3450
f 3402 3450 3403
f 3403 3450 3451
f 3403 3451 3404
f 3404 3451 3452
f 3404 3452 3405
f 3405 3452 3453
f 3405 3453 3406
f 3406 3453 3454
f 3406 3454 3407
f 3407 3454 3455
f 3407 3455 3408
f 3408 3455 3456
f 3408 3456 3361
f 3361 3456 3409
f 3409 3457 3410
f 3410 3457 3458
f 3410 3458 3411
f 3411 3458 3459
f 3411 3459 3412
f 3412 3459 3460
f 3412 3460 3413
f 3413 3460 3461
f 3413 3461 3414
f 3414 3461 3462
f 3414 3462 3415
f 3415 3462 3463
f 3415 3463 3416
f 3416 3463 3464
f 3416 3464 3417
f 3417 3464 3465
f 3417 3465 3418
f 3418 3465 3466
f 3418 3466 3419
f 3419 3466 3467
f 3419 3467 3420
f 3420 3467 3468
f 3420 3468 3421
f 3421 3468 3469
f 3421 3469 3422
f 3422 3469 3470
f 3422 3470 3423
f 3423 3470 3471
f 3423 3471 3424
f 3424 3471 3472
f 3424 3472 3425
f 3425 3472 3473
f 3425 3473 3426
f 3426 3473 3474
f 3426 3474 3427
f 3427 3474 3475
f 3427 3475 3428
f 3428 3475 3476
f 3428 3476 3429
f 3429 3476 3477
f 3429 3477 3430
f 3430 3477 3478
f 3430 3478 3431
f 3431 3478 3479
f 3431 3479 3432
f 3432 3479 3480
f 3432 3480 3433
f 3433 3480 3481
f 3433 3481 3434
f 3434 3481 3482
f 3434 3482 3435
f 3435 3482 3483
f 3435 3483 3436
f 3436 3483 3484
f 3436 3484 3437
f 3437 3484 3485
f 3437 3485 3438
f 3438 3485 3486
f 3438 3486 3439
f 3439 3486 3487
f 3439 3487 3440
f 3440 3487 3488
f 3440 3488 3441
f 3441 3488 3489
f 3441 3489 3442
f 3442 3489 3490
f 3442 3490 3443
f 3443 3490 3491
f 3443 3491 3444
f 3444 3491 3492
f 3444 3492 3445
f 3445 3492 3493
f 3445 3493 3446
f 3446 3493 3494
f 3446 3494 3447
f 3447 3494 3495
f 3447 3495 3448
f 3448 3495 3496
f 3448 3496 3449
f 3449 3496 3497
f 3449 3497 3450
f 3450 3497 3498
f 3450 3498 3451
f 3451 3498 3499
f 3451 3499 3452
f 3452 3499 3500
f 3452 3500 3453
f 3453 3500 3501
f 3453 3501 3454
f 3454 3501 3502
f 3454 3502 3455
f 3455 3502 3503
f 3455 3503 3456
f 3456 3503 3504
f 3456 3504 3409
f 3409 3504 3457
f 3457 3505 3458
f 3458 3505 3506
f 3458 3506 3459
f 3459 3506 3507
f 3459 3507 3460
f 3460 3507 3508
f 3460 3508 3461
f 3461 3508 3509
f 3461 3509 3462
f 3462 3509 3510
f 3462 3510 3463
f 3463 3510 3511
f 3463 3511 3464
f 3464 3511 3512
f 3464 3512 3465
f 3465 3512 3513
f 3465 3513 3466
f 3466 3513 3514
f 3466 3514 3467
f 3467 3514 3515
f 3467 3515 3468
f 3468 3515 3516
f 3468 3516 3469
f 3469 3516 3517
f 3469 3517 3470
f 3470 3517 3518
f 3470 3518 3471
f 3471 3518 3519
f 3471 3519 3472
f 3472 3519 3520
f 3472 3520 3473
f 3473 3520 3521
f 3473 3521 3474
f 3474 3521 3522
f 3474 3522 3475
f 3475 3522 3523
f 3475 3523 3476
f 3476 3523 3524
f 3476 3524 3477
f 3477 3524 3525
f 3477 3525 3478
f 3478 3525 3526
f 3478 3526 3479
f 3479 3526 3527
f 3479 3527 3480
f 3480 3527 3528
f 3480 3528 3481
f 3481 3528 3529
f 3481 3529 3482
f 3482 3529 3530
f 3482 3530 3483
f 3483 3530 3531
f 3483 3531 3484
f 3484 3531 3532
f 3484 3532 3485
f 3485 3532 3533
f 3485 3533 3486
f 3486 3533 3534
f 3486 3534 3487
f 3487 3534 3535
f 3487 3535 3488
f 3488 3535 3536
f 3488 3536 3489
f 3489 3536 3537
f 3489 3537 3490
f 3490 3537 3538
f 3490 3538 3491
f 3491 3538 3539
f 3491 3539 3492
f 3492 3539 3540
f 3492 3540 3493
f 3493 3540 3541
f 3493 3541 3494
f 3494 3541 3542
f 3494 3542 3495
f 3495 3542 3543
f 3495 3543 3496
f 3496 3543 3544
f 3496 3544 3497
f 3497 3544 3545
f 3497 3545 3498
f 3498 3545 3546
f 3498 3546 3499
f 3499 3546 3547
f 3499 3547 3500
f 3500 3547 3548
f 3500 3548 3501
f 3501 3548 3549
f 3501 3549 3502
f 3502 3549 3550
f 3502 3550 3503
f 3503 3550 3551
f 3503 3551 3504
f 3504 3551 3552
f 3504 3552 3457
f 3457 3552 3505
f 3505 3553 3506
f 3506 3553 3554
f 3506 3554 3507
f 3507 3554 3555
f 3507 3555 3508
f 3508 3555 3556
f 3508 3556 3509
f 3509 3556 3557
f 3509 3557 3510
f 3510 3557 3558
f 3510 3558 3511
f 3511 3558 3559
f 3511 3559 3512
f 3512 3559 3560
f 3512 3560 3513
f 3513 3560 3561
f 3513 3561 3514
f 3514 3561 3562
f 3514 3562 3515
f 3515 3562 3563
f 3515 3563 3516
f 3516 3563 3564
f 3516 3564 3517
f 3517 3564 3565
f 3517 3565 3518
f 3518 3565 3566
f 3518 3566 3519
f 3519 3566 3567
f 3519 3567 3520
f 3520 3567 3568
f 3520 3568 3521
f 3521 3568 3569
f 3521 3569 3522
f 3522 3569 3570
f 3522 3570 3523
f 3523 3570 3571
f 3523 3571 3524
f 3524 3571 3572
f 3524 3572 3525
f 3525 3572 3573
f 3525 3573 3526
f 3526 3573 3574
f 3526 3574 3527
f 3527 3574 3575
f 3527 3575 3528
f 3528 3575 3576
f 3528 3576 3529
f 3529 3576 3577
f 3529 3577 3530
f 3530 3577 3578
f 3530 3578 3531
f 3531 3578 3579
f 3531 3579 3532
f 3532 3579 3580
f 3532 3580 3533
f 3533 3580 3581
f 3533 3581 3534
f 3534 3581 3582
f 3534 3582 3535
f 3535 3582 3583
f 3535 3583 3536
f 3536 3583 3584
f 3536 3584 3537
f 3537 3584 3585
f 3537 3585 3538
f 3538 3585 3586
f 3538 3586 3539
f 3539 3586 3587
f 3539 3587 3540
f 3540 3587 3588
f 3540 3588 3541
f 3541 3588 3589
f 3541 3589 3542
f 3542 3589 3590
f 3542 3590 3543
f 3543 3590 3591
f 3543 3591 3544
f 3544 3591 3592
f 3544 3592 3545
f 3545 3592 3593
f 3545 3593 3546
f 3546 3593 3594
f 3546 3594 3547
f 3547 3594 3595
f 3547 3595 3548
f 3548 3595 3596
f 3548 3596 3549
f 3549 3596 3597
f 3549 3597 3550
f 3550 3597 3598
f 3550 3598 3551
f 3551 3598 3599
f 3551 3599 3552
f 3552 3599 3600
f 3552 3600 3505
f 3505 3600 3553
f 3553 3601 3554
f 3554 3601 3602
f 3554 3602 3555
f 3555 3602 3603
f 3555 3603 3556
f 3556 3603 3604
f 3556 3604 3557
f 3557 3604 3605
f 3557 3605 3558
f 3558 3605 3606
f 3558 3606 3559
f 3559 3606 3607
f 3559 3607 3560
f 3560 3607 3608
f 3560 3608 3561
f 3561 3608 3609
f 3561 3609 3562
f 3562 3609 3610
f 3562 3610 3563
f 3563 3610 3611
f 3563 3611 3564
f 3564 3611 3612
f 3564 3612 3565
f 3565 3612 3613
f 3565 3613 3566
f 3566 3613 3614
f 3566 3614 3567
f 3567 3614 3615
f 3567 3615 3568
f 3568 3615 3616
f 3568 3616 3569
f 3569 3616 3617
f 3569 3617 3570
f 3570 3617 3618
f 3570 3618 3571
f 3571 3618 3619
f 3571 3619 3572
f 3572 3619 3620
f 3572 3620 3573
f 3573 3620 3621
f 3573 3621 3574
f 3574 3621 3622
f 3574 3622 3575
f 3575 3622 3623
f 3575 3623 3576
f 3576 3623 3624
f 3576 3624 3577
f 3577 3624 3625
f 3577 3625 3578
f 3578 3625 3626
f 3578 3626 3579
f 3579 3626 3627
f 3579 3627 3580
f 3580 3627 3628
f 3580 3628 3581
f 3581 3628 3629
f 3581 3629 3582
f 3582 3629 3630
f 3582 3630 3583
f 3583 3630 3631
f 3583 3631 3584
f 3584 3631 3632
f 3584 3632 3585
f 3585 3632 3633
f 3585 3633 3586
f 3586 3633 3634
f 3586 3634 3587
f 3587 3634 3635
f 3587 3635 3588
f 3588 3635 3636
f 3588 3636 3589
f 3589 3636 3637
f 3589 3637 3590
f 3590 3637 3638
f 3590 3638 3591
f 3591 3638 3639
f 3591 3639 3592
f 3592 3639 3640
f 3592 3640 3593
f 3593 3640 3641
f 3593 3641 3594
f 3594 3641 3642
f 3594 3642 3595
f 3595 3642 3643
f 3595 3643 3596
f 3596 3643 3644
f 3596 3644 3597
f 3597 3644 3645
f 3597 3645 3598
f 3598 3645 3646
f 3598 3646 3599
f 3599 3646 3647
f 3599 3647 3600
f 3600 3647 3648
f 3600 3648 3553
f 3553 3648 3601
f 3601 3649 3602
f 3602 3649 3650
f 3602 3650 3603
f 3603 3650 3651
f 3603 3651 3604
f 3604 3651 3652
f 3604 3652 3605
f 3605 3652 3653
f 3605 3653 3606
f 3606 3653 3654
f 3606 3654 3607
f 3607 3654 3655
f 3607 3655 3608
f 3608 3655 3656
f 3608 3656 3609
f 3609 3656 3657
f 3609 3657 3610
f 3610 3657 3658
f 3610 3658 3611
f 3611 3658 3659
f 3611 3659 3612
f 3612 3659 3660
f 3612 3660 3613
f 3613 3660 3661
f 3613 3661 3614
f 3614 3661 3662
f 3614 3662 3615
f 3615 3662 3663
f 3615 3663 3616
f 3616 3663 3664
f 3616 3664 3617
f 3617 3664 3665
f 3617 3665 3618
f 3618 3665 3666
f 3618 3666 3619
f 3619 3666 3667
f 3619 3667 3620
f 3620 3667 3668
f 3620 3668 3621
f 3621 3668 3669
f 3621 3669 3622
f 3622 3669 3670
f 3622 3670 3623
f 3623 3670 3671
f 3623 3671 3624
f 3624 3671 3672
f 3624 3672 3625
f 3625 3672 3673
f 3625 3673 3626
f 3626 3673 3674
f 3626 3674 3627
f 3627 3674 3675
f 3627 3675 3628
f 3628 3675 3676
f 3628 3676 3629
f 3629 3676 3677
f 3629 3677 3630
f 3630 3677 3678
f 3630 3678 3631
f 3631 3678 3679
f 3631 3679 3632
f 3632 3679 3680
f 3632 3680 3633
f 3633 3680 3681
f 3633 3681 3634
f 3634 3681 3682
f 3634 3682 3635
f 3635 3682 3683
f 3635 3683 3636
f 3636 3683 3684
f 3636 3684 3637
f 3637 3684 3685
f 3637 3685 3638
f 3638 3685 3686
f 3638 3686 3639
f 3639 3686 3687
f 3639 3687 3640
f 3640 3687 3688
f 3640 3688 3641
f 3641 3688 3689
f 3641 3689 3642
f 3642 3689 3690
f 3642 3690 3643
f 3643 3690 3691
f 3643 3691 3644
f 3644 3691 3692
f 3644 3692 3645
f 3645 3692 3693
f 3645 3693 3646
f 3646 3693 3694
f 3646 3694 3647
f 3647 3694 3695
f 3647 3695 3648
f 3648 3695 3696
f 3648 3696 3601
f 3601 3696 3649
f 3649 3697 3650
f 3650 3697 3698
f 3650 3698 3651
f 3651 3698 3699
f 3651 3699 3652
f 3652 3699 3700
f 3652 3700 3653
f 3653 3700 3701
f 3653 3701 3654
f 3654 3701 3702
f 3654 3702 3655
f 3655 3702 3703
f 3655 3703 3656
f 3656 3703 3704
f 3656 3704 3657
f 3657 3704 3705
f 3657 3705 3658
f 3658 3705 3706
f 3658 3706 3659
f 3659 3706 3707
f 3659 3707 3660
f 3660 3707 3708
f 3660 3708 3661
f 3661 3708 3709
f 3661 3709 3662
f 3662 3709 3710
f 3662 3710 3663
f 3663 3710 3711
f 3663 3711 3664
f 3664 3711 3712
f 3664 3712 3665
f 3665 3712 3713
f 3665 3713 3666
f 3666 3713 3714
f 3666 3714 3667
f 3667 3714 3715
f 3667 3715 3668
f 3668 3715 3716
f 3668 3716 3669
f 3669 3716 3717
f 3669 3717 3670
f 3670 3717 3718
f 3670 3718 3671
f 3671 3718 3719
f 3671 3719 3672
f 3672 3719 3720
f 3672 3720 3673
f 3673 3720 3721
f 3673 3721 3674
f 3674 3721 3722
f 3674 3722 3675
f 3675 3722 3723
f 3675 3723 3676
f 3676 3723 3724
f 3676 3724 3677
f 3677 3724 3725
f 3677 3725 3678
f 3678 3725 3726
f 3678 3726 3679
f 3679 3726 3727
f 3679 3727 3680
f 3680 3727 3728
f 3680 3728 3681
f 3681 3728 3729
f 3681 3729 3682
f 3682 3729 3730
f 3682 3730 3683
f 3683 3730 3731
f 3683 3731 3684
f 3684 3731 3732
f 3684 3732 3685
f 3685 3732 3733
f 3685 3733 3686
f 3686 3733 3734
f 3686 3734 3687
f 3687 3734 3735
f 3687 3735 3688
f 3688 3735 3736
f 3688 3736 3689
f 3689 3736 3737
f 3689 3737 3690
f 3690 3737 3738
f 3690 3738 3691
f 3691 3738 3739
f 3691 3739 3692
f 3692 3739 3740
f 3692 3740 3693
f 3693 3740 3741
f 3693 3741 3694
f 3694 3741 3742
f 3694 3742 3695
f 3695 3742 3743
f 3695 3743 3696
f 3696 3743 3744
f 3696 3744 3649
f 3649 3744 3697
f 3697 3745 3698
f 3698 3745 3746
f 3698 3746 3699
f 3699 3746 3747
f 3699 3747 3700
f 3700 3747 3748
f 3700 3748 3701
f 3701 3748 3749
f 3701 3749 3702
f 3702 3749 3750
f 3702 3750 3703
f 3703 3750 3751
f 3703 3751 3704
f 3704 3751 3752
f 3704 3752 3705
f 3705 3752 3753
f 3705 3753 3706
f 3706 3753 3754
f 3706 3754 3707
f 3707 3754 3755
f 3707 3755 3708
f 3708 3755 3756
f 3708 3756 3709
f 3709 3756 3757
f 3709 3757 3710
f 3710 3757 3758
f 3710 3758 3711
f 3711 3758 3759
f 3711 3759 3712
f 3712 3759 3760
f 3712 3760 3713
f 3713 3760 3761
f 3713 3761 3714
f 3714 3761 3762
f 3714 3762 3715
f 3715 3762 3763
f 3715 3763 3716
f 3716 3763 3764
f 3716 3764 3717
f 3717 3764 3765
f 3717 3765 3718
f 3718 3765 3766
f 3718 3766 3719
f 3719 3766 3767
f 3719 3767 3720
f 3720 3767 3768
f 3720 3768 3721
f 3721 3768 3769
f 3721 3769 3722
f 3722 3769 3770
f 3722 3770 3723
f 3723 3770 3771
f 3723 3771 3724
f 3724 3771 3772
f 3724 3772 3725
f 3725 3772 3773
f 3725 3773 3726
f 3726 3773 3774
f 3726 3774 3727
f 3727 3774 3775
f 3727 3775 3728
f 3728 3775 3776
f 3728 3776 3729
f 3729 3776 3777
f 3729 3777 3730
f 3730 3777 3778
f 3730 3778 3731
f 3731 3778 3779
f 3731 3779 3732
f 3732 3779 3780
f 3732 3780 3733
f 3733 3780 3781
f 3733 3781 3734
f 3734 3781 3782
f 3734 3782 3735
f 3735 3782 3783
f 3735 3783 3736
f 3736 3783 3784
f 3736 3784 3737
f 3737 3784 3785
f 3737 3785 3738
f 3738 3785 3786
f 3738 3786 3739
f 3739 3786 3787
f 3739 3787 3740
f 3740 3787 3788
f 3740 3788 3741
f 3741 3788 3789
f 3741 3789 3742
f 3742 3789 3790
f 3742 3790 3743
f 3743 3790 3791
f 3743 3791 3744
f 3744 3791 3792
f 3744 3792 3697
f 3697 3792 3745
f 3745 3793 3746
f 3746 3793 3794
f 3746 3794 3747
f 3747 3794 3795
f 3747 3795 3748
f 3748 3795 3796
f 3748 3796 3749
f 3749 3796 3797
f 3749 3797 3750
f 3750 3797 3798
f 3750 3798 3751
f 3751 3798 3799
f 3751 3799 3752
f 3752 3799 3800
f 3752 3800 3753
f 3753 3800 3801
f 3753 3801 3754
f 3754 3801 3802
f 3754 3802 3755
f 3755 3802 3803
f 3755 3803 3756
f 3756 3803 3804
f 3756 3804 3757
f 3757 3804 3805
f 3757 3805 3758
f 3758 3805 3806
f 3758 3806 3759
f 3759 3806 3807
f 3759 3807 3760
f 3760 3807 3808
f 3760 3808 3761
f 3761 3808 3809
f 3761 3809 3762
f 3762 3809 3810
f 3762 3810 3763
f 3763 3810 3811
f 3763 3811 3764
f 3764 3811 3812
f 3764 3812 3765
f 3765 3812 3813
f 3765 3813 3766
f 3766 3813 3814
f 3766 3814 3767
f 3767 3814 3815
f 3767 3815 3768
f 3768 3815 3816
f 3768 3816 3769
f 3769 3816 3817
f 3769 3817 3770
f 3770 3817 3818
f 3770 3818 3771
f 3771 3818 3819
f 3771 3819 3772
f 3772 3819 3820
f 3772 3820 3773
f 3773 3820 3821
f 3773 3821 3774
f 3774 3821 3822
f 3774 3822 3775
f 3775 3822 3823
f 3775 3823 3776
f 3776 3823 3824
f 3776 3824 3777
f 3777 3824 3825
f 3777 3825 3778
f 3778 3825 3826
f 3778 3826 3779
f 3779 3826 3827
f 3779 3827 3780
f 3780 3827 3828
f 3780 3828 3781
f 3781 3828 3829
f 3781 3829 3782
f 3782 3829 3830
f 3782 3830 3783
f 3783 3830 3831
f 3783 3831 3784
f 3784 3831 3832
f 3784 3832 3785
f 3785 3832 3833
f 3785 3833 3786
f 3786 3833 3834
f 3786 3834 3787
f 3787 3834 3835
f 3787 3835 3788
f 3788 3835 3836
f 3788 3836 3789
f 3789 3836 3837
f 3789 3837 3790
f 3790 3837 3838
f 3790 3838 3791
f 3791 3838 3839
f 3791 3839 3792
f 3792 3839 3840
f 3792 3840 3745
f 3745 3840 3793
f 3793 3841 3794
f 3794 3841 3842
f 3794 3842 3795
f 3795 3842 3843
f 3795 3843 3796
f 3796 3843 3844
f 3796 3844 3797
f 3797 3844 3845
f 3797 3845 3798
f 3798 3845 3846
f 3798 3846 3799
f 3799 3846 3847
f 3799 3847 3800
f 3800 3847 3848
f 3800 3848 3801
f 3801 3848 3849
f 3801 3849 3802
f 3802 3849 3850
f 3802 3850 3803
f 3803 3850 3851
f 3803 3851 3804
f 3804 3851 3852
f 3804 3852 3805
f 3805 3852 3853
f 3805 3853 3806
f 3806 3853 3854
f 3806 3854 3807
f 3807 3854 3855
f 3807 3855 3808
f 3808 3855 3856
f 3808 3856 3809
f 3809 3856 3857
f 3809 3857 3810
f 3810 3857 3858
f 3810 3858 3811
f 3811 3858 3859
f 3811 3859 3812
f 3812 3859 3860
f 3812 3860 3813
f 3813 3860 3861
f 3813 3861 3814
f 3814 3861 3862
f 3814 3862 3815
f 3815 3862 3863
f 3815 3863 3816
f 3816 3863 3864
f 3816 3864 3817
f 3817 3864 3865
f 3817 3865 3818
f 3818 3865 3866
f 3818 3866 3819
f 3819 3866 3867
f 3819 3867 3820
f 3820 3867 3868
f 3820 3868 3821
f 3821 3868 3869
f 3821 3869 3822
f 3822 3869 3870
f 3822 3870 3823
f 3823 3870 3871
f 3823 3871 3824
f 3824 3871 3872
f 3824 3872 3825
f 3825 3872 3873
f 3825 3873 3826
f 3826 3873 3874
f 3826 3874 3827
f 3827 3874 3875
f 3827 3875 3828
f 3828 3875 3876
f 3828 3876 3829
f 3829 3876 3877
f 3829 3877 3830
f 3830 3877 3878
f 3830 3878 3831
f 3831 3878 3879
f 3831 3879 3832
f 3832 3879 3880
f 3832 3880 3833
f 3833 3880 3881
f 3833 3881 3834
f 3834 3881 3882
f 3834 3882 3835
f 3835 3882 3883
f 3835 3883 3836
f 3836 3883 3884
f 3836 3884 3837
f 3837 3884 3885
f 3837 3885 3838
f 3838 3885 3886
f 3838 3886 3839
f 3839 3886 3887
f 3839 3887 3840
f 3840 3887 3888
f 3840 3888 3793
f 3793 3888 3841
f 3841 3889 3842
f 3842 3889 3890
f 3842 3890 3843
f 3843 3890 3891
f 3843 3891 3844
f 3844 3891 3892
f 3844 3892 3845
f 3845 3892 3893
f 3845 3893 3846
f 3846 3893 3894
f 3846 3894 3847
f 3847 3894 3895
f 3847 3895 3848
f 3848 3895 3896
f 3848 3896 3849
f 3849 3896 3897
f 3849 3897 3850
f 3850 3897 3898
f 3850 3898 3851
f 3851 3898 3899
f 3851 3899 3852
f 3852 3899 3900
f 3852 3900 3853
f 3853 3900 3901
f 3853 3901 3854
f 3854 3901 3902
f 3854 3902 3855
f 3855 3902 3903
f 3855 3903 3856
f 3856 3903 3904
f 3856 3904 3857
f 3857 3904 3905
f 3857 3905 3858
f 3858 3905 3906
f 3858 3906 3859
f 3859 3906 3907
f 3859 3907 3860
f 3860 3907 3908
f 3860 3908 3861
f 3861 3908 3909
f 3861 3909 3862
f 3862 3909 3910
f 3862 3910 3863
f 3863 3910 3911
f 3863 3911 3864
f 3864 3911 3912
f 3864 3912 3865
f 3865 3912 3913
f 3865 3913 3866
f 3866 3913 3914
f 3866 3914 3867
f 3867 3914 3915
f 3867 3915 3868
f 3868 3915 3916
f 3868 3916 3869
f 3869 3916 3917
f 3869 3917 3870
f 3870 3917 3918
f 3870 3918 3871
f 3871 3918 3919
f 3871 3919 3872
f 3872 3919 3920
f 3872 3920 3873
f 3873 3920 3921
f 3873 3921 3874
f 3874 3921 3922
f 3874 3922 3875
f 3875 3922 3923
f 3875 3923 3876
f 3876 3923 3924
f 3876 3924 3877
f 3877 3924 3925
f 3877 3925 3878
f 3878 3925 3926
f 3878 3926 3879
f 3879 3926 3927
f 3879 3927 3880
f 3880 3927 3928
f 3880 3928 3881
f 3881 3928 3929
f 3881 3929 3882
f 3882 3929 3930
f 3882 3930 3883
f 3883 3930 3931
f 3883 3931 3884
f 3884 3931 3932
f 3884 3932 3885
f 3885 3932 3933
f 3885 3933 3886
f 3886 3933 3934
f 3886 3934 3887
f 3887 3934 3935
f 3887 3935 3888
f 3888 3935 3936
f 3888 3936 3841
f 3841 3936 3889
f 3889 3937 3890
f 3890 3937 3938
f 3890 3938 3891
f 3891 3938 3939
f 3891 3939 3892
f 3892 3939 3940
f 3892 3940 3893
f 3893 3940 3941
f 3893 3941 3894
f 3894 3941 3942
f 3894 3942 3895
f 3895 3942 3943
f 3895 3943 3896
f 3896 3943 3944
f 3896 3944 3897
f 3897 3944 3945
f 3897 3945 3898
f 3898 3945 3946
f 3898 3946 3899
f 3899 3946 3947
f 3899 3947 3900
f 3900 3947 3948
f 3900 3948 3901
f 3901 3948 3949
f 3901 3949 3902
f 3902 3949 3950
f 3902 3950 3903
f 3903 3950 3951
f 3903 3951 3904
f 3904 3951 3952
f 3904 3952 3905
f 3905 3952 3953
f 3905 3953 3906
f 3906 3953 3954
f 3906 3954 3907
f 3907 3954 3955
f 3907 3955 3908
f 3908 3955 3956
f 3908 3956 3909
f 3909 3956 3957
f 3909 3957 3910
f 3910 3957 3958
f 3910 3958 3911
f 3911 3958 3959
f 3911 3959 3912
f 3912 3959 3960
f 3912 3960 3913
f 3913 3960 3961
f 3913 3961 3914
f 3914 3961 3962
f 3914 3962 3915
f 3915 3962 3963
f 3915 3963 3916
f 3916 3963 3964
f 3916 3964 3917
f 3917 3964 3965
f 3917 3965 3918
f 3918 3965 3966
f 3918 3966 3919
f 3919 3966 3967
f 3919 3967 3920
f 3920 3967 3968
f 3920 3968 3921
f 3921 3968 3969
f 3921 3969 3922
f 3922 3969 3970
f 3922 3970 3923
f 3923 3970 3971
f 3923 3971 3924
f 3924 3971 3972
f 3924 3972 3925
f 3925 3972 3973
f 3925 3973 3926
f 3926 3973 3974
f 3926 3974 3927
f 3927 3974 3975
f 3927 3975 3928
f 3928 3975 3976
f 3928 3976 3929
f 3929 3976 3977
f 3929 3977 3930
f 3930 3977 3978
f 3930 3978 3931
f 3931 3978 3979
f 3931 3979 3932
f 3932 3979 3980
f 3932 3980 3933
f 3933 3980 3981
f 3933 3981 3934
f 3934 3981 3982
f 3934 3982 3935
f 3935 3982 3983
f 3935 3983 3936
f 3936 3983 3984
f 3936 3984 3889
f 3889 3984 3937
f 3937 3985 3938
f 3938 3985 3986
f 3938 3986 3939
f 3939 3986 3987
f 3939 3987 3940
f 3940 3987 3988
f 3940 3988 3941
f 3941 3988 3989
f 3941 3989 3942
f 3942 3989 3990
f 3942 3990 3943
f 3943 3990 3991
f 3943 3991 3944
f 3944 3991 3992
f 3944 3992 3945
f 3945 3992 3993
f 3945 3993 3946
f 3946 3993 3994
f 3946 3994 3947
f 3947 3994 3995
f 3947 3995 3948
f 3948 3995 3996
f 3948 3996 3949
f 3949 3996 3997
f 3949 3997 3950
f 3950 3997 3998
f 3950 3998 3951
f 3951 3998 3999
f 3951 3999 3952
f 3952 3999 4000
f 3952 4000 3953
f 3953 4000 4001
f 3953 4001 3954
f 3954 4001 4002
f 3954 4002 3955
f 3955 4002 4003
f 3955 4003 3956
f 3956 4003 4004
f 3956 4004 3957
f 3957 4004 4005
f 3957 4005 3958
f 3958 4005 4006
f 3958 4006 3959
f 3959 4006 4007
f 3959 4007 3960
f 3960 4007 4008
f 3960 4008 3961
f 3961 4008 4009
f 3961 4009 3962
f 3962 4009 4010
f 3962 4010 3963
f 3963 4010 4011
f 3963 4011 3964
f 3964 4011 4012
f 3964 4012 3965
f 3965 4012 4013
f 3965 4013 3966
f 3966 4013 4014
f 3966 4014 3967
f 3967 4014 4015
f 3967 4015 3968
f 3968 4015 4016
f 3968 4016 3969
f 3969 4016 4017
f 3969 4017 3970
f 3970 4017 4018
f 3970 4018 3971
f 3971 4018 4019
f 3971 4019 3972
f 3972 4019 4020
f 3972 4020 3973
f 3973 4020 4021
f 3973 4021 3974
f 3974 4021 4022
f 3974 4022 3975
f 3975 4022 4023
f 3975 4023 3976
f 3976 4023 4024
f 3976 4024 3977
f 3977 4024 4025
f 3977 4025 3978
f 3978 4025 4026
f 3978 4026 3979
f 3979 4026 4027
f 3979 4027 3980
f 3980 4027 4028
f 3980 4028 3981
f 3981 4028 4029
f 3981 4029 3982
f 3982 4029 4030
f 3982 4030 3983
f 3983 4030 4031
f 3983 4031 3984
f 3984 4031 4032
f 3984 4032 3937
f 3937 4032 3985
f 3985 4033 3986
f 3986 4033 4034
f 3986 4034 3987
f 3987 4034 4035
f 3987 4035 3988
f 3988 4035 4036
f 3988 4036 3989
f 3989 4036 4037
f 3989 4037 3990
f 3990 4037 4038
f 3990 4038 3991
f 3991 4038 4039
f 3991 4039 3992
f 3992 4039 4040
f 3992 4040 3993
f 3993 4040 4041
f 3993 4041 3994
f 3994 4041 4042
f 3994 4042 3995
f 3995 4042 4043
f 3995 4043 3996
f 3996 4043 4044
f 3996 4044 3997
f 3997 4044 4045
f 3997 4045 3998
f 3998 4045 4046
f 3998 4046 3999
f 3999 4046 4047
f 3999 4047 4000
f 4000 4047 4048
f 4000 4048 4001
f 4001 4048 4049
f 4001 4049 4002
f 4002 4049 4050
f 4002 4050 4003
f 4003 4050 4051
f 4003 4051 4004
f 4004 4051 4052
f 4004 4052 4005
f 4005 4052 4053
f 4005 4053 4006
f 4006 4053 4054
f 4006 4054 4007
f 4007 4054 4055
f 4007 4055 4008
f 4008 4055 4056
f 4008 4056 4009
f 4009 4056 4057
f 4009 4057 4010
f 4010 4057 4058
f 4010 4058 4011
f 4011 4058 4059
f 4011 4059 4012
f 4012 4059 4060
f 4012 4060 4013
f 4013 4060 4061
f 4013 4061 4014
f 4014 4061 4062
f 4014 4062 4015
f 4015 4062 4063
f 4015 4063 4016
f 4016 4063 4064
f 4016 4064 4017
f 4017 4064 4065
f 4017 4065 4018
f 4018 4065 4066
f 4018 4066 4019
f 4019 4066 4067
f 4019 4067 4020
f 4020 4067 4068
f 4020 4068 4021
f 4021 4068 4069
f 4021 4069 4022
f 4022 4069 4070
f 4022 4070 4023
f 4023 4070 4071
f 4023 4071 4024
f 4024 4071 4072
f 4024 4072 4025
f 4025 4072 4073
f 4025 4073 4026
f 4026 4073 4074
f 4026 4074 4027
f 4027 4074 4075
f 4027 4075 4028
f 4028 4075 4076
f 4028 4076 4029
f 4029 4076 4077
f 4029 4077 4030
f 4030 4077 4078
f 4030 4078 4031
f 4031 4078 4079
f 4031 4079 4032
f 4032 4079 4080
f 4032 4080 3985
f 3985 4080 4033
f 4033 4081 4034
f 4034 4081 4082
f 4034 4082 4035
f 4035 4082 4083
f 4035 4083 4036
f 4036 4083 4084
f 4036 4084 4037
f 4037 4084 4085
f 4037 4085 4038
f 4038 4085 4086
f 4038 4086 4039
f 4039 4086 4087
f 4039 4087 4040
f 4040 4087 4088
f 4040 4088 4041
f 4041 4088 4089
f 4041 4089 4042
f 4042 4089 4090
f 4042 4090 4043
f 4043 4090 4091
f 4043 4091 4044
f 4044 4091 4092
f 4044 4092 4045
f 4045 4092 4093
f 4045 4093 4046
f 4046 4093 4094
f 4046 4094 4047
f 4047 4094 4095
f 4047 4095 4048
f 4048 4095 4096
f 4048 4096 4049
f 4049 4096 4097
f 4049 4097 4050
f 4050 4097 4098
f 4050 4098 4051
f 4051 4098 4099
f 4051 4099 4052
f 4052 4099 4100
f 4052 4100 4053
f 4053 4100 4101
f 4053 4101 4054
f 4054 4101 4102
f 4054 4102 4055
f 4055 4102 4103
f 4055 4103 4056
f 4056 4103 4104
f 4056 4104 4057
f 4057 4104 4105
f 4057 4105 4058
f 4058 4105 4106
f 4058 4106 4059
f 4059 4106 4107
f 4059 4107 4060
f 4060 4107 4108
f 4060 4108 4061
f 4061 4108 4109
f 4061 4109 4062
f 4062 4109 4110
f 4062 4110 4063
f 4063 4110 4111
f 4063 4111 4064
f 4064 4111 4112
f 4064 4112 4065
f 4065 4112 4113
f 4065 4113 4066
f 4066 4113 4114
f 4066 4114 4067
f 4067 4114 4115
f 4067 4115 4068
f 4068 4115 4116
f 4068 4116 4069
f 4069 4116 4117
f 4069 4117 4070
f 4070 4117 4118
f 4070 4118 4071
f 4071 4118 4119
f 4071 4119 4072
f 4072 4119 4120
f 4072 4120 4073
f 4073 4120 4121
f 4073 4121 4074
f 4074 4121 4122
f 4074 4122 4075
f 4075 4122 4123
f 4075 4123 4076
f 4076 4123 4124
f 4076 4124 4077
f 4077 4124 4125
f 4077 4125 4078
f 4078 4125 4126
f 4078 4126 4079
f 4079 4126 4127
f 4079 4127 4080
f 4080 4127 4128
f 4080 4128 4033
f 4033 4128 4081
f 4081 4129 4082
f 4082 4129 4130
f 4082 4130 4083
f 4083 4130 4131
f 4083 4131 4084
f 4084 4131 4132
f 4084 4132 4085
f 4085 4132 4133
f 4085 4133 4086
f 4086 4133 4134
f 4086 4134 4087
f 4087 4134 4135
f 4087 4135 4088
f 4088 4135 4136
f 4088 4136 4089
f 4089 4136 4137
f 4089 4137 4090
f 4090 4137 4138
f 4090 4138 4091
f 4091 4138 4139
f 4091 4139 4092
f 4092 4139 4140
f 4092 4140 4093
f 4093 4140 4141
f 4093 4141 4094
f 4094 4141 4142
f 4094 4142 4095
f 4095 4142 4143
f 4095 4143 4096
f 4096 4143 4144
f 4096 4144 4097
f 4097 4144 4145
f 4097 4145 4098
f 4098 4145 4146
f 4098 4146 4099
f 4099 4146 4147
f 4099 4147 4100
f 4100 4147 4148
f 4100 4148 4101
f 4101 4148 4149
f 4101 4149 4102
f 4102 4149 4150
f 4102 4150 4103
f 4103 4150 4151
f 4103 4151 4104
f 4104 4151 4152
f 4104 4152 4105
f 4105 4152 4153
f 4105 4153 4106
f 4106 4153 4154
f 4106 4154 4107
f 4107 4154 4155
f 4107 4155 4108
f 4108 4155 4156
f 4108 4156 4109
f 4109 4156 4157
f 4109 4157 4110
f 4110 4157 4158
f 4110 4158 4111
f 4111 4158 4159
f 4111 4159 4112
f 4112 4159 4160
f 4112 4160 4113
f 4113 4160 4161
f 4113 4161 4114
f 4114 4161 4162
f 4114 4162 4115
f 4115 4162 4163
f 4115 4163 4116
f 4116 4163 4164
f 4116 4164 4117
f 4117 4164 4165
f 4117 4165 4118
f 4118 4165 4166
f 4118 4166 4119
f 4119 4166 4167
f 4119 4167 4120
f 4120 4167 4168
f 4120 4168 4121
f 4121 4168 4169
f 4121 4169 4122
f 4122 4169 4170
f 4122 4170 4123
f 4123 4170 4171
f 4123 4171 4124
f 4124 4171 4172
f 4124 4172 4125
f 4125 4172 4173
f 4125 4173 4126
f 4126 4173 4174
f 4126 4174 4127
f 4127 4174 4175
f 4127 4175 4128
f 4128 4175 4176
f 4128 4176 4081
f 4081 4176 4129
f 4129 4177 4130
f 4130 4177 4178
f 4130 4178 4131
f 4131 4178 4179
f 4131 4179 4132
f 4132 4179 4180
f 4132 4180 4133
f 4133 4180 4181
f 4133 4181 4134
f 4134 4181 4182
f 4134 4182 4135
f 4135 4182 4183
f 4135 4183 4136
f 4136 4183 4184
f 4136 4184 4137
f 4137 4184 4185
f 4137 4185 4138
f 4138 4185 4186
f 4138 4186 4139
f 4139 4186 4187
f 4139 4187 4140
f 4140 4187 4188
f 4140 4188 4141
f 4141 4188 4189
f 4141 4189 4142
f 4142 4189 4190
f 4142 4190 4143
f 4143 4190 4191
f 4143 4191 4144
f 4144 4191 4192
f 4144 4192 4145
f 4145 4192 4193
f 4145 4193 4146
f 4146 4193 4194
f 4146 4194 4147
f 4147 4194 4195
f 4147 4195 4148
f 4148 4195 4196
f 4148 4196 4149
f 4149 4196 4197
f 4149 4197 4150
f 4150 4197 4198
f 4150 4198 4151
f 4151 4198 4199
f 4151 4199 4152
f 4152 4199 4200
f 4152 4200 4153
f 4153 4200 4201
f 4153 4201 4154
f 4154 4201 4202
f 4154 4202 4155
f 4155 4202 4203
f 4155 4203 4156
f 4156 4203 4204
f 4156 4204 4157
f 4157 4204 4205
f 4157 4205 4158
f 4158 4205 4206
f 4158 4206 4159
f 4159 4206 4207
f 4159 4207 4160
f 4160 4207 4208
f 4160 4208 4161
f 4161 4208 4209
f 4161 4209 4162
f 4162 4209 4210
f 4162 4210 4163
f 4163 4210 4211
f 4163 4211 4164
f 4164 4211 4212
f 4164 4212 4165
f 4165 4212 4213
f 4165 4213 4166
f 4166 4213 4214
f 4166 4214 4167
f 4167 4214 4215
f 4167 4215 4168
f 4168 4215 4216
f 4168 4216 4169
f 4169 4216 4217
f 4169 4217 4170
f 4170 4217 4218
f 4170 4218 4171
f 4171 4218 4219
f 4171 4219 4172
f 4172 4219 4220
f 4172 4220 4173
f 4173 4220 4221
f 4173 4221 4174
f 4174 4221 4222
f 4174 4222 4175
f 4175 4222 4223
f 4175 4223 4176
f 4176 4223 4224
f 4176 4224 4129
f 4129 4224 4177
f 4177 4225 4178
f 4178 4225 4226
f 4178 4226 4179
f 4179 4226 4227
f 4179 4227 4180
f 4180 4227 4228
f 4180 4228 4181
f 4181 4228 4229
f 4181 4229 4182
f 4182 4229 4230
f 4182 4230 4183
f 4183 4230 4231
f 4183 4231 4184
f 4184 4231 4232
f 4184 4232 4185
f 4185 4232 4233
f 4185 4233 4186
f 4186 4233 4234
f 4186 4234 4187
f 4187 4234 4235
f 4187 4235 4188
f 4188 4235 4236
f 4188 4236 4189
f 4189 4236 4237
f 4189 4237 4190
f 4190 4237 4238
f 4190 4238 4191
f 4191 4238 4239
f 4191 4239 4192
f 4192 4239 4240
f 4192 4240 4193
f 4193 4240 4241
f 4193 4241 4194
f 4194 4241 4242
f 4194 4242 4195
f 4195 4242 4243
f 4195 4243 4196
f 4196 4243 4244
f 4196 4244 4197
f 4197 4244 4245
f 4197 4245 4198
f 4198 4245 4246
f 4198 4246 4199
f 4199 4246 4247
f 4199 4247 4200
f 4200 4247 4248
f 4200 4248 4201
f 4201 4248 4249
f 4201 4249 4202
f 4202 4249 4250
f 4202 4250 4203
f 4203 4250 4251
f 4203 4251 4204
f 4204 4251 4252
f 4204 4252 4205
f 4205 4252 4253
f 4205 4253 4206
f 4206 4253 4254
f 4206 4254 4207
f 4207 4254 4255
f 4207 4255 4208
f 4208 4255 4256
f 4208 4256 4209
f 4209 4256 4257
f 4209 4257 4210
f 4210 4257 4258
f 4210 4258 4211
f 4211 4258 4259
f 4211 4259 4212
f 4212 4259 4260
f 4212 4260 4213
f 4213 4260 4261
f 4213 4261 4214
f 4214 4261 4262
f 4214 4262 4215
f 4215 4262 4263
f 4215 4263 4216
f 4216 4263 4264
f 4216 4264 4217
f 4217 4264 4265
f 4217 4265 4218
f 4218 4265 4266
f 4218 4266 4219
f 4219 4266 4267
f 4219 4267 4220
f 4220 4267 4268
f 4220 4268 4221
f 4221 4268 4269
f 4221 4269 4222
f 4222 4269 4270
f 4222 4270 4223
f 4223 4270 4271
f 4223 4271 4224
f 4224 4271 4272
f 4224 4272 4177
f 4177 4272 4225
f 4225 4273 4226
f 4226 4273 4274
f 4226 4274 4227
f 4227 4274 4275
f 4227 4275 4228
f 4228 4275 4276
f 4228 4276 4229
f 4229 4276 4277
f 4229 4277 4230
f 4230 4277 4278
f 4230 4278 4231
f 4231 4278 4279
f 4231 4279 4232
f 4232 4279 4280
f 4232 4280 4233
f 4233 4280 4281
f 4233 4281 4234
f 4234 4281 4282
f 4234 4282 4235
f 4235 4282 4283
f 4235 4283 4236
f 4236 4283 4284
f 4236 4284 4237
f 4237 4284 4285
f 4237 4285 4238
f 4238 4285 4286
f 4238 4286 4239
f 4239 4286 4287
f 4239 4287 4240
f 4240 4287 4288
f 4240 4288 4241
f 4241 4288 4289
f 4241 4289 4242
f 4242 4289 4290
f 4242 4290 4243
f 4243 4290 4291
f 4243 4291 4244
f 4244 4291 4292
f 4244 4292 4245
f 4245 4292 4293
f 4245 4293 4246
f 4246 4293 4294
f 4246 4294 4247
f 4247 4294 4295
f 4247 4295 4248
f 4248 4295 4296
f 4248 4296 4249
f 4249 4296 4297
f 4249 4297 4250
f 4250 4297 4298
f 4250 4298 4251
f 4251 4298 4299
f 4251 4299 4252
f 4252 4299 4300
f 4252 4300 4253
f 4253 4300 4301
f 4253 4301 4254
f 4254 4301 4302
f 4254 4302 4255
f 4255 4302 4303
f 4255 4303 4256
f 4256 4303 4304
f 4256 4304 4257
f 4257 4304 4305
f 4257 4305 4258
f 4258 4305 4306
f 4258 4306 4259
f 4259 4306 4307
f 4259 4307 4260
f 4260 4307 4308
f 4260 4308 4261
f 4261 4308 4309
f 4261 4309 4262
f 4262 4309 4310
f 4262 4310 4263
f 4263 4310 4311
f 4263 4311 4264
f 4264 4311 4312
f 4264 4312 4265
f 4265 4312 4313
f 4265 4313 4266
f 4266 4313 4314
f 4266 4314 4267
f 4267 4314 4315
f 4267 4315 4268
f 4268 4315 4316
f 4268 4316 4269
f 4269 4316 4317
f 4269 4317 4270
f 4270 4317 4318
f 4270 4318 4271
f 4271 4318 4319
f 4271 4319 4272
f 4272 4319 4320
f 4272 4320 4225
f 4225 4320 4273
f 4273 4321 4274
f 4274 4321 4322
f 4274 4322 4275
f 4275 4322 4323
f 4275 4323 4276
f 4276 4323 4324
f 4276 4324 4277
f 4277 4324 4325
f 4277 4325 4278
f 4278 4325 4326
f 4278 4326 4279
f 4279 4326 4327
f 4279 4327 4280
f 4280 4327 4328
f 4280 4328 4281
f 4281 4328 4329
f 4281 4329 4282
f 4282 4329 4330
f 4282 4330 4283
f 4283 4330 4331
f 4283 4331 4284
f 4284 4331 4332
f 4284 4332 4285
f 4285 4332 4333
f 4285 4333 4286
f 4286 4333 4334
f 4286 4334 4287
f 4287 4334 4335
f 4287 4335 4288
f 4288 4335 4336
f 4288 4336 4289
f 4289 4336 4337
f 4289 4337 4290
f 4290 4337 4338
f 4290 4338 4291
f 4291 4338 4339
f 4291 4339 4292
f 4292 4339 4340
f 4292 4340 4293
f 4293 4340 4341
f 4293 4341 4294
f 4294 4341 4342
f 4294 4342 4295
f 4295 4342 4343
f 4295 4343 4296
f 4296 4343 4344
f 4296 4344 4297
f 4297 4344 4345
f 4297 4345 4298
f 4298 4345 4346
f 4298 4346 4299
f 4299 4346 4347
f 4299 4347 4300
f 4300 4347 4348
f 4300 4348 4301
f 4301 4348 4349
f 4301 4349 4302
f 4302 4349 4350
f 4302 4350 4303
f 4303 4350 4351
f 4303 4351 4304
f 4304 4351 4352
f 4304 4352 4305
f 4305 4352 4353
f 4305 4353 4306
f 4306 4353 4354
f 4306 4354 4307
f 4307 4354 4355
f 4307 4355 4308
f 4308 4355 4356
f 4308 4356 4309
f 4309 4356 4357
f 4309 4357 4310
f 4310 4357 4358
f 4310 4358 4311
f 4311 4358 4359
f 4311 4359 4312
f 4312 4359 4360
f 4312 4360 4313
f 4313 4360 4361
f 4313 4361 4314
f 4314 4361 4362
f 4314 4362 4315
f 4315 4362 4363
f 4315 4363 4316
f 4316 4363 4364
f 4316 4364 4317
f 4317 4364 4365
f 4317 4365 4318
f 4318 4365 4366
f 4318 4366 4319
f 4319 4366 4367
f 4319 4367 4320
f 4320 4367 4368
f 4320 4368 4273
f 4273 4368 4321
f 4321 4369 4322
f 4322 4369 4370
f 4322 4370 4323
f 4323 4370 4371
f 4323 4371 4324
f 4324 4371 4372
f 4324 4372 4325
f 4325 4372 4373
f 4325 4373 4326
f 4326 4373 4374
f 4326 4374 4327
f 4327 4374 4375
f 4327 4375 4328
f 4328 4375 4376
f 4328 4376 4329
f 4329 4376 4377
f 4329 4377 4330
f 4330 4377 4378
f 4330 4378 4331
f 4331 4378 4379
f 4331 4379 4332
f 4332 4379 4380
f 4332 4380 4333
f 4333 4380 4381
f 4333 4381 4334
f 4334 4381 4382
f 4334 4382 4335
f 4335 4382 4383
f 4335 4383 4336
f 4336 4383 4384
f 4336 4384 4337
f 4337 4384 4385
f 4337 4385 4338
f 4338 4385 4386
f 4338 4386 4339
f 4339 4386 4387
f 4339 4387 4340
f 4340 4387 4388
f 4340 4388 4341
f 4341 4388 4389
f 4341 4389 4342
f 4342 4389 4390
f 4342 4390 4343
f 4343 4390 4391
f 4343 4391 4344
f 4344 4391 4392
f 4344 4392 4345
f 4345 4392 4393
f 4345 4393 4346
f 4346 4393 4394
f 4346 4394 4347
f 4347 4394 4395
f 4347 4395 4348
f 4348 4395 4396
f 4348 4396 4349
f 4349 4396 4397
f 4349 4397 4350
f 4350 4397 4398
f 4350 4398 4351
f 4351 4398 4399
f 4351 4399 4352
f 4352 4399 4400
f 4352 4400 4353
f 4353 4400 4401
f 4353 4401 4354
f 4354 4401 4402
f 4354 4402 4355
f 4355 4402 4403
f 4355 4403 4356
f 4356 4403 4404
f 4356 4404 4357
f 4357 4404 4405
f 4357 4405 4358
f 4358 4405 4406
f 4358 4406 4359
f 4359 4406 4407
f 4359 4407 4360
f 4360 4407 4408
f 4360 4408 4361
f 4361 4408 4409
f 4361 4409 4362
f 4362 4409 4410
f 4362 4410 4363
f 4363 4410 4411
f 4363 4411 4364
f 4364 4411 4412
f 4364 4412 4365
f 4365 4412 4413
f 4365 4413 4366
f 4366 4413 4414
f 4366 4414 4367
f 4367 4414 4415
f 4367 4415 4368
f 4368 4415 4416
f 4368 4416 4321
f 4321 4416 4369
f 4369 4417 4370
f 4370 4417 4418
f 4370 4418 4371
f 4371 4418 4419
f 4371 4419 4372
f 4372 4419 4420
f 4372 4420 4373
f 4373 4420 4421
f 4373 4421 4374
f 4374 4421 4422
f 4374 4422 4375
f 4375 4422 4423
f 4375 4423 4376
f 4376 4423 4424
f 4376 4424 4377
f 4377 4424 4425
f 4377 4425 4378
f 4378 4425 4426
f 4378 4426 4379
f 4379 4426 4427
f 4379 4427 4380
f 4380 4427 4428
f 4380 4428 4381
f 4381 4428 4429
f 4381 4429 4382
f 4382 4429 4430
f 4382 4430 4383
f 4383 4430 4431
f 4383 4431 4384
f 4384 4431 4432
f 4384 4432 4385
f 4385 4432 4433
f 4385 4433 4386
f 4386 4433 4434
f 4386 4434 4387
f 4387 4434 4435
f 4387 4435 4388
f 4388 4435 4436
f 4388 4436 4389
f 4389 4436 4437
f 4389 4437 4390
f 4390 4437 4438
f 4390 4438 4391
f 4391 4438 4439
f 4391 4439 4392
f 4392 4439 4440
f 4392 4440 4393
f 4393 4440 4441
f 4393 4441 4394
f 4394 4441 4442
f 4394 4442 4395
f 4395 4442 4443
f 4395 4443 4396
f 4396 4443 4444
f 4396 4444 4397
f 4397 4444 4445
f 4397 4445 4398
f 4398 4445 4446
f 4398 4446 4399
f 4399 4446 4447
f 4399 4447 4400
f 4400 4447 4448
f 4400 4448 4401
f 4401 4448 4449
f 4401 4449 4402
f 4402 4449 4450
f 4402 4450 4403
f 4403 4450 4451
f 4403 4451 4404
f 4404 4451 4452
f 4404 4452 4405
f 4405 4452 4453
f 4405 4453 4406
f 4406 4453 4454
f 4406 4454 4407
f 4407 4454 4455
f 4407 4455 4408
f 4408 4455 4456
f 4408 4456 4409
f 4409 4456 4457
f 4409 4457 4410
f 4410 4457 4458
f 4410 4458 4411
f 4411 4458 4459
f 4411 4459 4412
f 4412 4459 4460
f 4412 4460 4413
f 4413 4460 4461
f 4413 4461 4414
f 4414 4461 4462
f 4414 4462 4415
f 4415 4462 4463
f 4415 4463 4416
f 4416 4463 4464
f 4416 4464 4369
f 4369 4464 4417
f 4417 4465 4418
f 4418 4465 4466
f 4418 4466 4419
f 4419 4466 4467
f 4419 4467 4420
f 4420 4467 4468
f 4420 4468 4421
f 4421 4468 4469
f 4421 4469 4422
f 4422 4469 4470
f 4422 4470 4423
f 4423 4470 4471
f 4423 4471 4424
f 4424 4471 4472
f 4424 4472 4425
f 4425 4472 4473
f 4425 4473 4426
f 4426 4473 4474
f 4426 4474 4427
f 4427 4474 4475
f 4427 4475 4428
f 4428 4475 4476
f 4428 4476 4429
f 4429 4476 4477
f 4429 4477 4430
f 4430 4477 4478
f 4430 4478 4431
f 4431 4478 4479
f 4431 4479 4432
f 4432 4479 4480
f 4432 4480 4433
f 4433 4480 4481
f 4433 4481 4434
f 4434 4481 4482
f 4434 4482 4435
f 4435 4482 4483
f 4435 4483 4436
f 4436 4483 4484
f 4436 4484 4437
f 4437 4484 4485
f 4437 4485 4438
f 4438 4485 4486
f 4438 4486 4439
f 4439 4486 4487
f 4439 4487 4440
f 4440 4487 4488
f 4440 4488 4441
f 4441 4488 4489
f 4441 4489 4442
f 4442 4489 4490
f 4442 4490 4443
f 4443 4490 4491
f 4443 4491 4444
f 4444 4491 4492
f 4444 4492 4445
f 4445 4492 4493
f 4445 4493 4446
f 4446 4493 4494
f 4446 4494 4447
f 4447 4494 4495
f 4447 4495 4448
f 4448 4495 4496
f 4448 4496 4449
f 4449 4496 4497
f 4449 4497 4450
f 4450 4497 4498
f 4450 4498 4451
f 4451 4498 4499
f 4451 4499 4452
f 4452 4499 4500
f 4452 4500 4453
f 4453 4500 4501
f 4453 4501 4454
f 4454 4501 4502
f 4454 4502 4455
f 4455 4502 4503
f 4455 4503 4456
f 4456 4503 4504
f 4456 4504 4457
f 4457 4504 4505
f 4457 4505 4458
f 4458 4505 4506
f 4458 4506 4459
f 4459 4506 4507
f 4459 4507 4460
f 4460 4507 4508
f 4460 4508 4461
f 4461 4508 4509
f 4461 4509 4462
f 4462 4509 4510
f 4462 4510 4463
f 4463 4510 4511
f 4463 4511 4464
f 4464 4511 4512
f 4464 4512 4417
f 4417 4512 4465
f 4465 4513 4466
f 4466 4513 4514
f 4466 4514 4467
f 4467 4514 4515
f 4467 4515 4468
f 4468 4515 4516
f 4468 4516 4469
f 4469 4516 4517
f 4469 4517 4470
f 4470 4517 4518
f 4470 4518 4471
f 4471 4518 4519
f 4471 4519 4472
f 4472 4519 4520
f 4472 4520 4473
f 4473 4520 4521
f 4473 4521 4474
f 4474 4521 4522
f 4474 4522 4475
f 4475 4522 4523
f 4475 4523 4476
f 4476 4523 4524
f 4476 4524 4477
f 4477 4524 4525
f 4477 4525 4478
f 4478 4525 4526
f 4478 4526 4479
f 4479 4526 4527
f 4479 4527 4480
f 4480 4527 4528
f 4480 4528 4481
f 4481 4528 4529
f 4481 4529 4482
f 4482 4529 4530
f 4482 4530 4483
f 4483 4530 4531
f 4483 4531 4484
f 4484 4531 4532
f 4484 4532 4485
f 4485 4532 4533
f 4485 4533 4486
f 4486 4533 4534
f 4486 4534 4487
f 4487 4534 4535
f 4487 4535 4488
f 4488 4535 4536
f 4488 4536 4489
f 4489 4536 4537
f 4489 4537 4490
f 4490 4537 4538
f 4490 4538 4491
f 4491 4538 4539
f 4491 4539 4492
f 4492 4539 4540
f 4492 4540 4493
f 4493 4540 4541
f 4493 4541 4494
f 4494 4541 4542
f 4494 4542 4495
f 4495 4542 4543
f 4495 4543 4496
f 4496 4543 4544
f 4496 4544 4497
f 4497 4544 4545
f 4497 4545 4498
f 4498 4545 4546
f 4498 4546 4499
f 4499 4546 4547
f 4499 4547 4500
f 4500 4547 4548
f 4500 4548 4501
f 4501 4548 4549
f 4501 4549 4502
f 4502 4549 4550
f 4502 4550 4503
f 4503 4550 4551
f 4503 4551 4504
f 4504 4551 4552
f 4504 4552 4505
f 4505 4552 4553
f 4505 4553 4506
f 4506 4553 4554
f 4506 4554 4507
f 4507 4554 4555
f 4507 4555 4508
f 4508 4555 4556
f 4508 4556 4509
f 4509 4556 4557
f 4509 4557 4510
f 4510 4557 4558
f 4510 4558 4511
f 4511 4558 4559
f 4511 4559 4512
f 4512 4559 4560
f 4512 4560 4465
f 4465 4560 4513
f 4513 4561 4514
f 4514 4561 4562
f 4514 4562 4515
f 4515 4562 4563
f 4515 4563 4516
f 4516 4563 4564
f 4516 4564 4517
f 4517 4564 4565
f 4517 4565 4518
f 4518 4565 4566
f 4518 4566 4519
f 4519 4566 4567
f 4519 4567 4520
f 4520 4567 4568
f 4520 4568 4521
f 4521 4568 4569
f 4521 4569 4522
f 4522 4569 4570
f 4522 4570 4523
f 4523 4570 4571
f 4523 4571 4524
f 4524 4571 4572
f 4524 4572 4525
f 4525 4572 4573
f 4525 4573 4526
f 4526 4573 4574
f 4526 4574 4527
f 4527 4574 4575
f 4527 4575 4528
f 4528 4575 4576
f 4528 4576 4529
f 4529 4576 4577
f 4529 4577 4530
f 4530 4577 4578
f 4530 4578 4531
f 4531 4578 4579
f 4531 4579 4532
f 4532 4579 4580
f 4532 4580 4533
f 4533 4580 4581
f 4533 4581 4534
f 4534 4581 4582
f 4534 4582 4535
f 4535 4582 4583
f 4535 4583 4536
f 4536 4583 4584
f 4536 4584 4537
f 4537 4584 4585
f 4537 4585 4538
f 4538 4585 4586
f 4538 4586 4539
f 4539 4586 4587
f 4539 4587 4540
f 4540 4587 4588
f 4540 4588 4541
f 4541 4588 4589
f 4541 4589 4542
f 4542 4589 4590
f 4542 4590 4543
f 4543 4590 4591
f 4543 4591 4544
f 4544 4591 4592
f 4544 4592 4545
f 4545 4592 4593
f 4545 4593 4546
f 4546 4593 4594
f 4546 4594 4547
f 4547 4594 4595
f 4547 4595 4548
f 4548 4595 4596
f 4548 4596 4549
f 4549 4596 4597
f 4549 4597 4550
f 4550 4597 4598
f 4550 4598 4551
f 4551 4598 4599
f 4551 4599 4552
f 4552 4599 4600
f 4552 4600 4553
f 4553 4600 4601
f 4553 4601 4554
f 4554 4601 4602
f 4554 4602 4555
f 4555 4602 4603
f 4555 4603 4556
f 4556 4603 4604
f 4556 4604 4557
f 4557 4604 4605
f 4557 4605 4558
f 4558 4605 4606
f 4558 4606 4559
f 4559 4606 4607
f 4559 4607 4560
f 4560 4607 4608
f 4560 4608 4513
f 4513 4608 4561
f 4561 4609 4562
f 4562 4609 4610
f 4562 4610 4563
f 4563 4610 4611
f 4563 4611 4564
f 4564 4611 4612
f 4564 4612 4565
f 4565 4612 4613
f 4565 4613 4566
f 4566 4613 4614
f 4566 4614 4567
f 4567 4614 4615
f 4567 4615 4568
f 4568 4615 4616
f 4568 4616 4569
f 4569 4616 4617
f 4569 4617 4570
f 4570 4617 4618
f 4570 4618 4571
f 4571 4618 4619
f 4571 4619 4572
f 4572 4619 4620
f 4572 4620 4573
f 4573 4620 4621
f 4573 4621 4574
f 4574 4621 4622
f 4574 4622 4575
f 4575 4622 4623
f 4575 4623 4576
f 4576 4623 4624
f 4576 4624 4577
f 4577 4624 4625
f 4577 4625 4578
f 4578 4625 4626
f 4578 4626 4579
f 4579 4626 4627
f 4579 4627 4580
f 4580 4627 4628
f 4580 4628 4581
f 4581 4628 4629
f 4581 4629 4582
f 4582 4629 4630
f 4582 4630 4583
f 4583 4630 4631
f 4583 4631 4584
f 4584 4631 4632
f 4584 4632 4585
f 4585 4632 4633
f 4585 4633 4586
f 4586 4633 4634
f 4586 4634 4587
f 4587 4634 4635
f 4587 4635 4588
f 4588 4635 4636
f 4588 4636 4589
f 4589 4636 4637
f 4589 4637 4590
f 4590 4637 4638
f 4590 4638 4591
f 4591 4638 4639
f 4591 4639 4592
f 4592 4639 4640
f 4592 4640 4593
f 4593 4640 4641
f 4593 4641 4594
f 4594 4641 4642
f 4594 4642 4595
f 4595 4642 4643
f 4595 4643 4596
f 4596 4643 4644
f 4596 4644 4597
f 4597 4644 4645
f 4597 4645 4598
f 4598 4645 4646
f 4598 4646 4599
f 4599 4646 4647
f 4599 4647 4600
f 4600 4647 4648
f 4600 4648 4601
f 4601 4648 4649
f 4601 4649 4602
f 4602 4649 4650
f 4602 4650 4603
f 4603 4650 4651
f 4603 4651 4604
f 4604 4651 4652
f 4604 4652 4605
f 4605 4652 4653
f 4605 4653 4606
f 4606 4653 4654
f 4606 4654 4607
f 4607 4654 4655
f 4607 4655 4608
f 4608 4655 4656
f 4608 4656 4561
f 4561 4656 4609
f 4609 4657 4610
f 4610 4657 4658
f 4610 4658 4611
f 4611 4658 4659
f 4611 4659 4612
f 4612 4659 4660
f 4612 4660 4613
f 4613 4660 4661
f 4613 4661 4614
f 4614 4661 4662
f 4614 4662 4615
f 4615 4662 4663
f 4615 4663 4616
f 4616 4663 4664
f 4616 4664 4617
f 4617 4664 4665
f 4617 4665 4618
f 4618 4665 4666
f 4618 4666 4619
f 4619 4666 4667
f 4619 4667 4620
f 4620 4667 4668
f 4620 4668 4621
f 4621 4668 4669
f 4621 4669 4622
f 4622 4669 4670
f 4622 4670 4623
f 4623 4670 4671
f 4623 4671 4624
f 4624 4671 4672
f 4624 4672 4625
f 4625 4672 4673
f 4625 4673 4626
f 4626 4673 4674
f 4626 4674 4627
f 4627 4674 4675
f 4627 4675 4628
f 4628 4675 4676
f 4628 4676 4629
f 4629 4676 4677
f 4629 4677 4630
f 4630 4677 4678
f 4630 4678 4631
f 4631 4678 4679
f 4631 4679 4632
f 4632 4679 4680
f 4632 4680 4633
f 4633 4680 4681
f 4633 4681 4634
f 4634 4681 4682
f 4634 4682 4635
f 4635 4682 4683
f 4635 4683 4636
f 4636 4683 4684
f 4636 4684 4637
f 4637 4684 4685
f 4637 4685 4638
f 4638 4685 4686
f 4638 4686 4639
f 4639 4686 4687
f 4639 4687 4640
f 4640 4687 4688
f 4640 4688 4641
f 4641 4688 4689
f 4641 4689 4642
f 4642 4689 4690
f 4642 4690 4643
f 4643 4690 4691
f 4643 4691 4644
f 4644 4691 4692
f 4644 4692 4645
f 4645 4692 4693
f 4645 4693 4646
f 4646 4693 4694
f 4646 4694 4647
f 4647 4694 4695
f 4647 4695 4648
f 4648 4695 4696
f 4648 4696 4649
f 4649 4696 4697
f 4649 4697 4650
f 4650 4697 4698
f 4650 4698 4651
f 4651 4698 4699
f 4651 4699 4652
f 4652 4699 4700
f 4652 4700 4653
f 4653 4700 4701
f 4653 4701 4654
f 4654 4701 4702
f 4654 4702 4655
f 4655 4702 4703
f 4655 4703 4656
f 4656 4703 4704
f 4656 4704 4609
f 4609 4704 4657
f 4657 4705 4658
f 4658 4705 4706
f 4658 4706 4659
f 4659 4706 4707
f 4659 4707 4660
f 4660 4707 4708
f 4660 4708 4661
f 4661 4708 4709
f 4661 4709 4662
f 4662 4709 4710
f 4662 4710 4663
f 4663 4710 4711
f 4663 4711 4664
f 4664 4711 4712
f 4664 4712 4665
f 4665 4712 4713
f 4665 4713 4666
f 4666 4713 4714
f 4666 4714 4667
f 4667 4714 4715
f 4667 4715 4668
f 4668 4715 4716
f 4668 4716 4669
f 4669 4716 4717
f 4669 4717 4670
f 4670 4717 4718
f 4670 4718 4671
f 4671 4718 4719
f 4671 4719 4672
f 4672 4719 4720
f 4672 4720 4673
f 4673 4720 4721
f 4673 4721 4674
f 4674 4721 4722
f 4674 4722 4675
f 4675 4722 4723
f 4675 4723 4676
f 4676 4723 4724
f 4676 4724 4677
f 4677 4724 4725
f 4677 4725 4678
f 4678 4725 4726
f 4678 4726 4679
f 4679 4726 4727
f 4679 4727 4680
f 4680 4727 4728
f 4680 4728 4681
f 4681 4728 4729
f 4681 4729 4682
f 4682 4729 4730
f 4682 4730 4683
f 4683 4730 4731
f 4683 4731 4684
f 4684 4731 4732
f 4684 4732 4685
f 4685 4732 4733
f 4685 4733 4686
f 4686 4733 4734
f 4686 4734 4687
f 4687 4734 4735
f 4687 4735 4688
f 4688 4735 4736
f 4688 4736 4689
f 4689 4736 4737
f 4689 4737 4690
f 4690 4737 4738
f 4690 4738 4691
f 4691 4738 4739
f 4691 4739 4692
f 4692 4739 4740
f 4692 4740 4693
f 4693 4740 4741
f 4693 4741 4694
f 4694 4741 4742
f 4694 4742 4695
f 4695 4742 4743
f 4695 4743 4696
f 4696 4743 4744
f 4696 4744 4697
f 4697 4744 4745
f 4697 4745 4698
f 4698 4745 4746
f 4698 4746 4699
f 4699 4746 4747
f 4699 4747 4700
f 4700 4747 4748
f 4700 4748 4701
f 4701 4748 4749
f 4701 4749 4702
f 4702 4749 4750
f 4702 4750 4703
f 4703 4750 4751
f 4703 4751 4704
f 4704 4751 4752
f 4704 4752 4657
f 4657 4752 4705
f 4705 4753 4706
f 4706 4753 4754
f 4706 4754 4707
f 4707 4754 4755
f 4707 4755 4708
f 4708 4755 4756
f 4708 4756 4709
f 4709 4756 4757
f 4709 4757 4710
f 4710 4757 4758
f 4710 4758 4711
f 4711 4758 4759
f 4711 4759 4712
f 4712 4759 4760
f 4712 4760 4713
f 4713 4760 4761
f 4713 4761 4714
f 4714 4761 4762
f 4714 4762 4715
f 4715 4762 4763
f 4715 4763 4716
f 4716 4763 4764
f 4716 4764 4717
f 4717 4764 4765
f 4717 4765 4718
f 4718 4765 4766
f 4718 4766 4719
f 4719 4766 4767
f 4719 4767 4720
f 4720 4767 4768
f 4720 4768 4721
f 4721 4768 4769
f 4721 4769 4722
f 4722 4769 4770
f 4722 4770 4723
f 4723 4770 4771
f 4723 4771 4724
f 4724 4771 4772
f 4724 4772 4725
f 4725 4772 4773
f 4725 4773 4726
f 4726 4773 4774
f 4726 4774 4727
f 4727 4774 4775
f 4727 4775 4728
f 4728 4775 4776
f 4728 4776 4729
f 4729 4776 4777
f 4729 4777 4730
f 4730 4777 4778
f 4730 4778 4731
f 4731 4778 4779
f 4731 4779 4732
f 4732 4779 4780
f 4732 4780 4733
f 4733 4780 4781
f 4733 4781 4734
f 4734 4781 4782
f 4734 4782 4735
f 4735 4782 4783
f 4735 4783 4736
f 4736 4783 4784
f 4736 4784 4737
f 4737 4784 4785
f 4737 4785 4738
f 4738 4785 4786
f 4738 4786 4739
f 4739 4786 4787
f 4739 4787 4740
f 4740 4787 4788
f 4740 4788 4741
f 4741 4788 4789
f 4741 4789 4742
f 4742 4789 4790
f 4742 4790 4743
f 4743 4790 4791
f 4743 4791 4744
f 4744 4791 4792
f 4744 4792 4745
f 4745 4792 4793
f 4745 4793 4746
f 4746 4793 4794
f 4746 4794 4747
f 4747 4794 4795
f 4747 4795 4748
f 4748 4795 4796
f 4748 4796 4749
f 4749 4796 4797
f 4749 4797 4750
f 4750 4797 4798
f 4750 4798 4751
f 4751 4798 4799
f 4751 4799 4752
f 4752 4799 4800
f 4752 4800 4705
f 4705 4800 4753
f 4753 4801 4754
f 4754 4801 4802
f 4754 4802 4755
f 4755 4802 4803
f 4755 4803 4756
f 4756 4803 4804
f 4756 4804 4757
f 4757 4804 4805
f 4757 4805 4758
f 4758 4805 4806
f 4758 4806 4759
f 4759 4806 4807
f 4759 4807 4760
f 4760 4807 4808
f 4760 4808 4761
f 4761 4808 4809
f 4761 4809 4762
f 4762 4809 4810
f 4762 4810 4763
f 4763 4810 4811
f 4763 4811 4764
f 4764 4811 4812
f 4764 4812 4765
f 4765 4812 4813
f 4765 4813 4766
f 4766 4813 4814
f 4766 4814 4767
f 4767 4814 4815
f 4767 4815 4768
f 4768 4815 4816
f 4768 4816 4769
f 4769 4816 4817
f 4769 4817 4770
f 4770 4817 4818
f 4770 4818 4771
f 4771 4818 4819
f 4771 4819 4772
f 4772 4819 4820
f 4772 4820 4773
f 4773 4820 4821
f 4773 4821 4774
f 4774 4821 4822
f 4774 4822 4775
f 4775 4822 4823
f 4775 4823 4776
f 4776 4823 4824
f 4776 4824 4777
f 4777 4824 4825
f 4777 4825 4778
f 4778 4825 4826
f 4778 4826 4779
f 4779 4826 4827
f 4779 4827 4780
f 4780 4827 4828
f 4780 4828 4781
f 4781 4828 4829
f 4781 4829 4782
f 4782 4829 4830
f 4782 4830 4783
f 4783 4830 4831
f 4783 4831 4784
f 4784 4831 4832
f 4784 4832 4785
f 4785 4832 4833
f 4785 4833 4786
f 4786 4833 4834
f 4786 4834 4787
f 4787 4834 4835
f 4787 4835 4788
f 4788 4835 4836
f 4788 4836 4789
f 4789 4836 4837
f 4789 4837 4790
f 4790 4837 4838
f 4790 4838 4791
f 4791 4838 4839
f 4791 4839 4792
f 4792 4839 4840
f 4792 4840 4793
f 4793 4840 4841
f 4793 4841 4794
f 4794 4841 4842
f 4794 4842 4795
f 4795 4842 4843
f 4795 4843 4796
f 4796 4843 4844
f 4796 4844 4797
f 4797 4844 4845
f 4797 4845 4798
f 4798 4845 4846
f 4798 4846 4799
f 4799 4846 4847
f 4799 4847 4800
f 4800 4847 4848
f 4800 4848 4753
f 4753 4848 4801
f 4801 4849 4802
f 4802 4849 4850
f 4802 4850 4803
f 4803 4850 4851
f 4803 4851 4804
f 4804 4851 4852
f 4804 4852 4805
f 4805 4852 4853
f 4805 4853 4806
f 4806 4853 4854
f 4806 4854 4807
f 4807 4854 4855
f 4807 4855 4808
f 4808 4855 4856
f 4808 4856 4809
f 4809 4856 4857
f 4809 4857 4810
f 4810 4857 4858
f 4810 4858 4811
f 4811 4858 4859
f 4811 4859 4812
f 4812 4859 4860
f 4812 4860 4813
f 4813 4860 4861
f 4813 4861 4814
f 4814 4861 4862
f 4814 4862 4815
f 4815 4862 4863
f 4815 4863 4816
f 4816 4863 4864
f 4816 4864 4817
f 4817 4864 4865
f 4817 4865 4818
f 4818 4865 4866
f 4818 4866 4819
f 4819 4866 4867
f 4819 4867 4820
f 4820 4867 4868
f 4820 4868 4821
f 4821 4868 4869
f 4821 4869 4822
f 4822 4869 4870
f 4822 4870 4823
f 4823 4870 4871
f 4823 4871 4824
f 4824 4871 4872
f 4824 4872 4825
f 4825 4872 4873
f 4825 4873 4826
f 4826 4873 4874
f 4826 4874 4827
f 4827 4874 4875
f 4827 4875 4828
f 4828 4875 4876
f 4828 4876 4829
f 4829 4876 4877
f 4829 4877 4830
f 4830 4877 4878
f 4830 4878 4831
f 4831 4878 4879
f 4831 4879 4832
f 4832 4879 4880
f 4832 4880 4833
f 4833 4880 4881
f 4833 4881 4834
f 4834 4881 4882
f 4834 4882 4835
f 4835 4882 4883
f 4835 4883 4836
f 4836 4883 4884
f 4836 4884 4837
f 4837 4884 4885
f 4837 4885 4838
f 4838 4885 4886
f 4838 4886 4839
f 4839 4886 4887
f 4839 4887 4840
f 4840 4887 4888
f 4840 4888 4841
f 4841 4888 4889
f 4841 4889 4842
f 4842 4889 4890
f 4842 4890 4843
f 4843 4890 4891
f 4843 4891 4844
f 4844 4891 4892
f 4844 4892 4845
f 4845 4892 4893
f 4845 4893 4846
f 4846 4893 4894
f 4846 4894 4847
f 4847 4894 4895
f 4847 4895 4848
f 4848 4895 4896
f 4848 4896 4801
f 4801 4896 4849
f 4849 4897 4850
f 4850 4897 4898
f 4850 4898 4851
f 4851 4898 4899
f 4851 4899 4852
f 4852 4899 4900
f 4852 4900 4853
f 4853 4900 4901
f 4853 4901 4854
f 4854 4901 4902
f 4854 4902 4855
f 4855 4902 4903
f 4855 4903 4856
f 4856 4903 4904
f 4856 4904 4857
f 4857 4904 4905
f 4857 4905 4858
f 4858 4905 4906
f 4858 4906 4859
f 4859 4906 4907
f 4859 4907 4860
f 4860 4907 4908
f 4860 4908 4861
f 4861 4908 4909
f 4861 4909 4862
f 4862 4909 4910
f 4862 4910 4863
f 4863 4910 4911
f 4863 4911 4864
f 4864 4911 4912
f 4864 4912 4865
f 4865 4912 4913
f 4865 4913 4866
f 4866 4913 4914
f 4866 4914 4867
f 4867 4914 4915
f 4867 4915 4868
f 4868 4915 4916
f 4868 4916 4869
f 4869 4916 4917
f 4869 4917 4870
f 4870 4917 4918
f 4870 4918 4871
f 4871 4918 4919
f 4871 4919 4872
f 4872 4919 4920
f 4872 4920 4873
f 4873 4920 4921
f 4873 4921 4874
f 4874 4921 4922
f 4874 4922 4875
f 4875 4922 4923
f 4875 4923 4876
f 4876 4923 4924
f 4876 4924 4877
f 4877 4924 4925
f 4877 4925 4878
f 4878 4925 4926
f 4878 4926 4879
f 4879 4926 4927
f 4879 4927 4880
f 4880 4927 4928
f 4880 4928 4881
f 4881 4928 4929
f 4881 4929 4882
f 4882 4929 4930
f 4882 4930 4883
f 4883 4930 4931
f 4883 4931 4884
f 4884 4931 4932
f 4884 4932 4885
f 4885 4932 4933
f 4885 4933 4886
f 4886 4933 4934
f 4886 4934 4887
f 4887 4934 4935
f 4887 4935 4888
f 4888 4935 4936
f 4888 4936 4889
f 4889 4936 4937
f 4889 4937 4890
f 4890 4937 4938
f 4890 4938 4891
f 4891 4938 4939
f 4891 4939 4892
f 4892 4939 4940
f 4892 4940 4893
f 4893 4940 4941
f 4893 4941 4894
f 4894 4941 4942
f 4894 4942 4895
f 4895 4942 4943
f 4895 4943 4896
f 4896 4943 4944
f 4896 4944 4849
f 4849 4944 4897
f 4897 4945 4898
f 4898 4945 4946
f 4898 4946 4899
f 4899 4946 4947
f 4899 4947 4900
f 4900 4947 4948
f 4900 4948 4901
f 4901 4948 4949
f 4901 4949 4902
f 4902 4949 4950
f 4902 4950 4903
f 4903 4950 4951
f 4903 4951 4904
f 4904 4951 4952
f 4904 4952 4905
f 4905 4952 4953
f 4905 4953 4906
f 4906 4953 4954
f 4906 4954 4907
f 4907 4954 4955
f 4907 4955 4908
f 4908 4955 4956
f 4908 4956 4909
f 4909 4956 4957
f 4909 4957 4910
f 4910 4957 4958
f 4910 4958 4911
f 4911 4958 4959
f 4911 4959 4912
f 4912 4959 4960
f 4912 4960 4913
f 4913 4960 4961
f 4913 4961 4914
f 4914 4961 4962
f 4914 4962 4915
f 4915 4962 4963
f 4915 4963 4916
f 4916 4963 4964
f 4916 4964 4917
f 4917 4964 4965
f 4917 4965 4918
f 4918 4965 4966
f 4918 4966 4919
f 4919 4966 4967
f 4919 4967 4920
f 4920 4967 4968
f 4920 4968 4921
f 4921 4968 4969
f 4921 4969 4922
f 4922 4969 4970
f 4922 4970 4923
f 4923 4970 4971
f 4923 4971 4924
f 4924 4971 4972
f 4924 4972 4925
f 4925 4972 4973
f 4925 4973 4926
f 4926 4973 4974
f 4926 4974 4927
f 4927 4974 4975
f 4927 4975 4928
f 4928 4975 4976
f 4928 4976 4929
f 4929 4976 4977
f 4929 4977 4930
f 4930 4977 4978
f 4930 4978 4931
f 4931 4978 4979
f 4931 4979 4932
f 4932 4979 4980
f 4932 4980 4933
f 4933 4980 4981
f 4933 4981 4934
f 4934 4981 4982
f 4934 4982 4935
f 4935 4982 4983
f 4935 4983 4936
f 4936 4983 4984
f 4936 4984 4937
f 4937 4984 4985
f 4937 4985 4938
f 4938 4985 4986
f 4938 4986 4939
f 4939 4986 4987
f 4939 4987 4940
f 4940 4987 4988
f 4940 4988 4941
f 4941 4988 4989
f 4941 4989 4942
f 4942 4989 4990
f 4942 4990 4943
f 4943 4990 4991
f 4943 4991 4944
f 4944 4991 4992
f 4944 4992 4897
f 4897 4992 4945
f 4945 4993 4946
f 4946 4993 4994
f 4946 4994 4947
f 4947 4994 4995
f 4947 4995 4948
f 4948 4995 4996
f 4948 4996 4949
f 4949 4996 4997
f 4949 4997 4950
f 4950 4997 4998
f 4950 4998 4951
f 4951 4998 4999
f 4951 4999 4952
f 4952 4999 5000
f 4952 5000 4953
f 4953 5000 5001
f 4953 5001 4954
f 4954 5001 5002
f 4954 5002 4955
f 4955 5002 5003
f 4955 5003 4956
f 4956 5003 5004
f 4956 5004 4957
f 4957 5004 5005
f 4957 5005 4958
f 4958 5005 5006
f 4958 5006 4959
f 4959 5006 5007
f 4959 5007 4960
f 4960 5007 5008
f 4960 5008 4961
f 4961 5008 5009
f 4961 5009 4962
f 4962 5009 5010
f 4962 5010 4963
f 4963 5010 5011
f 4963 5011 4964
f 4964 5011 5012
f 4964 5012 4965
f 4965 5012 5013
f 4965 5013 4966
f 4966 5013 5014
f 4966 5014 4967
f 4967 5014 5015
f 4967 5015 4968
f 4968 5015 5016
f 4968 5016 4969
f 4969 5016 5017
f 4969 5017 4970
f 4970 5017 5018
f 4970 5018 4971
f 4971 5018 5019
f 4971 5019 4972
f 4972 5019 5020
f 4972 5020 4973
f 4973 5020 5021
f 4973 5021 4974
f 4974 5021 5022
f 4974 5022 4975
f 4975 5022 5023
f 4975 5023 4976
f 4976 5023 5024
f 4976 5024 4977
f 4977 5024 5025
f 4977 5025 4978
f 4978 5025 5026
f 4978 5026 4979
f 4979 5026 5027
f 4979 5027 4980
f 4980 5027 5028
f 4980 5028 4981
f 4981 5028 5029
f 4981 5029 4982
f 4982 5029 5030
f 4982 5030 4983
f 4983 5030 5031
f 4983 5031 4984
f 4984 5031 5032
f 4984 5032 4985
f 4985 5032 5033
f 4985 5033 4986
f 4986 5033 5034
f 4986 5034 4987
f 4987 5034 5035
f 4987 5035 4988
f 4988 5035 5036
f 4988 5036 4989
f 4989 5036 5037
f 4989 5037 4990
f 4990 5037 5038
f 4990 5038 4991
f 4991 5038 5039
f 4991 5039 4992
f 4992 5039 5040
f 4992 5040 4945
f 4945 5040 4993
f 4993 5041 4994
f 4994 5041 5042
f 4994 5042 4995
f 4995 5042 5043
f 4995 5043 4996
f 4996 5043 5044
f 4996 5044 4997
f 4997 5044 5045
f 4997 5045 4998
f 4998 5045 5046
f 4998 5046 4999
f 4999 5046 5047
f 4999 5047 5000
f 5000 5047 5048
f 5000 5048 5001
f 5001 5048 5049
f 5001 5049 5002
f 5002 5049 5050
f 5002 5050 5003
f 5003 5050 5051
f 5003 5051 5004
f 5004 5051 5052
f 5004 5052 5005
f 5005 5052 5053
f 5005 5053 5006
f 5006 5053 5054
f 5006 5054 5007
f 5007 5054 5055
f 5007 5055 5008
f 5008 5055 5056
f 5008 5056 5009
f 5009 5056 5057
f 5009 5057 5010
f 5010 5057 5058
f 5010 5058 5011
f 5011 5058 5059
f 5011 5059 5012
f 5012 5059 5060
f 5012 5060 5013
f 5013 5060 5061
f 5013 5061 5014
f 5014 5061 5062
f 5014 5062 5015
f 5015 5062 5063
f 5015 5063 5016
f 5016 5063 5064
f 5016 5064 5017
f 5017 5064 5065
f 5017 5065 5018
f 5018 5065 5066
f 5018 5066 5019
f 5019 5066 5067
f 5019 5067 5020
f 5020 5067 5068
f 5020 5068 5021
f 5021 5068 5069
f 5021 5069 5022
f 5022 5069 5070
f 5022 5070 5023
f 5023 5070 5071
f 5023 5071 5024
f 5024 5071 5072
f 5024 5072 5025
f 5025 5072 5073
f 5025 5073 5026
f 5026 5073 5074
f 5026 5074 5027
f 5027 5074 5075
f 5027 5075 5028
f 5028 5075 5076
f 5028 5076 5029
f 5029 5076 5077
f 5029 5077 5030
f 5030 5077 5078
f 5030 5078 5031
f 5031 5078 5079
f 5031 5079 5032
f 5032 5079 5080
f 5032 5080 5033
f 5033 5080 5081
f 5033 5081 5034
f 5034 5081 5082
f 5034 5082 5035
f 5035 5082 5083
f 5035 5083 5036
f 5036 5083 5084
f 5036 5084 5037
f 5037 5084 5085
f 5037 5085 5038
f 5038 5085 5086
f 5038 5086 5039
f 5039 5086 5087
f 5039 5087 5040
f 5040 5087 5088
f 5040 5088 4993
f 4993 5088 5041
f 5041 5089 5042
f 5042 5089 5090
f 5042 5090 5043
f 5043 5090 5091
f 5043 5091 5044
f 5044 5091 5092
f 5044 5092 5045
f 5045 5092 5093
f 5045 5093 5046
f 5046 5093 5094
f 5046 5094 5047
f 5047 5094 5095
f 5047 5095 5048
f 5048 5095 5096
f 5048 5096 5049
f 5049 5096 5097
f 5049 5097 5050
f 5050 5097 5098
f 5050 5098 5051
f 5051 5098 5099
f 5051 5099 5052
f 5052 5099 5100
f 5052 5100 5053
f 5053 5100 5101
f 5053 5101 5054
f 5054 5101 5102
f 5054 5102 5055
f 5055 5102 5103
f 5055 5103 5056
f 5056 5103 5104
f 5056 5104 5057
f 5057 5104 5105
f 5057 5105 5058
f 5058 5105 5106
f 5058 5106 5059
f 5059 5106 5107
f 5059 5107 5060
f 5060 5107 5108
f 5060 5108 5061
f 5061 5108 5109
f 5061 5109 5062
f 5062 5109 5110
f 5062 5110 5063
f 5063 5110 5111
f 5063 5111 5064
f 5064 5111 5112
f 5064 5112 5065
f 5065 5112 5113
f 5065 5113 5066
f 5066 5113 5114
f 5066 5114 5067
f 5067 5114 5115
f 5067 5115 5068
f 5068 5115 5116
f 5068 5116 5069
f 5069 5116 5117
f 5069 5117 5070
f 5070 5117 5118
f 5070 5118 5071
f 5071 5118 5119
f 5071 5119 5072
f 5072 5119 5120
f 5072 5120 5073
f 5073 5120 5121
f 5073 5121 5074
f 5074 5121 5122
f 5074 5122 5075
f 5075 5122 5123
f 5075 5123 5076
f 5076 5123 5124
f 5076 5124 5077
f 5077 5124 5125
f 5077 5125 5078
f 5078 5125 5126
f 5078 5126 5079
f 5079 5126 5127
f 5079 5127 5080
f 5080 5127 5128
f 5080 5128 5081
f 5081 5128 5129
f 5081 5129 5082
f 5082 5129 5130
f 5082 5130 5083
f 5083 5130 5131
f 5083 5131 5084
f 5084 5131 5132
f 5084 5132 5085
f 5085 5132 5133
f 5085 5133 5086
f 5086 5133 5134
f 5086 5134 5087
f 5087 5134 5135
f 5087 5135 5088
f 5088 5135 5136
f 5088 5136 5041
f 5041 5136 5089
f 5089 5137 5090
f 5090 5137 5138
f 5090 5138 5091
f 5091 5138 5139
f 5091 5139 5092
f 5092 5139 5140
f 5092 5140 5093
f 5093 5140 5141
f 5093 5141 5094
f 5094 5141 5142
f 5094 5142 5095
f 5095 5142 5143
f 5095 5143 5096
f 5096 5143 5144
f 5096 5144 5097
f 5097 5144 5145
f 5097 5145 5098
f 5098 5145 5146
f 5098 5146 5099
f 5099 5146 5147
f 5099 5147 5100
f 5100 5147 5148
f 5100 5148 5101
f 5101 5148 5149
f 5101 5149 5102
f 5102 5149 5150
f 5102 5150 5103
f 5103 5150 5151
f 5103 5151 5104
f 5104 5151 5152
f 5104 5152 5105
f 5105 5152 5153
f 5105 5153 5106
f 5106 5153 5154
f 5106 5154 5107
f 5107 5154 5155
f 5107 5155 5108
f 5108 5155 5156
f 5108 5156 5109
f 5109 5156 5157
f 5109 5157 5110
f 5110 5157 5158
f 5110 5158 5111
f 5111 5158 5159
f 5111 5159 5112
f 5112 5159 5160
f 5112 5160 5113
f 5113 5160 5161
f 5113 5161 5114
f 5114 5161 5162
f 5114 5162 5115
f 5115 5162 5163
f 5115 5163 5116
f 5116 5163 5164
f 5116 5164 5117
f 5117 5164 5165
f 5117 5165 5118
f 5118 5165 5166
f 5118 5166 5119
f 5119 5166 5167
f 5119 5167 5120
f 5120 5167 5168
f 5120 5168 5121
f 5121 5168 5169
f 5121 5169 5122
f 5122 5169 5170
f 5122 5170 5123
f 5123 5170 5171
f 5123 5171 5124
f 5124 5171 5172
f 5124 5172 5125
f 5125 5172 5173
f 5125 5173 5126
f 5126 5173 5174
f 5126 5174 5127
f 5127 5174 5175
f 5127 5175 5128
f 5128 5175 5176
f 5128 5176 5129
f 5129 5176 5177
f 5129 5177 5130
f 5130 5177 5178
f 5130 5178 5131
f 5131 5178 5179
f 5131 5179 5132
f 5132 5179 5180
f 5132 5180 5133
f 5133 5180 5181
f 5133 5181 5134
f 5134 5181 5182
f 5134 5182 5135
f 5135 5182 5183
f 5135 5183 5136
f 5136 5183 5184
f 5136 5184 5089
f 5089 5184 5137
f 5137 5185 5138
f 5138 5185 5186
f 5138 5186 5139
f 5139 5186 5187
f 5139 5187 5140
f 5140 5187 5188
f 5140 5188 5141
f 5141 5188 5189
f 5141 5189 5142
f 5142 5189 5190
f 5142 5190 5143
f 5143 5190 5191
f 5143 5191 5144
f 5144 5191 5192
f 5144 5192 5145
f 5145 5192 5193
f 5145 5193 5146
f 5146 5193 5194
f 5146 5194 5147
f 5147 5194 5195
f 5147 5195 5148
f 5148 5195 5196
f 5148 5196 5149
f 5149 5196 5197
f 5149 5197 5150
f 5150 5197 5198
f 5150 5198 5151
f 5151 5198 5199
f 5151 5199 5152
f 5152 5199 5200
f 5152 5200 5153
f 5153 5200 5201
f 5153 5201 5154
f 5154 5201 5202
f 5154 5202 5155
f 5155 5202 5203
f 5155 5203 5156
f 5156 5203 5204
f 5156 5204 5157
f 5157 5204 5205
f 5157 5205 5158
f 5158 5205 5206
f 5158 5206 5159
f 5159 5206 5207
f 5159 5207 5160
f 5160 5207 5208
f 5160 5208 5161
f 5161 5208 5209
f 5161 5209 5162
f 5162 5209 5210
f 5162 5210 5163
f 5163 5210 5211
f 5163 5211 5164
f 5164 5211 5212
f 5164 5212 5165
f 5165 5212 5213
f 5165 5213 5166
f 5166 5213 5214
f 5166 5214 5167
f 5167 5214 5215
f 5167 5215 5168
f 5168 5215 5216
f 5168 5216 5169
f 5169 5216 5217
f 5169 5217 5170
f 5170 5217 5218
f 5170 5218 5171
f 5171 5218 5219
f 5171 5219 5172
f 5172 5219 5220
f 5172 5220 5173
f 5173 5220 5221
f 5173 5221 5174
f 5174 5221 5222
f 5174 5222 5175
f 5175 5222 5223
f 5175 5223 5176
f 5176 5223 5224
f 5176 5224 5177
f 5177 5224 5225
f 5177 5225 5178
f 5178 5225 5226
f 5178 5226 5179
f 5179 5226 5227
f 5179 5227 5180
f 5180 5227 5228
f 5180 5228 5181
f 5181 5228 5229
f 5181 5229 5182
f 5182 5229 5230
f 5182 5230 5183
f 5183 5230 5231
f 5183 5231 5184
f 5184 5231 5232
f 5184 5232 5137
f 5137 5232 5185
f 5185 5233 5186
f 5186 5233 5234
f 5186 5234 5187
f 5187 5234 5235
f 5187 5235 5188
f 5188 5235 5236
f 5188 5236 5189
f 5189 5236 5237
f 5189 5237 5190
f 5190 5237 5238
f 5190 5238 5191
f 5191 5238 5239
f 5191 5239 5192
f 5192 5239 5240
f 5192 5240 5193
f 5193 5240 5241
f 5193 5241 5194
f 5194 5241 5242
f 5194 5242 5195
f 5195 5242 5243
f 5195 5243 5196
f 5196 5243 5244
f 5196 5244 5197
f 5197 5244 5245
f 5197 5245 5198
f 5198 5245 5246
f 5198 5246 5199
f 5199 5246 5247
f 5199 5247 5200
f 5200 5247 5248
f 5200 5248 5201
f 5201 5248 5249
f 5201 5249 5202
f 5202 5249 5250
f 5202 5250 5203
f 5203 5250 5251
f 5203 5251 5204
f 5204 5251 5252
f 5204 5252 5205
f 5205 5252 5253
f 5205 5253 5206
f 5206 5253 5254
f 5206 5254 5207
f 5207 5254 5255
f 5207 5255 5208
f 5208 5255 5256
f 5208 5256 5209
f 5209 5256 5257
f 5209 5257 5210
f 5210 5257 5258
f 5210 5258 5211
f 5211 5258 5259
f 5211 5259 5212
f 5212 5259 5260
f 5212 5260 5213
f 5213 5260 5261
f 5213 5261 5214
f 5214 5261 5262
f 5214 5262 5215
f 5215 5262 5263
f 5215 5263 5216
f 5216 5263 5264
f 5216 5264 5217
f 5217 5264 5265
f 5217 5265 5218
f 5218 5265 5266
f 5218 5266 5219
f 5219 5266 5267
f 5219 5267 5220
f 5220 5267 5268
f 5220 5268 5221
f 5221 5268 5269
f 5221 5269 5222
f 5222 5269 5270
f 5222 5270 5223
f 5223 5270 5271
f 5223 5271 5224
f 5224 5271 5272
f 5224 5272 5225
f 5225 5272 5273
f 5225 5273 5226
f 5226 5273 5274
f 5226 5274 5227
f 5227 5274 5275
f 5227 5275 5228
f 5228 5275 5276
f 5228 5276 5229
f 5229 5276 5277
f 5229 5277 5230
f 5230 5277 5278
f 5230 5278 5231
f 5231 5278 5279
f 5231 5279 5232
f 5232 5279 5280
f 5232 5280 5185
f 5185 5280 5233
f 5233 5281 5234
f 5234 5281 5282
f 5234 5282 5235
f 5235 5282 5283
f 5235 5283 5236
f 5236 5283 5284
f 5236 5284 5237
f 5237 5284 5285
f 5237 5285 5238
f 5238 5285 5286
f 5238 5286 5239
f 5239 5286 5287
f 5239 5287 5240
f 5240 5287 5288
f 5240 5288 5241
f 5241 5288 5289
f 5241 5289 5242
f 5242 5289 5290
f 5242 5290 5243
f 5243 5290 5291
f 5243 5291 5244
f 5244 5291 5292
f 5244 5292 5245
f 5245 5292 5293
f 5245 5293 5246
f 5246 5293 5294
f 5246 5294 5247
f 5247 5294 5295
f 5247 5295 5248
f 5248 5295 5296
f 5248 5296 5249
f 5249 5296 5297
f 5249 5297 5250
f 5250 5297 5298
f 5250 5298 5251
f 5251 5298 5299
f 5251 5299 5252
f 5252 5299 5300
f 5252 5300 5253
f 5253 5300 5301
f 5253 5301 5254
f 5254 5301 5302
f 5254 5302 5255
f 5255 5302 5303
f 5255 5303 5256
f 5256 5303 5304
f 5256 5304 5257
f 5257 5304 5305
f 5257 5305 5258
f 5258 5305 5306
f 5258 5306 5259
f 5259 5306 5307
f 5259 5307 5260
f 5260 5307 5308
f 5260 5308 5261
f 5261 5308 5309
f 5261 5309 5262
f 5262 5309 5310
f 5262 5310 5263
f 5263 5310 5311
f 5263 5311 5264
f 5264 5311 5312
f 5264 5312 5265
f 5265 5312 5313
f 5265 5313 5266
f 5266 5313 5314
f 5266 5314 5267
f 5267 5314 5315
f 5267 5315 5268
f 5268 5315 5316
f 5268 5316 5269
f 5269 5316 5317
f 5269 5317 5270
f 5270 5317 5318
f 5270 5318 5271
f 5271 5318 5319
f 5271 5319 5272
f 5272 5319 5320
f 5272 5320 5273
f 5273 5320 5321
f 5273 5321 5274
f 5274 5321 5322
f 5274 5322 5275
f 5275 5322 5323
f 5275 5323 5276
f 5276 5323 5324
f 5276 5324 5277
f 5277 5324 5325
f 5277 5325 5278
f 5278 5325 5326
f 5278 5326 5279
f 5279 5326 5327
f 5279 5327 5280
f 5280 5327 5328
f 5280 5328 5233
f 5233 5328 5281
f 5281 5329 5282
f 5282 5329 5330
f 5282 5330 5283
f 5283 5330 5331
f 5283 5331 5284
f 5284 5331 5332
f 5284 5332 5285
f 5285 5332 5333
f 5285 5333 5286
f 5286 5333 5334
f 5286 5334 5287
f 5287 5334 5335
f 5287 5335 5288
f 5288 5335 5336
f 5288 5336 5289
f 5289 5336 5337
f 5289 5337 5290
f 5290 5337 5338
f 5290 5338 5291
f 5291 5338 5339
f 5291 5339 5292
f 5292 5339 5340
f 5292 5340 5293
f 5293 5340 5341
f 5293 5341 5294
f 5294 5341 5342
f 5294 5342 5295
f 5295 5342 5343
f 5295 5343 5296
f 5296 5343 5344
f 5296 5344 5297
f 5297 5344 5345
f 5297 5345 5298
f 5298 5345 5346
f 5298 5346 5299
f 5299 5346 5347
f 5299 5347 5300
f 5300 5347 5348
f 5300 5348 5301
f 5301 5348 5349
f 5301 5349 5302
f 5302 5349 5350
f 5302 5350 5303
f 5303 5350 5351
f 5303 5351 5304
f 5304 5351 5352
f 5304 5352 5305
f 5305 5352 5353
f 5305 5353 5306
f 5306 5353 5354
f 5306 5354 5307
f 5307 5354 5355
f 5307 5355 5308
f 5308 5355 5356
f 5308 5356 5309
f 5309 5356 5357
f 5309 5357 5310
f 5310 5357 5358
f 5310 5358 5311
f 5311 5358 5359
f 5311 5359 5312
f 5312 5359 5360
f 5312 5360 5313
f 5313 5360 5361
f 5313 5361 5314
f 5314 5361 5362
f 5314 5362 5315
f 5315 5362 5363
f 5315 5363 5316
f 5316 5363 5364
f 5316 5364 5317
f 5317 5364 5365
f 5317 5365 5318
f 5318 5365 5366
f 5318 5366 5319
f 5319 5366 5367
f 5319 5367 5320
f 5320 5367 5368
f 5320 5368 5321
f 5321 5368 5369
f 5321 5369 5322
f 5322 5369 5370
f 5322 5370 5323
f 5323 5370 5371
f 5323 5371 5324
f 5324 5371 5372
f 5324 5372 5325
f 5325 5372 5373
f 5325 5373 5326
f 5326 5373 5374
f 5326 5374 5327
f 5327 5374 5375
f 5327 5375 5328
f 5328 5375 5376
f 5328 5376 5281
f 5281 5376 5329
f 5329 5377 5330
f 5330 5377 5378
f 5330 5378 5331
f 5331 5378 5379
f 5331 5379 5332
f 5332 5379 5380
f 5332 5380 5333
f 5333 5380 5381
f 5333 5381 5334
f 5334 5381 5382
f 5334 5382 5335
f 5335 5382 5383
f 5335 5383 5336
f 5336 5383 5384
f 5336 5384 5337
f 5337 5384 5385
f 5337 5385 5338
f 5338 5385 5386
f 5338 5386 5339
f 5339 5386 5387
f 5339 5387 5340
f 5340 5387 5388
f 5340 5388 5341
f 5341 5388 5389
f 5341 5389 5342
f 5342 5389 5390
f 5342 5390 5343
f 5343 5390 5391
f 5343 5391 5344
f 5344 5391 5392
f 5344 5392 5345
f 5345 5392 5393
f 5345 5393 5346
f 5346 5393 5394
f 5346 5394 5347
f 5347 5394 5395
f 5347 5395 5348
f 5348 5395 5396
f 5348 5396 5349
f 5349 5396 5397
f 5349 5397 5350
f 5350 5397 5398
f 5350 5398 5351
f 5351 5398 5399
f 5351 5399 5352
f 5352 5399 5400
f 5352 5400 5353
f 5353 5400 5401
f 5353 5401 5354
f 5354 5401 5402
f 5354 5402 5355
f 5355 5402 5403
f 5355 5403 5356
f 5356 5403 5404
f 5356 5404 5357
f 5357 5404 5405
f 5357 5405 5358
f 5358 5405 5406
f 5358 5406 5359
f 5359 5406 5407
f 5359 5407 5360
f 5360 5407 5408
f 5360 5408 5361
f 5361 5408 5409
f 5361 5409 5362
f 5362 5409 5410
f 5362 5410 5363
f 5363 5410 5411
f 5363 5411 5364
f 5364 5411 5412
f 5364 5412 5365
f 5365 5412 5413
f 5365 5413 5366
f 5366 5413 5414
f 5366 5414 5367
f 5367 5414 5415
f 5367 5415 5368
f 5368 5415 5416
f 5368 5416 5369
f 5369 5416 5417
f 5369 5417 5370
f 5370 5417 5418
f 5370 5418 5371
f 5371 5418 5419
f 5371 5419 5372
f 5372 5419 5420
f 5372 5420 5373
f 5373 5420 5421
f 5373 5421 5374
f 5374 5421 5422
f 5374 5422 5375
f 5375 5422 5423
f 5375 5423 5376
f 5376 5423 5424
f 5376 5424 5329
f 5329 5424 5377
f 5377 5425 5378
f 5378 5425 5426
f 5378 5426 5379
f 5379 5426 5427
f 5379 5427 5380
f 5380 5427 5428
f 5380 5428 5381
f 5381 5428 5429
f 5381 5429 5382
f 5382 5429 5430
f 5382 5430 5383
f 5383 5430 5431
f 5383 5431 5384
f 5384 5431 5432
f 5384 5432 5385
f 5385 5432 5433
f 5385 5433 5386
f 5386 5433 5434
f 5386 5434 5387
f 5387 5434 5435
f 5387 5435 5388
f 5388 5435 5436
f 5388 5436 5389
f 5389 5436 5437
f 5389 5437 5390
f 5390 5437 5438
f 5390 5438 5391
f 5391 5438 5439
f 5391 5439 5392
f 5392 5439 5440
f 5392 5440 5393
f 5393 5440 5441
f 5393 5441 5394
f 5394 5441 5442
f 5394 5442 5395
f 5395 5442 5443
f 5395 5443 5396
f 5396 5443 5444
f 5396 5444 5397
f 5397 5444 5445
f 5397 5445 5398
f 5398 5445 5446
f 5398 5446 5399
f 5399 5446 5447
f 5399 5447 5400
f 5400 5447 5448
f 5400 5448 5401
f 5401 5448 5449
f 5401 5449 5402
f 5402 5449 5450
f 5402 5450 5403
f 5403 5450 5451
f 5403 5451 5404
f 5404 5451 5452
f 5404 5452 5405
f 5405 5452 5453
f 5405 5453 5406
f 5406 5453 5454
f 5406 5454 5407
f 5407 5454 5455
f 5407 5455 5408
f 5408 5455 5456
f 5408 5456 5409
f 5409 5456 5457
f 5409 5457 5410
f 5410 5457 5458
f 5410 5458 5411
f 5411 5458 5459
f 5411 5459 5412
f 5412 5459 5460
f 5412 5460 5413
f 5413 5460 5461
f 5413 5461 5414
f 5414 5461 5462
f 5414 5462 5415
f 5415 5462 5463
f 5415 5463 5416
f 5416 5463 5464
f 5416 5464 5417
f 5417 5464 5465
f 5417 5465 5418
f 5418 5465 5466
f 5418 5466 5419
f 5419 5466 5467
f 5419 5467 5420
f 5420 5467 5468
f 5420 5468 5421
f 5421 5468 5469
f 5421 5469 5422
f 5422 5469 5470
f 5422 5470 5423
f 5423 5470 5471
f 5423 5471 5424
f 5424 5471 5472
f 5424 5472 5377
f 5377 5472 5425
f 5425 5473 5426
f 5426 5473 5474
f 5426 5474 5427
f 5427 5474 5475
f 5427 5475 5428
f 5428 5475 5476
f 5428 5476 5429
f 5429 5476 5477
f 5429 5477 5430
f 5430 5477 5478
f 5430 5478 5431
f 5431 5478 5479
f 5431 5479 5432
f 5432 5479 5480
f 5432 5480 5433
f 5433 5480 5481
f 5433 5481 5434
f 5434 5481 5482
f 5434 5482 5435
f 5435 5482 5483
f 5435 5483 5436
f 5436 5483 5484
f 5436 5484 5437
f 5437 5484 5485
f 5437 5485 5438
f 5438 5485 5486
f 5438 5486 5439
f 5439 5486 5487
f 5439 5487 5440
f 5440 5487 5488
f 5440 5488 5441
f 5441 5488 5489
f 5441 5489 5442
f 5442 5489 5490
f 5442 5490 5443
f 5443 5490 5491
f 5443 5491 5444
f 5444 5491 5492
f 5444 5492 5445
f 5445 5492 5493
f 5445 5493 5446
f 5446 5493 5494
f 5446 5494 5447
f 5447 5494 5495
f 5447 5495 5448
f 5448 5495 5496
f 5448 5496 5449
f 5449 5496 5497
f 5449 5497 5450
f 5450 5497 5498
f 5450 5498 5451
f 5451 5498 5499
f 5451 5499 5452
f 5452 5499 5500
f 5452 5500 5453
f 5453 5500 5501
f 5453 5501 5454
f 5454 5501 5502
f 5454 5502 5455
f 5455 5502 5503
f 5455 5503 5456
f 5456 5503 5504
f 5456 5504 5457
f 5457 5504 5505
f 5457 5505 5458
f 5458 5505 5506
f 5458 5506 5459
f 5459 5506 5507
f 5459 5507 5460
f 5460 5507 5508
f 5460 5508 5461
f 5461 5508 5509
f 5461 5509 5462
f 5462 5509 5510
f 5462 5510 5463
f 5463 5510 5511
f 5463 5511 5464
f 5464 5511 5512
f 5464 5512 5465
f 5465 5512 5513
f 5465 5513 5466
f 5466 5513 5514
f 5466 5514 5467
f 5467 5514 5515
f 5467 5515 5468
f 5468 5515 5516
f 5468 5516 5469
f 5469 5516 5517
f 5469 5517 5470
f 5470 5517 5518
f 5470 5518 5471
f 5471 5518 5519
f 5471 5519 5472
f 5472 5519 5520
f 5472 5520 5425
f 5425 5520 5473
f 5473 5521 5474
f 5474 5521 5522
f 5474 5522 5475
f 5475 5522 5523
f 5475 5523 5476
f 5476 5523 5524
f 5476 5524 5477
f 5477 5524 5525
f 5477 5525 5478
f 5478 5525 5526
f 5478 5526 5479
f 5479 5526 5527
f 5479 5527 5480
f 5480 5527 5528
f 5480 5528 5481
f 5481 5528 5529
f 5481 5529 5482
f 5482 5529 5530
f 5482 5530 5483
f 5483 5530 5531
f 5483 5531 5484
f 5484 5531 5532
f 5484 5532 5485
f 5485 5532 5533
f 5485 5533 5486
f 5486 5533 5534
f 5486 5534 5487
f 5487 5534 5535
f 5487 5535 5488
f 5488 5535 5536
f 5488 5536 5489
f 5489 5536 5537
f 5489 5537 5490
f 5490 5537 5538
f 5490 5538 5491
f 5491 5538 5539
f 5491 5539 5492
f 5492 5539 5540
f 5492 5540 5493
f 5493 5540 5541
f 5493 5541 5494
f 5494 5541 5542
f 5494 5542 5495
f 5495 5542 5543
f 5495 5543 5496
f 5496 5543 5544
f 5496 5544 5497
f 5497 5544 5545
f 5497 5545 5498
f 5498 5545 5546
f 5498 5546 5499
f 5499 5546 5547
f 5499 5547 5500
f 5500 5547 5548
f 5500 5548 5501
f 5501 5548 5549
f 5501 5549 5502
f 5502 5549 5550
f 5502 5550 5503
f 5503 5550 5551
f 5503 5551 5504
f 5504 5551 5552
f 5504 5552 5505
f 5505 5552 5553
f 5505 5553 5506
f 5506 5553 5554
f 5506 5554 5507
f 5507 5554 5555
f 5507 5555 5508
f 5508 5555 5556
f 5508 5556 5509
f 5509 5556 5557
f 5509 5557 5510
f 5510 5557 5558
f 5510 5558 5511
f 5511 5558 5559
f 5511 5559 5512
f 5512 5559 5560
f 5512 5560 5513
f 5513 5560 5561
f 5513 5561 5514
f 5514 5561 5562
f 5514 5562 5515
f 5515 5562 5563
f 5515 5563 5516
f 5516 5563 5564
f 5516 5564 5517
f 5517 5564 5565
f 5517 5565 5518
f 5518 5565 5566
f 5518 5566 5519
f 5519 5566 5567
f 5519 5567 5520
f 5520 5567 5568
f 5520 5568 5473
f 5473 5568 5521
f 5521 5569 5522
f 5522 5569 5570
f 5522 5570 5523
f 5523 5570 5571
f 5523 5571 5524
f 5524 5571 5572
f 5524 5572 5525
f 5525 5572 5573
f 5525 5573 5526
f 5526 5573 5574
f 5526 5574 5527
f 5527 5574 5575
f 5527 5575 5528
f 5528 5575 5576
f 5528 5576 5529
f 5529 5576 5577
f 5529 5577 5530
f 5530 5577 5578
f 5530 5578 5531
f 5531 5578 5579
f 5531 5579 5532
f 5532 5579 5580
f 5532 5580 5533
f 5533 5580 5581
f 5533 5581 5534
f 5534 5581 5582
f 5534 5582 5535
f 5535 5582 5583
f 5535 5583 5536
f 5536 5583 5584
f 5536 5584 5537
f 5537 5584 5585
f 5537 5585 5538
f 5538 5585 5586
f 5538 5586 5539
f 5539 5586 5587
f 5539 5587 5540
f 5540 5587 5588
f 5540 5588 5541
f 5541 5588 5589
f 5541 5589 5542
f 5542 5589 5590
f 5542 5590 5543
f 5543 5590 5591
f 5543 5591 5544
f 5544 5591 5592
f 5544 5592 5545
f 5545 5592 5593
f 5545 5593 5546
f 5546 5593 5594
f 5546 5594 5547
f 5547 5594 5595
f 5547 5595 5548
f 5548 5595 5596
f 5548 5596 5549
f 5549 5596 5597
f 5549 5597 5550
f 5550 5597 5598
f 5550 5598 5551
f 5551 5598 5599
f 5551 5599 5552
f 5552 5599 5600
f 5552 5600 5553
f 5553 5600 5601
f 5553 5601 5554
f 5554 5601 5602
f 5554 5602 5555
f 5555 5602 5603
f 5555 5603 5556
f 5556 5603 5604
f 5556 5604 5557
f 5557 5604 5605
f 5557 5605 5558
f 5558 5605 5606
f 5558 5606 5559
f 5559 5606 5607
f 5559 5607 5560
f 5560 5607 5608
f 5560 5608 5561
f 5561 5608 5609
f 5561 5609 5562
f 5562 5609 5610
f 5562 5610 5563
f 5563 5610 5611
f 5563 5611 5564
f 5564 5611 5612
f 5564 5612 5565
f 5565 5612 5613
f 5565 5613 5566
f 5566 5613 5614
f 5566 5614 5567
f 5567 5614 5615
f 5567 5615 5568
f 5568 5615 5616
f 5568 5616 5521
f 5521 5616 5569
f 5569 5617 5570
f 5570 5617 5618
f 5570 5618 5571
f 5571 5618 5619
f 5571 5619 5572
f 5572 5619 5620
f 5572 5620 5573
f 5573 5620 5621
f 5573 5621 5574
f 5574 5621 5622
f 5574 5622 5575
f 5575 5622 5623
f 5575 5623 5576
f 5576 5623 5624
f 5576 5624 5577
f 5577 5624 5625
f 5577 5625 5578
f 5578 5625 5626
f 5578 5626 5579
f 5579 5626 5627
f 5579 5627 5580
f 5580 5627 5628
f 5580 5628 5581
f 5581 5628 5629
f 5581 5629 5582
f 5582 5629 5630
f 5582 5630 5583
f 5583 5630 5631
f 5583 5631 5584
f 5584 5631 5632
f 5584 5632 5585
f 5585 5632 5633
f 5585 5633 5586
f 5586 5633 5634
f 5586 5634 5587
f 5587 5634 5635
f 5587 5635 5588
f 5588 5635 5636
f 5588 5636 5589
f 5589 5636 5637
f 5589 5637 5590
f 5590 5637 5638
f 5590 5638 5591
f 5591 5638 5639
f 5591 5639 5592
f 5592 5639 5640
f 5592 5640 5593
f 5593 5640 5641
f 5593 5641 5594
f 5594 5641 5642
f 5594 5642 5595
f 5595 5642 5643
f 5595 5643 5596
f 5596 5643 5644
f 5596 5644 5597
f 5597 5644 5645
f 5597 5645 5598
f 5598 5645 5646
f 5598 5646 5599
f 5599 5646 5647
f 5599 5647 5600
f 5600 5647 5648
f 5600 5648 5601
f 5601 5648 5649
f 5601 5649 5602
f 5602 5649 5650
f 5602 5650 5603
f 5603 5650 5651
f 5603 5651 5604
f 5604 5651 5652
f 5604 5652 5605
f 5605 5652 5653
f 5605 5653 5606
f 5606 5653 5654
f 5606 5654 5607
f 5607 5654 5655
f 5607 5655 5608
f 5608 5655 5656
f 5608 5656 5609
f 5609 5656 5657
f 5609 5657 5610
f 5610 5657 5658
f 5610 5658 5611
f 5611 5658 5659
f 5611 5659 5612
f 5612 5659 5660
f 5612 5660 5613
f 5613 5660 5661
f 5613 5661 5614
f 5614 5661 5662
f 5614 5662 5615
f 5615 5662 5663
f 5615 5663 5616
f 5616 5663 5664
f 5616 5664 5569
f 5569 5664 5617
f 5617 5665 5618
f 5618 5665 5666
f 5618 5666 5619
f 5619 5666 5667
f 5619 5667 5620
f 5620 5667 5668
f 5620 5668 5621
f 5621 5668 5669
f 5621 5669 5622
f 5622 5669 5670
f 5622 5670 5623
f 5623 5670 5671
f 5623 5671 5624
f 5624 5671 5672
f 5624 5672 5625
f 5625 5672 5673
f 5625 5673 5626
f 5626 5673 5674
f 5626 5674 5627
f 5627 5674 5675
f 5627 5675 5628
f 5628 5675 5676
f 5628 5676 5629
f 5629 5676 5677
f 5629 5677 5630
f 5630 5677 5678
f 5630 5678 5631
f 5631 5678 5679
f 5631 5679 5632
f 5632 5679 5680
f 5632 5680 5633
f 5633 5680 5681
f 5633 5681 5634
f 5634 5681 5682
f 5634 5682 5635
f 5635 5682 5683
f 5635 5683 5636
f 5636 5683 5684
f 5636 5684 5637
f 5637 5684 5685
f 5637 5685 5638
f 5638 5685 5686
f 5638 5686 5639
f 5639 5686 5687
f 5639 5687 5640
f 5640 5687 5688
f 5640 5688 5641
f 5641 5688 5689
f 5641 5689 5642
f 5642 5689 5690
f 5642 5690 5643
f 5643 5690 5691
f 5643 5691 5644
f 5644 5691 5692
f 5644 5692 5645
f 5645 5692 5693
f 5645 5693 5646
f 5646 5693 5694
f 5646 5694 5647
f 5647 5694 5695
f 5647 5695 5648
f 5648 5695 5696
f 5648 5696 5649
f 5649 5696 5697
f 5649 5697 5650
f 5650 5697 5698
f 5650 5698 5651
f 5651 5698 5699
f 5651 5699 5652
f 5652 5699 5700
f 5652 5700 5653
f 5653 5700 5701
f 5653 5701 5654
f 5654 5701 5702
f 5654 5702 5655
f 5655 5702 5703
f 5655 5703 5656
f 5656 5703 5704
f 5656 5704 5657
f 5657 5704 5705
f 5657 5705 5658
f 5658 5705 5706
f 5658 5706 5659
f 5659 5706 5707
f 5659 5707 5660
f 5660 5707 5708
f 5660 5708 5661
f 5661 5708 5709
f 5661 5709 5662
f 5662 5709 5710
f 5662 5710 5663
f 5663 5710 5711
f 5663 5711 5664
f 5664 5711 5712
f 5664 5712 5617
f 5617 5712 5665
f 5665 5713 5666
f 5666 5713 5714
f 5666 5714 5667
f 5667 5714 5715
f 5667 5715 5668
f 5668 5715 5716
f 5668 5716 5669
f 5669 5716 5717
f 5669 5717 5670
f 5670 5717 5718
f 5670 5718 5671
f 5671 5718 5719
f 5671 5719 5672
f 5672 5719 5720
f 5672 5720 5673
f 5673 5720 5721
f 5673 5721 5674
f 5674 5721 5722
f 5674 5722 5675
f 5675 5722 5723
f 5675 5723 5676
f 5676 5723 5724
f 5676 5724 5677
f 5677 5724 5725
f 5677 5725 5678
f 5678 5725 5726
f 5678 5726 5679
f 5679 5726 5727
f 5679 5727 5680
f 5680 5727 5728
f 5680 5728 5681
f 5681 5728 5729
f 5681 5729 5682
f 5682 5729 5730
f 5682 5730 5683
f 5683 5730 5731
f 5683 5731 5684
f 5684 5731 5732
f 5684 5732 5685
f 5685 5732 5733
f 5685 5733 5686
f 5686 5733 5734
f 5686 5734 5687
f 5687 5734 5735
f 5687 5735 5688
f 5688 5735 5736
f 5688 5736 5689
f 5689 5736 5737
f 5689 5737 5690
f 5690 5737 5738
f 5690 5738 5691
f 5691 5738 5739
f 5691 5739 5692
f 5692 5739 5740
f 5692 5740 5693
f 5693 5740 5741
f 5693 5741 5694
f 5694 5741 5742
f 5694 5742 5695
f 5695 5742 5743
f 5695 5743 5696
f 5696 5743 5744
f 5696 5744 5697
f 5697 5744 5745
f 5697 5745 5698
f 5698 5745 5746
f 5698 5746 5699
f 5699 5746 5747
f 5699 5747 5700
f 5700 5747 5748
f 5700 5748 5701
f 5701 5748 5749
f 5701 5749 5702
f 5702 5749 5750
f 5702 5750 5703
f 5703 5750 5751
f 5703 5751 5704
f 5704 5751 5752
f 5704 5752 5705
f 5705 5752 5753
f 5705 5753 5706
f 5706 5753 5754
f 5706 5754 5707
f 5707 5754 5755
f 5707 5755 5708
f 5708 5755 5756
f 5708 5756 5709
f 5709 5756 5757
f 5709 5757 5710
f 5710 5757 5758
f 5710 5758 5711
f 5711 5758 5759
f 5711 5759 5712
f 5712 5759 5760
f 5712 5760 5665
f 5665 5760 5713
f 5713 5761 5714
f 5714 5761 5762
f 5714 5762 5715
f 5715 5762 5763
f 5715 5763 5716
f 5716 5763 5764
f 5716 5764 5717
f 5717 5764 5765
f 5717 5765 5718
f 5718 5765 5766
f 5718 5766 5719
f 5719 5766 5767
f 5719 5767 5720
f 5720 5767 5768
f 5720 5768 5721
f 5721 5768 5769
f 5721 5769 5722
f 5722 5769 5770
f 5722 5770 5723
f 5723 5770 5771
f 5723 5771 5724
f 5724 5771 5772
f 5724 5772 5725
f 5725 5772 5773
f 5725 5773 5726
f 5726 5773 5774
f 5726 5774 5727
f 5727 5774 5775
f 5727 5775 5728
f 5728 5775 5776
f 5728 5776 5729
f 5729 5776 5777
f 5729 5777 5730
f 5730 5777 5778
f 5730 5778 5731
f 5731 5778 5779
f 5731 5779 5732
f 5732 5779 5780
f 5732 5780 5733
f 5733 5780 5781
f 5733 5781 5734
f 5734 5781 5782
f 5734 5782 5735
f 5735 5782 5783
f 5735 5783 5736
f 5736 5783 5784
f 5736 5784 5737
f 5737 5784 5785
f 5737 5785 5738
f 5738 5785 5786
f 5738 5786 5739
f 5739 5786 5787
f 5739 5787 5740
f 5740 5787 5788
f 5740 5788 5741
f 5741 5788 5789
f 5741 5789 5742
f 5742 5789 5790
f 5742 5790 5743
f 5743 5790 5791
f 5743 5791 5744
f 5744 5791 5792
f 5744 5792 5745
f 5745 5792 5793
f 5745 5793 5746
f 5746 5793 5794
f 5746 5794 5747
f 5747 5794 5795
f 5747 5795 5748
f 5748 5795 5796
f 5748 5796 5749
f 5749 5796 5797
f 5749 5797 5750
f 5750 5797 5798
f 5750 5798 5751
f 5751 5798 5799
f 5751 5799 5752
f 5752 5799 5800
f 5752 5800 5753
f 5753 5800 5801
f 5753 5801 5754
f 5754 5801 5802
f 5754 5802 5755
f 5755 5802 5803
f 5755 5803 5756
f 5756 5803 5804
f 5756 5804 5757
f 5757 5804 5805
f 5757 5805 5758
f 5758 5805 5806
f 5758 5806 5759
f 5759 5806 5807
f 5759 5807 5760
f 5760 5807 5808
f 5760 5808 5713
f 5713 5808 5761
f 5761 5809 5762
f 5762 5809 5810
f 5762 5810 5763
f 5763 5810 5811
f 5763 5811 5764
f 5764 5811 5812
f 5764 5812 5765
f 5765 5812 5813
f 5765 5813 5766
f 5766 5813 5814
f 5766 5814 5767
f 5767 5814 5815
f 5767 5815 5768
f 5768 5815 5816
f 5768 5816 5769
f 5769 5816 5817
f 5769 5817 5770
f 5770 5817 5818
f 5770 5818 5771
f 5771 5818 5819
f 5771 5819 5772
f 5772 5819 5820
f 5772 5820 5773
f 5773 5820 5821
f 5773 5821 5774
f 5774 5821 5822
f 5774 5822 5775
f 5775 5822 5823
f 5775 5823 5776
f 5776 5823 5824
f 5776 5824 5777
f 5777 5824 5825
f 5777 5825 5778
f 5778 5825 5826
f 5778 5826 5779
f 5779 5826 5827
f 5779 5827 5780
f 5780 5827 5828
f 5780 5828 5781
f 5781 5828 5829
f 5781 5829 5782
f 5782 5829 5830
f 5782 5830 5783
f 5783 5830 5831
f 5783 5831 5784
f 5784 5831 5832
f 5784 5832 5785
f 5785 5832 5833
f 5785 5833 5786
f 5786 5833 5834
f 5786 5834 5787
f 5787 5834 5835
f 5787 5835 5788
f 5788 5835 5836
f 5788 5836 5789
f 5789 5836 5837
f 5789 5837 5790
f 5790 5837 5838
f 5790 5838 5791
f 5791 5838 5839
f 5791 5839 5792
f 5792 5839 5840
f 5792 5840 5793
f 5793 5840 5841
f 5793 5841 5794
f 5794 5841 5842
f 5794 5842 5795
f 5795 5842 5843
f 5795 5843 5796
f 5796 5843 5844
f 5796 5844 5797
f 5797 5844 5845
f 5797 5845 5798
f 5798 5845 5846
f 5798 5846 5799
f 5799 5846 5847
f 5799 5847 5800
f 5800 5847 5848
f 5800 5848 5801
f 5801 5848 5849
f 5801 5849 5802
f 5802 5849 5850
f 5802 5850 5803
f 5803 5850 5851
f 5803 5851 5804
f 5804 5851 5852
f 5804 5852 5805
f 5805 5852 5853
f 5805 5853 5806
f 5806 5853 5854
f 5806 5854 5807
f 5807 5854 5855
f 5807 5855 5808
f 5808 5855 5856
f 5808 5856 5761
f 5761 5856 5809
f 5809 5857 5810
f 5810 5857 5858
f 5810 5858 5811
f 5811 5858 5859
f 5811 5859 5812
f 5812 5859 5860
f 5812 5860 5813
f 5813 5860 5861
f 5813 5861 5814
f 5814 5861 5862
f 5814 5862 5815
f 5815 5862 5863
f 5815 5863 5816
f 5816 5863 5864
f 5816 5864 5817
f 5817 5864 5865
f 5817 5865 5818
f 5818 5865 5866
f 5818 5866 5819
f 5819 5866 5867
f 5819 5867 5820
f 5820 5867 5868
f 5820 5868 5821
f 5821 5868 5869
f 5821 5869 5822
f 5822 5869 5870
f 5822 5870 5823
f 5823 5870 5871
f 5823 5871 5824
f 5824 5871 5872
f 5824 5872 5825
f 5825 5872 5873
f 5825 5873 5826
f 5826 5873 5874
f 5826 5874 5827
f 5827 5874 5875
f 5827 5875 5828
f 5828 5875 5876
f 5828 5876 5829
f 5829 5876 5877
f 5829 5877 5830
f 5830 5877 5878
f 5830 5878 5831
f 5831 5878 5879
f 5831 5879 5832
f 5832 5879 5880
f 5832 5880 5833
f 5833 5880 5881
f 5833 5881 5834
f 5834 5881 5882
f 5834 5882 5835
f 5835 5882 5883
f 5835 5883 5836
f 5836 5883 5884
f 5836 5884 5837
f 5837 5884 5885
f 5837 5885 5838
f 5838 5885 5886
f 5838 5886 5839
f 5839 5886 5887
f 5839 5887 5840
f 5840 5887 5888
f 5840 5888 5841
f 5841 5888 5889
f 5841 5889 5842
f 5842 5889 5890
f 5842 5890 5843
f 5843 5890 5891
f 5843 5891 5844
f 5844 5891 5892
f 5844 5892 5845
f 5845 5892 5893
f 5845 5893 5846
f 5846 5893 5894
f 5846 5894 5847
f 5847 5894 5895
f 5847 5895 5848
f 5848 5895 5896
f 5848 5896 5849
f 5849 5896 5897
f 5849 5897 5850
f 5850 5897 5898
f 5850 5898 5851
f 5851 5898 5899
f 5851 5899 5852
f 5852 5899 5900
f 5852 5900 5853
f 5853 5900 5901
f 5853 5901 5854
f 5854 5901 5902
f 5854 5902 5855
f 5855 5902 5903
f 5855 5903 5856
f 5856 5903 5904
f 5856 5904 5809
f 5809 5904 5857
f 5857 5905 5858
f 5858 5905 5906
f 5858 5906 5859
f 5859 5906 5907
f 5859 5907 5860
f 5860 5907 5908
f 5860 5908 5861
f 5861 5908 5909
f 5861 5909 5862
f 5862 5909 5910
f 5862 5910 5863
f 5863 5910 5911
f 5863 5911 5864
f 5864 5911 5912
f 5864 5912 5865
f 5865 5912 5913
f 5865 5913 5866
f 5866 5913 5914
f 5866 5914 5867
f 5867 5914 5915
f 5867 5915 5868
f 5868 5915 5916
f 5868 5916 5869
f 5869 5916 5917
f 5869 5917 5870
f 5870 5917 5918
f 5870 5918 5871
f 5871 5918 5919
f 5871 5919 5872
f 5872 5919 5920
f 5872 5920 5873
f 5873 5920 5921
f 5873 5921 5874
f 5874 5921 5922
f 5874 5922 5875
f 5875 5922 5923
f 5875 5923 5876
f 5876 5923 5924
f 5876 5924 5877
f 5877 5924 5925
f 5877 5925 5878
f 5878 5925 5926
f 5878 5926 5879
f 5879 5926 5927
f 5879 5927 5880
f 5880 5927 5928
f 5880 5928 5881
f 5881 5928 5929
f 5881 5929 5882
f 5882 5929 5930
f 5882 5930 5883
f 5883 5930 5931
f 5883 5931 5884
f 5884 5931 5932
f 5884 5932 5885
f 5885 5932 5933
f 5885 5933 5886
f 5886 5933 5934
f 5886 5934 5887
f 5887 5934 5935
f 5887 5935 5888
f 5888 5935 5936
f 5888 5936 5889
f 5889 5936 5937
f 5889 5937 5890
f 5890 5937 5938
f 5890 5938 5891
f 5891 5938 5939
f 5891 5939 5892
f 5892 5939 5940
f 5892 5940 5893
f 5893 5940 5941
f 5893 5941 5894
f 5894 5941 5942
f 5894 5942 5895
f 5895 5942 5943
f 5895 5943 5896
f 5896 5943 5944
f 5896 5944 5897
f 5897 5944 5945
f 5897 5945 5898
f 5898 5945 5946
f 5898 5946 5899
f 5899 5946 5947
f 5899 5947 5900
f 5900 5947 5948
f 5900 5948 5901
f 5901 5948 5949
f 5901 5949 5902
f 5902 5949 5950
f 5902 5950 5903
f 5903 5950 5951
f 5903 5951 5904
f 5904 5951 5952
f 5904 5952 5857
f 5857 5952 5905
f 5905 5953 5906
f 5906 5953 5954
f 5906 5954 5907
f 5907 5954 5955
f 5907 5955 5908
f 5908 5955 5956
f 5908 5956 5909
f 5909 5956 5957
f 5909 5957 5910
f 5910 5957 5958
f 5910 5958 5911
f 5911 5958 5959
f 5911 5959 5912
f 5912 5959 5960
f 5912 5960 5913
f 5913 5960 5961
f 5913 5961 5914
f 5914 5961 5962
f 5914 5962 5915
f 5915 5962 5963
f 5915 5963 5916
f 5916 5963 5964
f 5916 5964 5917
f 5917 5964 5965
f 5917 5965 5918
f 5918 5965 5966
f 5918 5966 5919
f 5919 5966 5967
f 5919 5967 5920
f 5920 5967 5968
f 5920 5968 5921
f 5921 5968 5969
f 5921 5969 5922
f 5922 5969 5970
f 5922 5970 5923
f 5923 5970 5971
f 5923 5971 5924
f 5924 5971 5972
f 5924 5972 5925
f 5925 5972 5973
f 5925 5973 5926
f 5926 5973 5974
f 5926 5974 5927
f 5927 5974 5975
f 5927 5975 5928
f 5928 5975 5976
f 5928 5976 5929
f 5929 5976 5977
f 5929 5977 5930
f 5930 5977 5978
f 5930 5978 5931
f 5931 5978 5979
f 5931 5979 5932
f 5932 5979 5980
f 5932 5980 5933
f 5933 5980 5981
f 5933 5981 5934
f 5934 5981 5982
f 5934 5982 5935
f 5935 5982 5983
f 5935 5983 5936
f 5936 5983 5984
f 5936 5984 5937
f 5937 5984 5985
f 5937 5985 5938
f 5938 5985 5986
f 5938 5986 5939
f 5939 5986 5987
f 5939 5987 5940
f 5940 5987 5988
f 5940 5988 5941
f 5941 5988 5989
f 5941 5989 5942
f 5942 5989 5990
f 5942 5990 5943
f 5943 5990 5991
f 5943 5991 5944
f 5944 5991 5992
f 5944 5992 5945
f 5945 5992 5993
f 5945 5993 5946
f 5946 5993 5994
f 5946 5994 5947
f 5947 5994 5995
f 5947 5995 5948
f 5948 5995 5996
f 5948 5996 5949
f 5949 5996 5997
f 5949 5997 5950
f 5950 5997 5998
f 5950 5998 5951
f 5951 5998 5999
f 5951 5999 5952
f 5952 5999 6000
f 5952 6000 5905
f 5905 6000 5953
f 5953 6001 5954
f 5954 6001 6002
f 5954 6002 5955
f 5955 6002 6003
f 5955 6003 5956
f 5956 6003 6004
f 5956 6004 5957
f 5957 6004 6005
f 5957 6005 5958
f 5958 6005 6006
f 5958 6006 5959
f 5959 6006 6007
f 5959 6007 5960
f 5960 6007 6008
f 5960 6008 5961
f 5961 6008 6009
f 5961 6009 5962
f 5962 6009 6010
f 5962 6010 5963
f 5963 6010 6011
f 5963 6011 5964
f 5964 6011 6012
f 5964 6012 5965
f 5965 6012 6013
f 5965 6013 5966
f 5966 6013 6014
f 5966 6014 5967
f 5967 6014 6015
f 5967 6015 5968
f 5968 6015 6016
f 5968 6016 5969
f 5969 6016 6017
f 5969 6017 5970
f 5970 6017 6018
f 5970 6018 5971
f 5971 6018 6019
f 5971 6019 5972
f 5972 6019 6020
f 5972 6020 5973
f 5973 6020 6021
f 5973 6021 5974
f 5974 6021 6022
f 5974 6022 5975
f 5975 6022 6023
f 5975 6023 5976
f 5976 6023 6024
f 5976 6024 5977
f 5977 6024 6025
f 5977 6025 5978
f 5978 6025 6026
f 5978 6026 5979
f 5979 6026 6027
f 5979 6027 5980
f 5980 6027 6028
f 5980 6028 5981
f 5981 6028 6029
f 5981 6029 5982
f 5982 6029 6030
f 5982 6030 5983
f 5983 6030 6031
f 5983 6031 5984
f 5984 6031 6032
f 5984 6032 5985
f 5985 6032 6033
f 5985 6033 5986
f 5986 6033 6034
f 5986 6034 5987
f 5987 6034 6035
f 5987 6035 5988
f 5988 6035 6036
f 5988 6036 5989
f 5989 6036 6037
f 5989 6037 5990
f 5990 6037 6038
f 5990 6038 5991
f 5991 6038 6039
f 5991 6039 5992
f 5992 6039 6040
f 5992 6040 5993
f 5993 6040 6041
f 5993 6041 5994
f 5994 6041 6042
f 5994 6042 5995
f 5995 6042 6043
f 5995 6043 5996
f 5996 6043 6044
f 5996 6044 5997
f 5997 6044 6045
f 5997 6045 5998
f 5998 6045 6046
f 5998 6046 5999
f 5999 6046 6047
f 5999 6047 6000
f 6000 6047 6048
f 6000 6048 5953
f 5953 6048 6001
f 6001 6049 6002
f 6002 6049 6050
f 6002 6050 6003
f 6003 6050 6051
f 6003 6051 6004
f 6004 6051 6052
f 6004 6052 6005
f 6005 6052 6053
f 6005 6053 6006
f 6006 6053 6054
f 6006 6054 6007
f 6007 6054 6055
f 6007 6055 6008
f 6008 6055 6056
f 6008 6056 6009
f 6009 6056 6057
f 6009 6057 6010
f 6010 6057 6058
f 6010 6058 6011
f 6011 6058 6059
f 6011 6059 6012
f 6012 6059 6060
f 6012 6060 6013
f 6013 6060 6061
f 6013 6061 6014
f 6014 6061 6062
f 6014 6062 6015
f 6015 6062 6063
f 6015 6063 6016
f 6016 6063 6064
f 6016 6064 6017
f 6017 6064 6065
f 6017 6065 6018
f 6018 6065 6066
f 6018 6066 6019
f 6019 6066 6067
f 6019 6067 6020
f 6020 6067 6068
f 6020 6068 6021
f 6021 6068 6069
f 6021 6069 6022
f 6022 6069 6070
f 6022 6070 6023
f 6023 6070 6071
f 6023 6071 6024
f 6024 6071 6072
f 6024 6072 6025
f 6025 6072 6073
f 6025 6073 6026
f 6026 6073 6074
f 6026 6074 6027
f 6027 6074 6075
f 6027 6075 6028
f 6028 6075 6076
f 6028 6076 6029
f 6029 6076 6077
f 6029 6077 6030
f 6030 6077 6078
f 6030 6078 6031
f 6031 6078 6079
f 6031 6079 6032
f 6032 6079 6080
f 6032 6080 6033
f 6033 6080 6081
f 6033 6081 6034
f 6034 6081 6082
f 6034 6082 6035
f 6035 6082 6083
f 6035 6083 6036
f 6036 6083 6084
f 6036 6084 6037
f 6037 6084 6085
f 6037 6085 6038
f 6038 6085 6086
f 6038 6086 6039
f 6039 6086 6087
f 6039 6087 6040
f 6040 6087 6088
f 6040 6088 6041
f 6041 6088 6089
f 6041 6089 6042
f 6042 6089 6090
f 6042 6090 6043
f 6043 6090 6091
f 6043 6091 6044
f 6044 6091 6092
f 6044 6092 6045
f 6045 6092 6093
f 6045 6093 6046
f 6046 6093 6094
f 6046 6094 6047
f 6047 6094 6095
f 6047 6095 6048
f 6048 6095 6096
f 6048 6096 6001
f 6001 6096 6049
f 6049 6097 6050
f 6050 6097 6098
f 6050 6098 6051
f 6051 6098 6099
f 6051 6099 6052
f 6052 6099 6100
f 6052 6100 6053
f 6053 6100 6101
f 6053 6101 6054
f 6054 6101 6102
f 6054 6102 6055
f 6055 6102 6103
f 6055 6103 6056
f 6056 6103 6104
f 6056 6104 6057
f 6057 6104 6105
f 6057 6105 6058
f 6058 6105 6106
f 6058 6106 6059
f 6059 6106 6107
f 6059 6107 6060
f 6060 6107 6108
f 6060 6108 6061
f 6061 6108 6109
f 6061 6109 6062
f 6062 6109 6110
f 6062 6110 6063
f 6063 6110 6111
f 6063 6111 6064
f 6064 6111 6112
f 6064 6112 6065
f 6065 6112 6113
f 6065 6113 6066
f 6066 6113 6114
f 6066 6114 6067
f 6067 6114 6115
f 6067 6115 6068
f 6068 6115 6116
f 6068 6116 6069
f 6069 6116 6117
f 6069 6117 6070
f 6070 6117 6118
f 6070 6118 6071
f 6071 6118 6119
f 6071 6119 6072
f 6072 6119 6120
f 6072 6120 6073
f 6073 6120 6121
f 6073 6121 6074
f 6074 6121 6122
f 6074 6122 6075
f 6075 6122 6123
f 6075 6123 6076
f 6076 6123 6124
f 6076 6124 6077
f 6077 6124 6125
f 6077 6125 6078
f 6078 6125 6126
f 6078 6126 6079
f 6079 6126 6127
f 6079 6127 6080
f 6080 6127 6128
f 6080 6128 6081
f 6081 6128 6129
f 6081 6129 6082
f 6082 6129 6130
f 6082 6130 6083
f 6083 6130 6131
f 6083 6131 6084
f 6084 6131 6132
f 6084 6132 6085
f 6085 6132 6133
f 6085 6133 6086
f 6086 6133 6134
f 6086 6134 6087
f 6087 6134 6135
f 6087 6135 6088
f 6088 6135 6136
f 6088 6136 6089
f 6089 6136 6137
f 6089 6137 6090
f 6090 6137 6138
f 6090 6138 6091
f 6091 6138 6139
f 6091 6139 6092
f 6092 6139 6140
f 6092 6140 6093
f 6093 6140 6141
f 6093 6141 6094
f 6094 6141 6142
f 6094 6142 6095
f 6095 6142 6143
f 6095 6143 6096
f 6096 6143 6144
f 6096 6144 6049
f 6049 6144 6097
f 6097 6145 6098
f 6098 6145 6146
f 6098 6146 6099
f 6099 6146 6147
f 6099 6147 6100
f 6100 6147 6148
f 6100 6148 6101
f 6101 6148 6149
f 6101 6149 6102
f 6102 6149 6150
f 6102 6150 6103
f 6103 6150 6151
f 6103 6151 6104
f 6104 6151 6152
f 6104 6152 6105
f 6105 6152 6153
f 6105 6153 6106
f 6106 6153 6154
f 6106 6154 6107
f 6107 6154 6155
f 6107 6155 6108
f 6108 6155 6156
f 6108 6156 6109
f 6109 6156 6157
f 6109 6157 6110
f 6110 6157 6158
f 6110 6158 6111
f 6111 6158 6159
f 6111 6159 6112
f 6112 6159 6160
f 6112 6160 6113
f 6113 6160 6161
f 6113 6161 6114
f 6114 6161 6162
f 6114 6162 6115
f 6115 6162 6163
f 6115 6163 6116
f 6116 6163 6164
f 6116 6164 6117
f 6117 6164 6165
f 6117 6165 6118
f 6118 6165 6166
f 6118 6166 6119
f 6119 6166 6167
f 6119 6167 6120
f 6120 6167 6168
f 6120 6168 6121
f 6121 6168 6169
f 6121 6169 6122
f 6122 6169 6170
f 6122 6170 6123
f 6123 6170 6171
f 6123 6171 6124
f 6124 6171 6172
f 6124 6172 6125
f 6125 6172 6173
f 6125 6173 6126
f 6126 6173 6174
f 6126 6174 6127
f 6127 6174 6175
f 6127 6175 6128
f 6128 6175 6176
f 6128 6176 6129
f 6129 6176 6177
f 6129 6177 6130
f 6130 6177 6178
f 6130 6178 6131
f 6131 6178 6179
f 6131 6179 6132
f 6132 6179 6180
f 6132 6180 6133
f 6133 6180 6181
f 6133 6181 6134
f 6134 6181 6182
f 6134 6182 6135
f 6135 6182 6183
f 6135 6183 6136
f 6136 6183 6184
f 6136 6184 6137
f 6137 6184 6185
f 6137 6185 6138
f 6138 6185 6186
f 6138 6186 6139
f 6139 6186 6187
f 6139 6187 6140
f 6140 6187 6188
f 6140 6188 6141
f 6141 6188 6189
f 6141 6189 6142
f 6142 6189 6190
f 6142 6190 6143
f 6143 6190 6191
f 6143 6191 6144
f 6144 6191 6192
f 6144 6192 6097
f 6097 6192 6145
f 6145 6193 6146
f 6146 6193 6194
f 6146 6194 6147
f 6147 6194 6195
f 6147 6195 6148
f 6148 6195 6196
f 6148 6196 6149
f 6149 6196 6197
f 6149 6197 6150
f 6150 6197 6198
f 6150 6198 6151
f 6151 6198 6199
f 6151 6199 6152
f 6152 6199 6200
f 6152 6200 6153
f 6153 6200 6201
f 6153 6201 6154
f 6154 6201 6202
f 6154 6202 6155
f 6155 6202 6203
f 6155 6203 6156
f 6156 6203 6204
f 6156 6204 6157
f 6157 6204 6205
f 6157 6205 6158
f 6158 6205 6206
f 6158 6206 6159
f 6159 6206 6207
f 6159 6207 6160
f 6160 6207 6208
f 6160 6208 6161
f 6161 6208 6209
f 6161 6209 6162
f 6162 6209 6210
f 6162 6210 6163
f 6163 6210 6211
f 6163 6211 6164
f 6164 6211 6212
f 6164 6212 6165
f 6165 6212 6213
f 6165 6213 6166
f 6166 6213 6214
f 6166 6214 6167
f 6167 6214 6215
f 6167 6215 6168
f 6168 6215 6216
f 6168 6216 6169
f 6169 6216 6217
f 6169 6217 6170
f 6170 6217 6218
f 6170 6218 6171
f 6171 6218 6219
f 6171 6219 6172
f 6172 6219 6220
f 6172 6220 6173
f 6173 6220 6221
f 6173 6221 6174
f 6174 6221 6222
f 6174 6222 6175
f 6175 6222 6223
f 6175 6223 6176
f 6176 6223 6224
f 6176 6224 6177
f 6177 6224 6225
f 6177 6225 6178
f 6178 6225 6226
f 6178 6226 6179
f 6179 6226 6227
f 6179 6227 6180
f 6180 6227 6228
f 6180 6228 6181
f 6181 6228 6229
f 6181 6229 6182
f 6182 6229 6230
f 6182 6230 6183
f 6183 6230 6231
f 6183 6231 6184
f 6184 6231 6232
f 6184 6232 6185
f 6185 6232 6233
f 6185 6233 6186
f 6186 6233 6234
f 6186 6234 6187
f 6187 6234 6235
f 6187 6235 6188
f 6188 6235 6236
f 6188 6236 6189
f 6189 6236 6237
f 6189 6237 6190
f 6190 6237 6238
f 6190 6238 6191
f 6191 6238 6239
f 6191 6239 6192
f 6192 6239 6240
f 6192 6240 6145
f 6145 6240 6193
f 6193 6241 6194
f 6194 6241 6242
f 6194 6242 6195
f 6195 6242 6243
f 6195 6243 6196
f 6196 6243 6244
f 6196 6244 6197
f 6197 6244 6245
f 6197 6245 6198
f 6198 6245 6246
f 6198 6246 6199
f 6199 6246 6247
f 6199 6247 6200
f 6200 6247 6248
f 6200 6248 6201
f 6201 6248 6249
f 6201 6249 6202
f 6202 6249 6250
f 6202 6250 6203
f 6203 6250 6251
f 6203 6251 6204
f 6204 6251 6252
f 6204 6252 6205
f 6205 6252 6253
f 6205 6253 6206
f 6206 6253 6254
f 6206 6254 6207
f 6207 6254 6255
f 6207 6255 6208
f 6208 6255 6256
f 6208 6256 6209
f 6209 6256 6257
f 6209 6257 6210
f 6210 6257 6258
f 6210 6258 6211
f 6211 6258 6259
f 6211 6259 6212
f 6212 6259 6260
f 6212 6260 6213
f 6213 6260 6261
f 6213 6261 6214
f 6214 6261 6262
f 6214 6262 6215
f 6215 6262 6263
f 6215 6263 6216
f 6216 6263 6264
f 6216 6264 6217
f 6217 6264 6265
f 6217 6265 6218
f 6218 6265 6266
f 6218 6266 6219
f 6219 6266 6267
f 6219 6267 6220
f 6220 6267 6268
f 6220 6268 6221
f 6221 6268 6269
f 6221 6269 6222
f 6222 6269 6270
f 6222 6270 6223
f 6223 6270 6271
f 6223 6271 6224
f 6224 6271 6272
f 6224 6272 6225
f 6225 6272 6273
f 6225 6273 6226
f 6226 6273 6274
f 6226 6274 6227
f 6227 6274 6275
f 6227 6275 6228
f 6228 6275 6276
f 6228 6276 6229
f 6229 6276 6277
f 6229 6277 6230
f 6230 6277 6278
f 6230 6278 6231
f 6231 6278 6279
f 6231 6279 6232
f 6232 6279 6280
f 6232 6280 6233
f 6233 6280 6281
f 6233 6281 6234
f 6234 6281 6282
f 6234 6282 6235
f 6235 6282 6283
f 6235 6283 6236
f 6236 6283 6284
f 6236 6284 6237
f 6237 6284 6285
f 6237 6285 6238
f 6238 6285 6286
f 6238 6286 6239
f 6239 6286 6287
f 6239 6287 6240
f 6240 6287 6288
f 6240 6288 6193
f 6193 6288 6241
f 6241 6289 6242
f 6242 6289 6290
f 6242 6290 6243
f 6243 6290 6291
f 6243 6291 6244
f 6244 6291 6292
f 6244 6292 6245
f 6245 6292 6293
f 6245 6293 6246
f 6246 6293 6294
f 6246 6294 6247
f 6247 6294 6295
f 6247 6295 6248
f 6248 6295 6296
f 6248 6296 6249
f 6249 6296 6297
f 6249 6297 6250
f 6250 6297 6298
f 6250 6298 6251
f 6251 6298 6299
f 6251 6299 6252
f 6252 6299 6300
f 6252 6300 6253
f 6253 6300 6301
f 6253 6301 6254
f 6254 6301 6302
f 6254 6302 6255
f 6255 6302 6303
f 6255 6303 6256
f 6256 6303 6304
f 6256 6304 6257
f 6257 6304 6305
f 6257 6305 6258
f 6258 6305 6306
f 6258 6306 6259
f 6259 6306 6307
f 6259 6307 6260
f 6260 6307 6308
f 6260 6308 6261
f 6261 6308 6309
f 6261 6309 6262
f 6262 6309 6310
f 6262 6310 6263
f 6263 6310 6311
f 6263 6311 6264
f 6264 6311 6312
f 6264 6312 6265
f 6265 6312 6313
f 6265 6313 6266
f 6266 6313 6314
f 6266 6314 6267
f 6267 6314 6315
f 6267 6315 6268
f 6268 6315 6316
f 6268 6316 6269
f 6269 6316 6317
f 6269 6317 6270
f 6270 6317 6318
f 6270 6318 6271
f 6271 6318 6319
f 6271 6319 6272
f 6272 6319 6320
f 6272 6320 6273
f 6273 6320 6321
f 6273 6321 6274
f 6274 6321 6322
f 6274 6322 6275
f 6275 6322 6323
f 6275 6323 6276
f 6276 6323 6324
f 6276 6324 6277
f 6277 6324 6325
f 6277 6325 6278
f 6278 6325 6326
f 6278 6326 6279
f 6279 6326 6327
f 6279 6327 6280
f 6280 6327 6328
f 6280 6328 6281
f 6281 6328 6329
f 6281 6329 6282
f 6282 6329 6330
f 6282 6330 6283
f 6283 6330 6331
f 6283 6331 6284
f 6284 6331 6332
f 6284 6332 6285
f 6285 6332 6333
f 6285 6333 6286
f 6286 6333 6334
f 6286 6334 6287
f 6287 6334 6335
f 6287 6335 6288
f 6288 6335 6336
f 6288 6336 6241
f 6241 6336 6289
f 6289 6337 6290
f 6290 6337 6338
f 6290 6338 6291
f 6291 6338 6339
f 6291 6339 6292
f 6292 6339 6340
f 6292 6340 6293
f 6293 6340 6341
f 6293 6341 6294
f 6294 6341 6342
f 6294 6342 6295
f 6295 6342 6343
f 6295 6343 6296
f 6296 6343 6344
f 6296 6344 6297
f 6297 6344 6345
f 6297 6345 6298
f 6298 6345 6346
f 6298 6346 6299
f 6299 6346 6347
f 6299 6347 6300
f 6300 6347 6348
f 6300 6348 6301
f 6301 6348 6349
f 6301 6349 6302
f 6302 6349 6350
f 6302 6350 6303
f 6303 6350 6351
f 6303 6351 6304
f 6304 6351 6352
f 6304 6352 6305
f 6305 6352 6353
f 6305 6353 6306
f 6306 6353 6354
f 6306 6354 6307
f 6307 6354 6355
f 6307 6355 6308
f 6308 6355 6356
f 6308 6356 6309
f 6309 6356 6357
f 6309 6357 6310
f 6310 6357 6358
f 6310 6358 6311
f 6311 6358 6359
f 6311 6359 6312
f 6312 6359 6360
f 6312 6360 6313
f 6313 6360 6361
f 6313 6361 6314
f 6314 6361 6362
f 6314 6362 6315
f 6315 6362 6363
f 6315 6363 6316
f 6316 6363 6364
f 6316 6364 6317
f 6317 6364 6365
f 6317 6365 6318
f 6318 6365 6366
f 6318 6366 6319
f 6319 6366 6367
f 6319 6367 6320
f 6320 6367 6368
f 6320 6368 6321
f 6321 6368 6369
f 6321 6369 6322
f 6322 6369 6370
f 6322 6370 6323
f 6323 6370 6371
f 6323 6371 6324
f 6324 6371 6372
f 6324 6372 6325
f 6325 6372 6373
f 6325 6373 6326
f 6326 6373 6374
f 6326 6374 6327
f 6327 6374 6375
f 6327 6375 6328
f 6328 6375 6376
f 6328 6376 6329
f 6329 6376 6377
f 6329 6377 6330
f 6330 6377 6378
f 6330 6378 6331
f 6331 6378 6379
f 6331 6379 6332
f 6332 6379 6380
f 6332 6380 6333
f 6333 6380 6381
f 6333 6381 6334
f 6334 6381 6382
f 6334 6382 6335
f 6335 6382 6383
f 6335 6383 6336
f 6336 6383 6384
f 6336 6384 6289
f 6289 6384 6337
f 6337 6385 6338
f 6338 6385 6386
f 6338 6386 6339
f 6339 6386 6387
f 6339 6387 6340
f 6340 6387 6388
f 6340 6388 6341
f 6341 6388 6389
f 6341 6389 6342
f 6342 6389 6390
f 6342 6390 6343
f 6343 6390 6391
f 6343 6391 6344
f 6344 6391 6392
f 6344 6392 6345
f 6345 6392 6393
f 6345 6393 6346
f 6346 6393 6394
f 6346 6394 6347
f 6347 6394 6395
f 6347 6395 6348
f 6348 6395 6396
f 6348 6396 6349
f 6349 6396 6397
f 6349 6397 6350
f 6350 6397 6398
f 6350 6398 6351
f 6351 6398 6399
f 6351 6399 6352
f 6352 6399 6400
f 6352 6400 6353
f 6353 6400 6401
f 6353 6401 6354
f 6354 6401 6402
f 6354 6402 6355
f 6355 6402 6403
f 6355 6403 6356
f 6356 6403 6404
f 6356 6404 6357
f 6357 6404 6405
f 6357 6405 6358
f 6358 6405 6406
f 6358 6406 6359
f 6359 6406 6407
f 6359 6407 6360
f 6360 6407 6408
f 6360 6408 6361
f 6361 6408 6409
f 6361 6409 6362
f 6362 6409 6410
f 6362 6410 6363
f 6363 6410 6411
f 6363 6411 6364
f 6364 6411 6412
f 6364 6412 6365
f 6365 6412 6413
f 6365 6413 6366
f 6366 6413 6414
f 6366 6414 6367
f 6367 6414 6415
f 6367 6415 6368
f 6368 6415 6416
f 6368 6416 6369
f 6369 6416 6417
f 6369 6417 6370
f 6370 6417 6418
f 6370 6418 6371
f 6371 6418 6419
f 6371 6419 6372
f 6372 6419 6420
f 6372 6420 6373
f 6373 6420 6421
f 6373 6421 6374
f 6374 6421 6422
f 6374 6422 6375
f 6375 6422 6423
f 6375 6423 6376
f 6376 6423 6424
f 6376 6424 6377
f 6377 6424 6425
f 6377 6425 6378
f 6378 6425 6426
f 6378 6426 6379
f 6379 6426 6427
f 6379 6427 6380
f 6380 6427 6428
f 6380 6428 6381
f 6381 6428 6429
f 6381 6429 6382
f 6382 6429 6430
f 6382 6430 6383
f 6383 6430 6431
f 6383 6431 6384
f 6384 6431 6432
f 6384 6432 6337
f 6337 6432 6385
f 6385 6433 6386
f 6386 6433 6434
f 6386 6434 6387
f 6387 6434 6435
f 6387 6435 6388
f 6388 6435 6436
f 6388 6436 6389
f 6389 6436 6437
f 6389 6437 6390
f 6390 6437 6438
f 6390 6438 6391
f 6391 6438 6439
f 6391 6439 6392
f 6392 6439 6440
f 6392 6440 6393
f 6393 6440 6441
f 6393 6441 6394
f 6394 6441 6442
f 6394 6442 6395
f 6395 6442 6443
f 6395 6443 6396
f 6396 6443 6444
f 6396 6444 6397
f 6397 6444 6445
f 6397 6445 6398
f 6398 6445 6446
f 6398 6446 6399
f 6399 6446 6447
f 6399 6447 6400
f 6400 6447 6448
f 6400 6448 6401
f 6401 6448 6449
f 6401 6449 6402
f 6402 6449 6450
f 6402 6450 6403
f 6403 6450 6451
f 6403 6451 6404
f 6404 6451 6452
f 6404 6452 6405
f 6405 6452 6453
f 6405 6453 6406
f 6406 6453 6454
f 6406 6454 6407
f 6407 6454 6455
f 6407 6455 6408
f 6408 6455 6456
f 6408 6456 6409
f 6409 6456 6457
f 6409 6457 6410
f 6410 6457 6458
f 6410 6458 6411
f 6411 6458 6459
f 6411 6459 6412
f 6412 6459 6460
f 6412 6460 6413
f 6413 6460 6461
f 6413 6461 6414
f 6414 6461 6462
f 6414 6462 6415
f 6415 6462 6463
f 6415 6463 6416
f 6416 6463 6464
f 6416 6464 6417
f 6417 6464 6465
f 6417 6465 6418
f 6418 6465 6466
f 6418 6466 6419
f 6419 6466 6467
f 6419 6467 6420
f 6420 6467 6468
f 6420 6468 6421
f 6421 6468 6469
f 6421 6469 6422
f 6422 6469 6470
f 6422 6470 6423
f 6423 6470 6471
f 6423 6471 6424
f 6424 6471 6472
f 6424 6472 6425
f 6425 6472 6473
f 6425 6473 6426
f 6426 6473 6474
f 6426 6474 6427
f 6427 6474 6475
f 6427 6475 6428
f 6428 6475 6476
f 6428 6476 6429
f 6429 6476 6477
f 6429 6477 6430
f 6430 6477 6478
f 6430 6478 6431
f 6431 6478 6479
f 6431 6479 6432
f 6432 6479 6480
f 6432 6480 6385
f 6385 6480 6433
f 6433 6481 6434
f 6434 6481 6482
f 6434 6482 6435
f 6435 6482 6483
f 6435 6483 6436
f 6436 6483 6484
f 6436 6484 6437
f 6437 6484 6485
f 6437 6485 6438
f 6438 6485 6486
f 6438 6486 6439
f 6439 6486 6487
f 6439 6487 6440
f 6440 6487 6488
f 6440 6488 6441
f 6441 6488 6489
f 6441 6489 6442
f 6442 6489 6490
f 6442 6490 6443
f 6443 6490 6491
f 6443 6491 6444
f 6444 6491 6492
f 6444 6492 6445
f 6445 6492 6493
f 6445 6493 6446
f 6446 6493 6494
f 6446 6494 6447
f 6447 6494 6495
f 6447 6495 6448
f 6448 6495 6496
f 6448 6496 6449
f 6449 6496 6497
f 6449 6497 6450
f 6450 6497 6498
f 6450 6498 6451
f 6451 6498 6499
f 6451 6499 6452
f 6452 6499 6500
f 6452 6500 6453
f 6453 6500 6501
f 6453 6501 6454
f 6454 6501 6502
f 6454 6502 6455
f 6455 6502 6503
f 6455 6503 6456
f 6456 6503 6504
f 6456 6504 6457
f 6457 6504 6505
f 6457 6505 6458
f 6458 6505 6506
f 6458 6506 6459
f 6459 6506 6507
f 6459 6507 6460
f 6460 6507 6508
f 6460 6508 6461
f 6461 6508 6509
f 6461 6509 6462
f 6462 6509 6510
f 6462 6510 6463
f 6463 6510 6511
f 6463 6511 6464
f 6464 6511 6512
f 6464 6512 6465
f 6465 6512 6513
f 6465 6513 6466
f 6466 6513 6514
f 6466 6514 6467
f 6467 6514 6515
f 6467 6515 6468
f 6468 6515 6516
f 6468 6516 6469
f 6469 6516 6517
f 6469 6517 6470
f 6470 6517 6518
f 6470 6518 6471
f 6471 6518 6519
f 6471 6519 6472
f 6472 6519 6520
f 6472 6520 6473
f 6473 6520 6521
f 6473 6521 6474
f 6474 6521 6522
f 6474 6522 6475
f 6475 6522 6523
f 6475 6523 6476
f 6476 6523 6524
f 6476 6524 6477
f 6477 6524 6525
f 6477 6525 6478
f 6478 6525 6526
f 6478 6526 6479
f 6479 6526 6527
f 6479 6527 6480
f 6480 6527 6528
f 6480 6528 6433
f 6433 6528 6481
f 6481 6529 6482
f 6482 6529 6530
f 6482 6530 6483
f 6483 6530 6531
f 6483 6531 6484
f 6484 6531 6532
f 6484 6532 6485
f 6485 6532 6533
f 6485 6533 6486
f 6486 6533 6534
f 6486 6534 6487
f 6487 6534 6535
f 6487 6535 6488
f 6488 6535 6536
f 6488 6536 6489
f 6489 6536 6537
f 6489 6537 6490
f 6490 6537 6538
f 6490 6538 6491
f 6491 6538 6539
f 6491 6539 6492
f 6492 6539 6540
f 6492 6540 6493
f 6493 6540 6541
f 6493 6541 6494
f 6494 6541 6542
f 6494 6542 6495
f 6495 6542 6543
f 6495 6543 6496
f 6496 6543 6544
f 6496 6544 6497
f 6497 6544 6545
f 6497 6545 6498
f 6498 6545 6546
f 6498 6546 6499
f 6499 6546 6547
f 6499 6547 6500
f 6500 6547 6548
f 6500 6548 6501
f 6501 6548 6549
f 6501 6549 6502
f 6502 6549 6550
f 6502 6550 6503
f 6503 6550 6551
f 6503 6551 6504
f 6504 6551 6552
f 6504 6552 6505
f 6505 6552 6553
f 6505 6553 6506
f 6506 6553 6554
f 6506 6554 6507
f 6507 6554 6555
f 6507 6555 6508
f 6508 6555 6556
f 6508 6556 6509
f 6509 6556 6557
f 6509 6557 6510
f 6510 6557 6558
f 6510 6558 6511
f 6511 6558 6559
f 6511 6559 6512
f 6512 6559 6560
f 6512 6560 6513
f 6513 6560 6561
f 6513 6561 6514
f 6514 6561 6562
f 6514 6562 6515
f 6515 6562 6563
f 6515 6563 6516
f 6516 6563 6564
f 6516 6564 6517
f 6517 6564 6565
f 6517 6565 6518
f 6518 6565 6566
f 6518 6566 6519
f 6519 6566 6567
f 6519 6567 6520
f 6520 6567 6568
f 6520 6568 6521
f 6521 6568 6569
f 6521 6569 6522
f 6522 6569 6570
f 6522 6570 6523
f 6523 6570 6571
f 6523 6571 6524
f 6524 6571 6572
f 6524 6572 6525
f 6525 6572 6573
f 6525 6573 6526
f 6526 6573 6574
f 6526 6574 6527
f 6527 6574 6575
f 6527 6575 6528
f 6528 6575 6576
f 6528 6576 6481
f 6481 6576 6529
f 6529 6577 6530
f 6530 6577 6578
f 6530 6578 6531
f 6531 6578 6579
f 6531 6579 6532
f 6532 6579 6580
f 6532 6580 6533
f 6533 6580 6581
f 6533 6581 6534
f 6534 6581 6582
f 6534 6582 6535
f 6535 6582 6583
f 6535 6583 6536
f 6536 6583 6584
f 6536 6584 6537
f 6537 6584 6585
f 6537 6585 6538
f 6538 6585 6586
f 6538 6586 6539
f 6539 6586 6587
f 6539 6587 6540
f 6540 6587 6588
f 6540 6588 6541
f 6541 6588 6589
f 6541 6589 6542
f 6542 6589 6590
f 6542 6590 6543
f 6543 6590 6591
f 6543 6591 6544
f 6544 6591 6592
f 6544 6592 6545
f 6545 6592 6593
f 6545 6593 6546
f 6546 6593 6594
f 6546 6594 6547
f 6547 6594 6595
f 6547 6595 6548
f 6548 6595 6596
f 6548 6596 6549
f 6549 6596 6597
f 6549 6597 6550
f 6550 6597 6598
f 6550 6598 6551
f 6551 6598 6599
f 6551 6599 6552
f 6552 6599 6600
f 6552 6600 6553
f 6553 6600 6601
f 6553 6601 6554
f 6554 6601 6602
f 6554 6602 6555
f 6555 6602 6603
f 6555 6603 6556
f 6556 6603 6604
f 6556 6604 6557
f 6557 6604 6605
f 6557 6605 6558
f 6558 6605 6606
f 6558 6606 6559
f 6559 6606 6607
f 6559 6607 6560
f 6560 6607 6608
f 6560 6608 6561
f 6561 6608 6609
f 6561 6609 6562
f 6562 6609 6610
f 6562 6610 6563
f 6563 6610 6611
f 6563 6611 6564
f 6564 6611 6612
f 6564 6612 6565
f 6565 6612 6613
f 6565 6613 6566
f 6566 6613 6614
f 6566 6614 6567
f 6567 6614 6615
f 6567 6615 6568
f 6568 6615 6616
f 6568 6616 6569
f 6569 6616 6617
f 6569 6617 6570
f 6570 6617 6618
f 6570 6618 6571
f 6571 6618 6619
f 6571 6619 6572
f 6572 6619 6620
f 6572 6620 6573
f 6573 6620 6621
f 6573 6621 6574
f 6574 6621 6622
f 6574 6622 6575
f 6575 6622 6623
f 6575 6623 6576
f 6576 6623 6624
f 6576 6624 6529
f 6529 6624 6577
f 6577 6625 6578
f 6578 6625 6626
f 6578 6626 6579
f 6579 6626 6627
f 6579 6627 6580
f 6580 6627 6628
f 6580 6628 6581
f 6581 6628 6629
f 6581 6629 6582
f 6582 6629 6630
f 6582 6630 6583
f 6583 6630 6631
f 6583 6631 6584
f 6584 6631 6632
f 6584 6632 6585
f 6585 6632 6633
f 6585 6633 6586
f 6586 6633 6634
f 6586 6634 6587
f 6587 6634 6635
f 6587 6635 6588
f 6588 6635 6636
f 6588 6636 6589
f 6589 6636 6637
f 6589 6637 6590
f 6590 6637 6638
f 6590 6638 6591
f 6591 6638 6639
f 6591 6639 6592
f 6592 6639 6640
f 6592 6640 6593
f 6593 6640 6641
f 6593 6641 6594
f 6594 6641 6642
f 6594 6642 6595
f 6595 6642 6643
f 6595 6643 6596
f 6596 6643 6644
f 6596 6644 6597
f 6597 6644 6645
f 6597 6645 6598
f 6598 6645 6646
f 6598 6646 6599
f 6599 6646 6647
f 6599 6647 6600
f 6600 6647 6648
f 6600 6648 6601
f 6601 6648 6649
f 6601 6649 6602
f 6602 6649 6650
f 6602 6650 6603
f 6603 6650 6651
f 6603 6651 6604
f 6604 6651 6652
f 6604 6652 6605
f 6605 6652 6653
f 6605 6653 6606
f 6606 6653 6654
f 6606 6654 6607
f 6607 6654 6655
f 6607 6655 6608
f 6608 6655 6656
f 6608 6656 6609
f 6609 6656 6657
f 6609 6657 6610
f 6610 6657 6658
f 6610 6658 6611
f 6611 6658 6659
f 6611 6659 6612
f 6612 6659 6660
f 6612 6660 6613
f 6613 6660 6661
f 6613 6661 6614
f 6614 6661 6662
f 6614 6662 6615
f 6615 6662 6663
f 6615 6663 6616
f 6616 6663 6664
f 6616 6664 6617
f 6617 6664 6665
f 6617 6665 6618
f 6618 6665 6666
f 6618 6666 6619
f 6619 6666 6667
f 6619 6667 6620
f 6620 6667 6668
f 6620 6668 6621
f 6621 6668 6669
f 6621 6669 6622
f 6622 6669 6670
f 6622 6670 6623
f 6623 6670 6671
f 6623 6671 6624
f 6624 6671 6672
f 6624 6672 6577
f 6577 6672 6625
f 6625 6673 6626
f 6626 6673 6674
f 6626 6674 6627
f 6627 6674 6675
f 6627 6675 6628
f 6628 6675 6676
f 6628 6676 6629
f 6629 6676 6677
f 6629 6677 6630
f 6630 6677 6678
f 6630 6678 6631
f 6631 6678 6679
f 6631 6679 6632
f 6632 6679 6680
f 6632 6680 6633
f 6633 6680 6681
f 6633 6681 6634
f 6634 6681 6682
f 6634 6682 6635
f 6635 6682 6683
f 6635 6683 6636
f 6636 6683 6684
f 6636 6684 6637
f 6637 6684 6685
f 6637 6685 6638
f 6638 6685 6686
f 6638 6686 6639
f 6639 6686 6687
f 6639 6687 6640
f 6640 6687 6688
f 6640 6688 6641
f 6641 6688 6689
f 6641 6689 6642
f 6642 6689 6690
f 6642 6690 6643
f 6643 6690 6691
f 6643 6691 6644
f 6644 6691 6692
f 6644 6692 6645
f 6645 6692 6693
f 6645 6693 6646
f 6646 6693 6694
f 6646 6694 6647
f 6647 6694 6695
f 6647 6695 6648
f 6648 6695 6696
f 6648 6696 6649
f 6649 6696 6697
f 6649 6697 6650
f 6650 6697 6698
f 6650 6698 6651
f 6651 6698 6699
f 6651 6699 6652
f 6652 6699 6700
f 6652 6700 6653
f 6653 6700 6701
f 6653 6701 6654
f 6654 6701 6702
f 6654 6702 6655
f 6655 6702 6703
f 6655 6703 6656
f 6656 6703 6704
f 6656 6704 6657
f 6657 6704 6705
f 6657 6705 6658
f 6658 6705 6706
f 6658 6706 6659
f 6659 6706 6707
f 6659 6707 6660
f 6660 6707 6708
f 6660 6708 6661
f 6661 6708 6709
f 6661 6709 6662
f 6662 6709 6710
f 6662 6710 6663
f 6663 6710 6711
f 6663 6711 6664
f 6664 6711 6712
f 6664 6712 6665
f 6665 6712 6713
f 6665 6713 6666
f 6666 6713 6714
f 6666 6714 6667
f 6667 6714 6715
f 6667 6715 6668
f 6668 6715 6716
f 6668 6716 6669
f 6669 6716 6717
f 6669 6717 6670
f 6670 6717 6718
f 6670 6718 6671
f 6671 6718 6719
f 6671 6719 6672
f 6672 6719 6720
f 6672 6720 6625
f 6625 6720 6673
f 6673 6721 6674
f 6674 6721 6722
f 6674 6722 6675
f 6675 6722 6723
f 6675 6723 6676
f 6676 6723 6724
f 6676 6724 6677
f 6677 6724 6725
f 6677 6725 6678
f 6678 6725 6726
f 6678 6726 6679
f 6679 6726 6727
f 6679 6727 6680
f 6680 6727 6728
f 6680 6728 6681
f 6681 6728 6729
f 6681 6729 6682
f 6682 6729 6730
f 6682 6730 6683
f 6683 6730 6731
f 6683 6731 6684
f 6684 6731 6732
f 6684 6732 6685
f 6685 6732 6733
f 6685 6733 6686
f 6686 6733 6734
f 6686 6734 6687
f 6687 6734 6735
f 6687 6735 6688
f 6688 6735 6736
f 6688 6736 6689
f 6689 6736 6737
f 6689 6737 6690
f 6690 6737 6738
f 6690 6738 6691
f 6691 6738 6739
f 6691 6739 6692
f 6692 6739 6740
f 6692 6740 6693
f 6693 6740 6741
f 6693 6741 6694
f 6694 6741 6742
f 6694 6742 6695
f 6695 6742 6743
f 6695 6743 6696
f 6696 6743 6744
f 6696 6744 6697
f 6697 6744 6745
f 6697 6745 6698
f 6698 6745 6746
f 6698 6746 6699
f 6699 6746 6747
f 6699 6747 6700
f 6700 6747 6748
f 6700 6748 6701
f 6701 6748 6749
f 6701 6749 6702
f 6702 6749 6750
f 6702 6750 6703
f 6703 6750 6751
f 6703 6751 6704
f 6704 6751 6752
f 6704 6752 6705
f 6705 6752 6753
f 6705 6753 6706
f 6706 6753 6754
f 6706 6754 6707
f 6707 6754 6755
f 6707 6755 6708
f 6708 6755 6756
f 6708 6756 6709
f 6709 6756 6757
f 6709 6757 6710
f 6710 6757 6758
f 6710 6758 6711
f 6711 6758 6759
f 6711 6759 6712
f 6712 6759 6760
f 6712 6760 6713
f 6713 6760 6761
f 6713 6761 6714
f 6714 6761 6762
f 6714 6762 6715
f 6715 6762 6763
f 6715 6763 6716
f 6716 6763 6764
f 6716 6764 6717
f 6717 6764 6765
f 6717 6765 6718
f 6718 6765 6766
f 6718 6766 6719
f 6719 6766 6767
f 6719 6767 6720
f 6720 6767 6768
f 6720 6768 6673
f 6673 6768 6721
f 6721 6769 6722
f 6722 6769 6770
f 6722 6770 6723
f 6723 6770 6771
f 6723 6771 6724
f 6724 6771 6772
f 6724 6772 6725
f 6725 6772 6773
f 6725 6773 6726
f 6726 6773 6774
f 6726 6774 6727
f 6727 6774 6775
f 6727 6775 6728
f 6728 6775 6776
f 6728 6776 6729
f 6729 6776 6777
f 6729 6777 6730
f 6730 6777 6778
f 6730 6778 6731
f 6731 6778 6779
f 6731 6779 6732
f 6732 6779 6780
f 6732 6780 6733
f 6733 6780 6781
f 6733 6781 6734
f 6734 6781 6782
f 6734 6782 6735
f 6735 6782 6783
f 6735 6783 6736
f 6736 6783 6784
f 6736 6784 6737
f 6737 6784 6785
f 6737 6785 6738
f 6738 6785 6786
f 6738 6786 6739
f 6739 6786 6787
f 6739 6787 6740
f 6740 6787 6788
f 6740 6788 6741
f 6741 6788 6789
f 6741 6789 6742
f 6742 6789 6790
f 6742 6790 6743
f 6743 6790 6791
f 6743 6791 6744
f 6744 6791 6792
f 6744 6792 6745
f 6745 6792 6793
f 6745 6793 6746
f 6746 6793 6794
f 6746 6794 6747
f 6747 6794 6795
f 6747 6795 6748
f 6748 6795 6796
f 6748 6796 6749
f 6749 6796 6797
f 6749 6797 6750
f 6750 6797 6798
f 6750 6798 6751
f 6751 6798 6799
f 6751 6799 6752
f 6752 6799 6800
f 6752 6800 6753
f 6753 6800 6801
f 6753 6801 6754
f 6754 6801 6802
f 6754 6802 6755
f 6755 6802 6803
f 6755 6803 6756
f 6756 6803 6804
f 6756 6804 6757
f 6757 6804 6805
f 6757 6805 6758
f 6758 6805 6806
f 6758 6806 6759
f 6759 6806 6807
f 6759 6807 6760
f 6760 6807 6808
f 6760 6808 6761
f 6761 6808 6809
f 6761 6809 6762
f 6762 6809 6810
f 6762 6810 6763
f 6763 6810 6811
f 6763 6811 6764
f 6764 6811 6812
f 6764 6812 6765
f 6765 6812 6813
f 6765 6813 6766
f 6766 6813 6814
f 6766 6814 6767
f 6767 6814 6815
f 6767 6815 6768
f 6768 6815 6816
f 6768 6816 6721
f 6721 6816 6769
f 6769 6817 6770
f 6770 6817 6818
f 6770 6818 6771
f 6771 6818 6819
f 6771 6819 6772
f 6772 6819 6820
f 6772 6820 6773
f 6773 6820 6821
f 6773 6821 6774
f 6774 6821 6822
f 6774 6822 6775
f 6775 6822 6823
f 6775 6823 6776
f 6776 6823 6824
f 6776 6824 6777
f 6777 6824 6825
f 6777 6825 6778
f 6778 6825 6826
f 6778 6826 6779
f 6779 6826 6827
f 6779 6827 6780
f 6780 6827 6828
f 6780 6828 6781
f 6781 6828 6829
f 6781 6829 6782
f 6782 6829 6830
f 6782 6830 6783
f 6783 6830 6831
f 6783 6831 6784
f 6784 6831 6832
f 6784 6832 6785
f 6785 6832 6833
f 6785 6833 6786
f 6786 6833 6834
f 6786 6834 6787
f 6787 6834 6835
f 6787 6835 6788
f 6788 6835 6836
f 6788 6836 6789
f 6789 6836 6837
f 6789 6837 6790
f 6790 6837 6838
f 6790 6838 6791
f 6791 6838 6839
f 6791 6839 6792
f 6792 6839 6840
f 6792 6840 6793
f 6793 6840 6841
f 6793 6841 6794
f 6794 6841 6842
f 6794 6842 6795
f 6795 6842 6843
f 6795 6843 6796
f 6796 6843 6844
f 6796 6844 6797
f 6797 6844 6845
f 6797 6845 6798
f 6798 6845 6846
f 6798 6846 6799
f 6799 6846 6847
f 6799 6847 6800
f 6800 6847 6848
f 6800 6848 6801
f 6801 6848 6849
f 6801 6849 6802
f 6802 6849 6850
f 6802 6850 6803
f 6803 6850 6851
f 6803 6851 6804
f 6804 6851 6852
f 6804 6852 6805
f 6805 6852 6853
f 6805 6853 6806
f 6806 6853 6854
f 6806 6854 6807
f 6807 6854 6855
f 6807 6855 6808
f 6808 6855 6856
f 6808 6856 6809
f 6809 6856 6857
f 6809 6857 6810
f 6810 6857 6858
f 6810 6858 6811
f 6811 6858 6859
f 6811 6859 6812
f 6812 6859 6860
f 6812 6860 6813
f 6813 6860 6861
f 6813 6861 6814
f 6814 6861 6862
f 6814 6862 6815
f 6815 6862 6863
f 6815 6863 6816
f 6816 6863 6864
f 6816 6864 6769
f 6769 6864 6817
f 6817 6865 6818
f 6818 6865 6866
f 6818 6866 6819
f 6819 6866 6867
f 6819 6867 6820
f 6820 6867 6868
f 6820 6868 6821
f 6821 6868 6869
f 6821 6869 6822
f 6822 6869 6870
f 6822 6870 6823
f 6823 6870 6871
f 6823 6871 6824
f 6824 6871 6872
f 6824 6872 6825
f 6825 6872 6873
f 6825 6873 6826
f 6826 6873 6874
f 6826 6874 6827
f 6827 6874 6875
f 6827 6875 6828
f 6828 6875 6876
f 6828 6876 6829
f 6829 6876 6877
f 6829 6877 6830
f 6830 6877 6878
f 6830 6878 6831
f 6831 6878 6879
f 6831 6879 6832
f 6832 6879 6880
f 6832 6880 6833
f 6833 6880 6881
f 6833 6881 6834
f 6834 6881 6882
f 6834 6882 6835
f 6835 6882 6883
f 6835 6883 6836
f 6836 6883 6884
f 6836 6884 6837
f 6837 6884 6885
f 6837 6885 6838
f 6838 6885 6886
f 6838 6886 6839
f 6839 6886 6887
f 6839 6887 6840
f 6840 6887 6888
f 6840 6888 6841
f 6841 6888 6889
f 6841 6889 6842
f 6842 6889 6890
f 6842 6890 6843
f 6843 6890 6891
f 6843 6891 6844
f 6844 6891 6892
f 6844 6892 6845
f 6845 6892 6893
f 6845 6893 6846
f 6846 6893 6894
f 6846 6894 6847
f 6847 6894 6895
f 6847 6895 6848
f 6848 6895 6896
f 6848 6896 6849
f 6849 6896 6897
f 6849 6897 6850
f 6850 6897 6898
f 6850 6898 6851
f 6851 6898 6899
f 6851 6899 6852
f 6852 6899 6900
f 6852 6900 6853
f 6853 6900 6901
f 6853 6901 6854
f 6854 6901 6902
f 6854 6902 6855
f 6855 6902 6903
f 6855 6903 6856
f 6856 6903 6904
f 6856 6904 6857
f 6857 6904 6905
f 6857 6905 6858
f 6858 6905 6906
f 6858 6906 6859
f 6859 6906 6907
f 6859 6907 6860
f 6860 6907 6908
f 6860 6908 6861
f 6861 6908 6909
f 6861 6909 6862
f 6862 6909 6910
f 6862 6910 6863
f 6863 6910 6911
f 6863 6911 6864
f 6864 6911 6912
f 6864 6912 6817
f 6817 6912 6865
f 6865 6913 6866
f 6866 6913 6914
f 6866 6914 6867
f 6867 6914 6915
f 6867 6915 6868
f 6868 6915 6916
f 6868 6916 6869
f 6869 6916 6917
f 6869 6917 6870
f 6870 6917 6918
f 6870 6918 6871
f 6871 6918 6919
f 6871 6919 6872
f 6872 6919 6920
f 6872 6920 6873
f 6873 6920 6921
f 6873 6921 6874
f 6874 6921 6922
f 6874 6922 6875
f 6875 6922 6923
f 6875 6923 6876
f 6876 6923 6924
f 6876 6924 6877
f 6877 6924 6925
f 6877 6925 6878
f 6878 6925 6926
f 6878 6926 6879
f 6879 6926 6927
f 6879 6927 6880
f 6880 6927 6928
f 6880 6928 6881
f 6881 6928 6929
f 6881 6929 6882
f 6882 6929 6930
f 6882 6930 6883
f 6883 6930 6931
f 6883 6931 6884
f 6884 6931 6932
f 6884 6932 6885
f 6885 6932 6933
f 6885 6933 6886
f 6886 6933 6934
f 6886 6934 6887
f 6887 6934 6935
f 6887 6935 6888
f 6888 6935 6936
f 6888 6936 6889
f 6889 6936 6937
f 6889 6937 6890
f 6890 6937 6938
f 6890 6938 6891
f 6891 6938 6939
f 6891 6939 6892
f 6892 6939 6940
f 6892 6940 6893
f 6893 6940 6941
f 6893 6941 6894
f 6894 6941 6942
f 6894 6942 6895
f 6895 6942 6943
f 6895 6943 6896
f 6896 6943 6944
f 6896 6944 6897
f 6897 6944 6945
f 6897 6945 6898
f 6898 6945 6946
f 6898 6946 6899
f 6899 6946 6947
f 6899 6947 6900
f 6900 6947 6948
f 6900 6948 6901
f 6901 6948 6949
f 6901 6949 6902
f 6902 6949 6950
f 6902 6950 6903
f 6903 6950 6951
f 6903 6951 6904
f 6904 6951 6952
f 6904 6952 6905
f 6905 6952 6953
f 6905 6953 6906
f 6906 6953 6954
f 6906 6954 6907
f 6907 6954 6955
f 6907 6955 6908
f 6908 6955 6956
f 6908 6956 6909
f 6909 6956 6957
f 6909 6957 6910
f 6910 6957 6958
f 6910 6958 6911
f 6911 6958 6959
f 6911 6959 6912
f 6912 6959 6960
f 6912 6960 6865
f 6865 6960 6913
f 6913 6961 6914
f 6914 6961 6962
f 6914 6962 6915
f 6915 6962 6963
f 6915 6963 6916
f 6916 6963 6964
f 6916 6964 6917
f 6917 6964 6965
f 6917 6965 6918
f 6918 6965 6966
f 6918 6966 6919
f 6919 6966 6967
f 6919 6967 6920
f 6920 6967 6968
f 6920 6968 6921
f 6921 6968 6969
f 6921 6969 6922
f 6922 6969 6970
f 6922 6970 6923
f 6923 6970 6971
f 6923 6971 6924
f 6924 6971 6972
f 6924 6972 6925
f 6925 6972 6973
f 6925 6973 6926
f 6926 6973 6974
f 6926 6974 6927
f 6927 6974 6975
f 6927 6975 6928
f 6928 6975 6976
f 6928 6976 6929
f 6929 6976 6977
f 6929 6977 6930
f 6930 6977 6978
f 6930 6978 6931
f 6931 6978 6979
f 6931 6979 6932
f 6932 6979 6980
f 6932 6980 6933
f 6933 6980 6981
f 6933 6981 6934
f 6934 6981 6982
f 6934 6982 6935
f 6935 6982 6983
f 6935 6983 6936
f 6936 6983 6984
f 6936 6984 6937
f 6937 6984 6985
f 6937 6985 6938
f 6938 6985 6986
f 6938 6986 6939
f 6939 6986 6987
f 6939 6987 6940
f 6940 6987 6988
f 6940 6988 6941
f 6941 6988 6989
f 6941 6989 6942
f 6942 6989 6990
f 6942 6990 6943
f 6943 6990 6991
f 6943 6991 6944
f 6944 6991 6992
f 6944 6992 6945
f 6945 6992 6993
f 6945 6993 6946
f 6946 6993 6994
f 6946 6994 6947
f 6947 6994 6995
f 6947 6995 6948
f 6948 6995 6996
f 6948 6996 6949
f 6949 6996 6997
f 6949 6997 6950
f 6950 6997 6998
f 6950 6998 6951
f 6951 6998 6999
f 6951 6999 6952
f 6952 6999 7000
f 6952 7000 6953
f 6953 7000 7001
f 6953 7001 6954
f 6954 7001 7002
f 6954 7002 6955
f 6955 7002 7003
f 6955 7003 6956
f 6956 7003 7004
f 6956 7004 6957
f 6957 7004 7005
f 6957 7005 6958
f 6958 7005 7006
f 6958 7006 6959
f 6959 7006 7007
f 6959 7007 6960
f 6960 7007 7008
f 6960 7008 6913
f 6913 7008 6961
f 6961 7009 6962
f 6962 7009 7010
f 6962 7010 6963
f 6963 7010 7011
f 6963 7011 6964
f 6964 7011 7012
f 6964 7012 6965
f 6965 7012 7013
f 6965 7013 6966
f 6966 7013 7014
f 6966 7014 6967
f 6967 7014 7015
f 6967 7015 6968
f 6968 7015 7016
f 6968 7016 6969
f 6969 7016 7017
f 6969 7017 6970
f 6970 7017 7018
f 6970 7018 6971
f 6971 7018 7019
f 6971 7019 6972
f 6972 7019 7020
f 6972 7020 6973
f 6973 7020 7021
f 6973 7021 6974
f 6974 7021 7022
f 6974 7022 6975
f 6975 7022 7023
f 6975 7023 6976
f 6976 7023 7024
f 6976 7024 6977
f 6977 7024 7025
f 6977 7025 6978
f 6978 7025 7026
f 6978 7026 6979
f 6979 7026 7027
f 6979 7027 6980
f 6980 7027 7028
f 6980 7028 6981
f 6981 7028 7029
f 6981 7029 6982
f 6982 7029 7030
f 6982 7030 6983
f 6983 7030 7031
f 6983 7031 6984
f 6984 7031 7032
f 6984 7032 6985
f 6985 7032 7033
f 6985 7033 6986
f 6986 7033 7034
f 6986 7034 6987
f 6987 7034 7035
f 6987 7035 6988
f 6988 7035 7036
f 6988 7036 6989
f 6989 7036 7037
f 6989 7037 6990
f 6990 7037 7038
f 6990 7038 6991
f 6991 7038 7039
f 6991 7039 6992
f 6992 7039 7040
f 6992 7040 6993
f 6993 7040 7041
f 6993 7041 6994
f 6994 7041 7042
f 6994 7042 6995
f 6995 7042 7043
f 6995 7043 6996
f 6996 7043 7044
f 6996 7044 6997
f 6997 7044 7045
f 6997 7045 6998
f 6998 7045 7046
f 6998 7046 6999
f 6999 7046 7047
f 6999 7047 7000
f 7000 7047 7048
f 7000 7048 7001
f 7001 7048 7049
f 7001 7049 7002
f 7002 7049 7050
f 7002 7050 7003
f 7003 7050 7051
f 7003 7051 7004
f 7004 7051 7052
f 7004 7052 7005
f 7005 7052 7053
f 7005 7053 7006
f 7006 7053 7054
f 7006 7054 7007
f 7007 7054 7055
f 7007 7055 7008
f 7008 7055 7056
f 7008 7056 6961
f 6961 7056 7009
f 7009 7057 7010
f 7010 7057 7058
f 7010 7058 7011
f 7011 7058 7059
f 7011 7059 7012
f 7012 7059 7060
f 7012 7060 7013
f 7013 7060 7061
f 7013 7061 7014
f 7014 7061 7062
f 7014 7062 7015
f 7015 7062 7063
f 7015 7063 7016
f 7016 7063 7064
f 7016 7064 7017
f 7017 7064 7065
f 7017 7065 7018
f 7018 7065 7066
f 7018 7066 7019
f 7019 7066 7067
f 7019 7067 7020
f 7020 7067 7068
f 7020 7068 7021
f 7021 7068 7069
f 7021 7069 7022
f 7022 7069 7070
f 7022 7070 7023
f 7023 7070 7071
f 7023 7071 7024
f 7024 7071 7072
f 7024 7072 7025
f 7025 7072 7073
f 7025 7073 7026
f 7026 7073 7074
f 7026 7074 7027
f 7027 7074 7075
f 7027 7075 7028
f 7028 7075 7076
f 7028 7076 7029
f 7029 7076 7077
f 7029 7077 7030
f 7030 7077 7078
f 7030 7078 7031
f 7031 7078 7079
f 7031 7079 7032
f 7032 7079 7080
f 7032 7080 7033
f 7033 7080 7081
f 7033 7081 7034
f 7034 7081 7082
f 7034 7082 7035
f 7035 7082 7083
f 7035 7083 7036
f 7036 7083 7084
f 7036 7084 7037
f 7037 7084 7085
f 7037 7085 7038
f 7038 7085 7086
f 7038 7086 7039
f 7039 7086 7087
f 7039 7087 7040
f 7040 7087 7088
f 7040 7088 7041
f 7041 7088 7089
f 7041 7089 7042
f 7042 7089 7090
f 7042 7090 7043
f 7043 7090 7091
f 7043 7091 7044
f 7044 7091 7092
f 7044 7092 7045
f 7045 7092 7093
f 7045 7093 7046
f 7046 7093 7094
f 7046 7094 7047
f 7047 7094 7095
f 7047 7095 7048
f 7048 7095 7096
f 7048 7096 7049
f 7049 7096 7097
f 7049 7097 7050
f 7050 7097 7098
f 7050 7098 7051
f 7051 7098 7099
f 7051 7099 7052
f 7052 7099 7100
f 7052 7100 7053
f 7053 7100 7101
f 7053 7101 7054
f 7054 7101 7102
f 7054 7102 7055
f 7055 7102 7103
f 7055 7103 7056
f 7056 7103 7104
f 7056 7104 7009
f 7009 7104 7057
f 7057 7105 7058
f 7058 7105 7106
f 7058 7106 7059
f 7059 7106 7107
f 7059 7107 7060
f 7060 7107 7108
f 7060 7108 7061
f 7061 7108 7109
f 7061 7109 7062
f 7062 7109 7110
f 7062 7110 7063
f 7063 7110 7111
f 7063 7111 7064
f 7064 7111 7112
f 7064 7112 7065
f 7065 7112 7113
f 7065 7113 7066
f 7066 7113 7114
f 7066 7114 7067
f 7067 7114 7115
f 7067 7115 7068
f 7068 7115 7116
f 7068 7116 7069
f 7069 7116 7117
f 7069 7117 7070
f 7070 7117 7118
f 7070 7118 7071
f 7071 7118 7119
f 7071 7119 7072
f 7072 7119 7120
f 7072 7120 7073
f 7073 7120 7121
f 7073 7121 7074
f 7074 7121 7122
f 7074 7122 7075
f 7075 7122 7123
f 7075 7123 7076
f 7076 7123 7124
f 7076 7124 7077
f 7077 7124 7125
f 7077 7125 7078
f 7078 7125 7126
f 7078 7126 7079
f 7079 7126 7127
f 7079 7127 7080
f 7080 7127 7128
f 7080 7128 7081
f 7081 7128 7129
f 7081 7129 7082
f 7082 7129 7130
f 7082 7130 7083
f 7083 7130 7131
f 7083 7131 7084
f 7084 7131 7132
f 7084 7132 7085
f 7085 7132 7133
f 7085 7133 7086
f 7086 7133 7134
f 7086 7134 7087
f 7087 7134 7135
f 7087 7135 7088
f 7088 7135 7136
f 7088 7136 7089
f 7089 7136 7137
f 7089 7137 7090
f 7090 7137 7138
f 7090 7138 7091
f 7091 7138 7139
f 7091 7139 7092
f 7092 7139 7140
f 7092 7140 7093
f 7093 7140 7141
f 7093 7141 7094
f 7094 7141 7142
f 7094 7142 7095
f 7095 7142 7143
f 7095 7143 7096
f 7096 7143 7144
f 7096 7144 7097
f 7097 7144 7145
f 7097 7145 7098
f 7098 7145 7146
f 7098 7146 7099
f 7099 7146 7147
f 7099 7147 7100
f 7100 7147 7148
f 7100 7148 7101
f 7101 7148 7149
f 7101 7149 7102
f 7102 7149 7150
f 7102 7150 7103
f 7103 7150 7151
f 7103 7151 7104
f 7104 7151 7152
f 7104 7152 7057
f 7057 7152 7105
f 7105 7153 7106
f 7106 7153 7154
f 7106 7154 7107
f 7107 7154 7155
f 7107 7155 7108
f 7108 7155 7156
f 7108 7156 7109
f 7109 7156 7157
f 7109 7157 7110
f 7110 7157 7158
f 7110 7158 7111
f 7111 7158 7159
f 7111 7159 7112
f 7112 7159 7160
f 7112 7160 7113
f 7113 7160 7161
f 7113 7161 7114
f 7114 7161 7162
f 7114 7162 7115
f 7115 7162 7163
f 7115 7163 7116
f 7116 7163 7164
f 7116 7164 7117
f 7117 7164 7165
f 7117 7165 7118
f 7118 7165 7166
f 7118 7166 7119
f 7119 7166 7167
f 7119 7167 7120
f 7120 7167 7168
f 7120 7168 7121
f 7121 7168 7169
f 7121 7169 7122
f 7122 7169 7170
f 7122 7170 7123
f 7123 7170 7171
f 7123 7171 7124
f 7124 7171 7172
f 7124 7172 7125
f 7125 7172 7173
f 7125 7173 7126
f 7126 7173 7174
f 7126 7174 7127
f 7127 7174 7175
f 7127 7175 7128
f 7128 7175 7176
f 7128 7176 7129
f 7129 7176 7177
f 7129 7177 7130
f 7130 7177 7178
f 7130 7178 7131
f 7131 7178 7179
f 7131 7179 7132
f 7132 7179 7180
f 7132 7180 7133
f 7133 7180 7181
f 7133 7181 7134
f 7134 7181 7182
f 7134 7182 7135
f 7135 7182 7183
f 7135 7183 7136
f 7136 7183 7184
f 7136 7184 7137
f 7137 7184 7185
f 7137 7185 7138
f 7138 7185 7186
f 7138 7186 7139
f 7139 7186 7187
f 7139 7187 7140
f 7140 7187 7188
f 7140 7188 7141
f 7141 7188 7189
f 7141 7189 7142
f 7142 7189 7190
f 7142 7190 7143
f 7143 7190 7191
f 7143 7191 7144
f 7144 7191 7192
f 7144 7192 7145
f 7145 7192 7193
f 7145 7193 7146
f 7146 7193 7194
f 7146 7194 7147
f 7147 7194 7195
f 7147 7195 7148
f 7148 7195 7196
f 7148 7196 7149
f 7149 7196 7197
f 7149 7197 7150
f 7150 7197 7198
f 7150 7198 7151
f 7151 7198 7199
f 7151 7199 7152
f 7152 7199 7200
f 7152 7200 7105
f 7105 7200 7153
f 7153 7201 7154
f 7154 7201 7202
f 7154 7202 7155
f 7155 7202 7203
f 7155 7203 7156
f 7156 7203 7204
f 7156 7204 7157
f 7157 7204 7205
f 7157 7205 7158
f 7158 7205 7206
f 7158 7206 7159
f 7159 7206 7207
f 7159 7207 7160
f 7160 7207 7208
f 7160 7208 7161
f 7161 7208 7209
f 7161 7209 7162
f 7162 7209 7210
f 7162 7210 7163
f 7163 7210 7211
f 7163 7211 7164
f 7164 7211 7212
f 7164 7212 7165
f 7165 7212 7213
f 7165 7213 7166
f 7166 7213 7214
f 7166 7214 7167
f 7167 7214 7215
f 7167 7215 7168
f 7168 7215 7216
f 7168 7216 7169
f 7169 7216 7217
f 7169 7217 7170
f 7170 7217 7218
f 7170 7218 7171
f 7171 7218 7219
f 7171 7219 7172
f 7172 7219 7220
f 7172 7220 7173
f 7173 7220 7221
f 7173 7221 7174
f 7174 7221 7222
f 7174 7222 7175
f 7175 7222 7223
f 7175 7223 7176
f 7176 7223 7224
f 7176 7224 7177
f 7177 7224 7225
f 7177 7225 7178
f 7178 7225 7226
f 7178 7226 7179
f 7179 7226 7227
f 7179 7227 7180
f 7180 7227 7228
f 7180 7228 7181
f 7181 7228 7229
f 7181 7229 7182
f 7182 7229 7230
f 7182 7230 7183
f 7183 7230 7231
f 7183 7231 7184
f 7184 7231 7232
f 7184 7232 7185
f 7185 7232 7233
f 7185 7233 7186
f 7186 7233 7234
f 7186 7234 7187
f 7187 7234 7235
f 7187 7235 7188
f 7188 7235 7236
f 7188 7236 7189
f 7189 7236 7237
f 7189 7237 7190
f 7190 7237 7238
f 7190 7238 7191
f 7191 7238 7239
f 7191 7239 7192
f 7192 7239 7240
f 7192 7240 7193
f 7193 7240 7241
f 7193 7241 7194
f 7194 7241 7242
f 7194 7242 7195
f 7195 7242 7243
f 7195 7243 7196
f 7196 7243 7244
f 7196 7244 7197
f 7197 7244 7245
f 7197 7245 7198
f 7198 7245 7246
f 7198 7246 7199
f 7199 7246 7247
f 7199 7247 7200
f 7200 7247 7248
f 7200 7248 7153
f 7153 7248 7201
f 7201 7249 7202
f 7202 7249 7250
f 7202 7250 7203
f 7203 7250 7251
f 7203 7251 7204
f 7204 7251 7252
f 7204 7252 7205
f 7205 7252 7253
f 7205 7253 7206
f 7206 7253 7254
f 7206 7254 7207
f 7207 7254 7255
f 7207 7255 7208
f 7208 7255 7256
f 7208 7256 7209
f 7209 7256 7257
f 7209 7257 7210
f 7210 7257 7258
f 7210 7258 7211
f 7211 7258 7259
f 7211 7259 7212
f 7212 7259 7260
f 7212 7260 7213
f 7213 7260 7261
f 7213 7261 7214
f 7214 7261 7262
f 7214 7262 7215
f 7215 7262 7263
f 7215 7263 7216
f 7216 7263 7264
f 7216 7264 7217
f 7217 7264 7265
f 7217 7265 7218
f 7218 7265 7266
f 7218 7266 7219
f 7219 7266 7267
f 7219 7267 7220
f 7220 7267 7268
f 7220 7268 7221
f 7221 7268 7269
f 7221 7269 7222
f 7222 7269 7270
f 7222 7270 7223
f 7223 7270 7271
f 7223 7271 7224
f 7224 7271 7272
f 7224 7272 7225
f 7225 7272 7273
f 7225 7273 7226
f 7226 7273 7274
f 7226 7274 7227
f 7227 7274 7275
f 7227 7275 7228
f 7228 7275 7276
f 7228 7276 7229
f 7229 7276 7277
f 7229 7277 7230
f 7230 7277 7278
f 7230 7278 7231
f 7231 7278 7279
f 7231 7279 7232
f 7232 7279 7280
f 7232 7280 7233
f 7233 7280 7281
f 7233 7281 7234
f 7234 7281 7282
f 7234 7282 7235
f 7235 7282 7283
f 7235 7283 7236
f 7236 7283 7284
f 7236 7284 7237
f 7237 7284 7285
f 7237 7285 7238
f 7238 7285 7286
f 7238 7286 7239
f 7239 7286 7287
f 7239 7287 7240
f 7240 7287 7288
f 7240 7288 7241
f 7241 7288 7289
f 7241 7289 7242
f 7242 7289 7290
f 7242 7290 7243
f 7243 7290 7291
f 7243 7291 7244
f 7244 7291 7292
f 7244 7292 7245
f 7245 7292 7293
f 7245 7293 7246
f 7246 7293 7294
f 7246 7294 7247
f 7247 7294 7295
f 7247 7295 7248
f 7248 7295 7296
f 7248 7296 7201
f 7201 7296 7249
f 7249 7297 7250
f 7250 7297 7298
f 7250 7298 7251
f 7251 7298 7299
f 7251 7299 7252
f 7252 7299 7300
f 7252 7300 7253
f 7253 7300 7301
f 7253 7301 7254
f 7254 7301 7302
f 7254 7302 7255
f 7255 7302 7303
f 7255 7303 7256
f 7256 7303 7304
f 7256 7304 7257
f 7257 7304 7305
f 7257 7305 7258
f 7258 7305 7306
f 7258 7306 7259
f 7259 7306 7307
f 7259 7307 7260
f 7260 7307 7308
f 7260 7308 7261
f 7261 7308 7309
f 7261 7309 7262
f 7262 7309 7310
f 7262 7310 7263
f 7263 7310 7311
f 7263 7311 7264
f 7264 7311 7312
f 7264 7312 7265
f 7265 7312 7313
f 7265 7313 7266
f 7266 7313 7314
f 7266 7314 7267
f 7267 7314 7315
f 7267 7315 7268
f 7268 7315 7316
f 7268 7316 7269
f 7269 7316 7317
f 7269 7317 7270
f 7270 7317 7318
f 7270 7318 7271
f 7271 7318 7319
f 7271 7319 7272
f 7272 7319 7320
f 7272 7320 7273
f 7273 7320 7321
f 7273 7321 7274
f 7274 7321 7322
f 7274 7322 7275
f 7275 7322 7323
f 7275 7323 7276
f 7276 7323 7324
f 7276 7324 7277
f 7277 7324 7325
f 7277 7325 7278
f 7278 7325 7326
f 7278 7326 7279
f 7279 7326 7327
f 7279 7327 7280
f 7280 7327 7328
f 7280 7328 7281
f 7281 7328 7329
f 7281 7329 7282
f 7282 7329 7330
f 7282 7330 7283
f 7283 7330 7331
f 7283 7331 7284
f 7284 7331 7332
f 7284 7332 7285
f 7285 7332 7333
f 7285 7333 7286
f 7286 7333 7334
f 7286 7334 7287
f 7287 7334 7335
f 7287 7335 7288
f 7288 7335 7336
f 7288 7336 7289
f 7289 7336 7337
f 7289 7337 7290
f 7290 7337 7338
f 7290 7338 7291
f 7291 7338 7339
f 7291 7339 7292
f 7292 7339 7340
f 7292 7340 7293
f 7293 7340 7341
f 7293 7341 7294
f 7294 7341 7342
f 7294 7342 7295
f 7295 7342 7343
f 7295 7343 7296
f 7296 7343 7344
f 7296 7344 7249
f 7249 7344 7297
f 7297 7345 7298
f 7298 7345 7346
f 7298 7346 7299
f 7299 7346 7347
f 7299 7347 7300
f 7300 7347 7348
f 7300 7348 7301
f 7301 7348 7349
f 7301 7349 7302
f 7302 7349 7350
f 7302 7350 7303
f 7303 7350 7351
f 7303 7351 7304
f 7304 7351 7352
f 7304 7352 7305
f 7305 7352 7353
f 7305 7353 7306
f 7306 7353 7354
f 7306 7354 7307
f 7307 7354 7355
f 7307 7355 7308
f 7308 7355 7356
f 7308 7356 7309
f 7309 7356 7357
f 7309 7357 7310
f 7310 7357 7358
f 7310 7358 7311
f 7311 7358 7359
f 7311 7359 7312
f 7312 7359 7360
f 7312 7360 7313
f 7313 7360 7361
f 7313 7361 7314
f 7314 7361 7362
f 7314 7362 7315
f 7315 7362 7363
f 7315 7363 7316
f 7316 7363 7364
f 7316 7364 7317
f 7317 7364 7365
f 7317 7365 7318
f 7318 7365 7366
f 7318 7366 7319
f 7319 7366 7367
f 7319 7367 7320
f 7320 7367 7368
f 7320 7368 7321
f 7321 7368 7369
f 7321 7369 7322
f 7322 7369 7370
f 7322 7370 7323
f 7323 7370 7371
f 7323 7371 7324
f 7324 7371 7372
f 7324 7372 7325
f 7325 7372 7373
f 7325 7373 7326
f 7326 7373 7374
f 7326 7374 7327
f 7327 7374 7375
f 7327 7375 7328
f 7328 7375 7376
f 7328 7376 7329
f 7329 7376 7377
f 7329 7377 7330
f 7330 7377 7378
f 7330 7378 7331
f 7331 7378 7379
f 7331 7379 7332
f 7332 7379 7380
f 7332 7380 7333
f 7333 7380 7381
f 7333 7381 7334
f 7334 7381 7382
f 7334 7382 7335
f 7335 7382 7383
f 7335 7383 7336
f 7336 7383 7384
f 7336 7384 7337
f 7337 7384 7385
f 7337 7385 7338
f 7338 7385 7386
f 7338 7386 7339
f 7339 7386 7387
f 7339 7387 7340
f 7340 7387 7388
f 7340 7388 7341
f 7341 7388 7389
f 7341 7389 7342
f 7342 7389 7390
f 7342 7390 7343
f 7343 7390 7391
f 7343 7391 7344
f 7344 7391 7392
f 7344 7392 7297
f 7297 7392 7345
f 7345 7393 7346
f 7346 7393 7394
f 7346 7394 7347
f 7347 7394 7395
f 7347 7395 7348
f 7348 7395 7396
f 7348 7396 7349
f 7349 7396 7397
f 7349 7397 7350
f 7350 7397 7398
f 7350 7398 7351
f 7351 7398 7399
f 7351 7399 7352
f 7352 7399 7400
f 7352 7400 7353
f 7353 7400 7401
f 7353 7401 7354
f 7354 7401 7402
f 7354 7402 7355
f 7355 7402 7403
f 7355 7403 7356
f 7356 7403 7404
f 7356 7404 7357
f 7357 7404 7405
f 7357 7405 7358
f 7358 7405 7406
f 7358 7406 7359
f 7359 7406 7407
f 7359 7407 7360
f 7360 7407 7408
f 7360 7408 7361
f 7361 7408 7409
f 7361 7409 7362
f 7362 7409 7410
f 7362 7410 7363
f 7363 7410 7411
f 7363 7411 7364
f 7364 7411 7412
f 7364 7412 7365
f 7365 7412 7413
f 7365 7413 7366
f 7366 7413 7414
f 7366 7414 7367
f 7367 7414 7415
f 7367 7415 7368
f 7368 7415 7416
f 7368 7416 7369
f 7369 7416 7417
f 7369 7417 7370
f 7370 7417 7418
f 7370 7418 7371
f 7371 7418 7419
f 7371 7419 7372
f 7372 7419 7420
f 7372 7420 7373
f 7373 7420 7421
f 7373 7421 7374
f 7374 7421 7422
f 7374 7422 7375
f 7375 7422 7423
f 7375 7423 7376
f 7376 7423 7424
f 7376 7424 7377
f 7377 7424 7425
f 7377 7425 7378
f 7378 7425 7426
f 7378 7426 7379
f 7379 7426 7427
f 7379 7427 7380
f 7380 7427 7428
f 7380 7428 7381
f 7381 7428 7429
f 7381 7429 7382
f 7382 7429 7430
f 7382 7430 7383
f 7383 7430 7431
f 7383 7431 7384
f 7384 7431 7432
f 7384 7432 7385
f 7385 7432 7433
f 7385 7433 7386
f 7386 7433 7434
f 7386 7434 7387
f 7387 7434 7435
f 7387 7435 7388
f 7388 7435 7436
f 7388 7436 7389
f 7389 7436 7437
f 7389 7437 7390
f 7390 7437 7438
f 7390 7438 7391
f 7391 7438 7439
f 7391 7439 7392
f 7392 7439 7440
f 7392 7440 7345
f 7345 7440 7393
f 7393 7441 7394
f 7394 7441 7442
f 7394 7442 7395
f 7395 7442 7443
f 7395 7443 7396
f 7396 7443 7444
f 7396 7444 7397
f 7397 7444 7445
f 7397 7445 7398
f 7398 7445 7446
f 7398 7446 7399
f 7399 7446 7447
f 7399 7447 7400
f 7400 7447 7448
f 7400 7448 7401
f 7401 7448 7449
f 7401 7449 7402
f 7402 7449 7450
f 7402 7450 7403
f 7403 7450 7451
f 7403 7451 7404
f 7404 7451 7452
f 7404 7452 7405
f 7405 7452 7453
f 7405 7453 7406
f 7406 7453 7454
f 7406 7454 7407
f 7407 7454 7455
f 7407 7455 7408
f 7408 7455 7456
f 7408 7456 7409
f 7409 7456 7457
f 7409 7457 7410
f 7410 7457 7458
f 7410 7458 7411
f 7411 7458 7459
f 7411 7459 7412
f 7412 7459 7460
f 7412 7460 7413
f 7413 7460 7461
f 7413 7461 7414
f 7414 7461 7462
f 7414 7462 7415
f 7415 7462 7463
f 7415 7463 7416
f 7416 7463 7464
f 7416 7464 7417
f 7417 7464 7465
f 7417 7465 7418
f 7418 7465 7466
f 7418 7466 7419
f 7419 7466 7467
f 7419 7467 7420
f 7420 7467 7468
f 7420 7468 7421
f 7421 7468 7469
f 7421 7469 7422
f 7422 7469 7470
f 7422 7470 7423
f 7423 7470 7471
f 7423 7471 7424
f 7424 7471 7472
f 7424 7472 7425
f 7425 7472 7473
f 7425 7473 7426
f 7426 7473 7474
f 7426 7474 7427
f 7427 7474 7475
f 7427 7475 7428
f 7428 7475 7476
f 7428 7476 7429
f 7429 7476 7477
f 7429 7477 7430
f 7430 7477 7478
f 7430 7478 7431
f 7431 7478 7479
f 7431 7479 7432
f 7432 7479 7480
f 7432 7480 7433
f 7433 7480 7481
f 7433 7481 7434
f 7434 7481 7482
f 7434 7482 7435
f 7435 7482 7483
f 7435 7483 7436
f 7436 7483 7484
f 7436 7484 7437
f 7437 7484 7485
f 7437 7485 7438
f 7438 7485 7486
f 7438 7486 7439
f 7439 7486 7487
f 7439 7487 7440
f 7440 7487 7488
f 7440 7488 7393
f 7393 7488 7441
f 7441 7489 7442
f 7442 7489 7490
f 7442 7490 7443
f 7443 7490 7491
f 7443 7491 7444
f 7444 7491 7492
f 7444 7492 7445
f 7445 7492 7493
f 7445 7493 7446
f 7446 7493 7494
f 7446 7494 7447
f 7447 7494 7495
f 7447 7495 7448
f 7448 7495 7496
f 7448 7496 7449
f 7449 7496 7497
f 7449 7497 7450
f 7450 7497 7498
f 7450 7498 7451
f 7451 7498 7499
f 7451 7499 7452
f 7452 7499 7500
f 7452 7500 7453
f 7453 7500 7501
f 7453 7501 7454
f 7454 7501 7502
f 7454 7502 7455
f 7455 7502 7503
f 7455 7503 7456
f 7456 7503 7504
f 7456 7504 7457
f 7457 7504 7505
f 7457 7505 7458
f 7458 7505 7506
f 7458 7506 7459
f 7459 7506 7507
f 7459 7507 7460
f 7460 7507 7508
f 7460 7508 7461
f 7461 7508 7509
f 7461 7509 7462
f 7462 7509 7510
f 7462 7510 7463
f 7463 7510 7511
f 7463 7511 7464
f 7464 7511 7512
f 7464 7512 7465
f 7465 7512 7513
f 7465 7513 7466
f 7466 7513 7514
f 7466 7514 7467
f 7467 7514 7515
f 7467 7515 7468
f 7468 7515 7516
f 7468 7516 7469
f 7469 7516 7517
f 7469 7517 7470
f 7470 7517 7518
f 7470 7518 7471
f 7471 7518 7519
f 7471 7519 7472
f 7472 7519 7520
f 7472 7520 7473
f 7473 7520 7521
f 7473 7521 7474
f 7474 7521 7522
f 7474 7522 7475
f 7475 7522 7523
f 7475 7523 7476
f 7476 7523 7524
f 7476 7524 7477
f 7477 7524 7525
f 7477 7525 7478
f 7478 7525 7526
f 7478 7526 7479
f 7479 7526 7527
f 7479 7527 7480
f 7480 7527 7528
f 7480 7528 7481
f 7481 7528 7529
f 7481 7529 7482
f 7482 7529 7530
f 7482 7530 7483
f 7483 7530 7531
f 7483 7531 7484
f 7484 7531 7532
f 7484 7532 7485
f 7485 7532 7533
f 7485 7533 7486
f 7486 7533 7534
f 7486 7534 7487
f 7487 7534 7535
f 7487 7535 7488
f 7488 7535 7536
f 7488 7536 7441
f 7441 7536 7489
f 7489 7537 7490
f 7490 7537 7538
f 7490 7538 7491
f 7491 7538 7539
f 7491 7539 7492
f 7492 7539 7540
f 7492 7540 7493
f 7493 7540 7541
f 7493 7541 7494
f 7494 7541 7542
f 7494 7542 7495
f 7495 7542 7543
f 7495 7543 7496
f 7496 7543 7544
f 7496 7544 7497
f 7497 7544 7545
f 7497 7545 7498
f 7498 7545 7546
f 7498 7546 7499
f 7499 7546 7547
f 7499 7547 7500
f 7500 7547 7548
f 7500 7548 7501
f 7501 7548 7549
f 7501 7549 7502
f 7502 7549 7550
f 7502 7550 7503
f 7503 7550 7551
f 7503 7551 7504
f 7504 7551 7552
f 7504 7552 7505
f 7505 7552 7553
f 7505 7553 7506
f 7506 7553 7554
f 7506 7554 7507
f 7507 7554 7555
f 7507 7555 7508
f 7508 7555 7556
f 7508 7556 7509
f 7509 7556 7557
f 7509 7557 7510
f 7510 7557 7558
f 7510 7558 7511
f 7511 7558 7559
f 7511 7559 7512
f 7512 7559 7560
f 7512 7560 7513
f 7513 7560 7561
f 7513 7561 7514
f 7514 7561 7562
f 7514 7562 7515
f 7515 7562 7563
f 7515 7563 7516
f 7516 7563 7564
f 7516 7564 7517
f 7517 7564 7565
f 7517 7565 7518
f 7518 7565 7566
f 7518 7566 7519
f 7519 7566 7567
f 7519 7567 7520
f 7520 7567 7568
f 7520 7568 7521
f 7521 7568 7569
f 7521 7569 7522
f 7522 7569 7570
f 7522 7570 7523
f 7523 7570 7571
f 7523 7571 7524
f 7524 7571 7572
f 7524 7572 7525
f 7525 7572 7573
f 7525 7573 7526
f 7526 7573 7574
f 7526 7574 7527
f 7527 7574 7575
f 7527 7575 7528
f 7528 7575 7576
f 7528 7576 7529
f 7529 7576 7577
f 7529 7577 7530
f 7530 7577 7578
f 7530 7578 7531
f 7531 7578 7579
f 7531 7579 7532
f 7532 7579 7580
f 7532 7580 7533
f 7533 7580 7581
f 7533 7581 7534
f 7534 7581 7582
f 7534 7582 7535
f 7535 7582 7583
f 7535 7583 7536
f 7536 7583 7584
f 7536 7584 7489
f 7489 7584 7537
f 7537 7585 7538
f 7538 7585 7586
f 7538 7586 7539
f 7539 7586 7587
f 7539 7587 7540
f 7540 7587 7588
f 7540 7588 7541
f 7541 7588 7589
f 7541 7589 7542
f 7542 7589 7590
f 7542 7590 7543
f 7543 7590 7591
f 7543 7591 7544
f 7544 7591 7592
f 7544 7592 7545
f 7545 7592 7593
f 7545 7593 7546
f 7546 7593 7594
f 7546 7594 7547
f 7547 7594 7595
f 7547 7595 7548
f 7548 7595 7596
f 7548 7596 7549
f 7549 7596 7597
f 7549 7597 7550
f 7550 7597 7598
f 7550 7598 7551
f 7551 7598 7599
f 7551 7599 7552
f 7552 7599 7600
f 7552 7600 7553
f 7553 7600 7601
f 7553 7601 7554
f 7554 7601 7602
f 7554 7602 7555
f 7555 7602 7603
f 7555 7603 7556
f 7556 7603 7604
f 7556 7604 7557
f 7557 7604 7605
f 7557 7605 7558
f 7558 7605 7606
f 7558 7606 7559
f 7559 7606 7607
f 7559 7607 7560
f 7560 7607 7608
f 7560 7608 7561
f 7561 7608 7609
f 7561 7609 7562
f 7562 7609 7610
f 7562 7610 7563
f 7563 7610 7611
f 7563 7611 7564
f 7564 7611 7612
f 7564 7612 7565
f 7565 7612 7613
f 7565 7613 7566
f 7566 7613 7614
f 7566 7614 7567
f 7567 7614 7615
f 7567 7615 7568
f 7568 7615 7616
f 7568 7616 7569
f 7569 7616 7617
f 7569 7617 7570
f 7570 7617 7618
f 7570 7618 7571
f 7571 7618 7619
f 7571 7619 7572
f 7572 7619 7620
f 7572 7620 7573
f 7573 7620 7621
f 7573 7621 7574
f 7574 7621 7622
f 7574 7622 7575
f 7575 7622 7623
f 7575 7623 7576
f 7576 7623 7624
f 7576 7624 7577
f 7577 7624 7625
f 7577 7625 7578
f 7578 7625 7626
f 7578 7626 7579
f 7579 7626 7627
f 7579 7627 7580
f 7580 7627 7628
f 7580 7628 7581
f 7581 7628 7629
f 7581 7629 7582
f 7582 7629 7630
f 7582 7630 7583
f 7583 7630 7631
f 7583 7631 7584
f 7584 7631 7632
f 7584 7632 7537
f 7537 7632 7585
f 7585 7633 7586
f 7586 7633 7634
f 7586 7634 7587
f 7587 7634 7635
f 7587 7635 7588
f 7588 7635 7636
f 7588 7636 7589
f 7589 7636 7637
f 7589 7637 7590
f 7590 7637 7638
f 7590 7638 7591
f 7591 7638 7639
f 7591 7639 7592
f 7592 7639 7640
f 7592 7640 7593
f 7593 7640 7641
f 7593 7641 7594
f 7594 7641 7642
f 7594 7642 7595
f 7595 7642 7643
f 7595 7643 7596
f 7596 7643 7644
f 7596 7644 7597
f 7597 7644 7645
f 7597 7645 7598
f 7598 7645 7646
f 7598 7646 7599
f 7599 7646 7647
f 7599 7647 7600
f 7600 7647 7648
f 7600 7648 7601
f 7601 7648 7649
f 7601 7649 7602
f 7602 7649 7650
f 7602 7650 7603
f 7603 7650 7651
f 7603 7651 7604
f 7604 7651 7652
f 7604 7652 7605
f 7605 7652 7653
f 7605 7653 7606
f 7606 7653 7654
f 7606 7654 7607
f 7607 7654 7655
f 7607 7655 7608
f 7608 7655 7656
f 7608 7656 7609
f 7609 7656 7657
f 7609 7657 7610
f 7610 7657 7658
f 7610 7658 7611
f 7611 7658 7659
f 7611 7659 7612
f 7612 7659 7660
f 7612 7660 7613
f 7613 7660 7661
f 7613 7661 7614
f 7614 7661 7662
f 7614 7662 7615
f 7615 7662 7663
f 7615 7663 7616
f 7616 7663 7664
f 7616 7664 7617
f 7617 7664 7665
f 7617 7665 7618
f 7618 7665 7666
f 7618 7666 7619
f 7619 7666 7667
f 7619 7667 7620
f 7620 7667 7668
f 7620 7668 7621
f 7621 7668 7669
f 7621 7669 7622
f 7622 7669 7670
f 7622 7670 7623
f 7623 7670 7671
f 7623 7671 7624
f 7624 7671 7672
f 7624 7672 7625
f 7625 7672 7673
f 7625 7673 7626
f 7626 7673 7674
f 7626 7674 7627
f 7627 7674 7675
f 7627 7675 7628
f 7628 7675 7676
f 7628 7676 7629
f 7629 7676 7677
f 7629 7677 7630
f 7630 7677 7678
f 7630 7678 7631
f 7631 7678 7679
f 7631 7679 7632
f 7632 7679 7680
f 7632 7680 7585
f 7585 7680 7633
f 7633 7681 7634
f 7634 7681 7682
f 7634 7682 7635
f 7635 7682 7683
f 7635 7683 7636
f 7636 7683 7684
f 7636 7684 7637
f 7637 7684 7685
f 7637 7685 7638
f 7638 7685 7686
f 7638 7686 7639
f 7639 7686 7687
f 7639 7687 7640
f 7640 7687 7688
f 7640 7688 7641
f 7641 7688 7689
f 7641 7689 7642
f 7642 7689 7690
f 7642 7690 7643
f 7643 7690 7691
f 7643 7691 7644
f 7644 7691 7692
f 7644 7692 7645
f 7645 7692 7693
f 7645 7693 7646
f 7646 7693 7694
f 7646 7694 7647
f 7647 7694 7695
f 7647 7695 7648
f 7648 7695 7696
f 7648 7696 7649
f 7649 7696 7697
f 7649 7697 7650
f 7650 7697 7698
f 7650 7698 7651
f 7651 7698 7699
f 7651 7699 7652
f 7652 7699 7700
f 7652 7700 7653
f 7653 7700 7701
f 7653 7701 7654
f 7654 7701 7702
f 7654 7702 7655
f 7655 7702 7703
f 7655 7703 7656
f 7656 7703 7704
f 7656 7704 7657
f 7657 7704 7705
f 7657 7705 7658
f 7658 7705 7706
f 7658 7706 7659
f 7659 7706 7707
f 7659 7707 7660
f 7660 7707 7708
f 7660 7708 7661
f 7661 7708 7709
f 7661 7709 7662
f 7662 7709 7710
f 7662 7710 7663
f 7663 7710 7711
f 7663 7711 7664
f 7664 7711 7712
f 7664 7712 7665
f 7665 7712 7713
f 7665 7713 7666
f 7666 7713 7714
f 7666 7714 7667
f 7667 7714 7715
f 7667 7715 7668
f 7668 7715 7716
f 7668 7716 7669
f 7669 7716 7717
f 7669 7717 7670
f 7670 7717 7718
f 7670 7718 7671
f 7671 7718 7719
f 7671 7719 7672
f 7672 7719 7720
f 7672 7720 7673
f 7673 7720 7721
f 7673 7721 7674
f 7674 7721 7722
f 7674 7722 7675
f 7675 7722 7723
f 7675 7723 7676
f 7676 7723 7724
f 7676 7724 7677
f 7677 7724 7725
f 7677 7725 7678
f 7678 7725 7726
f 7678 7726 7679
f 7679 7726 7727
f 7679 7727 7680
f 7680 7727 7728
f 7680 7728 7633
f 7633 7728 7681
f 7681 7729 7682
f 7682 7729 7730
f 7682 7730 7683
f 7683 7730 7731
f 7683 7731 7684
f 7684 7731 7732
f 7684 7732 7685
f 7685 7732 7733
f 7685 7733 7686
f 7686 7733 7734
f 7686 7734 7687
f 7687 7734 7735
f 7687 7735 7688
f 7688 7735 7736
f 7688 7736 7689
f 7689 7736 7737
f 7689 7737 7690
f 7690 7737 7738
f 7690 7738 7691
f 7691 7738 7739
f 7691 7739 7692
f 7692 7739 7740
f 7692 7740 7693
f 7693 7740 7741
f 7693 7741 7694
f 7694 7741 7742
f 7694 7742 7695
f 7695 7742 7743
f 7695 7743 7696
f 7696 7743 7744
f 7696 7744 7697
f 7697 7744 7745
f 7697 7745 7698
f 7698 7745 7746
f 7698 7746 7699
f 7699 7746 7747
f 7699 7747 7700
f 7700 7747 7748
f 7700 7748 7701
f 7701 7748 7749
f 7701 7749 7702
f 7702 7749 7750
f 7702 7750 7703
f 7703 7750 7751
f 7703 7751 7704
f 7704 7751 7752
f 7704 7752 7705
f 7705 7752 7753
f 7705 7753 7706
f 7706 7753 7754
f 7706 7754 7707
f 7707 7754 7755
f 7707 7755 7708
f 7708 7755 7756
f 7708 7756 7709
f 7709 7756 7757
f 7709 7757 7710
f 7710 7757 7758
f 7710 7758 7711
f 7711 7758 7759
f 7711 7759 7712
f 7712 7759 7760
f 7712 7760 7713
f 7713 7760 7761
f 7713 7761 7714
f 7714 7761 7762
f 7714 7762 7715
f 7715 7762 7763
f 7715 7763 7716
f 7716 7763 7764
f 7716 7764 7717
f 7717 7764 7765
f 7717 7765 7718
f 7718 7765 7766
f 7718 7766 7719
f 7719 7766 7767
f 7719 7767 7720
f 7720 7767 7768
f 7720 7768 7721
f 7721 7768 7769
f 7721 7769 7722
f 7722 7769 7770
f 7722 7770 7723
f 7723 7770 7771
f 7723 7771 7724
f 7724 7771 7772
f 7724 7772 7725
f 7725 7772 7773
f 7725 7773 7726
f 7726 7773 7774
f 7726 7774 7727
f 7727 7774 7775
f 7727 7775 7728
f 7728 7775 7776
f 7728 7776 7681
f 7681 7776 7729
f 7729 7777 7730
f 7730 7777 7778
f 7730 7778 7731
f 7731 7778 7779
f 7731 7779 7732
f 7732 7779 7780
f 7732 7780 7733
f 7733 7780 7781
f 7733 7781 7734
f 7734 7781 7782
f 7734 7782 7735
f 7735 7782 7783
f 7735 7783 7736
f 7736 7783 7784
f 7736 7784 7737
f 7737 7784 7785
f 7737 7785 7738
f 7738 7785 7786
f 7738 7786 7739
f 7739 7786 7787
f 7739 7787 7740
f 7740 7787 7788
f 7740 7788 7741
f 7741 7788 7789
f 7741 7789 7742
f 7742 7789 7790
f 7742 7790 7743
f 7743 7790 7791
f 7743 7791 7744
f 7744 7791 7792
f 7744 7792 7745
f 7745 7792 7793
f 7745 7793 7746
f 7746 7793 7794
f 7746 7794 7747
f 7747 7794 7795
f 7747 7795 7748
f 7748 7795 7796
f 7748 7796 7749
f 7749 7796 7797
f 7749 7797 7750
f 7750 7797 7798
f 7750 7798 7751
f 7751 7798 7799
f 7751 7799 7752
f 7752 7799 7800
f 7752 7800 7753
f 7753 7800 7801
f 7753 7801 7754
f 7754 7801 7802
f 7754 7802 7755
f 7755 7802 7803
f 7755 7803 7756
f 7756 7803 7804
f 7756 7804 7757
f 7757 7804 7805
f 7757 7805 7758
f 7758 7805 7806
f 7758 7806 7759
f 7759 7806 7807
f 7759 7807 7760
f 7760 7807 7808
f 7760 7808 7761
f 7761 7808 7809
f 7761 7809 7762
f 7762 7809 7810
f 7762 7810 7763
f 7763 7810 7811
f 7763 7811 7764
f 7764 7811 7812
f 7764 7812 7765
f 7765 7812 7813
f 7765 7813 7766
f 7766 7813 7814
f 7766 7814 7767
f 7767 7814 7815
f 7767 7815 7768
f 7768 7815 7816
f 7768 7816 7769
f 7769 7816 7817
f 7769 7817 7770
f 7770 7817 7818
f 7770 7818 7771
f 7771 7818 7819
f 7771 7819 7772
f 7772 7819 7820
f 7772 7820 7773
f 7773 7820 7821
f 7773 7821 7774
f 7774 7821 7822
f 7774 7822 7775
f 7775 7822 7823
f 7775 7823 7776
f 7776 7823 7824
f 7776 7824 7729
f 7729 7824 7777
f 7777 7825 7778
f 7778 7825 7826
f 7778 7826 7779
f 7779 7826 7827
f 7779 7827 7780
f 7780 7827 7828
f 7780 7828 7781
f 7781 7828 7829
f 7781 7829 7782
f 7782 7829 7830
f 7782 7830 7783
f 7783 7830 7831
f 7783 7831 7784
f 7784 7831 7832
f 7784 7832 7785
f 7785 7832 7833
f 7785 7833 7786
f 7786 7833 7834
f 7786 7834 7787
f 7787 7834 7835
f 7787 7835 7788
f 7788 7835 7836
f 7788 7836 7789
f 7789 7836 7837
f 7789 7837 7790
f 7790 7837 7838
f 7790 7838 7791
f 7791 7838 7839
f 7791 7839 7792
f 7792 7839 7840
f 7792 7840 7793
f 7793 7840 7841
f 7793 7841 7794
f 7794 7841 7842
f 7794 7842 7795
f 7795 7842 7843
f 7795 7843 7796
f 7796 7843 7844
f 7796 7844 7797
f 7797 7844 7845
f 7797 7845 7798
f 7798 7845 7846
f 7798 7846 7799
f 7799 7846 7847
f 7799 7847 7800
f 7800 7847 7848
f 7800 7848 7801
f 7801 7848 7849
f 7801 7849 7802
f 7802 7849 7850
f 7802 7850 7803
f 7803 7850 7851
f 7803 7851 7804
f 7804 7851 7852
f 7804 7852 7805
f 7805 7852 7853
f 7805 7853 7806
f 7806 7853 7854
f 7806 7854 7807
f 7807 7854 7855
f 7807 7855 7808
f 7808 7855 7856
f 7808 7856 7809
f 7809 7856 7857
f 7809 7857 7810
f 7810 7857 7858
f 7810 7858 7811
f 7811 7858 7859
f 7811 7859 7812
f 7812 7859 7860
f 7812 7860 7813
f 7813 7860 7861
f 7813 7861 7814
f 7814 7861 7862
f 7814 7862 7815
f 7815 7862 7863
f 7815 7863 7816
f 7816 7863 7864
f 7816 7864 7817
f 7817 7864 7865
f 7817 7865 7818
f 7818 7865 7866
f 7818 7866 7819
f 7819 7866 7867
f 7819 7867 7820
f 7820 7867 7868
f 7820 7868 7821
f 7821 7868 7869
f 7821 7869 7822
f 7822 7869 7870
f 7822 7870 7823
f 7823 7870 7871
f 7823 7871 7824
f 7824 7871 7872
f 7824 7872 7777
f 7777 7872 7825
f 7825 7873 7826
f 7826 7873 7874
f 7826 7874 7827
f 7827 7874 7875
f 7827 7875 7828
f 7828 7875 7876
f 7828 7876 7829
f 7829 7876 7877
f 7829 7877 7830
f 7830 7877 7878
f 7830 7878 7831
f 7831 7878 7879
f 7831 7879 7832
f 7832 7879 7880
f 7832 7880 7833
f 7833 7880 7881
f 7833 7881 7834
f 7834 7881 7882
f 7834 7882 7835
f 7835 7882 7883
f 7835 7883 7836
f 7836 7883 7884
f 7836 7884 7837
f 7837 7884 7885
f 7837 7885 7838
f 7838 7885 7886
f 7838 7886 7839
f 7839 7886 7887
f 7839 7887 7840
f 7840 7887 7888
f 7840 7888 7841
f 7841 7888 7889
f 7841 7889 7842
f 7842 7889 7890
f 7842 7890 7843
f 7843 7890 7891
f 7843 7891 7844
f 7844 7891 7892
f 7844 7892 7845
f 7845 7892 7893
f 7845 7893 7846
f 7846 7893 7894
f 7846 7894 7847
f 7847 7894 7895
f 7847 7895 7848
f 7848 7895 7896
f 7848 7896 7849
f 7849 7896 7897
f 7849 7897 7850
f 7850 7897 7898
f 7850 7898 7851
f 7851 7898 7899
f 7851 7899 7852
f 7852 7899 7900
f 7852 7900 7853
f 7853 7900 7901
f 7853 7901 7854
f 7854 7901 7902
f 7854 7902 7855
f 7855 7902 7903
f 7855 7903 7856
f 7856 7903 7904
f 7856 7904 7857
f 7857 7904 7905
f 7857 7905 7858
f 7858 7905 7906
f 7858 7906 7859
f 7859 7906 7907
f 7859 7907 7860
f 7860 7907 7908
f 7860 7908 7861
f 7861 7908 7909
f 7861 7909 7862
f 7862 7909 7910
f 7862 7910 7863
f 7863 7910 7911
f 7863 7911 7864
f 7864 7911 7912
f 7864 7912 7865
f 7865 7912 7913
f 7865 7913 7866
f 7866 7913 7914
f 7866 7914 7867
f 7867 7914 7915
f 7867 7915 7868
f 7868 7915 7916
f 7868 7916 7869
f 7869 7916 7917
f 7869 7917 7870
f 7870 7917 7918
f 7870 7918 7871
f 7871 7918 7919
f 7871 7919 7872
f 7872 7919 7920
f 7872 7920 7825
f 7825 7920 7873
f 7873 7921 7874
f 7874 7921 7922
f 7874 7922 7875
f 7875 7922 7923
f 7875 7923 7876
f 7876 7923 7924
f 7876 7924 7877
f 7877 7924 7925
f 7877 7925 7878
f 7878 7925 7926
f 7878 7926 7879
f 7879 7926 7927
f 7879 7927 7880
f 7880 7927 7928
f 7880 7928 7881
f 7881 7928 7929
f 7881 7929 7882
f 7882 7929 7930
f 7882 7930 7883
f 7883 7930 7931
f 7883 7931 7884
f 7884 7931 7932
f 7884 7932 7885
f 7885 7932 7933
f 7885 7933 7886
f 7886 7933 7934
f 7886 7934 7887
f 7887 7934 7935
f 7887 7935 7888
f 7888 7935 7936
f 7888 7936 7889
f 7889 7936 7937
f 7889 7937 7890
f 7890 7937 7938
f 7890 7938 7891
f 7891 7938 7939
f 7891 7939 7892
f 7892 7939 7940
f 7892 7940 7893
f 7893 7940 7941
f 7893 7941 7894
f 7894 7941 7942
f 7894 7942 7895
f 7895 7942 7943
f 7895 7943 7896
f 7896 7943 7944
f 7896 7944 7897
f 7897 7944 7945
f 7897 7945 7898
f 7898 7945 7946
f 7898 7946 7899
f 7899 7946 7947
f 7899 7947 7900
f 7900 7947 7948
f 7900 7948 7901
f 7901 7948 7949
f 7901 7949 7902
f 7902 7949 7950
f 7902 7950 7903
f 7903 7950 7951
f 7903 7951 7904
f 7904 7951 7952
f 7904 7952 7905
f 7905 7952 7953
f 7905 7953 7906
f 7906 7953 7954
f 7906 7954 7907
f 7907 7954 7955
f 7907 7955 7908
f 7908 7955 7956
f 7908 7956 7909
f 7909 7956 7957
f 7909 7957 7910
f 7910 7957 7958
f 7910 7958 7911
f 7911 7958 7959
f 7911 7959 7912
f 7912 7959 7960
f 7912 7960 7913
f 7913 7960 7961
f 7913 7961 7914
f 7914 7961 7962
f 7914 7962 7915
f 7915 7962 7963
f 7915 7963 7916
f 7916 7963 7964
f 7916 7964 7917
f 7917 7964 7965
f 7917 7965 7918
f 7918 7965 7966
f 7918 7966 7919
f 7919 7966 7967
f 7919 7967 7920
f 7920 7967 7968
f 7920 7968 7873
f 7873 7968 7921
f 7921 7969 7922
f 7922 7969 7970
f 7922 7970 7923
f 7923 7970 7971
f 7923 7971 7924
f 7924 7971 7972
f 7924 7972 7925
f 7925 7972 7973
f 7925 7973 7926
f 7926 7973 7974
f 7926 7974 7927
f 7927 7974 7975
f 7927 7975 7928
f 7928 7975 7976
f 7928 7976 7929
f 7929 7976 7977
f 7929 7977 7930
f 7930 7977 7978
f 7930 7978 7931
f 7931 7978 7979
f 7931 7979 7932
f 7932 7979 7980
f 7932 7980 7933
f 7933 7980 7981
f 7933 7981 7934
f 7934 7981 7982
f 7934 7982 7935
f 7935 7982 7983
f 7935 7983 7936
f 7936 7983 7984
f 7936 7984 7937
f 7937 7984 7985
f 7937 7985 7938
f 7938 7985 7986
f 7938 7986 7939
f 7939 7986 7987
f 7939 7987 7940
f 7940 7987 7988
f 7940 7988 7941
f 7941 7988 7989
f 7941 7989 7942
f 7942 7989 7990
f 7942 7990 7943
f 7943 7990 7991
f 7943 7991 7944
f 7944 7991 7992
f 7944 7992 7945
f 7945 7992 7993
f 7945 7993 7946
f 7946 7993 7994
f 7946 7994 7947
f 7947 7994 7995
f 7947 7995 7948
f 7948 7995 7996
f 7948 7996 7949
f 7949 7996 7997
f 7949 7997 7950
f 7950 7997 7998
f 7950 7998 7951
f 7951 7998 7999
f 7951 7999 7952
f 7952 7999 8000
f 7952 8000 7953
f 7953 8000 8001
f 7953 8001 7954
f 7954 8001 8002
f 7954 8002 7955
f 7955 8002 8003
f 7955 8003 7956
f 7956 8003 8004
f 7956 8004 7957
f 7957 8004 8005
f 7957 8005 7958
f 7958 8005 8006
f 7958 8006 7959
f 7959 8006 8007
f 7959 8007 7960
f 7960 8007 8008
f 7960 8008 7961
f 7961 8008 8009
f 7961 8009 7962
f 7962 8009 8010
f 7962 8010 7963
f 7963 8010 8011
f 7963 8011 7964
f 7964 8011 8012
f 7964 8012 7965
f 7965 8012 8013
f 7965 8013 7966
f 7966 8013 8014
f 7966 8014 7967
f 7967 8014 8015
f 7967 8015 7968
f 7968 8015 8016
f 7968 8016 7921
f 7921 8016 7969
f 7969 8017 7970
f 7970 8017 8018
f 7970 8018 7971
f 7971 8018 8019
f 7971 8019 7972
f 7972 8019 8020
f 7972 8020 7973
f 7973 8020 8021
f 7973 8021 7974
f 7974 8021 8022
f 7974 8022 7975
f 7975 8022 8023
f 7975 8023 7976
f 7976 8023 8024
f 7976 8024 7977
f 7977 8024 8025
f 7977 8025 7978
f 7978 8025 8026
f 7978 8026 7979
f 7979 8026 8027
f 7979 8027 7980
f 7980 8027 8028
f 7980 8028 7981
f 7981 8028 8029
f 7981 8029 7982
f 7982 8029 8030
f 7982 8030 7983
f 7983 8030 8031
f 7983 8031 7984
f 7984 8031 8032
f 7984 8032 7985
f 7985 8032 8033
f 7985 8033 7986
f 7986 8033 8034
f 7986 8034 7987
f 7987 8034 8035
f 7987 8035 7988
f 7988 8035 8036
f 7988 8036 7989
f 7989 8036 8037
f 7989 8037 7990
f 7990 8037 8038
f 7990 8038 7991
f 7991 8038 8039
f 7991 8039 7992
f 7992 8039 8040
f 7992 8040 7993
f 7993 8040 8041
f 7993 8041 7994
f 7994 8041 8042
f 7994 8042 7995
f 7995 8042 8043
f 7995 8043 7996
f 7996 8043 8044
f 7996 8044 7997
f 7997 8044 8045
f 7997 8045 7998
f 7998 8045 8046
f 7998 8046 7999
f 7999 8046 8047
f 7999 8047 8000
f 8000 8047 8048
f 8000 8048 8001
f 8001 8048 8049
f 8001 8049 8002
f 8002 8049 8050
f 8002 8050 8003
f 8003 8050 8051
f 8003 8051 8004
f 8004 8051 8052
f 8004 8052 8005
f 8005 8052 8053
f 8005 8053 8006
f 8006 8053 8054
f 8006 8054 8007
f 8007 8054 8055
f 8007 8055 8008
f 8008 8055 8056
f 8008 8056 8009
f 8009 8056 8057
f 8009 8057 8010
f 8010 8057 8058
f 8010 8058 8011
f 8011 8058 8059
f 8011 8059 8012
f 8012 8059 8060
f 8012 8060 8013
f 8013 8060 8061
f 8013 8061 8014
f 8014 8061 8062
f 8014 8062 8015
f 8015 8062 8063
f 8015 8063 8016
f 8016 8063 8064
f 8016 8064 7969
f 7969 8064 8017
f 8017 8065 8018
f 8018 8065 8066
f 8018 8066 8019
f 8019 8066 8067
f 8019 8067 8020
f 8020 8067 8068
f 8020 8068 8021
f 8021 8068 8069
f 8021 8069 8022
f 8022 8069 8070
f 8022 8070 8023
f 8023 8070 8071
f 8023 8071 8024
f 8024 8071 8072
f 8024 8072 8025
f 8025 8072 8073
f 8025 8073 8026
f 8026 8073 8074
f 8026 8074 8027
f 8027 8074 8075
f 8027 8075 8028
f 8028 8075 8076
f 8028 8076 8029
f 8029 8076 8077
f 8029 8077 8030
f 8030 8077 8078
f 8030 8078 8031
f 8031 8078 8079
f 8031 8079 8032
f 8032 8079 8080
f 8032 8080 8033
f 8033 8080 8081
f 8033 8081 8034
f 8034 8081 8082
f 8034 8082 8035
f 8035 8082 8083
f 8035 8083 8036
f 8036 8083 8084
f 8036 8084 8037
f 8037 8084 8085
f 8037 8085 8038
f 8038 8085 8086
f 8038 8086 8039
f 8039 8086 8087
f 8039 8087 8040
f 8040 8087 8088
f 8040 8088 8041
f 8041 8088 8089
f 8041 8089 8042
f 8042 8089 8090
f 8042 8090 8043
f 8043 8090 8091
f 8043 8091 8044
f 8044 8091 8092
f 8044 8092 8045
f 8045 8092 8093
f 8045 8093 8046
f 8046 8093 8094
f 8046 8094 8047
f 8047 8094 8095
f 8047 8095 8048
f 8048 8095 8096
f 8048 8096 8049
f 8049 8096 8097
f 8049 8097 8050
f 8050 8097 8098
f 8050 8098 8051
f 8051 8098 8099
f 8051 8099 8052
f 8052 8099 8100
f 8052 8100 8053
f 8053 8100 8101
f 8053 8101 8054
f 8054 8101 8102
f 8054 8102 8055
f 8055 8102 8103
f 8055 8103 8056
f 8056 8103 8104
f 8056 8104 8057
f 8057 8104 8105
f 8057 8105 8058
f 8058 8105 8106
f 8058 8106 8059
f 8059 8106 8107
f 8059 8107 8060
f 8060 8107 8108
f 8060 8108 8061
f 8061 8108 8109
f 8061 8109 8062
f 8062 8109 8110
f 8062 8110 8063
f 8063 8110 8111
f 8063 8111 8064
f 8064 8111 8112
f 8064 8112 8017
f 8017 8112 8065
f 8065 8113 8066
f 8066 8113 8114
f 8066 8114 8067
f 8067 8114 8115
f 8067 8115 8068
f 8068 8115 8116
f 8068 8116 8069
f 8069 8116 8117
f 8069 8117 8070
f 8070 8117 8118
f 8070 8118 8071
f 8071 8118 8119
f 8071 8119 8072
f 8072 8119 8120
f 8072 8120 8073
f 8073 8120 8121
f 8073 8121 8074
f 8074 8121 8122
f 8074 8122 8075
f 8075 8122 8123
f 8075 8123 8076
f 8076 8123 8124
f 8076 8124 8077
f 8077 8124 8125
f 8077 8125 8078
f 8078 8125 8126
f 8078 8126 8079
f 8079 8126 8127
f 8079 8127 8080
f 8080 8127 8128
f 8080 8128 8081
f 8081 8128 8129
f 8081 8129 8082
f 8082 8129 8130
f 8082 8130 8083
f 8083 8130 8131
f 8083 8131 8084
f 8084 8131 8132
f 8084 8132 8085
f 8085 8132 8133
f 8085 8133 8086
f 8086 8133 8134
f 8086 8134 8087
f 8087 8134 8135
f 8087 8135 8088
f 8088 8135 8136
f 8088 8136 8089
f 8089 8136 8137
f 8089 8137 8090
f 8090 8137 8138
f 8090 8138 8091
f 8091 8138 8139
f 8091 8139 8092
f 8092 8139 8140
f 8092 8140 8093
f 8093 8140 8141
f 8093 8141 8094
f 8094 8141 8142
f 8094 8142 8095
f 8095 8142 8143
f 8095 8143 8096
f 8096 8143 8144
f 8096 8144 8097
f 8097 8144 8145
f 8097 8145 8098
f 8098 8145 8146
f 8098 8146 8099
f 8099 8146 8147
f 8099 8147 8100
f 8100 8147 8148
f 8100 8148 8101
f 8101 8148 8149
f 8101 8149 8102
f 8102 8149 8150
f 8102 8150 8103
f 8103 8150 8151
f 8103 8151 8104
f 8104 8151 8152
f 8104 8152 8105
f 8105 8152 8153
f 8105 8153 8106
f 8106 8153 8154
f 8106 8154 8107
f 8107 8154 8155
f 8107 8155 8108
f 8108 8155 8156
f 8108 8156 8109
f 8109 8156 8157
f 8109 8157 8110
f 8110 8157 8158
f 8110 8158 8111
f 8111 8158 8159
f 8111 8159 8112
f 8112 8159 8160
f 8112 8160 8065
f 8065 8160 8113
f 8113 8161 8114
f 8114 8161 8162
f 8114 8162 8115
f 8115 8162 8163
f 8115 8163 8116
f 8116 8163 8164
f 8116 8164 8117
f 8117 8164 8165
f 8117 8165 8118
f 8118 8165 8166
f 8118 8166 8119
f 8119 8166 8167
f 8119 8167 8120
f 8120 8167 8168
f 8120 8168 8121
f 8121 8168 8169
f 8121 8169 8122
f 8122 8169 8170
f 8122 8170 8123
f 8123 8170 8171
f 8123 8171 8124
f 8124 8171 8172
f 8124 8172 8125
f 8125 8172 8173
f 8125 8173 8126
f 8126 8173 8174
f 8126 8174 8127
f 8127 8174 8175
f 8127 8175 8128
f 8128 8175 8176
f 8128 8176 8129
f 8129 8176 8177
f 8129 8177 8130
f 8130 8177 8178
f 8130 8178 8131
f 8131 8178 8179
f 8131 8179 8132
f 8132 8179 8180
f 8132 8180 8133
f 8133 8180 8181
f 8133 8181 8134
f 8134 8181 8182
f 8134 8182 8135
f 8135 8182 8183
f 8135 8183 8136
f 8136 8183 8184
f 8136 8184 8137
f 8137 8184 8185
f 8137 8185 8138
f 8138 8185 8186
f 8138 8186 8139
f 8139 8186 8187
f 8139 8187 8140
f 8140 8187 8188
f 8140 8188 8141
f 8141 8188 8189
f 8141 8189 8142
f 8142 8189 8190
f 8142 8190 8143
f 8143 8190 8191
f 8143 8191 8144
f 8144 8191 8192
f 8144 8192 8145
f 8145 8192 8193
f 8145 8193 8146
f 8146 8193 8194
f 8146 8194 8147
f 8147 8194 8195
f 8147 8195 8148
f 8148 8195 8196
f 8148 8196 8149
f 8149 8196 8197
f 8149 8197 8150
f 8150 8197 8198
f 8150 8198 8151
f 8151 8198 8199
f 8151 8199 8152
f 8152 8199 8200
f 8152 8200 8153
f 8153 8200 8201
f 8153 8201 8154
f 8154 8201 8202
f 8154 8202 8155
f 8155 8202 8203
f 8155 8203 8156
f 8156 8203 8204
f 8156 8204 8157
f 8157 8204 8205
f 8157 8205 8158
f 8158 8205 8206
f 8158 8206 8159
f 8159 8206 8207
f 8159 8207 8160
f 8160 8207 8208
f 8160 8208 8113
f 8113 8208 8161
f 8161 8209 8162
f 8162 8209 8210
f 8162 8210 8163
f 8163 8210 8211
f 8163 8211 8164
f 8164 8211 8212
f 8164 8212 8165
f 8165 8212 8213
f 8165 8213 8166
f 8166 8213 8214
f 8166 8214 8167
f 8167 8214 8215
f 8167 8215 8168
f 8168 8215 8216
f 8168 8216 8169
f 8169 8216 8217
f 8169 8217 8170
f 8170 8217 8218
f 8170 8218 8171
f 8171 8218 8219
f 8171 8219 8172
f 8172 8219 8220
f 8172 8220 8173
f 8173 8220 8221
f 8173 8221 8174
f 8174 8221 8222
f 8174 8222 8175
f 8175 8222 8223
f 8175 8223 8176
f 8176 8223 8224
f 8176 8224 8177
f 8177 8224 8225
f 8177 8225 8178
f 8178 8225 8226
f 8178 8226 8179
f 8179 8226 8227
f 8179 8227 8180
f 8180 8227 8228
f 8180 8228 8181
f 8181 8228 8229
f 8181 8229 8182
f 8182 8229 8230
f 8182 8230 8183
f 8183 8230 8231
f 8183 8231 8184
f 8184 8231 8232
f 8184 8232 8185
f 8185 8232 8233
f 8185 8233 8186
f 8186 8233 8234
f 8186 8234 8187
f 8187 8234 8235
f 8187 8235 8188
f 8188 8235 8236
f 8188 8236 8189
f 8189 8236 8237
f 8189 8237 8190
f 8190 8237 8238
f 8190 8238 8191
f 8191 8238 8239
f 8191 8239 8192
f 8192 8239 8240
f 8192 8240 8193
f 8193 8240 8241
f 8193 8241 8194
f 8194 8241 8242
f 8194 8242 8195
f 8195 8242 8243
f 8195 8243 8196
f 8196 8243 8244
f 8196 8244 8197
f 8197 8244 8245
f 8197 8245 8198
f 8198 8245 8246
f 8198 8246 8199
f 8199 8246 8247
f 8199 8247 8200
f 8200 8247 8248
f 8200 8248 8201
f 8201 8248 8249
f 8201 8249 8202
f 8202 8249 8250
f 8202 8250 8203
f 8203 8250 8251
f 8203 8251 8204
f 8204 8251 8252
f 8204 8252 8205
f 8205 8252 8253
f 8205 8253 8206
f 8206 8253 8254
f 8206 8254 8207
f 8207 8254 8255
f 8207 8255 8208
f 8208 8255 8256
f 8208 8256 8161
f 8161 8256 8209
f 8209 8257 8210
f 8210 8257 8258
f 8210 8258 8211
f 8211 8258 8259
f 8211 8259 8212
f 8212 8259 8260
f 8212 8260 8213
f 8213 8260 8261
f 8213 8261 8214
f 8214 8261 8262
f 8214 8262 8215
f 8215 8262 8263
f 8215 8263 8216
f 8216 8263 8264
f 8216 8264 8217
f 8217 8264 8265
f 8217 8265 8218
f 8218 8265 8266
f 8218 8266 8219
f 8219 8266 8267
f 8219 8267 8220
f 8220 8267 8268
f 8220 8268 8221
f 8221 8268 8269
f 8221 8269 8222
f 8222 8269 8270
f 8222 8270 8223
f 8223 8270 8271
f 8223 8271 8224
f 8224 8271 8272
f 8224 8272 8225
f 8225 8272 8273
f 8225 8273 8226
f 8226 8273 8274
f 8226 8274 8227
f 8227 8274 8275
f 8227 8275 8228
f 8228 8275 8276
f 8228 8276 8229
f 8229 8276 8277
f 8229 8277 8230
f 8230 8277 8278
f 8230 8278 8231
f 8231 8278 8279
f 8231 8279 8232
f 8232 8279 8280
f 8232 8280 8233
f 8233 8280 8281
f 8233 8281 8234
f 8234 8281 8282
f 8234 8282 8235
f 8235 8282 8283
f 8235 8283 8236
f 8236 8283 8284
f 8236 8284 8237
f 8237 8284 8285
f 8237 8285 8238
f 8238 8285 8286
f 8238 8286 8239
f 8239 8286 8287
f 8239 8287 8240
f 8240 8287 8288
f 8240 8288 8241
f 8241 8288 8289
f 8241 8289 8242
f 8242 8289 8290
f 8242 8290 8243
f 8243 8290 8291
f 8243 8291 8244
f 8244 8291 8292
f 8244 8292 8245
f 8245 8292 8293
f 8245 8293 8246
f 8246 8293 8294
f 8246 8294 8247
f 8247 8294 8295
f 8247 8295 8248
f 8248 8295 8296
f 8248 8296 8249
f 8249 8296 8297
f 8249 8297 8250
f 8250 8297 8298
f 8250 8298 8251
f 8251 8298 8299
f 8251 8299 8252
f 8252 8299 8300
f 8252 8300 8253
f 8253 8300 8301
f 8253 8301 8254
f 8254 8301 8302
f 8254 8302 8255
f 8255 8302 8303
f 8255 8303 8256
f 8256 8303 8304
f 8256 8304 8209
f 8209 8304 8257
f 8257 8305 8258
f 8258 8305 8306
f 8258 8306 8259
f 8259 8306 8307
f 8259 8307 8260
f 8260 8307 8308
f 8260 8308 8261
f 8261 8308 8309
f 8261 8309 8262
f 8262 8309 8310
f 8262 8310 8263
f 8263 8310 8311
f 8263 8311 8264
f 8264 8311 8312
f 8264 8312 8265
f 8265 8312 8313
f 8265 8313 8266
f 8266 8313 8314
f 8266 8314 8267
f 8267 8314 8315
f 8267 8315 8268
f 8268 8315 8316
f 8268 8316 8269
f 8269 8316 8317
f 8269 8317 8270
f 8270 8317 8318
f 8270 8318 8271
f 8271 8318 8319
f 8271 8319 8272
f 8272 8319 8320
f 8272 8320 8273
f 8273 8320 8321
f 8273 8321 8274
f 8274 8321 8322
f 8274 8322 8275
f 8275 8322 8323
f 8275 8323 8276
f 8276 8323 8324
f 8276 8324 8277
f 8277 8324 8325
f 8277 8325 8278
f 8278 8325 8326
f 8278 8326 8279
f 8279 8326 8327
f 8279 8327 8280
f 8280 8327 8328
f 8280 8328 8281
f 8281 8328 8329
f 8281 8329 8282
f 8282 8329 8330
f 8282 8330 8283
f 8283 8330 8331
f 8283 8331 8284
f 8284 8331 8332
f 8284 8332 8285
f 8285 8332 8333
f 8285 8333 8286
f 8286 8333 8334
f 8286 8334 8287
f 8287 8334 8335
f 8287 8335 8288
f 8288 8335 8336
f 8288 8336 8289
f 8289 8336 8337
f 8289 8337 8290
f 8290 8337 8338
f 8290 8338 8291
f 8291 8338 8339
f 8291 8339 8292
f 8292 8339 8340
f 8292 8340 8293
f 8293 8340 8341
f 8293 8341 8294
f 8294 8341 8342
f 8294 8342 8295
f 8295 8342 8343
f 8295 8343 8296
f 8296 8343 8344
f 8296 8344 8297
f 8297 8344 8345
f 8297 8345 8298
f 8298 8345 8346
f 8298 8346 8299
f 8299 8346 8347
f 8299 8347 8300
f 8300 8347 8348
f 8300 8348 8301
f 8301 8348 8349
f 8301 8349 8302
f 8302 8349 8350
f 8302 8350 8303
f 8303 8350 8351
f 8303 8351 8304
f 8304 8351 8352
f 8304 8352 8257
f 8257 8352 8305
f 8305 8353 8306
f 8306 8353 8354
f 8306 8354 8307
f 8307 8354 8355
f 8307 8355 8308
f 8308 8355 8356
f 8308 8356 8309
f 8309 8356 8357
f 8309 8357 8310
f 8310 8357 8358
f 8310 8358 8311
f 8311 8358 8359
f 8311 8359 8312
f 8312 8359 8360
f 8312 8360 8313
f 8313 8360 8361
f 8313 8361 8314
f 8314 8361 8362
f 8314 8362 8315
f 8315 8362 8363
f 8315 8363 8316
f 8316 8363 8364
f 8316 8364 8317
f 8317 8364 8365
f 8317 8365 8318
f 8318 8365 8366
f 8318 8366 8319
f 8319 8366 8367
f 8319 8367 8320
f 8320 8367 8368
f 8320 8368 8321
f 8321 8368 8369
f 8321 8369 8322
f 8322 8369 8370
f 8322 8370 8323
f 8323 8370 8371
f 8323 8371 8324
f 8324 8371 8372
f 8324 8372 8325
f 8325 8372 8373
f 8325 8373 8326
f 8326 8373 8374
f 8326 8374 8327
f 8327 8374 8375
f 8327 8375 8328
f 8328 8375 8376
f 8328 8376 8329
f 8329 8376 8377
f 8329 8377 8330
f 8330 8377 8378
f 8330 8378 8331
f 8331 8378 8379
f 8331 8379 8332
f 8332 8379 8380
f 8332 8380 8333
f 8333 8380 8381
f 8333 8381 8334
f 8334 8381 8382
f 8334 8382 8335
f 8335 8382 8383
f 8335 8383 8336
f 8336 8383 8384
f 8336 8384 8337
f 8337 8384 8385
f 8337 8385 8338
f 8338 8385 8386
f 8338 8386 8339
f 8339 8386 8387
f 8339 8387 8340
f 8340 8387 8388
f 8340 8388 8341
f 8341 8388 8389
f 8341 8389 8342
f 8342 8389 8390
f 8342 8390 8343
f 8343 8390 8391
f 8343 8391 8344
f 8344 8391 8392
f 8344 8392 8345
f 8345 8392 8393
f 8345 8393 8346
f 8346 8393 8394
f 8346 8394 8347
f 8347 8394 8395
f 8347 8395 8348
f 8348 8395 8396
f 8348 8396 8349
f 8349 8396 8397
f 8349 8397 8350
f 8350 8397 8398
f 8350 8398 8351
f 8351 8398 8399
f 8351 8399 8352
f 8352 8399 8400
f 8352 8400 8305
f 8305 8400 8353
f 8353 8401 8354
f 8354 8401 8402
f 8354 8402 8355
f 8355 8402 8403
f 8355 8403 8356
f 8356 8403 8404
f 8356 8404 8357
f 8357 8404 8405
f 8357 8405 8358
f 8358 8405 8406
f 8358 8406 8359
f 8359 8406 8407
f 8359 8407 8360
f 8360 8407 8408
f 8360 8408 8361
f 8361 8408 8409
f 8361 8409 8362
f 8362 8409 8410
f 8362 8410 8363
f 8363 8410 8411
f 8363 8411 8364
f 8364 8411 8412
f 8364 8412 8365
f 8365 8412 8413
f 8365 8413 8366
f 8366 8413 8414
f 8366 8414 8367
f 8367 8414 8415
f 8367 8415 8368
f 8368 8415 8416
f 8368 8416 8369
f 8369 8416 8417
f 8369 8417 8370
f 8370 8417 8418
f 8370 8418 8371
f 8371 8418 8419
f 8371 8419 8372
f 8372 8419 8420
f 8372 8420 8373
f 8373 8420 8421
f 8373 8421 8374
f 8374 8421 8422
f 8374 8422 8375
f 8375 8422 8423
f 8375 8423 8376
f 8376 8423 8424
f 8376 8424 8377
f 8377 8424 8425
f 8377 8425 8378
f 8378 8425 8426
f 8378 8426 8379
f 8379 8426 8427
f 8379 8427 8380
f 8380 8427 8428
f 8380 8428 8381
f 8381 8428 8429
f 8381 8429 8382
f 8382 8429 8430
f 8382 8430 8383
f 8383 8430 8431
f 8383 8431 8384
f 8384 8431 8432
f 8384 8432 8385
f 8385 8432 8433
f 8385 8433 8386
f 8386 8433 8434
f 8386 8434 8387
f 8387 8434 8435
f 8387 8435 8388
f 8388 8435 8436
f 8388 8436 8389
f 8389 8436 8437
f 8389 8437 8390
f 8390 8437 8438
f 8390 8438 8391
f 8391 8438 8439
f 8391 8439 8392
f 8392 8439 8440
f 8392 8440 8393
f 8393 8440 8441
f 8393 8441 8394
f 8394 8441 8442
f 8394 8442 8395
f 8395 8442 8443
f 8395 8443 8396
f 8396 8443 8444
f 8396 8444 8397
f 8397 8444 8445
f 8397 8445 8398
f 8398 8445 8446
f 8398 8446 8399
f 8399 8446 8447
f 8399 8447 8400
f 8400 8447 8448
f 8400 8448 8353
f 8353 8448 8401
f 8401 8449 8402
f 8402 8449 8450
f 8402 8450 8403
f 8403 8450 8451
f 8403 8451 8404
f 8404 8451 8452
f 8404 8452 8405
f 8405 8452 8453
f 8405 8453 8406
f 8406 8453 8454
f 8406 8454 8407
f 8407 8454 8455
f 8407 8455 8408
f 8408 8455 8456
f 8408 8456 8409
f 8409 8456 8457
f 8409 8457 8410
f 8410 8457 8458
f 8410 8458 8411
f 8411 8458 8459
f 8411 8459 8412
f 8412 8459 8460
f 8412 8460 8413
f 8413 8460 8461
f 8413 8461 8414
f 8414 8461 8462
f 8414 8462 8415
f 8415 8462 8463
f 8415 8463 8416
f 8416 8463 8464
f 8416 8464 8417
f 8417 8464 8465
f 8417 8465 8418
f 8418 8465 8466
f 8418 8466 8419
f 8419 8466 8467
f 8419 8467 8420
f 8420 8467 8468
f 8420 8468 8421
f 8421 8468 8469
f 8421 8469 8422
f 8422 8469 8470
f 8422 8470 8423
f 8423 8470 8471
f 8423 8471 8424
f 8424 8471 8472
f 8424 8472 8425
f 8425 8472 8473
f 8425 8473 8426
f 8426 8473 8474
f 8426 8474 8427
f 8427 8474 8475
f 8427 8475 8428
f 8428 8475 8476
f 8428 8476 8429
f 8429 8476 8477
f 8429 8477 8430
f 8430 8477 8478
f 8430 8478 8431
f 8431 8478 8479
f 8431 8479 8432
f 8432 8479 8480
f 8432 8480 8433
f 8433 8480 8481
f 8433 8481 8434
f 8434 8481 8482
f 8434 8482 8435
f 8435 8482 8483
f 8435 8483 8436
f 8436 8483 8484
f 8436 8484 8437
f 8437 8484 8485
f 8437 8485 8438
f 8438 8485 8486
f 8438 8486 8439
f 8439 8486 8487
f 8439 8487 8440
f 8440 8487 8488
f 8440 8488 8441
f 8441 8488 8489
f 8441 8489 8442
f 8442 8489 8490
f 8442 8490 8443
f 8443 8490 8491
f 8443 8491 8444
f 8444 8491 8492
f 8444 8492 8445
f 8445 8492 8493
f 8445 8493 8446
f 8446 8493 8494
f 8446 8494 8447
f 8447 8494 8495
f 8447 8495 8448
f 8448 8495 8496
f 8448 8496 8401
f 8401 8496 8449
f 8449 8497 8450
f 8450 8497 8498
f 8450 8498 8451
f 8451 8498 8499
f 8451 8499 8452
f 8452 8499 8500
f 8452 8500 8453
f 8453 8500 8501
f 8453 8501 8454
f 8454 8501 8502
f 8454 8502 8455
f 8455 8502 8503
f 8455 8503 8456
f 8456 8503 8504
f 8456 8504 8457
f 8457 8504 8505
f 8457 8505 8458
f 8458 8505 8506
f 8458 8506 8459
f 8459 8506 8507
f 8459 8507 8460
f 8460 8507 8508
f 8460 8508 8461
f 8461 8508 8509
f 8461 8509 8462
f 8462 8509 8510
f 8462 8510 8463
f 8463 8510 8511
f 8463 8511 8464
f 8464 8511 8512
f 8464 8512 8465
f 8465 8512 8513
f 8465 8513 8466
f 8466 8513 8514
f 8466 8514 8467
f 8467 8514 8515
f 8467 8515 8468
f 8468 8515 8516
f 8468 8516 8469
f 8469 8516 8517
f 8469 8517 8470
f 8470 8517 8518
f 8470 8518 8471
f 8471 8518 8519
f 8471 8519 8472
f 8472 8519 8520
f 8472 8520 8473
f 8473 8520 8521
f 8473 8521 8474
f 8474 8521 8522
f 8474 8522 8475
f 8475 8522 8523
f 8475 8523 8476
f 8476 8523 8524
f 8476 8524 8477
f 8477 8524 8525
f 8477 8525 8478
f 8478 8525 8526
f 8478 8526 8479
f 8479 8526 8527
f 8479 8527 8480
f 8480 8527 8528
f 8480 8528 8481
f 8481 8528 8529
f 8481 8529 8482
f 8482 8529 8530
f 8482 8530 8483
f 8483 8530 8531
f 8483 8531 8484
f 8484 8531 8532
f 8484 8532 8485
f 8485 8532 8533
f 8485 8533 8486
f 8486 8533 8534
f 8486 8534 8487
f 8487 8534 8535
f 8487 8535 8488
f 8488 8535 8536
f 8488 8536 8489
f 8489 8536 8537
f 8489 8537 8490
f 8490 8537 8538
f 8490 8538 8491
f 8491 8538 8539
f 8491 8539 8492
f 8492 8539 8540
f 8492 8540 8493
f 8493 8540 8541
f 8493 8541 8494
f 8494 8541 8542
f 8494 8542 8495
f 8495 8542 8543
f 8495 8543 8496
f 8496 8543 8544
f 8496 8544 8449
f 8449 8544 8497
f 8497 8545 8498
f 8498 8545 8546
f 8498 8546 8499
f 8499 8546 8547
f 8499 8547 8500
f 8500 8547 8548
f 8500 8548 8501
f 8501 8548 8549
f 8501 8549 8502
f 8502 8549 8550
f 8502 8550 8503
f 8503 8550 8551
f 8503 8551 8504
f 8504 8551 8552
f 8504 8552 8505
f 8505 8552 8553
f 8505 8553 8506
f 8506 8553 8554
f 8506 8554 8507
f 8507 8554 8555
f 8507 8555 8508
f 8508 8555 8556
f 8508 8556 8509
f 8509 8556 8557
f 8509 8557 8510
f 8510 8557 8558
f 8510 8558 8511
f 8511 8558 8559
f 8511 8559 8512
f 8512 8559 8560
f 8512 8560 8513
f 8513 8560 8561
f 8513 8561 8514
f 8514 8561 8562
f 8514 8562 8515
f 8515 8562 8563
f 8515 8563 8516
f 8516 8563 8564
f 8516 8564 8517
f 8517 8564 8565
f 8517 8565 8518
f 8518 8565 8566
f 8518 8566 8519
f 8519 8566 8567
f 8519 8567 8520
f 8520 8567 8568
f 8520 8568 8521
f 8521 8568 8569
f 8521 8569 8522
f 8522 8569 8570
f 8522 8570 8523
f 8523 8570 8571
f 8523 8571 8524
f 8524 8571 8572
f 8524 8572 8525
f 8525 8572 8573
f 8525 8573 8526
f 8526 8573 8574
f 8526 8574 8527
f 8527 8574 8575
f 8527 8575 8528
f 8528 8575 8576
f 8528 8576 8529
f 8529 8576 8577
f 8529 8577 8530
f 8530 8577 8578
f 8530 8578 8531
f 8531 8578 8579
f 8531 8579 8532
f 8532 8579 8580
f 8532 8580 8533
f 8533 8580 8581
f 8533 8581 8534
f 8534 8581 8582
f 8534 8582 8535
f 8535 8582 8583
f 8535 8583 8536
f 8536 8583 8584
f 8536 8584 8537
f 8537 8584 8585
f 8537 8585 8538
f 8538 8585 8586
f 8538 8586 8539
f 8539 8586 8587
f 8539 8587 8540
f 8540 8587 8588
f 8540 8588 8541
f 8541 8588 8589
f 8541 8589 8542
f 8542 8589 8590
f 8542 8590 8543
f 8543 8590 8591
f 8543 8591 8544
f 8544 8591 8592
f 8544 8592 8497
f 8497 8592 8545
f 8545 8593 8546
f 8546 8593 8594
f 8546 8594 8547
f 8547 8594 8595
f 8547 8595 8548
f 8548 8595 8596
f 8548 8596 8549
f 8549 8596 8597
f 8549 8597 8550
f 8550 8597 8598
f 8550 8598 8551
f 8551 8598 8599
f 8551 8599 8552
f 8552 8599 8600
f 8552 8600 8553
f 8553 8600 8601
f 8553 8601 8554
f 8554 8601 8602
f 8554 8602 8555
f 8555 8602 8603
f 8555 8603 8556
f 8556 8603 8604
f 8556 8604 8557
f 8557 8604 8605
f 8557 8605 8558
f 8558 8605 8606
f 8558 8606 8559
f 8559 8606 8607
f 8559 8607 8560
f 8560 8607 8608
f 8560 8608 8561
f 8561 8608 8609
f 8561 8609 8562
f 8562 8609 8610
f 8562 8610 8563
f 8563 8610 8611
f 8563 8611 8564
f 8564 8611 8612
f 8564 8612 8565
f 8565 8612 8613
f 8565 8613 8566
f 8566 8613 8614
f 8566 8614 8567
f 8567 8614 8615
f 8567 8615 8568
f 8568 8615 8616
f 8568 8616 8569
f 8569 8616 8617
f 8569 8617 8570
f 8570 8617 8618
f 8570 8618 8571
f 8571 8618 8619
f 8571 8619 8572
f 8572 8619 8620
f 8572 8620 8573
f 8573 8620 8621
f 8573 8621 8574
f 8574 8621 8622
f 8574 8622 8575
f 8575 8622 8623
f 8575 8623 8576
f 8576 8623 8624
f 8576 8624 8577
f 8577 8624 8625
f 8577 8625 8578
f 8578 8625 8626
f 8578 8626 8579
f 8579 8626 8627
f 8579 8627 8580
f 8580 8627 8628
f 8580 8628 8581
f 8581 8628 8629
f 8581 8629 8582
f 8582 8629 8630
f 8582 8630 8583
f 8583 8630 8631
f 8583 8631 8584
f 8584 8631 8632
f 8584 8632 8585
f 8585 8632 8633
f 8585 8633 8586
f 8586 8633 8634
f 8586 8634 8587
f 8587 8634 8635
f 8587 8635 8588
f 8588 8635 8636
f 8588 8636 8589
f 8589 8636 8637
f 8589 8637 8590
f 8590 8637 8638
f 8590 8638 8591
f 8591 8638 8639
f 8591 8639 8592
f 8592 8639 8640
f 8592 8640 8545
f 8545 8640 8593
f 8593 1 8594
f 8594 1 2
f 8594 2 8595
f 8595 2 3
f 8595 3 8596
f 8596 3 4
f 8596 4 8597
f 8597 4 5
f 8597 5 8598
f 8598 5 6
f 8598 6 8599
f 8599 6 7
f 8599 7 8600
f 8600 7 8
f 8600 8 8601
f 8601 8 9
f 8601 9 8602
f 8602 9 10
f 8602 10 8603
f 8603 10 11
f 8603 11 8604
f 8604 11 12
f 8604 12 8605
f 8605 12 13
f 8605 13 8606
f 8606 13 14
f 8606 14 8607
f 8607 14 15
f 8607 15 8608
f 8608 15 16
f 8608 16 8609
f 8609 16 17
f 8609 17 8610
f 8610 17 18
f 8610 18 8611
f 8611 18 19
f 8611 19 8612
f 8612 19 20
f 8612 20 8613
f 8613 20 21
f 8613 21 8614
f 8614 21 22
f 8614 22 8615
f 8615 22 23
f 8615 23 8616
f 8616 23 24
f 8616 24 8617
f 8617 24 25
f 8617 25 8618
f 8618 25 26
f 8618 26 8619
f 8619 26 27
f 8619 27 8620
f 8620 27 28
f 8620 28 8621
f 8621 28 29
f 8621 29 8622
f 8622 29 30
f 8622 30 8623
f 8623 30 31
f 8623 31 8624
f 8624 31 32
f 8624 32 8625
f 8625 32 33
f 8625 33 8626
f 8626 33 34
f 8626 34 8627
f 8627 34 35
f 8627 35 8628
f 8628 35 36
f 8628 36 8629
f 8629 36 37
f 8629 37 8630
f 8630 37 38
f 8630 38 8631
f 8631 38 39
f 8631 39 8632
f 8632 39 40
f 8632 40 8633
f 8633 40 41
f 8633 41 8634
f 8634 41 42
f 8634 42 8635
f 8635 42 43
f 8635 43 8636
f 8636 43 44
f 8636 44 8637
f 8637 44 45
f 8637 45 8638
f 8638 45 46
f 8638 46 8639
f 8639 46 47
f 8639 47 8640
f 8640 47 48
f 8640 48 8593
f 8593 48 1
f 8642 8641 8659
f 8642 8659 8643
f 8643 8659 8660
f 8643 8660 8644
f 8644 8660 8661
f 8644 8661 8645
f 8645 8661 8662
f 8645 8662 8646
f 8646 8662 8663
f 8646 8663 8647
f 8647 8663 8664
f 8647 8664 8648
f 8648 8664 8665
f 8648 8665 8649
f 8649 8665 8666
f 8649 8666 8650
f 8650 8666 8667
f 8650 8667 8651
f 8651 8667 8668
f 8651 8668 8652
f 8652 8668 8669
f 8652 8669 8653
f 8653 8669 8670
f 8653 8670 8654
f 8654 8670 8671
f 8654 8671 8655
f 8655 8671 8672
f 8655 8672 8656
f 8656 8672 8673
f 8656 8673 8657
f 8657 8673 8674
f 8657 8674 8658
f 8659 8641 8675
f 8659 8675 8660
f 8660 8675 8676
f 8660 8676 8661
f 8661 8676 8677
f 8661 8677 8662
f 8662 8677 8678
f 8662 8678 8663
f 8663 8678 8679
f 8663 8679 8664
f 8664 8679 8680
f 8664 8680 8665
f 8665 8680 8681
f 8665 8681 8666
f 8666 8681 8682
f 8666 8682 8667
f 8667 8682 8683
f 8667 8683 8668
f 8668 8683 8684
f 8668 8684 8669
f 8669 8684 8685
f 8669 8685 8670
f 8670 8685 8686
f 8670 8686 8671
f 8671 8686 8687
f 8671 8687 8672
f 8672 8687 8688
f 8672 8688 8673
f 8673 8688 8689
f 8673 8689 8674
f 8674 8689 8690
f 8674 8690 8658
f 8675 8641 8691
f 8675 8691 8676
f 8676 8691 8692
f 8676 8692 8677
f 8677 8692 8693
f 8677 8693 8678
f 8678 8693 8694
f 8678 8694 8679
f 8679 8694 8695
f 8679 8695 8680
f 8680 8695 8696
f 8680 8696 8681
f 8681 8696 8697
f 8681 8697 8682
f 8682 8697 8698
f 8682 8698 8683
f 8683 8698 8699
f 8683 8699 8684
f 8684 8699 8700
f 8684 8700 8685
f 8685 8700 8701
f 8685 8701 8686
f 8686 8701 8702
f 8686 8702 8687
f 8687 8702 8703
f 8687 8703 8688
f 8688 8703 8704
f 8688 8704 8689
f 8689 8704 8705
f 8689 8705 8690
f 8690 8705 8706
f 8690 8706 8658
f 8691 8641 8707
f 8691 8707 8692
f 8692 8707 8708
f 8692 8708 8693
f 8693 8708 8709
f 8693 8709 8694
f 8694 8709 8710
f 8694 8710 8695
f 8695 8710 8711
f 8695 8711 8696
f 8696 8711 8712
f 8696 8712 8697
f 8697 8712 8713
f 8697 8713 8698
f 8698 8713 8714
f 8698 8714 8699
f 8699 8714 8715
f 8699 8715 8700
f 8700 8715 8716
f 8700 8716 8701
f 8701 8716 8717
f 8701 8717 8702
f 8702 8717 8718
f 8702 8718 8703
f 8703 8718 8719
f 8703 8719 8704
f 8704 8719 8720
f 8704 8720 8705
f 8705 8720 8721
f 8705 8721 8706
f 8706 8721 8722
f 8706 8722 8658
f 8707 8641 8723
f 8707 8723 8708
f 8708 8723 8724
f 8708 8724 8709
f 8709 8724 8725
f 8709 8725 8710
f 8710 8725 8726
f 8710 8726 8711
f 8711 8726 8727
f 8711 8727 8712
f 8712 8727 8728
f 8712 8728 8713
f 8713 8728 8729
f 8713 8729 8714
f 8714 8729 8730
f 8714 8730 8715
f 8715 8730 8731
f 8715 8731 8716
f 8716 8731 8732
f 8716 8732 8717
f 8717 8732 8733
f 8717 8733 8718
f 8718 8733 8734
f 8718 8734 8719
f 8719 8734 8735
f 8719 8735 8720
f 8720 8735 8736
f 8720 8736 8721
f 8721 8736 8737
f 8721 8737 8722
f 8722 8737 8738
f 8722 8738 8658
f 8723 8641 8739
f 8723 8739 8724
f 8724 8739 8740
f 8724 8740 8725
f 8725 8740 8741
f 8725 8741 8726
f 8726 8741 8742
f 8726 8742 8727
f 8727 8742 8743
f 8727 8743 8728
f 8728 8743 8744
f 8728 8744 8729
f 8729 8744 8745
f 8729 8745 8730
f 8730 8745 8746
f 8730 8746 8731
f 8731 8746 8747
f 8731 8747 8732
f 8732 8747 8748
f 8732 8748 8733
f 8733 8748 8749
f 8733 8749 8734
f 8734 8749 8750
f 8734 8750 8735
f 8735 8750 8751
f 8735 8751 8736
f 8736 8751 8752
f 8736 8752 8737
f 8737 8752 8753
f 8737 8753 8738
f 8738 8753 8754
f 8738 8754 8658
f 8739 8641 8755
f 8739 8755 8740
f 8740 8755 8756
f 8740 8756 8741
f 8741 8756 8757
f 8741 8757 8742
f 8742 8757 8758
f 8742 8758 8743
f 8743 8758 8759
f 8743 8759 8744
f 8744 8759 8760
f 8744 8760 8745
f 8745 8760 8761
f 8745 8761 8746
f 8746 8761 8762
f 8746 8762 8747
f 8747 8762 8763
f 8747 8763 8748
f 8748 8763 8764
f 8748 8764 8749
f 8749 8764 8765
f 8749 8765 8750
f 8750 8765 8766
f 8750 8766 8751
f 8751 8766 8767
f 8751 8767 8752
f 8752 8767 8768
f 8752 8768 8753
f 8753 8768 8769
f 8753 8769 8754
f 8754 8769 8770
f 8754 8770 8658
f 8755 8641 8642
f 8755 8642 8756
f 8756 8642 8643
f 8756 8643 8757
f 8757 8643 8644
f 8757 8644 8758
f 8758 8644 8645
f 8758 8645 8759
f 8759 8645 8646
f 8759 8646 8760
f 8760 8646 8647
f 8760 8647 8761
f 8761 8647 8648
f 8761 8648 8762
f 8762 8648 8649
f 8762 8649 8763
f 8763 8649 8650
f 8763 8650 8764
f 8764 8650 8651
f 8764 8651 8765
f 8765 8651 8652
f 8765 8652 8766
f 8766 8652 8653
f 8766 8653 8767
f 8767 8653 8654
f 8767 8654 8768
f 8768 8654 8655
f 8768 8655 8769
f 8769 8655 8656
f 8769 8656 8770
f 8770 8656 8657
f 8770 8657 8658
f 8772 8771 8789
f 8772 8789 8773
f 8773 8789 8790
f 8773 8790 8774
f 8774 8790 8791
f 8774 8791 8775
f 8775 8791 8792
f 8775 8792 8776
f 8776 8792 8793
f 8776 8793 8777
f 8777 8793 8794
f 8777 8794 8778
f 8778 8794 8795
f 8778 8795 8779
f 8779 8795 8796
f 8779 8796 8780
f 8780 8796 8797
f 8780 8797 8781
f 8781 8797 8798
f 8781 8798 8782
f 8782 8798 8799
f 8782 8799 8783
f 8783 8799 8800
f 8783 8800 8784
f 8784 8800 8801
f 8784 8801 8785
f 8785 8801 8802
f 8785 8802 8786
f 8786 8802 8803
f 8786 8803 8787
f 8787 8803 8804
f 8787 8804 8788
f 8789 8771 8805
f 8789 8805 8790
f 8790 8805 8806
f 8790 8806 8791
f 8791 8806 8807
f 8791 8807 8792
f 8792 8807 8808
f 8792 8808 8793
f 8793 8808 8809
f 8793 8809 8794
f 8794 8809 8810
f 8794 8810 8795
f 8795 8810 8811
f 8795 8811 8796
f 8796 8811 8812
f 8796 8812 8797
f 8797 8812 8813
f 8797 8813 8798
f 8798 8813 8814
f 8798 8814 8799
f 8799 8814 8815
f 8799 8815 8800
f 8800 8815 8816
f 8800 8816 8801
f 8801 8816 8817
f 8801 8817 8802
f 8802 8817 8818
f 8802 8818 8803
f 8803 8818 8819
f 8803 8819 8804
f 8804 8819 8820
f 8804 8820 8788
f 8805 8771 8821
f 8805 8821 8806
f 8806 8821 8822
f 8806 8822 8807
f 8807 8822 8823
f 8807 8823 8808
f 8808 8823 8824
f 8808 8824 8809
f 8809 8824 8825
f 8809 8825 8810
f 8810 8825 8826
f 8810 8826 8811
f 8811 8826 8827
f 8811 8827 8812
f 8812 8827 8828
f 8812 8828 8813
f 8813 8828 8829
f 8813 8829 8814
f 8814 8829 8830
f 8814 8830 8815
f 8815 8830 8831
f 8815 8831 8816
f 8816 8831 8832
f 8816 8832 8817
f 8817 8832 8833
f 8817 8833 8818
f 8818 8833 8834
f 8818 8834 8819
f 8819 8834 8835
f 8819 8835 8820
f 8820 8835 8836
f 8820 8836 8788
f 8821 8771 8837
f 8821 8837 8822
f 8822 8837 8838
f 8822 8838 8823
f 8823 8838 8839
f 8823 8839 8824
f 8824 8839 8840
f 8824 8840 8825
f 8825 8840 8841
f 8825 8841 8826
f 8826 8841 8842
f 8826 8842 8827
f 8827 8842 8843
f 8827 8843 8828
f 8828 8843 8844
f 8828 8844 8829
f 8829 8844 8845
f 8829 8845 8830
f 8830 8845 8846
f 8830 8846 8831
f 8831 8846 8847
f 8831 8847 8832
f 8832 8847 8848
f 8832 8848 8833
f 8833 8848 8849
f 8833 8849 8834
f 8834 8849 8850
f 8834 8850 8835
f 8835 8850 8851
f 8835 8851 8836
f 8836 8851 8852
f 8836 8852 8788
f 8837 8771 8853
f 8837 8853 8838
f 8838 8853 8854
f 8838 8854 8839
f 8839 8854 8855
f 8839 8855 8840
f 8840 8855 8856
f 8840 8856 8841
f 8841 8856 8857
f 8841 8857 8842
f 8842 8857 8858
f 8842 8858 8843
f 8843 8858 8859
f 8843 8859 8844
f 8844 8859 8860
f 8844 8860 8845
f 8845 8860 8861
f 8845 8861 8846
f 8846 8861 8862
f 8846 8862 8847
f 8847 8862 8863
f 8847 8863 8848
f 8848 8863 8864
f 8848 8864 8849
f 8849 8864 8865
f 8849 8865 8850
f 8850 8865 8866
f 8850 8866 8851
f 8851 8866 8867
f 8851 8867 8852
f 8852 8867 8868
f 8852 8868 8788
f 8853 8771 8869
f 8853 8869 8854
f 8854 8869 8870
f 8854 8870 8855
f 8855 8870 8871
f 8855 8871 8856
f 8856 8871 8872
f 8856 8872 8857
f 8857 8872 8873
f 8857 8873 8858
f 8858 8873 8874
f 8858 8874 8859
f 8859 8874 8875
f 8859 8875 8860
f 8860 8875 8876
f 8860 8876 8861
f 8861 8876 8877
f 8861 8877 8862
f 8862 8877 8878
f 8862 8878 8863
f 8863 8878 8879
f 8863 8879 8864
f 8864 8879 8880
f 8864 8880 8865
f 8865 8880 8881
f 8865 8881 8866
f 8866 8881 8882
f 8866 8882 8867
f 8867 8882 8883
f 8867 8883 8868
f 8868 8883 8884
f 8868 8884 8788
f 8869 8771 8885
f 8869 8885 8870
f 8870 8885 8886
f 8870 8886 8871
f 8871 8886 8887
f 8871 8887 8872
f 8872 8887 8888
f 8872 8888 8873
f 8873 8888 8889
f 8873 8889 8874
f 8874 8889 8890
f 8874 8890 8875
f 8875 8890 8891
f 8875 8891 8876
f 8876 8891 8892
f 8876 8892 8877
f 8877 8892 8893
f 8877 8893 8878
f 8878 8893 8894
f 8878 8894 8879
f 8879 8894 8895
f 8879 8895 8880
f 8880 8895 8896
f 8880 8896 8881
f 8881 8896 8897
f 8881 8897 8882
f 8882 8897 8898
f 8882 8898 8883
f 8883 8898 8899
f 8883 8899 8884
f 8884 8899 8900
f 8884 8900 8788
f 8885 8771 8772
f 8885 8772 8886
f 8886 8772 8773
f 8886 8773 8887
f 8887 8773 8774
f 8887 8774 8888
f 8888 8774 8775
f 8888 8775 8889
f 8889 8775 8776
f 8889 8776 8890
f 8890 8776 8777
f 8890 8777 8891
f 8891 8777 8778
f 8891 8778 8892
f 8892 8778 8779
f 8892 8779 8893
f 8893 8779 8780
f 8893 8780 8894
f 8894 8780 8781
f 8894 8781 8895
f 8895 8781 8782
f 8895 8782 8896
f 8896 8782 8783
f 8896 8783 8897
f 8897 8783 8784
f 8897 8784 8898
f 8898 8784 8785
f 8898 8785 8899
f 8899 8785 8786
f 8899 8786 8900
f 8900 8786 8787
f 8900 8787 8788
f 8902 8901 8919
f 8902 8919 8903
f 8903 8919 8920
f 8903 8920 8904
f 8904 8920 8921
f 8904 8921 8905
f 8905 8921 8922
f 8905 8922 8906
f 8906 8922 8923
f 8906 8923 8907
f 8907 8923 8924
f 8907 8924 8908
f 8908 8924 8925
f 8908 8925 8909
f 8909 8925 8926
f 8909 8926 8910
f 8910 8926 8927
f 8910 8927 8911
f 8911 8927 8928
f 8911 8928 8912
f 8912 8928 8929
f 8912 8929 8913
f 8913 8929 8930
f 8913 8930 8914
f 8914 8930 8931
f 8914 8931 8915
f 8915 8931 8932
f 8915 8932 8916
f 8916 8932 8933
f 8916 8933 8917
f 8917 8933 8934
f 8917 8934 8918
f 8919 8901 8935
f 8919 8935 8920
f 8920 8935 8936
f 8920 8936 8921
f 8921 8936 8937
f 8921 8937 8922
f 8922 8937 8938
f 8922 8938 8923
f 8923 8938 8939
f 8923 8939 8924
f 8924 8939 8940
f 8924 8940 8925
f 8925 8940 8941
f 8925 8941 8926
f 8926 8941 8942
f 8926 8942 8927
f 8927 8942 8943
f 8927 8943 8928
f 8928 8943 8944
f 8928 8944 8929
f 8929 8944 8945
f 8929 8945 8930
f 8930 8945 8946
f 8930 8946 8931
f 8931 8946 8947
f 8931 8947 8932
f 8932 8947 8948
f 8932 8948 8933
f 8933 8948 8949
f 8933 8949 8934
f 8934 8949 8950
f 8934 8950 8918
f 8935 8901 8951
f 8935 8951 8936
f 8936 8951 8952
f 8936 8952 8937
f 8937 8952 8953
f 8937 8953 8938
f 8938 8953 8954
f 8938 8954 8939
f 8939 8954 8955
f 8939 8955 8940
f 8940 8955 8956
f 8940 8956 8941
f 8941 8956 8957
f 8941 8957 8942
f 8942 8957 8958
f 8942 8958 8943
f 8943 8958 8959
f 8943 8959 8944
f 8944 8959 8960
f 8944 8960 8945
f 8945 8960 8961
f 8945 8961 8946
f 8946 8961 8962
f 8946 8962 8947
f 8947 8962 8963
f 8947 8963 8948
f 8948 8963 8964
f 8948 8964 8949
f 8949 8964 8965
f 8949 8965 8950
f 8950 8965 8966
f 8950 8966 8918
f 8951 8901 8967
f 8951 8967 8952
f 8952 8967 8968
f 8952 8968 8953
f 8953 8968 8969
f 8953 8969 8954
f 8954 8969 8970
f 8954 8970 8955
f 8955 8970 8971
f 8955 8971 8956
f 8956 8971 8972
f 8956 8972 8957
f 8957 8972 8973
f 8957 8973 8958
f 8958 8973 8974
f 8958 8974 8959
f 8959 8974 8975
f 8959 8975 8960
f 8960 8975 8976
f 8960 8976 8961
f 8961 8976 8977
f 8961 8977 8962
f 8962 8977 8978
f 8962 8978 8963
f 8963 8978 8979
f 8963 8979 8964
f 8964 8979 8980
f 8964 8980 8965
f 8965 8980 8981
f 8965 8981 8966
f 8966 8981 8982
f 8966 8982 8918
f 8967 8901 8983
f 8967 8983 8968
f 8968 8983 8984
f 8968 8984 8969
f 8969 8984 8985
f 8969 8985 8970
f 8970 8985 8986
f 8970 8986 8971
f 8971 8986 8987
f 8971 8987 8972
f 8972 8987 8988
f 8972 8988 8973
f 8973 8988 8989
f 8973 8989 8974
f 8974 8989 8990
f 8974 8990 8975
f 8975 8990 8991
f 8975 8991 8976
f 8976 8991 8992
f 8976 8992 8977
f 8977 8992 8993
f 8977 8993 8978
f 8978 8993 8994
f 8978 8994 8979
f 8979 8994 8995
f 8979 8995 8980
f 8980 8995 8996
f 8980 8996 8981
f 8981 8996 8997
f 8981 8997 8982
f 8982 8997 8998
f 8982 8998 8918
f 8983 8901 8999
f 8983 8999 8984
f 8984 8999 9000
f 8984 9000 8985
f 8985 9000 9001
f 8985 9001 8986
f 8986 9001 9002
f 8986 9002 8987
f 8987 9002 9003
f 8987 9003 8988
f 8988 9003 9004
f 8988 9004 8989
f 8989 9004 9005
f 8989 9005 8990
f 8990 9005 9006
f 8990 9006 8991
f 8991 9006 9007
f 8991 9007 8992
f 8992 9007 9008
f 8992 9008 8993
f 8993 9008 9009
f 8993 9009 8994
f 8994 9009 9010
f 8994 9010 8995
f 8995 9010 9011
f 8995 9011 8996
f 8996 9011 9012
f 8996 9012 8997
f 8997 9012 9013
f 8997 9013 8998
f 8998 9013 9014
f 8998 9014 8918
f 8999 8901 9015
f 8999 9015 9000
f 9000 9015 9016
f 9000 9016 9001
f 9001 9016 9017
f 9001 9017 9002
f 9002 9017 9018
f 9002 9018 9003
f 9003 9018 9019
f 9003 9019 9004
f 9004 9019 9020
f 9004 9020 9005
f 9005 9020 9021
f 9005 9021 9006
f 9006 9021 9022
f 9006 9022 9007
f 9007 9022 9023
f 9007 9023 9008
f 9008 9023 9024
f 9008 9024 9009
f 9009 9024 9025
f 9009 9025 9010
f 9010 9025 9026
f 9010 9026 9011
f 9011 9026 9027
f 9011 9027 9012
f 9012 9027 9028
f 9012 9028 9013
f 9013 9028 9029
f 9013 9029 9014
f 9014 9029 9030
f 9014 9030 8918
f 9015 8901 8902
f 9015 8902 9016
f 9016 8902 8903
f 9016 8903 9017
f 9017 8903 8904
f 9017 8904 9018
f 9018 8904 8905
f 9018 8905 9019
f 9019 8905 8906
f 9019 8906 9020
f 9020 8906 8907
f 9020 8907 9021
f 9021 8907 8908
f 9021 8908 9022
f 9022 8908 8909
f 9022 8909 9023
f 9023 8909 8910
f 9023 8910 9024
f 9024 8910 8911
f 9024 8911 9025
f 9025 8911 8912
f 9025 8912 9026
f 9026 8912 8913
f 9026 8913 9027
f 9027 8913 8914
f 9027 8914 9028
f 9028 8914 8915
f 9028 8915 9029
f 9029 8915 8916
f 9029 8916 9030
f 9030 8916 8917
f 9030 8917 8918
f 9032 9031 9049
f 9032 9049 9033
f 9033 9049 9050
f 9033 9050 9034
f 9034 9050 9051
f 9034 9051 9035
f 9035 9051 9052
f 9035 9052 9036
f 9036 9052 9053
f 9036 9053 9037
f 9037 9053 9054
f 9037 9054 9038
f 9038 9054 9055
f 9038 9055 9039
f 9039 9055 9056
f 9039 9056 9040
f 9040 9056 9057
f 9040 9057 9041
f 9041 9057 9058
f 9041 9058 9042
f 9042 9058 9059
f 9042 9059 9043
f 9043 9059 9060
f 9043 9060 9044
f 9044 9060 9061
f 9044 9061 9045
f 9045 9061 9062
f 9045 9062 9046
f 9046 9062 9063
f 9046 9063 9047
f 9047 9063 9064
f 9047 9064 9048
f 9049 9031 9065
f 9049 9065 9050
f 9050 9065 9066
f 9050 9066 9051
f 9051 9066 9067
f 9051 9067 9052
f 9052 9067 9068
f 9052 9068 9053
f 9053 9068 9069
f 9053 9069 9054
f 9054 9069 9070
f 9054 9070 9055
f 9055 9070 9071
f 9055 9071 9056
f 9056 9071 9072
f 9056 9072 9057
f 9057 9072 9073
f 9057 9073 9058
f 9058 9073 9074
f 9058 9074 9059
f 9059 9074 9075
f 9059 9075 9060
f 9060 9075 9076
f 9060 9076 9061
f 9061 9076 9077
f 9061 9077 9062
f 9062 9077 9078
f 9062 9078 9063
f 9063 9078 9079
f 9063 9079 9064
f 9064 9079 9080
f 9064 9080 9048
f 9065 9031 9081
f 9065 9081 9066
f 9066 9081 9082
f 9066 9082 9067
f 9067 9082 9083
f 9067 9083 9068
f 9068 9083 9084
f 9068 9084 9069
f 9069 9084 9085
f 9069 9085 9070
f 9070 9085 9086
f 9070 9086 9071
f 9071 9086 9087
f 9071 9087 9072
f 9072 9087 9088
f 9072 9088 9073
f 9073 9088 9089
f 9073 9089 9074
f 9074 9089 9090
f 9074 9090 9075
f 9075 9090 9091
f 9075 9091 9076
f 9076 9091 9092
f 9076 9092 9077
f 9077 9092 9093
f 9077 9093 9078
f 9078 9093 9094
f 9078 9094 9079
f 9079 9094 9095
f 9079 9095 9080
f 9080 9095 9096
f 9080 9096 9048
f 9081 9031 9097
f 9081 9097 9082
f 9082 9097 9098
f 9082 9098 9083
f 9083 9098 9099
f 9083 9099 9084
f 9084 9099 9100
f 9084 9100 9085
f 9085 9100 9101
f 9085 9101 9086
f 9086 9101 9102
f 9086 9102 9087
f 9087 9102 9103
f 9087 9103 9088
f 9088 9103 9104
f 9088 9104 9089
f 9089 9104 9105
f 9089 9105 9090
f 9090 9105 9106
f 9090 9106 9091
f 9091 9106 9107
f 9091 9107 9092
f 9092 9107 9108
f 9092 9108 9093
f 9093 9108 9109
f 9093 9109 9094
f 9094 9109 9110
f 9094 9110 9095
f 9095 9110 9111
f 9095 9111 9096
f 9096 9111 9112
f 9096 9112 9048
f 9097 9031 9113
f 9097 9113 9098
f 9098 9113 9114
f 9098 9114 9099
f 9099 9114 9115
f 9099 9115 9100
f 9100 9115 9116
f 9100 9116 9101
f 9101 9116 9117
f 9101 9117 9102
f 9102 9117 9118
f 9102 9118 9103
f 9103 9118 9119
f 9103 9119 9104
f 9104 9119 9120
f 9104 9120 9105
f 9105 9120 9121
f 9105 9121 9106
f 9106 9121 9122
f 9106 9122 9107
f 9107 9122 9123
f 9107 9123 9108
f 9108 9123 9124
f 9108 9124 9109
f 9109 9124 9125
f 9109 9125 9110
f 9110 9125 9126
f 9110 9126 9111
f 9111 9126 9127
f 9111 9127 9112
f 9112 9127 9128
f 9112 9128 9048
f 9113 9031 9129
f 9113 9129 9114
f 9114 9129 9130
f 9114 9130 9115
f 9115 9130 9131
f 9115 9131 9116
f 9116 9131 9132
f 9116 9132 9117
f 9117 9132 9133
f 9117 9133 9118
f 9118 9133 9134
f 9118 9134 9119
f 9119 9134 9135
f 9119 9135 9120
f 9120 9135 9136
f 9120 9136 9121
f 9121 9136 9137
f 9121 9137 9122
f 9122 9137 9138
f 9122 9138 9123
f 9123 9138 9139
f 9123 9139 9124
f 9124 9139 9140
f 9124 9140 9125
f 9125 9140 9141
f 9125 9141 9126
f 9126 9141 9142
f 9126 9142 9127
f 9127 9142 9143
f 9127 9143 9128
f 9128 9143 9144
f 9128 9144 9048
f 9129 9031 9145
f 9129 9145 9130
f 9130 9145 9146
f 9130 9146 9131
f 9131 9146 9147
f 9131 9147 9132
f 9132 9147 9148
f 9132 9148 9133
f 9133 9148 9149
f 9133 9149 9134
f 9134 9149 9150
f 9134 9150 9135
f 9135 9150 9151
f 9135 9151 9136
f 9136 9151 9152
f 9136 9152 9137
f 9137 9152 9153
f 9137 9153 9138
f 9138 9153 9154
f 9138 9154 9139
f 9139 9154 9155
f 9139 9155 9140
f 9140 9155 9156
f 9140 9156 9141
f 9141 9156 9157
f 9141 9157 9142
f 9142 9157 9158
f 9142 9158 9143
f 9143 9158 9159
f 9143 9159 9144
f 9144 9159 9160
f 9144 9160 9048
f 9145 9031 9032
f 9145 9032 9146
f 9146 9032 9033
f 9146 9033 9147
f 9147 9033 9034
f 9147 9034 9148
f 9148 9034 9035
f 9148 9035 9149
f 9149 9035 9036
f 9149 9036 9150
f 9150 9036 9037
f 9150 9037 9151
f 9151 9037 9038
f 9151 9038 9152
f 9152 9038 9039
f 9152 9039 9153
f 9153 9039 9040
f 9153 9040 9154
f 9154 9040 9041
f 9154 9041 9155
f 9155 9041 9042
f 9155 9042 9156
f 9156 9042 9043
f 9156 9043 9157
f 9157 9043 9044
f 9157 9044 9158
f 9158 9044 9045
f 9158 9045 9159
f 9159 9045 9046
f 9159 9046 9160
f 9160 9046 9047
f 9160 9047 9048
f 9162 9161 9179
f 9162 9179 9163
f 9163 9179 9180
f 9163 9180 9164
f 9164 9180 9181
f 9164 9181 9165
f 9165 9181 9182
f 9165 9182 9166
f 9166 9182 9183
f 9166 9183 9167
f 9167 9183 9184
f 9167 9184 9168
f 9168 9184 9185
f 9168 9185 9169
f 9169 9185 9186
f 9169 9186 9170
f 9170 9186 9187
f 9170 9187 9171
f 9171 9187 9188
f 9171 9188 9172
f 9172 9188 9189
f 9172 9189 9173
f 9173 9189 9190
f 9173 9190 9174
f 9174 9190 9191
f 9174 9191 9175
f 9175 9191 9192
f 9175 9192 9176
f 9176 9192 9193
f 9176 9193 9177
f 9177 9193 9194
f 9177 9194 9178
f 9179 9161 9195
f 9179 9195 9180
f 9180 9195 9196
f 9180 9196 9181
f 9181 9196 9197
f 9181 9197 9182
f 9182 9197 9198
f 9182 9198 9183
f 9183 9198 9199
f 9183 9199 9184
f 9184 9199 9200
f 9184 9200 9185
f 9185 9200 9201
f 9185 9201 9186
f 9186 9201 9202
f 9186 9202 9187
f 9187 9202 9203
f 9187 9203 9188
f 9188 9203 9204
f 9188 9204 9189
f 9189 9204 9205
f 9189 9205 9190
f 9190 9205 9206
f 9190 9206 9191
f 9191 9206 9207
f 9191 9207 9192
f 9192 9207 9208
f 9192 9208 9193
f 9193 9208 9209
f 9193 9209 9194
f 9194 9209 9210
f 9194 9210 9178
f 9195 9161 9211
f 9195 9211 9196
f 9196 9211 9212
f 9196 9212 9197
f 9197 9212 9213
f 9197 9213 9198
f 9198 9213 9214
f 9198 9214 9199
f 9199 9214 9215
f 9199 9215 9200
f 9200 9215 9216
f 9200 9216 9201
f 9201 9216 9217
f 9201 9217 9202
f 9202 9217 9218
f 9202 9218 9203
f 9203 9218 9219
f 9203 9219 9204
f 9204 9219 9220
f 9204 9220 9205
f 9205 9220 9221
f 9205 9221 9206
f 9206 9221 9222
f 9206 9222 9207
f 9207 9222 9223
f 9207 9223 9208
f 9208 9223 9224
f 9208 9224 9209
f 9209 9224 9225
f 9209 9225 9210
f 9210 9225 9226
f 9210 9226 9178
f 9211 9161 9227
f 9211 9227 9212
f 9212 9227 9228
f 9212 9228 9213
f 9213 9228 9229
f 9213 9229 9214
f 9214 9229 9230
f 9214 9230 9215
f 9215 9230 9231
f 9215 9231 9216
f 9216 9231 9232
f 9216 9232 9217
f 9217 9232 9233
f 9217 9233 9218
f 9218 9233 9234
f 9218 9234 9219
f 9219 9234 9235
f 9219 9235 9220
f 9220 9235 9236
f 9220 9236 9221
f 9221 9236 9237
f 9221 9237 9222
f 9222 9237 9238
f 9222 9238 9223
f 9223 9238 9239
f 9223 9239 9224
f 9224 9239 9240
f 9224 9240 9225
f 9225 9240 9241
f 9225 9241 9226
f 9226 9241 9242
f 9226 9242 9178
f 9227 9161 9243
f 9227 9243 9228
f 9228 9243 9244
f 9228 9244 9229
f 9229 9244 9245
f 9229 9245 9230
f 9230 9245 9246
f 9230 9246 9231
f 9231 9246 9247
f 9231 9247 9232
f 9232 9247 9248
f 9232 9248 9233
f 9233 9248 9249
f 9233 9249 9234
f 9234 9249 9250
f 9234 9250 9235
f 9235 9250 9251
f 9235 9251 9236
f 9236 9251 9252
f 9236 9252 9237
f 9237 9252 9253
f 9237 9253 9238
f 9238 9253 9254
f 9238 9254 9239
f 9239 9254 9255
f 9239 9255 9240
f 9240 9255 9256
f 9240 9256 9241
f 9241 9256 9257
f 9241 9257 9242
f 9242 9257 9258
f 9242 9258 9178
f 9243 9161 9259
f 9243 9259 9244
f 9244 9259 9260
f 9244 9260 9245
f 9245 9260 9261
f 9245 9261 9246
f 9246 9261 9262
f 9246 9262 9247
f 9247 9262 9263
f 9247 9263 9248
f 9248 9263 9264
f 9248 9264 9249
f 9249 9264 9265
f 9249 9265 9250
f 9250 9265 9266
f 9250 9266 9251
f 9251 9266 9267
f 9251 9267 9252
f 9252 9267 9268
f 9252 9268 9253
f 9253 9268 9269
f 9253 9269 9254
f 9254 9269 9270
f 9254 9270 9255
f 9255 9270 9271
f 9255 9271 9256
f 9256 9271 9272
f 9256 9272 9257
f 9257 9272 9273
f 9257 9273 9258
f 9258 9273 9274
f 9258 9274 9178
f 9259 9161 9275
f 9259 9275 9260
f 9260 9275 9276
f 9260 9276 9261
f 9261 9276 9277
f 9261 9277 9262
f 9262 9277 9278
f 9262 9278 9263
f 9263 9278 9279
f 9263 9279 9264
f 9264 9279 9280
f 9264 9280 9265
f 9265 9280 9281
f 9265 9281 9266
f 9266 9281 9282
f 9266 9282 9267
f 9267 9282 9283
f 9267 9283 9268
f 9268 9283 9284
f 9268 9284 9269
f 9269 9284 9285
f 9269 9285 9270
f 9270 9285 9286
f 9270 9286 9271
f 9271 9286 9287
f 9271 9287 9272
f 9272 9287 9288
f 9272 9288 9273
f 9273 9288 9289
f 9273 9289 9274
f 9274 9289 9290
f 9274 9290 9178
f 9275 9161 9162
f 9275 9162 9276
f 9276 9162 9163
f 9276 9163 9277
f 9277 9163 9164
f 9277 9164 9278
f 9278 9164 9165
f 9278 9165 9279
f 9279 9165 9166
f 9279 9166 9280
f 9280 9166 9167
f 9280 9167 9281
f 9281 9167 9168
f 9281 9168 9282
f 9282 9168 9169
f 9282 9169 9283
f 9283 9169 9170
f 9283 9170 9284
f 9284 9170 9171
f 9284 9171 9285
f 9285 9171 9172
f 9285 9172 9286
f 9286 9172 9173
f 9286 9173 9287
f 9287 9173 9174
f 9287 9174 9288
f 9288 9174 9175
f 9288 9175 9289
f 9289 9175 9176
f 9289 9176 9290
f 9290 9176 9177
f 9290 9177 9178
f 9292 9291 9309
f 9292 9309 9293
f 9293 9309 9310
f 9293 9310 9294
f 9294 9310 9311
f 9294 9311 9295
f 9295 9311 9312
f 9295 9312 9296
f 9296 9312 9313
f 9296 9313 9297
f 9297 9313 9314
f 9297 9314 9298
f 9298 9314 9315
f 9298 9315 9299
f 9299 9315 9316
f 9299 9316 9300
f 9300 9316 9317
f 9300 9317 9301
f 9301 9317 9318
f 9301 9318 9302
f 9302 9318 9319
f 9302 9319 9303
f 9303 9319 9320
f 9303 9320 9304
f 9304 9320 9321
f 9304 9321 9305
f 9305 9321 9322
f 9305 9322 9306
f 9306 9322 9323
f 9306 9323 9307
f 9307 9323 9324
f 9307 9324 9308
f 9309 9291 9325
f 9309 9325 9310
f 9310 9325 9326
f 9310 9326 9311
f 9311 9326 9327
f 9311 9327 9312
f 9312 9327 9328
f 9312 9328 9313
f 9313 9328 9329
f 9313 9329 9314
f 9314 9329 9330
f 9314 9330 9315
f 9315 9330 9331
f 9315 9331 9316
f 9316 9331 9332
f 9316 9332 9317
f 9317 9332 9333
f 9317 9333 9318
f 9318 9333 9334
f 9318 9334 9319
f 9319 9334 9335
f 9319 9335 9320
f 9320 9335 9336
f 9320 9336 9321
f 9321 9336 9337
f 9321 9337 9322
f 9322 9337 9338
f 9322 9338 9323
f 9323 9338 9339
f 9323 9339 9324
f 9324 9339 9340
f 9324 9340 9308
f 9325 9291 9341
f 9325 9341 9326
f 9326 9341 9342
f 9326 9342 9327
f 9327 9342 9343
f 9327 9343 9328
f 9328 9343 9344
f 9328 9344 9329
f 9329 9344 9345
f 9329 9345 9330
f 9330 9345 9346
f 9330 9346 9331
f 9331 9346 9347
f 9331 9347 9332
f 9332 9347 9348
f 9332 9348 9333
f 9333 9348 9349
f 9333 9349 9334
f 9334 9349 9350
f 9334 9350 9335
f 9335 9350 9351
f 9335 9351 9336
f 9336 9351 9352
f 9336 9352 9337
f 9337 9352 9353
f 9337 9353 9338
f 9338 9353 9354
f 9338 9354 9339
f 9339 9354 9355
f 9339 9355 9340
f 9340 9355 9356
f 9340 9356 9308
f 9341 9291 9357
f 9341 9357 9342
f 9342 9357 9358
f 9342 9358 9343
f 9343 9358 9359
f 9343 9359 9344
f 9344 9359 9360
f 9344 9360 9345
f 9345 9360 9361
f 9345 9361 9346
f 9346 9361 9362
f 9346 9362 9347
f 9347 9362 9363
f 9347 9363 9348
f 9348 9363 9364
f 9348 9364 9349
f 9349 9364 9365
f 9349 9365 9350
f 9350 9365 9366
f 9350 9366 9351
f 9351 9366 9367
f 9351 9367 9352
f 9352 9367 9368
f 9352 9368 9353
f 9353 9368 9369
f 9353 9369 9354
f 9354 9369 9370
f 9354 9370 9355
f 9355 9370 9371
f 9355 9371 9356
f 9356 9371 9372
f 9356 9372 9308
f 9357 9291 9373
f 9357 9373 9358
f 9358 9373 9374
f 9358 9374 9359
f 9359 9374 9375
f 9359 9375 9360
f 9360 9375 9376
f 9360 9376 9361
f 9361 9376 9377
f 9361 9377 9362
f 9362 9377 9378
f 9362 9378 9363
f 9363 9378 9379
f 9363 9379 9364
f 9364 9379 9380
f 9364 9380 9365
f 9365 9380 9381
f 9365 9381 9366
f 9366 9381 9382
f 9366 9382 9367
f 9367 9382 9383
f 9367 9383 9368
f 9368 9383 9384
f 9368 9384 9369
f 9369 9384 9385
f 9369 9385 9370
f 9370 9385 9386
f 9370 9386 9371
f 9371 9386 9387
f 9371 9387 9372
f 9372 9387 9388
f 9372 9388 9308
f 9373 9291 9389
f 9373 9389 9374
f 9374 9389 9390
f 9374 9390 9375
f 9375 9390 9391
f 9375 9391 9376
f 9376 9391 9392
f 9376 9392 9377
f 9377 9392 9393
f 9377 9393 9378
f 9378 9393 9394
f 9378 9394 9379
f 9379 9394 9395
f 9379 9395 9380
f 9380 9395 9396
f 9380 9396 9381
f 9381 9396 9397
f 9381 9397 9382
f 9382 9397 9398
f 9382 9398 9383
f 9383 9398 9399
f 9383 9399 9384
f 9384 9399 9400
f 9384 9400 9385
f 9385 9400 9401
f 9385 9401 9386
f 9386 9401 9402
f 9386 9402 9387
f 9387 9402 9403
f 9387 9403 9388
f 9388 9403 9404
f 9388 9404 9308
f 9389 9291 9405
f 9389 9405 9390
f 9390 9405 9406
f 9390 9406 9391
f 9391 9406 9407
f 9391 9407 9392
f 9392 9407 9408
f 9392 9408 9393
f 9393 9408 9409
f 9393 9409 9394
f 9394 9409 9410
f 9394 9410 9395
f 9395 9410 9411
f 9395 9411 9396
f 9396 9411 9412
f 9396 9412 9397
f 9397 9412 9413
f 9397 9413 9398
f 9398 9413 9414
f 9398 9414 9399
f 9399 9414 9415
f 9399 9415 9400
f 9400 9415 9416
f 9400 9416 9401
f 9401 9416 9417
f 9401 9417 9402
f 9402 9417 9418
f 9402 9418 9403
f 9403 9418 9419
f 9403 9419 9404
f 9404 9419 9420
f 9404 9420 9308
f 9405 9291 9292
f 9405 9292 9406
f 9406 9292 9293
f 9406 9293 9407
f 9407 9293 9294
f 9407 9294 9408
f 9408 9294 9295
f 9408 9295 9409
f 9409 9295 9296
f 9409 9296 9410
f 9410 9296 9297
f 9410 9297 9411
f 9411 9297 9298
f 9411 9298 9412
f 9412 9298 9299
f 9412 9299 9413
f 9413 9299 9300
f 9413 9300 9414
f 9414 9300 9301
f 9414 9301 9415
f 9415 9301 9302
f 9415 9302 9416
f 9416 9302 9303
f 9416 9303 9417
f 9417 9303 9304
f 9417 9304 9418
f 9418 9304 9305
f 9418 9305 9419
f 9419 9305 9306
f 9419 9306 9420
f 9420 9306 9307
f 9420 9307 9308
f 9422 9421 9439
f 9422 9439 9423
f 9423 9439 9440
f 9423 9440 9424
f 9424 9440 9441
f 9424 9441 9425
f 9425 9441 9442
f 9425 9442 9426
f 9426 9442 9443
f 9426 9443 9427
f 9427 9443 9444
f 9427 9444 9428
f 9428 9444 9445
f 9428 9445 9429
f 9429 9445 9446
f 9429 9446 9430
f 9430 9446 9447
f 9430 9447 9431
f 9431 9447 9448
f 9431 9448 9432
f 9432 9448 9449
f 9432 9449 9433
f 9433 9449 9450
f 9433 9450 9434
f 9434 9450 9451
f 9434 9451 9435
f 9435 9451 9452
f 9435 9452 9436
f 9436 9452 9453
f 9436 9453 9437
f 9437 9453 9454
f 9437 9454 9438
f 9439 9421 9455
f 9439 9455 9440
f 9440 9455 9456
f 9440 9456 9441
f 9441 9456 9457
f 9441 9457 9442
f 9442 9457 9458
f 9442 9458 9443
f 9443 9458 9459
f 9443 9459 9444
f 9444 9459 9460
f 9444 9460 9445
f 9445 9460 9461
f 9445 9461 9446
f 9446 9461 9462
f 9446 9462 9447
f 9447 9462 9463
f 9447 9463 9448
f 9448 9463 9464
f 9448 9464 9449
f 9449 9464 9465
f 9449 9465 9450
f 9450 9465 9466
f 9450 9466 9451
f 9451 9466 9467
f 9451 9467 9452
f 9452 9467 9468
f 9452 9468 9453
f 9453 9468 9469
f 9453 9469 9454
f 9454 9469 9470
f 9454 9470 9438
f 9455 9421 9471
f 9455 9471 9456
f 9456 9471 9472
f 9456 9472 9457
f 9457 9472 9473
f 9457 9473 9458
f 9458 9473 9474
f 9458 9474 9459
f 9459 9474 9475
f 9459 9475 9460
f 9460 9475 9476
f 9460 9476 9461
f 9461 9476 9477
f 9461 9477 9462
f 9462 9477 9478
f 9462 9478 9463
f 9463 9478 9479
f 9463 9479 9464
f 9464 9479 9480
f 9464 9480 9465
f 9465 9480 9481
f 9465 9481 9466
f 9466 9481 9482
f 9466 9482 9467
f 9467 9482 9483
f 9467 9483 9468
f 9468 9483 9484
f 9468 9484 9469
f 9469 9484 9485
f 9469 9485 9470
f 9470 9485 9486
f 9470 9486 9438
f 9471 9421 9487
f 9471 9487 9472
f 9472 9487 9488
f 9472 9488 9473
f 9473 9488 9489
f 9473 9489 9474
f 9474 9489 9490
f 9474 9490 9475
f 9475 9490 9491
f 9475 9491 9476
f 9476 9491 9492
f 9476 9492 9477
f 9477 9492 9493
f 9477 9493 9478
f 9478 9493 9494
f 9478 9494 9479
f 9479 9494 9495
f 9479 9495 9480
f 9480 9495 9496
f 9480 9496 9481
f 9481 9496 9497
f 9481 9497 9482
f 9482 9497 9498
f 9482 9498 9483
f 9483 9498 9499
f 9483 9499 9484
f 9484 9499 9500
f 9484 9500 9485
f 9485 9500 9501
f 9485 9501 9486
f 9486 9501 9502
f 9486 9502 9438
f 9487 9421 9503
f 9487 9503 9488
f 9488 9503 9504
f 9488 9504 9489
f 9489 9504 9505
f 9489 9505 9490
f 9490 9505 9506
f 9490 9506 9491
f 9491 9506 9507
f 9491 9507 9492
f 9492 9507 9508
f 9492 9508 9493
f 9493 9508 9509
f 9493 9509 9494
f 9494 9509 9510
f 9494 9510 9495
f 9495 9510 9511
f 9495 9511 9496
f 9496 9511 9512
f 9496 9512 9497
f 9497 9512 9513
f 9497 9513 9498
f 9498 9513 9514
f 9498 9514 9499
f 9499 9514 9515
f 9499 9515 9500
f 9500 9515 9516
f 9500 9516 9501
f 9501 9516 9517
f 9501 9517 9502
f 9502 9517 9518
f 9502 9518 9438
f 9503 9421 9519
f 9503 9519 9504
f 9504 9519 9520
f 9504 9520 9505
f 9505 9520 9521
f 9505 9521 9506
f 9506 9521 9522
f 9506 9522 9507
f 9507 9522 9523
f 9507 9523 9508
f 9508 9523 9524
f 9508 9524 9509
f 9509 9524 9525
f 9509 9525 9510
f 9510 9525 9526
f 9510 9526 9511
f 9511 9526 9527
f 9511 9527 9512
f 9512 9527 9528
f 9512 9528 9513
f 9513 9528 9529
f 9513 9529 9514
f 9514 9529 9530
f 9514 9530 9515
f 9515 9530 9531
f 9515 9531 9516
f 9516 9531 9532
f 9516 9532 9517
f 9517 9532 9533
f 9517 9533 9518
f 9518 9533 9534
f 9518 9534 9438
f 9519 9421 9535
f 9519 9535 9520
f 9520 9535 9536
f 9520 9536 9521
f 9521 9536 9537
f 9521 9537 9522
f 9522 9537 9538
f 9522 9538 9523
f 9523 9538 9539
f 9523 9539 9524
f 9524 9539 9540
f 9524 9540 9525
f 9525 9540 9541
f 9525 9541 9526
f 9526 9541 9542
f 9526 9542 9527
f 9527 9542 9543
f 9527 9543 9528
f 9528 9543 9544
f 9528 9544 9529
f 9529 9544 9545
f 9529 9545 9530
f 9530 9545 9546
f 9530 9546 9531
f 9531 9546 9547
f 9531 9547 9532
f 9532 9547 9548
f 9532 9548 9533
f 9533 9548 9549
f 9533 9549 9534
f 9534 9549 9550
f 9534 9550 9438
f 9535 9421 9422
f 9535 9422 9536
f 9536 9422 9423
f 9536 9423 9537
f 9537 9423 9424
f 9537 9424 9538
f 9538 9424 9425
f 9538 9425 9539
f 9539 9425 9426
f 9539 9426 9540
f 9540 9426 9427
f 9540 9427 9541
f 9541 9427 9428
f 9541 9428 9542
f 9542 9428 9429
f 9542 9429 9543
f 9543 9429 9430
f 9543 9430 9544
f 9544 9430 9431
f 9544 9431 9545
f 9545 9431 9432
f 9545 9432 9546
f 9546 9432 9433
f 9546 9433 9547
f 9547 9433 9434
f 9547 9434 9548
f 9548 9434 9435
f 9548 9435 9549
f 9549 9435 9436
f 9549 9436 9550
f 9550 9436 9437
f 9550 9437 9438
f 9552 9551 9569
f 9552 9569 9553
f 9553 9569 9570
f 9553 9570 9554
f 9554 9570 9571
f 9554 9571 9555
f 9555 9571 9572
f 9555 9572 9556
f 9556 9572 9573
f 9556 9573 9557
f 9557 9573 9574
f 9557 9574 9558
f 9558 9574 9575
f 9558 9575 9559
f 9559 9575 9576
f 9559 9576 9560
f 9560 9576 9577
f 9560 9577 9561
f 9561 9577 9578
f 9561 9578 9562
f 9562 9578 9579
f 9562 9579 9563
f 9563 9579 9580
f 9563 9580 9564
f 9564 9580 9581
f 9564 9581 9565
f 9565 9581 9582
f 9565 9582 9566
f 9566 9582 9583
f 9566 9583 9567
f 9567 9583 9584
f 9567 9584 9568
f 9569 9551 9585
f 9569 9585 9570
f 9570 9585 9586
f 9570 9586 9571
f 9571 9586 9587
f 9571 9587 9572
f 9572 9587 9588
f 9572 9588 9573
f 9573 9588 9589
f 9573 9589 9574
f 9574 9589 9590
f 9574 9590 9575
f 9575 9590 9591
f 9575 9591 9576
f 9576 9591 9592
f 9576 9592 9577
f 9577 9592 9593
f 9577 9593 9578
f 9578 9593 9594
f 9578 9594 9579
f 9579 9594 9595
f 9579 9595 9580
f 9580 9595 9596
f 9580 9596 9581
f 9581 9596 9597
f 9581 9597 9582
f 9582 9597 9598
f 9582 9598 9583
f 9583 9598 9599
f 9583 9599 9584
f 9584 9599 9600
f 9584 9600 9568
f 9585 9551 9601
f 9585 9601 9586
f 9586 9601 9602
f 9586 9602 9587
f 9587 9602 9603
f 9587 9603 9588
f 9588 9603 9604
f 9588 9604 9589
f 9589 9604 9605
f 9589 9605 9590
f 9590 9605 9606
f 9590 9606 9591
f 9591 9606 9607
f 9591 9607 9592
f 9592 9607 9608
f 9592 9608 9593
f 9593 9608 9609
f 9593 9609 9594
f 9594 9609 9610
f 9594 9610 9595
f 9595 9610 9611
f 9595 9611 9596
f 9596 9611 9612
f 9596 9612 9597
f 9597 9612 9613
f 9597 9613 9598
f 9598 9613 9614
f 9598 9614 9599
f 9599 9614 9615
f 9599 9615 9600
f 9600 9615 9616
f 9600 9616 9568
f 9601 9551 9617
f 9601 9617 9602
f 9602 9617 9618
f 9602 9618 9603
f 9603 9618 9619
f 9603 9619 9604
f 9604 9619 9620
f 9604 9620 9605
f 9605 9620 9621
f 9605 9621 9606
f 9606 9621 9622
f 9606 9622 9607
f 9607 9622 9623
f 9607 9623 9608
f 9608 9623 9624
f 9608 9624 9609
f 9609 9624 9625
f 9609 9625 9610
f 9610 9625 9626
f 9610 9626 9611
f 9611 9626 9627
f 9611 9627 9612
f 9612 9627 9628
f 9612 9628 9613
f 9613 9628 9629
f 9613 9629 9614
f 9614 9629 9630
f 9614 9630 9615
f 9615 9630 9631
f 9615 9631 9616
f 9616 9631 9632
f 9616 9632 9568
f 9617 9551 9633
f 9617 9633 9618
f 9618 9633 9634
f 9618 9634 9619
f 9619 9634 9635
f 9619 9635 9620
f 9620 9635 9636
f 9620 9636 9621
f 9621 9636 9637
f 9621 9637 9622
f 9622 9637 9638
f 9622 9638 9623
f 9623 9638 9639
f 9623 9639 9624
f 9624 9639 9640
f 9624 9640 9625
f 9625 9640 9641
f 9625 9641 9626
f 9626 9641 9642
f 9626 9642 9627
f 9627 9642 9643
f 9627 9643 9628
f 9628 9643 9644
f 9628 9644 9629
f 9629 9644 9645
f 9629 9645 9630
f 9630 9645 9646
f 9630 9646 9631
f 9631 9646 9647
f 9631 9647 9632
f 9632 9647 9648
f 9632 9648 9568
f 9633 9551 9649
f 9633 9649 9634
f 9634 9649 9650
f 9634 9650 9635
f 9635 9650 9651
f 9635 9651 9636
f 9636 9651 9652
f 9636 9652 9637
f 9637 9652 9653
f 9637 9653 9638
f 9638 9653 9654
f 9638 9654 9639
f 9639 9654 9655
f 9639 9655 9640
f 9640 9655 9656
f 9640 9656 9641
f 9641 9656 9657
f 9641 9657 9642
f 9642 9657 9658
f 9642 9658 9643
f 9643 9658 9659
f 9643 9659 9644
f 9644 9659 9660
f 9644 9660 9645
f 9645 9660 9661
f 9645 9661 9646
f 9646 9661 9662
f 9646 9662 9647
f 9647 9662 9663
f 9647 9663 9648
f 9648 9663 9664
f 9648 9664 9568
f 9649 9551 9665
f 9649 9665 9650
f 9650 9665 9666
f 9650 9666 9651
f 9651 9666 9667
f 9651 9667 9652
f 9652 9667 9668
f 9652 9668 9653
f 9653 9668 9669
f 9653 9669 9654
f 9654 9669 9670
f 9654 9670 9655
f 9655 9670 9671
f 9655 9671 9656
f 9656 9671 9672
f 9656 9672 9657
f 9657 9672 9673
f 9657 9673 9658
f 9658 9673 9674
f 9658 9674 9659
f 9659 9674 9675
f 9659 9675 9660
f 9660 9675 9676
f 9660 9676 9661
f 9661 9676 9677
f 9661 9677 9662
f 9662 9677 9678
f 9662 9678 9663
f 9663 9678 9679
f 9663 9679 9664
f 9664 9679 9680
f 9664 9680 9568
f 9665 9551 9552
f 9665 9552 9666
f 9666 9552 9553
f 9666 9553 9667
f 9667 9553 9554
f 9667 9554 9668
f 9668 9554 9555
f 9668 9555 9669
f 9669 9555 9556
f 9669 9556 9670
f 9670 9556 9557
f 9670 9557 9671
f 9671 9557 9558
f 9671 9558 9672
f 9672 9558 9559
f 9672 9559 9673
f 9673 9559 9560
f 9673 9560 9674
f 9674 9560 9561
f 9674 9561 9675
f 9675 9561 9562
f 9675 9562 9676
f 9676 9562 9563
f 9676 9563 9677
f 9677 9563 9564
f 9677 9564 9678
f 9678 9564 9565
f 9678 9565 9679
f 9679 9565 9566
f 9679 9566 9680
f 9680 9566 9567
f 9680 9567 9568
f 9682 9681 9699
f 9682 9699 9683
f 9683 9699 9700
f 9683 9700 9684
f 9684 9700 9701
f 9684 9701 9685
f 9685 9701 9702
f 9685 9702 9686
f 9686 9702 9703
f 9686 9703 9687
f 9687 9703 9704
f 9687 9704 9688
f 9688 9704 9705
f 9688 9705 9689
f 9689 9705 9706
f 9689 9706 9690
f 9690 9706 9707
f 9690 9707 9691
f 9691 9707 9708
f 9691 9708 9692
f 9692 9708 9709
f 9692 9709 9693
f 9693 9709 9710
f 9693 9710 9694
f 9694 9710 9711
f 9694 9711 9695
f 9695 9711 9712
f 9695 9712 9696
f 9696 9712 9713
f 9696 9713 9697
f 9697 9713 9714
f 9697 9714 9698
f 9699 9681 9715
f 9699 9715 9700
f 9700 9715 9716
f 9700 9716 9701
f 9701 9716 9717
f 9701 9717 9702
f 9702 9717 9718
f 9702 9718 9703
f 9703 9718 9719
f 9703 9719 9704
f 9704 9719 9720
f 9704 9720 9705
f 9705 9720 9721
f 9705 9721 9706
f 9706 9721 9722
f 9706 9722 9707
f 9707 9722 9723
f 9707 9723 9708
f 9708 9723 9724
f 9708 9724 9709
f 9709 9724 9725
f 9709 9725 9710
f 9710 9725 9726
f 9710 9726 9711
f 9711 9726 9727
f 9711 9727 9712
f 9712 9727 9728
f 9712 9728 9713
f 9713 9728 9729
f 9713 9729 9714
f 9714 9729 9730
f 9714 9730 9698
f 9715 9681 9731
f 9715 9731 9716
f 9716 9731 9732
f 9716 9732 9717
f 9717 9732 9733
f 9717 9733 9718
f 9718 9733 9734
f 9718 9734 9719
f 9719 9734 9735
f 9719 9735 9720
f 9720 9735 9736
f 9720 9736 9721
f 9721 9736 9737
f 9721 9737 9722
f 9722 9737 9738
f 9722 9738 9723
f 9723 9738 9739
f 9723 9739 9724
f 9724 9739 9740
f 9724 9740 9725
f 9725 9740 9741
f 9725 9741 9726
f 9726 9741 9742
f 9726 9742 9727
f 9727 9742 9743
f 9727 9743 9728
f 9728 9743 9744
f 9728 9744 9729
f 9729 9744 9745
f 9729 9745 9730
f 9730 9745 9746
f 9730 9746 9698
f 9731 9681 9747
f 9731 9747 9732
f 9732 9747 9748
f 9732 9748 9733
f 9733 9748 9749
f 9733 9749 9734
f 9734 9749 9750
f 9734 9750 9735
f 9735 9750 9751
f 9735 9751 9736
f 9736 9751 9752
f 9736 9752 9737
f 9737 9752 9753
f 9737 9753 9738
f 9738 9753 9754
f 9738 9754 9739
f 9739 9754 9755
f 9739 9755 9740
f 9740 9755 9756
f 9740 9756 9741
f 9741 9756 9757
f 9741 9757 9742
f 9742 9757 9758
f 9742 9758 9743
f 9743 9758 9759
f 9743 9759 9744
f 9744 9759 9760
f 9744 9760 9745
f 9745 9760 9761
f 9745 9761 9746
f 9746 9761 9762
f 9746 9762 9698
f 9747 9681 9763
f 9747 9763 9748
f 9748 9763 9764
f 9748 9764 9749
f 9749 9764 9765
f 9749 9765 9750
f 9750 9765 9766
f 9750 9766 9751
f 9751 9766 9767
f 9751 9767 9752
f 9752 9767 9768
f 9752 9768 9753
f 9753 9768 9769
f 9753 9769 9754
f 9754 9769 9770
f 9754 9770 9755
f 9755 9770 9771
f 9755 9771 9756
f 9756 9771 9772
f 9756 9772 9757
f 9757 9772 9773
f 9757 9773 9758
f 9758 9773 9774
f 9758 9774 9759
f 9759 9774 9775
f 9759 9775 9760
f 9760 9775 9776
f 9760 9776 9761
f 9761 9776 9777
f 9761 9777 9762
f 9762 9777 9778
f 9762 9778 9698
f 9763 9681 9779
f 9763 9779 9764
f 9764 9779 9780
f 9764 9780 9765
f 9765 9780 9781
f 9765 9781 9766
f 9766 9781 9782
f 9766 9782 9767
f 9767 9782 9783
f 9767 9783 9768
f 9768 9783 9784
f 9768 9784 9769
f 9769 9784 9785
f 9769 9785 9770
f 9770 9785 9786
f 9770 9786 9771
f 9771 9786 9787
f 9771 9787 9772
f 9772 9787 9788
f 9772 9788 9773
f 9773 9788 9789
f 9773 9789 9774
f 9774 9789 9790
f 9774 9790 9775
f 9775 9790 9791
f 9775 9791 9776
f 9776 9791 9792
f 9776 9792 9777
f 9777 9792 9793
f 9777 9793 9778
f 9778 9793 9794
f 9778 9794 9698
f 9779 9681 9795
f 9779 9795 9780
f 9780 9795 9796
f 9780 9796 9781
f 9781 9796 9797
f 9781 9797 9782
f 9782 9797 9798
f 9782 9798 9783
f 9783 9798 9799
f 9783 9799 9784
f 9784 9799 9800
f 9784 9800 9785
f 9785 9800 9801
f 9785 9801 9786
f 9786 9801 9802
f 9786 9802 9787
f 9787 9802 9803
f 9787 9803 9788
f 9788 9803 9804
f 9788 9804 9789
f 9789 9804 9805
f 9789 9805 9790
f 9790 9805 9806
f 9790 9806 9791
f 9791 9806 9807
f 9791 9807 9792
f 9792 9807 9808
f 9792 9808 9793
f 9793 9808 9809
f 9793 9809 9794
f 9794 9809 9810
f 9794 9810 9698
f 9795 9681 9682
f 9795 9682 9796
f 9796 9682 9683
f 9796 9683 9797
f 9797 9683 9684
f 9797 9684 9798
f 9798 9684 9685
f 9798 9685 9799
f 9799 9685 9686
f 9799 9686 9800
f 9800 9686 9687
f 9800 9687 9801
f 9801 9687 9688
f 9801 9688 9802
f 9802 9688 9689
f 9802 9689 9803
f 9803 9689 9690
f 9803 9690 9804
f 9804 9690 9691
f 9804 9691 9805
f 9805 9691 9692
f 9805 9692 9806
f 9806 9692 9693
f 9806 9693 9807
f 9807 9693 9694
f 9807 9694 9808
f 9808 9694 9695
f 9808 9695 9809
f 9809 9695 9696
f 9809 9696 9810
f 9810 9696 9697
f 9810 9697 9698
f 9812 9811 9829
f 9812 9829 9813
f 9813 9829 9830
f 9813 9830 9814
f 9814 9830 9831
f 9814 9831 9815
f 9815 9831 9832
f 9815 9832 9816
f 9816 9832 9833
f 9816 9833 9817
f 9817 9833 9834
f 9817 9834 9818
f 9818 9834 9835
f 9818 9835 9819
f 9819 9835 9836
f 9819 9836 9820
f 9820 9836 9837
f 9820 9837 9821
f 9821 9837 9838
f 9821 9838 9822
f 9822 9838 9839
f 9822 9839 9823
f 9823 9839 9840
f 9823 9840 9824
f 9824 9840 9841
f 9824 9841 9825
f 9825 9841 9842
f 9825 9842 9826
f 9826 9842 9843
f 9826 9843 9827
f 9827 9843 9844
f 9827 9844 9828
f 9829 9811 9845
f 9829 9845 9830
f 9830 9845 9846
f 9830 9846 9831
f 9831 9846 9847
f 9831 9847 9832
f 9832 9847 9848
f 9832 9848 9833
f 9833 9848 9849
f 9833 9849 9834
f 9834 9849 9850
f 9834 9850 9835
f 9835 9850 9851
f 9835 9851 9836
f 9836 9851 9852
f 9836 9852 9837
f 9837 9852 9853
f 9837 9853 9838
f 9838 9853 9854
f 9838 9854 9839
f 9839 9854 9855
f 9839 9855 9840
f 9840 9855 9856
f 9840 9856 9841
f 9841 9856 9857
f 9841 9857 9842
f 9842 9857 9858
f 9842 9858 9843
f 9843 9858 9859
f 9843 9859 9844
f 9844 9859 9860
f 9844 9860 9828
f 9845 9811 9861
f 9845 9861 9846
f 9846 9861 9862
f 9846 9862 9847
f 9847 9862 9863
f 9847 9863 9848
f 9848 9863 9864
f 9848 9864 9849
f 9849 9864 9865
f 9849 9865 9850
f 9850 9865 9866
f 9850 9866 9851
f 9851 9866 9867
f 9851 9867 9852
f 9852 9867 9868
f 9852 9868 9853
f 9853 9868 9869
f 9853 9869 9854
f 9854 9869 9870
f 9854 9870 9855
f 9855 9870 9871
f 9855 9871 9856
f 9856 9871 9872
f 9856 9872 9857
f 9857 9872 9873
f 9857 9873 9858
f 9858 9873 9874
f 9858 9874 9859
f 9859 9874 9875
f 9859 9875 9860
f 9860 9875 9876
f 9860 9876 9828
f 9861 9811 9877
f 9861 9877 9862
f 9862 9877 9878
f 9862 9878 9863
f 9863 9878 9879
f 9863 9879 9864
f 9864 9879 9880
f 9864 9880 9865
f 9865 9880 9881
f 9865 9881 9866
f 9866 9881 9882
f 9866 9882 9867
f 9867 9882 9883
f 9867 9883 9868
f 9868 9883 9884
f 9868 9884 9869
f 9869 9884 9885
f 9869 9885 9870
f 9870 9885 9886
f 9870 9886 9871
f 9871 9886 9887
f 9871 9887 9872
f 9872 9887 9888
f 9872 9888 9873
f 9873 9888 9889
f 9873 9889 9874
f 9874 9889 9890
f 9874 9890 9875
f 9875 9890 9891
f 9875 9891 9876
f 9876 9891 9892
f 9876 9892 9828
f 9877 9811 9893
f 9877 9893 9878
f 9878 9893 9894
f 9878 9894 9879
f 9879 9894 9895
f 9879 9895 9880
f 9880 9895 9896
f 9880 9896 9881
f 9881 9896 9897
f 9881 9897 9882
f 9882 9897 9898
f 9882 9898 9883
f 9883 9898 9899
f 9883 9899 9884
f 9884 9899 9900
f 9884 9900 9885
f 9885 9900 9901
f 9885 9901 9886
f 9886 9901 9902
f 9886 9902 9887
f 9887 9902 9903
f 9887 9903 9888
f 9888 9903 9904
f 9888 9904 9889
f 9889 9904 9905
f 9889 9905 9890
f 9890 9905 9906
f 9890 9906 9891
f 9891 9906 9907
f 9891 9907 9892
f 9892 9907 9908
f 9892 9908 9828
f 9893 9811 9909
f 9893 9909 9894
f 9894 9909 9910
f 9894 9910 9895
f 9895 9910 9911
f 9895 9911 9896
f 9896 9911 9912
f 9896 9912 9897
f 9897 9912 9913
f 9897 9913 9898
f 9898 9913 9914
f 9898 9914 9899
f 9899 9914 9915
f 9899 9915 9900
f 9900 9915 9916
f 9900 9916 9901
f 9901 9916 9917
f 9901 9917 9902
f 9902 9917 9918
f 9902 9918 9903
f 9903 9918 9919
f 9903 9919 9904
f 9904 9919 9920
f 9904 9920 9905
f 9905 9920 9921
f 9905 9921 9906
f 9906 9921 9922
f 9906 9922 9907
f 9907 9922 9923
f 9907 9923 9908
f 9908 9923 9924
f 9908 9924 9828
f 9909 9811 9925
f 9909 9925 9910
f 9910 9925 9926
f 9910 9926 9911
f 9911 9926 9927
f 9911 9927 9912
f 9912 9927 9928
f 9912 9928 9913
f 9913 9928 9929
f 9913 9929 9914
f 9914 9929 9930
f 9914 9930 9915
f 9915 9930 9931
f 9915 9931 9916
f 9916 9931 9932
f 9916 9932 9917
f 9917 9932 9933
f 9917 9933 9918
f 9918 9933 9934
f 9918 9934 9919
f 9919 9934 9935
f 9919 9935 9920
f 9920 9935 9936
f 9920 9936 9921
f 9921 9936 9937
f 9921 9937 9922
f 9922 9937 9938
f 9922 9938 9923
f 9923 9938 9939
f 9923 9939 9924
f 9924 9939 9940
f 9924 9940 9828
f 9925 9811 9812
f 9925 9812 9926
f 9926 9812 9813
f 9926 9813 9927
f 9927 9813 9814
f 9927 9814 9928
f 9928 9814 9815
f 9928 9815 9929
f 9929 9815 9816
f 9929 9816 9930
f 9930 9816 9817
f 9930 9817 9931
f 9931 9817 9818
f 9931 9818 9932
f 9932 9818 9819
f 9932 9819 9933
f 9933 9819 9820
f 9933 9820 9934
f 9934 9820 9821
f 9934 9821 9935
f 9935 9821 9822
f 9935 9822 9936
f 9936 9822 9823
f 9936 9823 9937
f 9937 9823 9824
f 9937 9824 9938
f 9938 9824 9825
f 9938 9825 9939
f 9939 9825 9826
f 9939 9826 9940
f 9940 9826 9827
f 9940 9827 9828
f 9942 9941 9959
f 9942 9959 9943
f 9943 9959 9960
f 9943 9960 9944
f 9944 9960 9961
f 9944 9961 9945
f 9945 9961 9962
f 9945 9962 9946
f 9946 9962 9963
f 9946 9963 9947
f 9947 9963 9964
f 9947 9964 9948
f 9948 9964 9965
f 9948 9965 9949
f 9949 9965 9966
f 9949 9966 9950
f 9950 9966 9967
f 9950 9967 9951
f 9951 9967 9968
f 9951 9968 9952
f 9952 9968 9969
f 9952 9969 9953
f 9953 9969 9970
f 9953 9970 9954
f 9954 9970 9971
f 9954 9971 9955
f 9955 9971 9972
f 9955 9972 9956
f 9956 9972 9973
f 9956 9973 9957
f 9957 9973 9974
f 9957 9974 9958
f 9959 9941 9975
f 9959 9975 9960
f 9960 9975 9976
f 9960 9976 9961
f 9961 9976 9977
f 9961 9977 9962
f 9962 9977 9978
f 9962 9978 9963
f 9963 9978 9979
f 9963 9979 9964
f 9964 9979 9980
f 9964 9980 9965
f 9965 9980 9981
f 9965 9981 9966
f 9966 9981 9982
f 9966 9982 9967
f 9967 9982 9983
f 9967 9983 9968
f 9968 9983 9984
f 9968 9984 9969
f 9969 9984 9985
f 9969 9985 9970
f 9970 9985 9986
f 9970 9986 9971
f 9971 9986 9987
f 9971 9987 9972
f 9972 9987 9988
f 9972 9988 9973
f 9973 9988 9989
f 9973 9989 9974
f 9974 9989 9990
f 9974 9990 9958
f 9975 9941 9991
f 9975 9991 9976
f 9976 9991 9992
f 9976 9992 9977
f 9977 9992 9993
f 9977 9993 9978
f 9978 9993 9994
f 9978 9994 9979
f 9979 9994 9995
f 9979 9995 9980
f 9980 9995 9996
f 9980 9996 9981
f 9981 9996 9997
f 9981 9997 9982
f 9982 9997 9998
f 9982 9998 9983
f 9983 9998 9999
f 9983 9999 9984
f 9984 9999 10000
f 9984 10000 9985
f 9985 10000 10001
f 9985 10001 9986
f 9986 10001 10002
f 9986 10002 9987
f 9987 10002 10003
f 9987 10003 9988
f 9988 10003 10004
f 9988 10004 9989
f 9989 10004 10005
f 9989 10005 9990
f 9990 10005 10006
f 9990 10006 9958
f 9991 9941 10007
f 9991 10007 9992
f 9992 10007 10008
f 9992 10008 9993
f 9993 10008 10009
f 9993 10009 9994
f 9994 10009 10010
f 9994 10010 9995
f 9995 10010 10011
f 9995 10011 9996
f 9996 10011 10012
f 9996 10012 9997
f 9997 10012 10013
f 9997 10013 9998
f 9998 10013 10014
f 9998 10014 9999
f 9999 10014 10015
f 9999 10015 10000
f 10000 10015 10016
f 10000 10016 10001
f 10001 10016 10017
f 10001 10017 10002
f 10002 10017 10018
f 10002 10018 10003
f 10003 10018 10019
f 10003 10019 10004
f 10004 10019 10020
f 10004 10020 10005
f 10005 10020 10021
f 10005 10021 10006
f 10006 10021 10022
f 10006 10022 9958
f 10007 9941 10023
f 10007 10023 10008
f 10008 10023 10024
f 10008 10024 10009
f 10009 10024 10025
f 10009 10025 10010
f 10010 10025 10026
f 10010 10026 10011
f 10011 10026 10027
f 10011 10027 10012
f 10012 10027 10028
f 10012 10028 10013
f 10013 10028 10029
f 10013 10029 10014
f 10014 10029 10030
f 10014 10030 10015
f 10015 10030 10031
f 10015 10031 10016
f 10016 10031 10032
f 10016 10032 10017
f 10017 10032 10033
f 10017 10033 10018
f 10018 10033 10034
f 10018 10034 10019
f 10019 10034 10035
f 10019 10035 10020
f 10020 10035 10036
f 10020 10036 10021
f 10021 10036 10037
f 10021 10037 10022
f 10022 10037 10038
f 10022 10038 9958
f 10023 9941 10039
f 10023 10039 10024
f 10024 10039 10040
f 10024 10040 10025
f 10025 10040 10041
f 10025 10041 10026
f 10026 10041 10042
f 10026 10042 10027
f 10027 10042 10043
f 10027 10043 10028
f 10028 10043 10044
f 10028 10044 10029
f 10029 10044 10045
f 10029 10045 10030
f 10030 10045 10046
f 10030 10046 10031
f 10031 10046 10047
f 10031 10047 10032
f 10032 10047 10048
f 10032 10048 10033
f 10033 10048 10049
f 10033 10049 10034
f 10034 10049 10050
f 10034 10050 10035
f 10035 10050 10051
f 10035 10051 10036
f 10036 10051 10052
f 10036 10052 10037
f 10037 10052 10053
f 10037 10053 10038
f 10038 10053 10054
f 10038 10054 9958
f 10039 9941 10055
f 10039 10055 10040
f 10040 10055 10056
f 10040 10056 10041
f 10041 10056 10057
f 10041 10057 10042
f 10042 10057 10058
f 10042 10058 10043
f 10043 10058 10059
f 10043 10059 10044
f 10044 10059 10060
f 10044 10060 10045
f 10045 10060 10061
f 10045 10061 10046
f 10046 10061 10062
f 10046 10062 10047
f 10047 10062 10063
f 10047 10063 10048
f 10048 10063 10064
f 10048 10064 10049
f 10049 10064 10065
f 10049 10065 10050
f 10050 10065 10066
f 10050 10066 10051
f 10051 10066 10067
f 10051 10067 10052
f 10052 10067 10068
f 10052 10068 10053
f 10053 10068 10069
f 10053 10069 10054
f 10054 10069 10070
f 10054 10070 9958
f 10055 9941 9942
f 10055 9942 10056
f 10056 9942 9943
f 10056 9943 10057
f 10057 9943 9944
f 10057 9944 10058
f 10058 9944 9945
f 10058 9945 10059
f 10059 9945 9946
f 10059 9946 10060
f 10060 9946 9947
f 10060 9947 10061
f 10061 9947 9948
f 10061 9948 10062
f 10062 9948 9949
f 10062 9949 10063
f 10063 9949 9950
f 10063 9950 10064
f 10064 9950 9951
f 10064 9951 10065
f 10065 9951 9952
f 10065 9952 10066
f 10066 9952 9953
f 10066 9953 10067
f 10067 9953 9954
f 10067 9954 10068
f 10068 9954 9955
f 10068 9955 10069
f 10069 9955 9956
f 10069 9956 10070
f 10070 9956 9957
f 10070 9957 9958

