# https://github.com/mikedh/trimesh
v -3.65622490 9.81419206 -3.19761029
v -3.42277899 9.37739120 -1.94174086
v -3.43359707 11.79896392 -2.54867460
v -3.20015116 11.36216306 -1.29280518
v 0.84815669 9.60634003 -4.10719482
v 1.08160260 9.16953918 -2.85132540
v 1.07078452 11.59111189 -3.45825914
v 1.30423043 11.15431103 -2.20238971
v -2.82496211 10.61965095 -2.75465138
v -2.61153374 10.40292174 -1.64820074
v -2.73150491 11.75266187 -2.55074700
v -2.51807654 11.53593267 -1.44429635
v 0.32810501 10.47415453 -3.39136056
v 0.54153337 10.25742532 -2.28490991
v 0.42156221 11.60716545 -3.18745617
v 0.63499057 11.39043625 -2.08100552
v -3.36336418 11.12909521 -1.81516467
v -3.30500270 11.01989499 -1.50119732
v -3.32329117 11.48635414 -1.69835625
v -3.26492969 11.37715393 -1.38438889
v 1.23110504 10.91708614 -2.74294090
v 1.28946652 10.80788592 -2.42897354
v 1.27117805 11.27434507 -2.62613248
v 1.32953953 11.16514486 -2.31216512
v -3.06229813 10.64278616 -3.21681006
v -3.02482112 10.24452081 -2.43579378
v -2.72994725 12.15440465 -2.46193495
v -2.69247024 11.75613930 -1.68091867
v 0.54508907 10.07952802 -3.67713374
v 0.58256608 9.68126267 -2.89611745
v 0.87743995 11.59114651 -2.92225862
v 0.91491696 11.19288116 -2.14124234
v -2.35370210 11.18685809 -2.74243235
v -2.30212186 10.94275055 -2.03952375
v -2.17831754 12.06998137 -2.44860941
v -2.12673729 11.82587383 -1.74570081
v 0.17146893 10.79257739 -3.06465893
v 0.22304918 10.54846985 -2.36175032
v 0.34685350 11.67570067 -2.77083598
v 0.39843374 11.43159313 -2.06792738
v -2.80387081 11.60400061 -2.07357199
v -2.79450156 11.50443427 -1.87831792
v -2.74404765 11.87609194 -1.93769447
v -2.73467840 11.77652560 -1.74244040
v 0.87566413 11.02947730 -2.54310214
v 0.88503338 10.92991096 -2.34784807
v 0.93548729 11.30156863 -2.40722462
v 0.94485654 11.20200229 -2.21197055
v -4.00478615 9.85031622 -1.84761029
v -3.78517568 9.40639818 -0.59174086
v -3.71992498 11.82711580 -1.19867460
v -3.50031451 11.38319776 0.05719482
v 0.49084401 9.50108071 -2.75719482
v 0.71045448 9.05716267 -1.50132540
v 0.77570518 11.47788029 -2.10825914
v 0.99531565 11.03396225 -0.85238971
v -3.14863346 10.62926706 -1.40465138
v -2.94211804 10.40594085 -0.29820074
v -3.01963364 11.75878335 -1.20074700
v -2.81311822 11.53545714 -0.09429635
v -0.00169235 10.38480221 -2.04136056
v 0.20482307 10.16147600 -0.93490991
v 0.12730747 11.51431850 -1.83745617
v 0.33382289 11.29099229 -0.73100552
v -3.67076784 11.15537156 -0.46516467
v -3.61586522 11.04439205 -0.15119732
v -3.61949283 11.51119548 -0.34835625
v -3.56459021 11.40021598 -0.03438889
v 0.91477493 10.79915134 -1.39294090
v 0.96967755 10.68817183 -1.07897354
v 0.96604994 11.15497527 -1.27613248
v 1.02095256 11.04399576 -0.96216512
v -3.41236396 10.66627283 -1.86681006
v -3.38741526 10.26702681 -1.08579378
v -3.03269599 12.16670603 -1.11193495
v -3.00774730 11.76746002 -0.33091867
v 0.17555084 9.98998185 -2.32713374
v 0.20049954 9.59073583 -1.54611745
v 0.55521881 11.49041505 -1.57225862
v 0.58016751 11.09116904 -0.79124234
v -2.68702787 11.18781874 -1.39243235
v -2.64314069 10.94221148 -0.68952375
v -2.48399028 12.06499730 -1.09860941
v -2.44010309 11.81939004 -0.39570081
v -0.17548751 10.71441506 -1.71465893
v -0.13160032 10.46880780 -1.01175032
v 0.02755008 11.59159362 -1.42083598
v 0.07143727 11.34598635 -0.71792738
v -3.12387168 11.61889557 -0.72357199
v -3.11763451 11.51908407 -0.52831792
v -3.05553145 11.88897355 -0.58769447
v -3.04929428 11.78916204 -0.39244040
v 0.53580141 10.92907877 -1.19310214
v 0.54203859 10.82926727 -0.99784807
v 0.60414165 11.19915675 -1.05722462
v 0.61037882 11.09934525 -0.86197055
v -4.34939516 9.87671930 -0.49761029
v -4.14383686 9.42612218 0.75825914
v -4.00258178 11.84359575 0.15132540
v -3.79702347 11.39299863 1.40719482
v 0.13304692 9.38644496 -1.40719482
v 0.33860523 8.93584784 -0.15132540
v 0.47986031 11.35332141 -0.75825914
v 0.68541861 10.90272429 0.49761029
v -3.46919749 10.62839338 -0.05465138
v -3.26979882 10.39869056 1.05179926
v -3.30478236 11.75330034 0.14925300
v -3.10538369 11.52359752 1.25570365
v -0.33148803 10.28520134 -0.69136056
v -0.13208936 10.05549852 0.41509009
v -0.16707290 11.41010830 -0.48745617
v 0.03232577 11.18040548 0.61899448
v -3.97454888 11.17063891 0.88483533
v -3.92315931 11.05798963 1.19880268
v -3.91212248 11.52467667 1.00164375
v -3.86073290 11.41202739 1.31561111
v 0.59754204 10.67055908 -0.04294090
v 0.64893162 10.55790980 0.27102646
v 0.65996845 11.02459684 0.07386752
v 0.71135803 10.91194756 0.38783488
v -3.75906221 10.67923317 -0.51681006
v -3.74666644 10.27940050 0.26420622
v -3.33245183 12.16700034 0.23806505
v -3.32005607 11.76716767 1.01908133
v -0.19416064 9.89057677 -0.97713374
v -0.18176487 9.49074410 -0.19611745
v 0.23244974 11.37834394 -0.22225862
v 0.24484550 10.97851127 0.55875766
v -3.01770187 11.17773838 -0.04243235
v -2.98155105 10.93087377 0.66047625
v -2.78721162 12.04810653 0.25139059
v -2.75106080 11.80124193 0.95429919
v -0.52227078 10.62567890 -0.36465893
v -0.48611995 10.37881430 0.33824968
v -0.29178052 11.49604705 -0.07083598
v -0.25562970 11.24918245 0.63207262
v -3.44078968 11.62232409 0.62642801
v -3.43769074 11.52236592 0.82168208
v -3.36399981 11.89012218 0.76230553
v -3.36090087 11.79016401 0.95755960
v 0.19540992 10.81789456 0.15689786
v 0.19850887 10.71793640 0.35215193
v 0.27219979 11.08569265 0.29277538
v 0.27529873 10.98573449 0.48802945
v -4.68971184 9.89337526 0.85238971
v -4.49840857 9.43654373 2.10825914
v -4.28128851 11.84838749 1.50132540
v -4.08998523 11.39155597 2.75719482
v -0.22488146 9.26254593 -0.05719482
v -0.03357818 8.80571441 1.19867460
v 0.18354187 11.21755817 0.59174086
v 0.37484515 10.76072665 1.84761029
v -3.78633785 10.61703075 1.29534862
v -3.59425270 10.38117801 2.40179926
v -3.58666966 11.73621823 1.49925300
v -3.39458452 11.50036549 2.60570365
v -0.66095658 10.17545022 0.65863944
v -0.46887144 9.93959748 1.76509009
v -0.46128840 11.29463770 0.86254383
v -0.26920326 11.05878497 1.96899448
v -4.27440753 11.17488219 2.23483533
v -4.22658171 11.06067430 2.54880268
v -4.20089133 11.52678439 2.35164375
v -4.15306551 11.41257651 2.66561111
v 0.27971946 10.53143627 1.30705910
v 0.32754527 10.41722839 1.62102646
v 0.35323566 10.88333848 1.42386752
v 0.40106148 10.76913060 1.73783488
v -4.10205071 10.68165439 0.83318994
v -4.10222010 10.28162966 1.61420622
v -3.62891895 12.15528729 1.58806505
v -3.62908834 11.75526255 2.36908133
v -0.56368050 9.78141089 0.37286626
v -0.56384989 9.38138615 1.15388255
v -0.09054874 11.25504378 1.12774138
v -0.09071813 10.85501904 1.90875766
v -3.34539777 11.15662693 1.30756765
v -3.31701899 10.90874862 2.01047625
v -3.08768232 12.01932574 1.60139059
v -3.05930354 11.77144743 2.30429919
v -0.86853862 10.52645647 0.98534107
v -0.84015984 10.27857816 1.68824968
v -0.61082317 11.38915528 1.27916402
v -0.58244439 11.14127697 1.98207262
v -3.75431203 11.61428277 1.97642801
v -3.75435438 11.51427659 2.17168208
v -3.66914831 11.87953670 2.11230553
v -3.66919066 11.77953051 2.30755960
v -0.14517441 10.69603440 1.50689786
v -0.14521676 10.59602821 1.70215193
v -0.06001070 10.96128832 1.64277538
v -0.06005304 10.86128213 1.83802945
v -5.02540035 9.90026764 2.20238971
v -4.84854089 9.43765256 3.45825914
v -4.55577013 11.84148631 2.85132540
v -4.37891067 11.37887123 4.10719482
v -0.58258792 9.12950588 1.29280518
v -0.40572846 8.66689080 2.54867460
v -0.11295770 11.07072455 1.94174086
v 0.06390176 10.60810947 3.19761029
v -4.09974154 10.59519039 2.64534862
v -3.91515949 10.35342049 3.75179926
v -3.86501736 11.70755389 2.84925300
v -3.68043531 11.46578400 3.95570365
v -0.98977284 10.05565716 2.00863944
v -0.80519079 9.81388726 3.11509009
v -0.75504865 11.16802066 2.21254383
v -0.57046661 10.92625076 3.31899448
v -4.57004786 11.16809720 3.58483533
v -4.52583299 11.05244343 3.89880268
v -4.48551442 11.51751656 3.70164375
v -4.44129955 11.40186279 4.01561111
v -0.03837918 10.38192021 2.65705910
v 0.00583568 10.26626644 2.97102646
v 0.04615426 10.73133957 2.77386752
v 0.09036912 10.61568580 3.08783488
v -4.44099098 10.67353412 2.18318994
v -4.45372538 10.27371209 2.96420622
v -3.92180475 12.13157843 2.93806505
v -3.93453915 11.73175641 3.71908133
v -0.93264408 9.66259193 1.72286626
v -0.94537847 9.26276990 2.50388255
v -0.41345785 11.12063625 2.47774138
v -0.42619224 10.72081422 3.25875766
v -3.66979215 11.12450524 2.65756765
v -3.64921342 10.87585784 3.36047625
v -3.38510585 11.97868332 2.95139059
v -3.36452712 11.73003592 3.65429919
v -1.21394932 10.41684571 2.33534107
v -1.19337059 10.16819831 3.03824968
v -0.92926302 11.27102379 2.62916402
v -0.90868429 11.02237639 3.33207262
v -4.06412932 11.59477957 3.32642801
v -4.06731292 11.49482406 3.52168208
v -3.97067580 11.85722754 3.46230553
v -3.97385940 11.75727204 3.65755960
v -0.48561548 10.56361854 2.85689786
v -0.48879908 10.46366303 3.05215193
v -0.39216196 10.82606651 2.99277538
v -0.39534556 10.72611101 3.18802945
v -5.53859814 9.88246216 -2.35426023
v -5.39956436 9.43392744 -1.16350996
v -4.97295752 11.69852512 -1.73622624
v -4.83392374 11.24999040 -0.54547597
v -1.44068611 8.89546247 -3.20452403
v -1.30165232 8.44692775 -2.01377376
v -0.87504548 10.71152543 -2.58649004
v -0.73601170 10.26299071 -1.39573977
v -4.62772174 10.48943623 -1.93073502
v -4.46786839 10.24938649 -0.88165589
v -4.33627573 11.53219587 -1.73654037
v -4.17642237 11.29214613 -0.68746124
v -1.75918332 9.79853645 -2.52591969
v -1.59932996 9.55848670 -1.47684055
v -1.46773730 10.84129608 -2.33172503
v -1.30788395 10.60124634 -1.28264590
v -5.02756055 11.06058222 -1.04139363
v -4.99280211 10.94844854 -0.74370606
v -4.92574524 11.38747355 -0.93014751
v -4.89098680 11.27533987 -0.63245994
v -0.84769028 10.05384253 -1.90866271
v -0.81293183 9.94170885 -1.61097514
v -0.74587496 10.38073386 -1.79741659
v -0.71111652 10.26860018 -1.49972902
v -4.99795865 10.60702619 -2.36859883
v -5.03447116 10.22950501 -1.62807969
v -4.41491578 11.96083657 -1.64967015
v -4.45142829 11.58331540 -0.90915101
v -1.78623654 9.45234838 -2.79890139
v -1.82274906 9.07482721 -2.05838225
v -1.20319368 10.80615877 -2.07997271
v -1.23970619 10.42863759 -1.33945357
v -4.24626372 10.99194016 -1.91602517
v -4.24200649 10.75541786 -1.24956369
v -3.92320182 11.78625081 -1.63619380
v -3.91894459 11.54972851 -0.96973231
v -1.99805824 10.18366570 -2.21723697
v -1.99380102 9.94714340 -1.55077548
v -1.67499635 10.97797635 -1.93740559
v -1.67073912 10.74145405 -1.27094410
v -4.58245709 11.46033258 -1.28211315
v -4.59158522 11.36595229 -1.09698337
v -4.47750938 11.70401845 -1.15270599
v -4.48663750 11.60963816 -0.96757620
v -1.30650055 10.28256122 -1.72102177
v -1.31562867 10.18818093 -1.53589198
v -1.20155283 10.52624709 -1.59161461
v -1.21068096 10.43186680 -1.40648482
v -5.85823351 9.85446708 -1.10426023
v -5.73335714 9.40178652 0.08649004
v -5.23582808 11.65186672 -0.48622624
v -5.11095171 11.19918617 0.70452403
v -1.79334595 8.73923588 -1.95452403
v -1.66846959 8.28655533 -0.76377376
v -1.17094052 10.53663552 -1.33649004
v -1.04606416 10.08395497 -0.14573977
v -4.92874105 10.43253032 -0.68073502
v -4.77650672 10.18757792 0.36834411
v -4.60468498 11.46562088 -0.48654037
v -4.45245065 11.22066847 0.56253876
v -2.08331976 9.65186848 -1.27591969
v -1.93108543 9.40691608 -0.22684055
v -1.75926369 10.68495904 -1.08172503
v -1.60702936 10.44000663 -0.03264590
v -5.31044244 11.01595373 0.20860637
v -5.27922335 10.90278359 0.50629394
v -5.19840946 11.33948566 0.31985249
v -5.16719037 11.22631552 0.61754006
v -1.16425713 9.87841790 -0.65866271
v -1.13303804 9.76524776 -0.36097514
v -1.05222416 10.20194984 -0.54741659
v -1.02100507 10.08877970 -0.24972902
v -5.32306388 10.56285215 -1.11859883
v -5.37141660 10.18666414 -0.37807969
v -4.69778450 11.89768069 -0.39967015
v -4.74613722 11.52149269 0.34084899
v -2.14919587 9.30786148 -1.54890139
v -2.19754859 8.93167347 -0.80838225
v -1.52391649 10.64269002 -0.82997271
v -1.57226921 10.26650202 -0.08945357
v -4.55964942 10.92396488 -0.66602517
v -4.56282364 10.68742557 0.00043631
v -4.21179704 11.70773597 -0.38619380
v -4.21497126 11.47119665 0.28026769
v -2.33794182 10.04547141 -0.96723697
v -2.34111604 9.80893210 -0.30077548
v -1.99008943 10.82924250 -0.68740559
v -1.99326365 10.59270319 -0.02094410
v -4.88096435 11.40268627 -0.03211315
v -4.89305253 11.30863927 0.15301663
v -4.76841406 11.64295541 0.09729401
v -4.78050224 11.54890841 0.28242380
v -1.64361898 10.12259579 -0.47102177
v -1.65570716 10.02854879 -0.28589198
v -1.53106869 10.36286493 -0.34161461
v -1.54315687 10.26881792 -0.15648482
v -6.17208750 9.81674683 0.14573977
v -6.06149180 9.36036718 1.33649004
v -5.49353151 11.59370933 0.76377376
v -5.38293580 11.13732969 1.95452403
v -2.14423598 8.57438472 -0.70452403
v -2.03364028 8.11800508 0.48622624
v -1.46567999 10.35134723 -0.08649004
v -1.35508428 9.89496758 1.10426023
v -5.22489629 10.36532877 0.56926498
v -5.08043122 10.11571543 1.61834411
v -4.86854996 11.38773071 0.76345963
v -4.72408489 11.13811737 1.81253876
v -2.40540023 9.49567529 -0.02591969
v -2.26093515 9.24606196 1.02315945
v -2.04905390 10.51807724 0.16827497
v -1.90458882 10.26846390 1.21735410
v -5.58808356 10.96045382 1.45860637
v -5.56043463 10.84635890 1.75629394
v -5.46594348 11.28030707 1.56985249
v -5.43829455 11.16621216 1.86754006
v -1.47967501 9.69324447 0.59133729
v -1.45202608 9.57914956 0.88902486
v -1.35753493 10.01309772 0.70258341
v -1.32988600 9.89900281 1.00027098
v -5.64291589 10.50825385 0.13140117
v -5.70306110 10.13377026 0.87192031
v -4.97601707 11.82278324 0.85032985
v -5.03616228 11.44829965 1.59084899
v -2.51003421 9.15418884 -0.29890139
v -2.57017942 8.77970525 0.44161775
v -1.84313538 10.46871823 0.42002729
v -1.90328060 10.09423464 1.16054643
v -4.86853531 10.84520897 0.58397483
v -4.87913784 10.60888607 1.25043631
v -4.49623572 11.61766700 0.86380620
v -4.50683825 11.38134411 1.53026769
v -2.67551813 9.89736346 0.28276303
v -2.68612066 9.66104057 0.94922452
v -2.30321854 10.66982150 0.56259441
v -2.31382107 10.43349860 1.22905590
v -5.17465468 11.33378688 1.21788685
v -5.18969098 11.24016599 1.40301663
v -5.05461289 11.57040217 1.34729401
v -5.06964920 11.47678128 1.53242380
v -1.97911536 9.95264057 0.77897823
v -1.99415167 9.85901968 0.96410802
v -1.85907357 10.18925586 0.90838539
v -1.87410988 10.09563497 1.09351518
v -6.47985039 9.76933863 1.39573977
v -6.38364449 9.30971028 2.58649004
v -5.74581348 11.52411035 2.01377376
v -5.64960758 11.06448201 3.20452403
v -2.49300991 8.40107168 0.54547597
v -2.39680401 7.94144334 1.73622624
v -1.75897300 10.15584340 1.16350996
v -1.66276710 9.69621506 2.35426023
v -5.51589519 10.28789788 1.81926498
v -5.37934194 10.03386996 2.86834411
v -5.12761027 11.29860222 2.01345963
v -4.99105703 11.04457430 3.06253876
v -2.72510685 9.33011102 1.22408031
v -2.58855361 9.07608310 2.27315945
v -2.33682193 10.34081536 1.41827497
v -2.20026869 10.08678744 2.46735410
v -5.86020992 10.89413726 2.70860637
v -5.83615844 10.77923017 3.00629394
v -5.72808327 11.20999617 2.81985249
v -5.70403180 11.09508908 3.11754006
v -1.79363263 9.49850497 1.84133729
v -1.76958115 9.38359789 2.13902486
v -1.66150598 9.81436388 1.95258341
v -1.63745451 9.69945680 2.25027098
v -5.95719903 10.44328517 1.38140117
v -6.02907737 10.07087558 2.12192031
v -5.24933891 11.73621812 2.10032985
v -5.32121726 11.36380853 2.84084899
v -2.86839544 8.99148212 0.95109861
v -2.94027379 8.61907252 1.69161775
v -2.16053533 10.28441507 1.67002729
v -2.23241367 9.91200547 2.41054643
v -5.17261654 10.75575014 1.83397483
v -5.19063692 10.51987689 2.50043631
v -4.77623716 11.51613280 2.11380620
v -4.79425754 11.28025956 2.78026769
v -3.01045403 9.73948800 1.53276303
v -3.02847441 9.50361476 2.19922452
v -2.61407465 10.49987067 1.81259441
v -2.63209503 10.26399742 2.47905590
v -5.46323825 11.25370241 2.46788685
v -5.48120784 11.16060002 2.65301663
v -5.33582343 11.48643034 2.59729401
v -5.35379302 11.39332795 2.78242380
v -2.31265860 9.77286330 2.02897823
v -2.33062818 9.67976090 2.21410802
v -2.18524378 10.00559123 2.15838539
v -2.20321336 9.91248883 2.34351518
v -7.07814919 9.57348607 -2.18125880
v -7.02280452 9.13673910 -1.06493042
v -6.24936606 11.17922397 -1.59412651
v -6.19402139 10.74247699 -0.47779813
v -3.48348421 8.00734662 -2.97220187
v -3.42813954 7.57059964 -1.85587349
v -2.65470108 9.61308451 -2.38506958
v -2.59935641 9.17633754 -1.26874120
v -6.13699562 9.99780634 -1.77846492
v -6.02848879 9.75015532 -0.79495323
v -5.69230860 10.92529961 -1.59398000
v -5.58380176 10.67764859 -0.61046831
v -3.62073014 8.90150873 -2.33212507
v -3.51222330 8.65385770 -1.34861338
v -3.17604311 9.82900200 -2.14764015
v -3.06753628 9.58135097 -1.16412846
v -6.40542385 10.59499095 -0.94425056
v -6.39158768 10.48580421 -0.66516846
v -6.25624289 10.88402378 -0.83856674
v -6.24240672 10.77483703 -0.55948465
v -2.73886558 8.99752871 -1.75101249
v -2.72502941 8.88834197 -1.47193040
v -2.58968461 9.28656153 -1.64532868
v -2.57584845 9.17737479 -1.36624658
v -6.61254257 10.19086619 -2.19249494
v -6.70771164 9.84826108 -1.49825825
v -5.84373432 11.36126489 -1.50951270
v -5.93890339 11.01865978 -0.81527600
v -3.85680199 8.61426587 -2.59277640
v -3.95197105 8.27166076 -1.89853970
v -3.08799374 9.78466457 -1.90979415
v -3.18316280 9.44205946 -1.21555746
v -5.85406214 10.43318968 -1.76247745
v -5.88863631 10.21412568 -1.13766981
v -5.42078191 11.12302664 -1.49663765
v -5.45535608 10.90396265 -0.87183000
v -3.92504373 9.32956945 -2.04267447
v -3.95961790 9.11050546 -1.41786683
v -3.49176349 10.01940642 -1.77683466
v -3.52633766 9.80034243 -1.15202702
v -6.08160442 10.92339669 -1.16666674
v -6.10539668 10.83774541 -0.99310757
v -5.94321893 11.13406846 -1.04372994
v -5.96701120 11.04841718 -0.87017076
v -3.27074902 9.31526437 -1.57495382
v -3.29454128 9.22961309 -1.40139465
v -3.13236353 9.52593613 -1.45201702
v -3.15615580 9.44028485 -1.27845785
v -7.36289227 9.48711437 -1.03125880
v -7.32129347 9.04884449 0.08506958
v -6.48408065 11.06602723 -0.44412651
v -6.44248185 10.62775735 0.67220187
v -3.81919468 7.80883656 -1.82220187
v -3.77759588 7.37056668 -0.70587349
v -2.94038306 9.38774942 -1.23506958
v -2.89878425 8.94947953 -0.11874120
v -6.40887489 9.88166292 -0.62846492
v -6.30820050 9.63072582 0.35504677
v -5.93527402 10.79473057 -0.44398000
v -5.83459964 10.54379347 0.53953169
v -3.92828657 8.70686845 -1.18212507
v -3.82761219 8.45593135 -0.19861338
v -3.45468571 9.61993611 -0.99764015
v -3.35401132 9.36899900 -0.01412846
v -6.65841264 10.48698439 0.20574944
v -6.64801294 10.37741692 0.48483154
v -6.50022655 10.77118871 0.31143326
v -6.48982685 10.66162124 0.59051535
v -3.04384110 8.77514103 -0.60101249
v -3.03344140 8.66557355 -0.32193040
v -2.88565500 9.05934534 -0.49532868
v -2.87525530 8.94977787 -0.21624658
v -6.90586194 10.08585205 -1.04249494
v -7.01174553 9.74640533 -0.34825825
v -6.10066994 11.23152438 -0.35951270
v -6.20655353 10.89207766 0.33472400
v -4.20100336 8.42346978 -1.44277640
v -4.30688695 8.08402306 -0.74853970
v -3.39581135 9.56914212 -0.75979415
v -3.50169494 9.22969539 -0.06555746
v -6.14014420 10.30423152 -0.61247745
v -6.18158228 10.08636162 0.01233019
v -5.68540946 10.98011844 -0.34663765
v -5.72684754 10.76224854 0.27817000
v -4.24674320 9.14056393 -0.89267447
v -4.28818127 8.92269404 -0.26786683
v -3.79200846 9.81645085 -0.62683466
v -3.83344653 9.59858095 -0.00202702
v -6.35217643 10.80134392 -0.01666674
v -6.37864732 10.71648224 0.15689243
v -6.20724187 11.00756494 0.10627006
v -6.23371276 10.92270326 0.27982924
v -3.59322067 9.10571401 -0.42495382
v -3.61969157 9.02085233 -0.25139465
v -3.44828611 9.31193503 -0.30201702
v -3.47475701 9.22707335 -0.12845785
v -7.64036908 9.39138004 0.11874120
v -7.61255719 8.95201977 1.23506958
v -6.71239624 10.94190966 0.70587349
v -6.68458436 10.50254939 1.82220187
v -4.15113606 7.60262012 -0.67220187
v -4.12332417 7.16325985 0.44412651
v -3.22316323 9.15314974 -0.08506958
v -3.19535134 8.71378947 1.03125880
v -6.67442937 9.75576750 0.52153508
v -6.58168679 9.50179195 1.50504677
v -6.17238205 10.65350844 0.70602000
v -6.07963947 10.39953290 1.68953169
v -4.23196626 8.50363555 -0.03212507
v -4.13922368 8.24966001 0.95138662
v -3.72991894 9.40137650 0.15235985
v -3.63717636 9.14740096 1.13587154
v -6.90483039 10.36862845 1.35574944
v -6.89787742 10.25878838 1.63483154
v -6.73779528 10.64772378 1.46143326
v -6.73084231 10.53788371 1.74051535
v -3.34581271 8.54409333 0.54898751
v -3.33885974 8.43425327 0.82806960
v -3.17877760 8.82318866 0.65467132
v -3.17182463 8.71334860 0.93375342
v -7.19236605 9.97088439 0.10750506
v -7.30885967 9.63493105 0.80174175
v -6.35158493 11.09069971 0.79048730
v -6.46807855 10.75474637 1.48472400
v -4.54105884 8.22436075 -0.29277640
v -4.65755246 7.88840741 0.40146030
v -3.70027772 9.34417607 0.39020585
v -3.81677134 9.00822273 1.08444254
v -6.42016669 10.16510433 0.53752255
v -6.46842778 9.94864354 1.16233019
v -5.94442621 10.82637417 0.80336235
v -5.99268730 10.60991339 1.42817000
v -4.56425164 8.94253778 0.25732553
v -4.61251273 8.72607699 0.88213317
v -4.08851116 9.60380763 0.52316534
v -4.13677225 9.38734684 1.14797298
v -6.61647961 10.66863153 1.13333326
v -6.64560301 10.58464320 1.30689243
v -6.46513900 10.87019829 1.25627006
v -6.49426241 10.78620996 1.42982924
v -3.91214625 8.88717742 0.72504618
v -3.94126966 8.80318908 0.89860535
v -3.76080565 9.08874418 0.84798298
v -3.78992906 9.00475584 1.02154215
v -7.91030576 9.28637755 1.26874120
v -7.89630823 8.84636048 2.38506958
v -6.93408751 10.80699374 1.85587349
v -6.92008999 10.36697668 2.97220187
v -4.47898078 7.38890082 0.47779813
v -4.46498325 6.94888376 1.59412651
v -3.50276253 8.90951702 1.06493042
v -3.48876500 8.46949995 2.18125880
v -6.93339700 9.62024430 1.67153508
v -6.84867774 9.36348097 2.65504677
v -6.40339868 10.50177258 1.85602000
v -6.31867943 10.24500924 2.83953169
v -4.53146951 8.29201059 1.11787493
v -4.44675026 8.03524726 2.10138662
v -4.00147120 9.17353887 1.30235985
v -3.91675194 8.91677553 2.28587154
v -7.14443390 10.24003991 2.50574944
v -7.14093452 10.13003565 2.78483154
v -6.96871461 10.51375083 2.61143326
v -6.96521523 10.40374656 2.89051535
v -3.64448242 8.30461365 1.69898751
v -3.64098304 8.19460939 1.97806960
v -3.46876313 8.57832457 1.80467132
v -3.46526375 8.46832030 2.08375342
v -7.47177217 9.84607668 1.25750506
v -7.59876086 9.51394826 1.95174175
v -6.59623167 10.93892987 1.94048730
v -6.72322036 10.60680145 2.63472400
v -4.87663285 8.01713527 0.85722360
v -5.00362154 7.68500685 1.55146030
v -4.00109235 9.10998845 1.54020585
v -4.12808104 8.77786004 2.23444254
v -6.69385324 10.01594541 1.68752255
v -6.74888971 9.80110735 2.31233019
v -6.19757653 10.66194559 1.95336235
v -6.25261300 10.44710753 2.57817000
v -4.87725572 8.73568643 1.40732553
v -4.93229219 8.52084837 2.03213317
v -4.38097900 9.38168660 1.67316534
v -4.43601548 9.16684854 2.29797298
v -6.87425312 10.52539049 2.28333326
v -6.90600029 10.44235839 2.45689243
v -6.71665583 10.72210407 2.40627006
v -6.74840300 10.63907196 2.57982924
v -4.22721102 8.65987025 1.87504618
v -4.25895819 8.57683815 2.04860535
v -4.06961373 8.85658383 1.99798298
v -4.10136090 8.77355172 2.17154215
v -8.48080149 8.83977079 -1.43541873
v -8.50715946 8.42972674 -0.39351224
v -7.45155416 10.14771085 -0.89463899
v -7.47791213 9.73766679 0.14726750
v -5.57050501 6.84391365 -2.14726750
v -5.59686298 6.43386959 -1.10536101
v -4.54125768 8.15185371 -1.60648776
v -4.56761565 7.74180965 -0.56458127
v -7.56646554 9.06511637 -1.06001437
v -7.51072729 8.81899522 -0.14207013
v -7.00273615 9.82652461 -0.89009405
v -6.94699791 9.58040346 0.02785020
v -5.52925800 7.66801637 -1.55830850
v -5.47351976 7.42189522 -0.64036426
v -4.96552862 8.42942461 -1.38838818
v -4.90979037 8.18330346 -0.47044394
v -7.69400575 9.64238107 -0.28698177
v -7.70059524 9.53987006 -0.02650515
v -7.50874123 9.87781028 -0.18964142
v -7.51533072 9.77529927 0.07083520
v -4.72550334 7.60660679 -1.01306752
v -4.73209283 7.50409578 -0.75259089
v -4.54023882 7.84203600 -0.91572716
v -4.54682831 7.73952499 -0.65525054
v -8.12503762 9.33063911 -1.43740797
v -8.27272564 9.03343961 -0.78945372
v -7.22585537 10.25528851 -0.80834537
v -7.37354338 9.95808901 -0.16039112
v -5.95793163 7.46831014 -1.79766128
v -6.10561965 7.17111064 -1.14970703
v -5.05874938 8.39295954 -1.16859868
v -5.20643739 8.09576004 -0.52064443
v -7.40510430 9.42325006 -1.03896680
v -7.47545375 9.22858102 -0.45581300
v -6.89308347 9.97170016 -0.79411435
v -6.96343292 9.77703111 -0.21096055
v -5.88813011 8.11961978 -1.29114412
v -5.95847956 7.92495074 -0.70799032
v -5.37610928 8.66806988 -1.04629167
v -5.44645873 8.47340084 -0.46313786
v -7.51806046 9.89761875 -0.48689562
v -7.55498247 9.82331888 -0.32490705
v -7.35620766 10.06405564 -0.37366435
v -7.39312966 9.98975577 -0.21167579
v -5.30761235 7.99804320 -0.85435399
v -5.34453436 7.92374333 -0.69236543
v -5.14575955 8.16448010 -0.74112272
v -5.18268155 8.09018022 -0.57913416
v -8.71979285 8.69193662 -0.43541873
v -8.75901761 8.28292282 0.60648776
v -7.64996999 9.96690185 0.10536101
v -7.68919475 9.55788805 1.14726750
v -5.87362381 6.60564970 -1.14726750
v -5.91284857 6.19663590 -0.10536101
v -4.80380096 7.88061493 -0.60648776
v -4.84302572 7.47160113 0.43541873
v -7.79882979 8.88845102 -0.06001437
v -7.75084990 8.64070054 0.85792987
v -7.21146216 9.63177638 0.10990595
v -7.16348227 9.38402590 1.02785020
v -5.80651146 7.42805017 -0.55830850
v -5.75853157 7.18029969 0.35963574
v -5.21914383 8.17137553 -0.38838818
v -5.17116394 7.92362505 0.52955606
v -7.90817474 9.46943701 0.71301823
v -7.91798093 9.36718356 0.97349485
v -7.71560663 9.69893075 0.81035858
v -7.72541282 9.59667730 1.07083520
v -5.00508232 7.34142435 -0.01306752
v -5.01488851 7.23917090 0.24740911
v -4.81251421 7.57091809 0.08427284
v -4.82232040 7.46866464 0.34474946
v -8.37532238 9.16249685 -0.43740797
v -8.53227277 8.87008299 0.21054628
v -7.44753987 10.05844600 0.19165463
v -7.60449027 9.76603214 0.83960888
v -6.26778289 7.23301638 -0.79766128
v -6.42473329 6.94060253 -0.14970703
v -5.34000038 8.12896553 -0.16859868
v -5.49695078 7.83655168 0.47935557
v -7.65283532 9.23244845 -0.03896680
v -7.72926476 9.04008520 0.54418700
v -7.12383991 9.76454496 0.20588565
v -7.20026934 9.57218170 0.78903945
v -6.17755768 7.88181213 -0.29114412
v -6.25398712 7.68944887 0.29200968
v -5.64856226 8.41390863 -0.04629167
v -5.72499170 8.22154538 0.53686214
v -7.75083546 9.71013111 0.51310438
v -7.79007306 9.63702765 0.67509295
v -7.58383461 9.87140196 0.62633565
v -7.62307221 9.79829849 0.78832421
v -5.60114518 7.74206104 0.14564601
v -5.64038278 7.66895757 0.30763457
v -5.43414433 7.90333188 0.25887728
v -5.47338193 7.83022842 0.42086584
v -8.95017882 8.53552456 0.56458127
v -9.00223166 8.12794467 1.60648776
v -7.84083623 9.77625673 1.10536101
v -7.89288907 9.36867683 2.14726750
v -6.17094605 6.36086676 -0.14726750
v -6.22299889 5.95328687 0.89463899
v -5.06160346 7.60159893 0.39351224
v -5.11365630 7.19401903 1.43541873
v -8.02349753 8.70301384 0.93998563
v -7.98332335 8.45387852 1.85792987
v -7.41307132 9.42752276 1.10990595
v -7.37289713 9.17838744 2.02785020
v -6.07803460 7.18075338 0.44169150
v -6.03786041 6.93161806 1.35963574
v -5.46760838 7.90526230 0.61161182
v -5.42743419 7.65612698 1.52955606
v -8.11453932 9.28714776 1.71301823
v -8.12755253 9.18525279 1.97349485
v -7.91485765 9.51047955 1.81035858
v -7.92787086 9.40858458 2.07083520
v -5.27972189 7.06899681 0.98693248
v -5.29273510 6.96710183 1.24740911
v -5.08004023 7.29232860 1.08427284
v -5.09305344 7.19043362 1.34474946
v -8.61734170 8.98531231 0.56259203
v -8.78339959 8.69797267 1.21054628
v -7.66187455 9.85167701 1.19165463
v -7.82793245 9.56433737 1.83960888
v -6.57144860 6.99058452 0.20233872
v -6.73750649 6.70324488 0.85029297
v -5.61598146 7.85694921 0.83140132
v -5.78203935 7.56960958 1.47935557
v -7.89301391 9.03253553 0.96103320
v -7.97544791 8.84266790 1.54418700
v -7.34756597 9.54775333 1.20588565
v -7.42999997 9.35788570 1.78903945
v -6.46088874 7.63622608 0.70885588
v -6.54332274 7.44635844 1.29200968
v -5.91544080 8.15144388 0.95370833
v -5.99787480 7.96157625 1.53686214
v -7.97596132 9.51306074 1.51310438
v -8.01747580 9.44122583 1.67509295
v -7.80397724 9.66900639 1.62633565
v -7.84549171 9.59717148 1.78832421
v -5.88915036 7.47843839 1.14564601
v -5.93066484 7.40660348 1.30763457
v -5.71716628 7.63438403 1.25887728
v -5.75868075 7.56254912 1.42086584
v -9.50619971 7.81011135 -1.26923003
v -9.59728809 7.43582615 -0.29244270
v -8.37181602 8.82436743 -0.77480284
v -8.46290440 8.45008223 0.20198449
v -7.26663919 5.61375289 -1.90198449
v -7.35772757 5.23946769 -0.92519716
v -6.13225550 6.62800897 -1.40755730
v -6.22334388 6.25372377 -0.43076997
v -8.65820619 7.87481108 -0.91991756
v -8.64681278 7.63850402 -0.05934484
v -8.02974245 8.47087979 -0.76456184
v -8.01834904 8.23457274 0.09601088
v -7.09051383 6.33736015 -1.36284568
v -7.07912042 6.10105310 -0.50227296
v -6.46205008 6.93342887 -1.20748996
v -6.45065667 6.69712182 -0.34691724
v -8.67122918 8.40097985 -0.20308501
v -8.69400128 8.30740855 0.04111182
v -8.46704012 8.58354594 -0.11408812
v -8.48981221 8.48997464 0.13010871
v -6.38687745 6.16069422 -0.84849456
v -6.40964955 6.06712292 -0.60429773
v -6.18268839 6.34326031 -0.75949767
v -6.20546048 6.24968901 -0.51530083
v -9.26814009 8.18598921 -1.26021365
v -9.45287676 7.93564051 -0.65275654
v -8.31171920 8.87578171 -0.68507070
v -8.49645588 8.62543300 -0.07761359
v -7.65854653 6.22123365 -1.58043881
v -7.84328320 5.97088494 -0.97298170
v -6.70212565 6.91102614 -1.00529586
v -6.88686232 6.66067744 -0.39783876
v -8.61356687 8.16198451 -0.89259670
v -8.71020869 7.99370745 -0.34589001
v -8.06547138 8.57451610 -0.66873160
v -8.16211320 8.40623904 -0.12202490
v -7.48685138 6.78665562 -1.11675431
v -7.58349320 6.61837856 -0.57004762
v -6.93875589 7.19918720 -0.89288921
v -7.03539771 7.03091014 -0.34618252
v -8.63423236 8.59538331 -0.38111206
v -8.68041653 8.53279614 -0.22924778
v -8.46207660 8.71954596 -0.27758633
v -8.50826077 8.65695879 -0.12572205
v -6.99244693 6.59133264 -0.70774173
v -7.03863110 6.52874546 -0.55587745
v -6.82029118 6.71549529 -0.60421600
v -6.86647534 6.65290811 -0.45235172
v -9.69794319 7.61077758 -0.41923003
v -9.80074320 7.23953822 0.55755730
v -8.53226069 8.58890133 0.07519716
v -8.63506071 8.21766197 1.05198449
v -7.52847704 5.34515660 -1.05198449
v -7.63127706 4.97391723 -0.07519716
v -6.36279455 6.32328035 -0.55755730
v -6.46559456 5.95204098 0.41923003
v -8.84833584 7.64880926 -0.06991756
v -8.84437063 7.41226093 0.79065516
v -8.20145922 8.22484333 0.08543816
v -8.19749402 7.98829500 0.94601088
v -7.32970953 6.06287457 -0.51284568
v -7.32574433 5.82632624 0.34772704
v -6.68283292 6.63890864 -0.35748996
v -6.67886772 6.40236031 0.50308276
v -8.84482504 8.17512746 0.64691499
v -8.87052504 8.08231762 0.89111182
v -8.63500219 8.35118973 0.73591188
v -8.66070219 8.25837989 0.98010871
v -6.63196957 5.86419405 0.00150544
v -6.65766957 5.77138421 0.24570227
v -6.42214672 6.04025633 0.09050233
v -6.44784673 5.94744649 0.33469917
v -9.47278375 7.96562835 -0.41021365
v -9.66529291 7.72120589 0.19724346
v -8.49516790 8.62503857 0.16492930
v -8.68767706 8.38061611 0.77238641
v -7.92569890 5.95128371 -0.73043881
v -8.11820806 5.70686126 -0.12298170
v -6.94808305 6.61069393 -0.15529586
v -7.14059221 6.36627148 0.45216124
v -8.81928753 7.92107485 -0.04259670
v -8.92116738 7.75591642 0.50410999
v -8.25850457 8.31618678 0.18126840
v -8.36038441 8.15102835 0.72797510
v -7.73632814 6.51103361 -0.26675431
v -7.83820798 6.34587517 0.27995238
v -7.17554517 6.90614554 -0.04288921
v -7.27742501 6.74098711 0.50381748
v -8.82632944 8.35490891 0.46888794
v -8.87445673 8.29380330 0.62075222
v -8.65035859 8.47360275 0.57241367
v -8.69848588 8.41249714 0.72427795
v -7.24830289 6.30027739 0.14225827
v -7.29643018 6.23917178 0.29412255
v -7.07233204 6.41897123 0.24578400
v -7.12045933 6.35786561 0.39764828
v -9.88011596 7.40393289 0.43076997
v -9.99452616 7.03610574 1.40755730
v -8.68428505 8.34495902 0.92519716
v -8.79869525 7.97713187 1.90198449
v -7.78288519 5.07128527 -0.20198449
v -7.89729539 4.70345812 0.77480284
v -6.58705428 6.01231141 0.29244270
v -6.70146448 5.64448425 1.26923003
v -9.02973324 7.41525899 0.78008244
v -9.03320015 7.17870283 1.64065516
v -8.36508215 7.97068993 0.93543816
v -8.36854907 7.73413378 1.79601088
v -7.56167170 5.78240565 0.33715432
v -7.56513861 5.54584950 1.19772704
v -6.89702062 6.33783660 0.49251004
v -6.90048753 6.10128045 1.35308276
v -9.00969212 7.94120721 1.49691499
v -9.03829467 7.84925042 1.74111182
v -8.79444255 8.11059191 1.58591188
v -8.82304510 8.01863512 1.83010871
v -6.87051673 5.56190664 0.85150544
v -6.89911928 5.46994985 1.09570227
v -6.65526717 5.73129134 0.94050233
v -6.68386972 5.63933455 1.18469917
v -9.66807893 7.73740637 0.43978635
v -9.86817059 7.49915138 1.04724346
v -8.67023289 8.36578355 1.01492930
v -8.87032455 8.12752857 1.62238641
v -8.18502956 5.67546058 0.11956119
v -8.38512122 5.43720560 0.72701830
v -7.18718352 6.30383777 0.69470414
v -7.38727519 6.06558278 1.30216124
v -9.01630463 7.67234804 0.80740330
v -9.12332195 7.51047123 1.35410999
v -8.44338760 8.04965039 1.03126840
v -8.55040493 7.88777358 1.57797510
v -7.97817007 6.22898599 0.58324569
v -8.08518739 6.06710918 1.12995238
v -7.40525305 6.60628834 0.80711079
v -7.51227037 6.44441153 1.35381748
v -9.00971600 8.10618923 1.31888794
v -9.05973892 8.04662548 1.47075222
v -8.83010372 8.21929712 1.42241367
v -8.88012663 8.15973338 1.57427795
v -7.49700565 6.00300453 0.99225827
v -7.54702856 5.94344078 1.14412255
v -7.31739336 6.11611242 1.09578400
v -7.36741628 6.05654867 1.24764828
v -10.34989221 6.35609049 -0.75304133
v -10.49943149 6.02913615 0.15862684
v -9.16659329 7.06428028 -0.30496669
v -9.31613257 6.73732594 0.60670148
v -8.78903694 4.09839448 -1.30670148
v -8.93857622 3.77144014 -0.39503331
v -7.60573803 4.80658427 -0.85862684
v -7.75527730 4.47962993 0.05304133
v -9.59460018 6.27811151 -0.42982076
v -9.62586380 6.05952652 0.37338045
v -8.93318329 6.70085470 -0.28902964
v -8.96444690 6.48226970 0.51417157
v -8.50200150 4.69772431 -0.81738287
v -8.53326511 4.47913931 -0.01418166
v -7.84058460 5.12046749 -0.67659174
v -7.87184822 4.90188249 0.12660947
v -9.50796765 6.73160700 0.23081175
v -9.54535247 6.64986842 0.45872879
v -9.29497384 6.85908116 0.31146518
v -9.33235866 6.77734258 0.53938223
v -7.91589528 4.42875707 -0.33392161
v -7.95328010 4.34701848 -0.10600456
v -7.70290147 4.55623123 -0.25326817
v -7.74028629 4.47449265 -0.02535113
v -10.24235757 6.61266755 -0.73301932
v -10.45585159 6.41582827 -0.16605935
v -9.27303037 7.06261426 -0.21179603
v -9.48652438 6.86577498 0.35516394
v -9.18445799 4.65820135 -1.01321634
v -9.39795201 4.46136207 -0.44625637
v -8.21513079 5.10814806 -0.49199305
v -8.42862480 4.91130878 0.07496692
v -9.67151096 6.48828068 -0.39622659
v -9.78978175 6.35111186 0.11403299
v -9.11306613 6.76146669 -0.19334884
v -9.23133692 6.62429786 0.31691074
v -8.93098126 5.12015434 -0.59236450
v -9.04925205 4.98298552 -0.08210492
v -8.37253643 5.39334035 -0.38948675
v -8.49080722 5.25617152 0.12077283
v -9.61188999 6.86380253 0.07467149
v -9.66526349 6.81459271 0.21641149
v -9.43741109 6.94479294 0.16849169
v -9.49078460 6.89558312 0.31023168
v -8.53283242 4.87024701 -0.21112946
v -8.58620592 4.82103719 -0.06938947
v -8.35835352 4.95123742 -0.11730927
v -8.41172702 4.90202760 0.02443072
v -10.48549374 6.10935499 -0.05304133
v -10.64522911 5.78725913 0.85862684
v -9.28053393 6.78002702 0.39503331
v -9.44026930 6.45793116 1.30670148
v -8.99632461 3.80374537 -0.60670148
v -9.15605998 3.48164951 0.30496669
v -7.79136480 4.47441740 -0.15862684
v -7.95110017 4.15232153 0.75304133
v -9.73302378 6.00769020 0.27017924
v -9.77113789 5.79019508 1.07338045
v -9.05865457 6.40944918 0.41097036
v -9.09676868 6.19195406 1.21417157
v -8.69060539 4.39376347 -0.11738287
v -8.72871950 4.17626834 0.68581834
v -8.01623618 4.79552245 0.02340826
v -8.05435029 4.57802732 0.82660947
v -9.63218936 6.45824072 0.93081175
v -9.67212320 6.37771676 1.15872879
v -9.41529659 6.57896169 1.01146518
v -9.45523044 6.49843772 1.23938223
v -8.11323685 4.10651891 0.36607839
v -8.15317069 4.02599494 0.59399544
v -7.89634408 4.22723987 0.44673183
v -7.93627792 4.14671591 0.67464887
v -10.39157153 6.34465509 -0.03301932
v -10.61114306 6.15461895 0.53394065
v -9.40858945 6.76393248 0.48820397
v -9.62816099 6.57389634 1.05516394
v -9.39558522 4.35792388 -0.31321634
v -9.61515676 4.16788774 0.25374363
v -8.41260315 4.77720127 0.20800695
v -8.63217469 4.58716512 0.77496692
v -9.82491368 6.20239888 0.30377341
v -9.94743469 6.06901271 0.81403299
v -9.25816343 6.45790891 0.50665116
v -9.38068443 6.32452274 1.01691074
v -9.12772327 4.81168703 0.10763550
v -9.25024427 4.67830086 0.61789508
v -8.56097302 5.06719706 0.31051325
v -8.68349402 4.93381089 0.82077283
v -9.75352670 6.57586269 0.77467149
v -9.80841958 6.52835366 0.91641149
v -9.57658993 6.65133262 0.86849169
v -9.63148281 6.60382359 1.01023168
v -8.73762067 4.54939685 0.48887054
v -8.79251355 4.50188782 0.63061053
v -8.56068390 4.62486678 0.58269073
v -8.61557678 4.57735775 0.72443072
v -10.82020906 4.72575506 -0.66214466
v -11.00759500 4.45390000 0.17510162
v -9.66518344 5.16681646 -0.26042257
v -9.85256937 4.89496140 0.57682372
v -9.85914504 2.63221038 -1.12682372
v -10.04653097 2.36035533 -0.28957743
v -8.70411941 3.07327178 -0.72510162
v -8.89150534 2.80141673 0.11214466
v -10.17714655 4.55928793 -0.36483059
v -10.24028021 4.36658201 0.37280318
v -9.52734642 4.82956862 -0.23860406
v -9.59048008 4.63686271 0.49902970
v -9.50440173 3.09380665 -0.69010593
v -9.56753539 2.90110074 0.04752784
v -8.85460160 3.36408735 -0.56387940
v -8.91773525 3.17138143 0.17375436
v -10.02073445 4.92044808 0.23303827
v -10.06758094 4.85248431 0.44234984
v -9.81282984 4.99983913 0.30534824
v -9.85967632 4.93187537 0.51465981
v -9.04044914 2.78503251 -0.24093437
v -9.08729563 2.71706874 -0.03162280
v -8.83254453 2.86442356 -0.16862439
v -8.87939101 2.79645980 0.04068718
v -10.83970659 4.88697405 -0.63043411
v -11.06418435 4.74299609 -0.10975658
v -9.91380770 5.13333670 -0.16313046
v -10.13828546 4.98935874 0.35754706
v -10.25016023 3.11736044 -0.86559946
v -10.47463799 2.97338248 -0.34492194
v -9.32426134 3.36372308 -0.39829582
v -9.54873910 3.21974512 0.12238170
v -10.36264987 4.70565437 -0.32446717
v -10.49149048 4.60045777 0.14413856
v -9.82705072 4.85991754 -0.14257678
v -9.95589133 4.75472094 0.32602896
v -9.94996742 3.46692484 -0.48908292
v -10.07880803 3.36172824 -0.02047718
v -9.41436827 3.62118801 -0.30719252
v -9.54320888 3.51599141 0.16141321
v -10.24714644 5.00703881 0.10189083
v -10.30326588 4.97104432 0.23206021
v -10.08048464 5.05138408 0.18600548
v -10.13660408 5.01538959 0.31617486
v -9.64580915 3.20203292 -0.13797784
v -9.70192859 3.16603843 -0.00780846
v -9.47914735 3.24637820 -0.05386318
v -9.53526679 3.21038371 0.07630620
v -10.90286457 4.44413425 -0.11214466
v -11.09869722 4.17829928 0.72510162
v -9.73455480 4.84869778 0.28957743
v -9.93038745 4.58286281 1.12682372
v -10.00803460 2.32143486 -0.57682372
v -10.20386724 2.05559989 0.26042257
v -8.83972483 2.72599839 -0.17510162
v -9.03555748 2.46016342 0.66214466
v -10.26534823 4.25755018 0.18516941
v -10.33450377 4.06692243 0.92280318
v -9.60737901 4.50728679 0.31139594
v -9.67653455 4.31665904 1.04902970
v -9.63896725 2.77166061 -0.14010593
v -9.70812279 2.58103286 0.59752784
v -8.98099803 3.02139722 -0.01387940
v -9.05015357 2.83076947 0.72375436
v -10.09766900 4.61361910 0.78303827
v -10.14662716 4.54716035 0.99234984
v -9.88737324 4.68644053 0.85534824
v -9.93633140 4.61998179 1.06465981
v -9.18494242 2.44846572 0.30906563
v -9.23390058 2.38200698 0.51837720
v -8.97464666 2.52128716 0.38137561
v -9.02360483 2.45482841 0.59068718
v -10.93549248 4.58462948 -0.08043411
v -11.16438194 4.44777358 0.44024342
v -10.00231203 4.80178738 0.38686954
v -10.23120149 4.66493148 0.90754706
v -10.40182194 2.79737097 -0.31559946
v -10.63071139 2.66051507 0.20507806
v -9.46864149 3.01452886 0.15170418
v -9.69753094 2.87767296 0.67238170
v -10.46436656 4.38841456 0.22553283
v -10.59644789 4.28731684 0.69413856
v -9.92418617 4.52577804 0.40742322
v -10.05626751 4.42468032 0.87602896
v -10.09079717 3.13733360 0.06091708
v -10.22287851 3.03623588 0.52952282
v -9.55061679 3.27469707 0.24280748
v -9.68269813 3.17359936 0.71141321
v -10.33945340 4.68602223 0.65189083
v -10.39667577 4.65180825 0.78206021
v -10.17148092 4.72511065 0.73600548
v -10.22870329 4.69089667 0.86617486
v -9.79510945 2.86301854 0.41202216
v -9.85233181 2.82880457 0.54219154
v -9.62713697 2.90210696 0.49613682
v -9.68435933 2.86789299 0.62630620
v -11.04249757 2.74702036 -0.37124799
v -11.25698389 2.53608300 0.39157640
v -9.96539857 2.93694197 -0.01587844
v -10.17988488 2.72600462 0.74694595
v -10.59955871 0.93797193 -0.74694595
v -10.81404502 0.72703458 0.01587844
v -9.52245970 1.12789355 -0.39157640
v -9.73694601 0.91695619 0.37124799
v -10.52031138 2.51918195 -0.09984041
v -10.60999610 2.35765018 0.57222591
v -9.91064706 2.64526639 0.01182151
v -10.00033179 2.48373462 0.68388783
v -10.21025417 1.25284805 -0.36282898
v -10.29993889 1.09131628 0.30923733
v -9.60058985 1.37893250 -0.25116706
v -9.69027458 1.21740073 0.42089926
v -10.31925503 2.77656463 0.43526479
v -10.37287661 2.72383030 0.62597088
v -10.12537721 2.81075053 0.49923130
v -10.17899879 2.75801619 0.68993740
v -9.86745739 0.93133524 0.05205287
v -9.92107896 0.87860090 0.24275897
v -9.67357956 0.96552113 0.11601939
v -9.72720114 0.91278679 0.30672548
v -11.18546017 2.81559453 -0.32784889
v -11.41110000 2.72545586 0.14654619
v -10.33996200 2.87471753 0.08553510
v -10.56560183 2.78457885 0.55993018
v -10.98795370 1.32052250 -0.51798258
v -11.21359353 1.23038383 -0.04358750
v -10.14245554 1.37964550 -0.10459859
v -10.36809537 1.28950682 0.36979649
v -10.80604756 2.59892460 -0.05270775
v -10.93944184 2.52700554 0.37424414
v -10.31499162 2.64333292 0.10819529
v -10.44838590 2.57141386 0.53514718
v -10.66779303 1.55237418 -0.18580134
v -10.80118731 1.48045512 0.24115056
v -10.17673709 1.59678250 -0.02489829
v -10.31013137 1.52486344 0.40205360
v -10.65488860 2.81759127 0.32911016
v -10.71129856 2.79505660 0.44770893
v -10.50269893 2.82823341 0.40351928
v -10.55910889 2.80569874 0.52211804
v -10.45343201 1.29261780 0.13517379
v -10.50984197 1.27008313 0.25377256
v -10.30124234 1.30325994 0.20958291
v -10.35765230 1.28072527 0.32818168
v -0.84815669 9.60634003 -4.10719482
v -1.08160260 9.16953918 -2.85132540
v -1.07078452 11.59111189 -3.45825914
v -1.30423043 11.15431103 -2.20238971
v 3.65622490 9.81419206 -3.19761029
v 3.42277899 9.37739120 -1.94174086
v 3.43359707 11.79896392 -2.54867460
v 3.20015116 11.36216306 -1.29280518
v -0.32810501 10.47415453 -3.39136056
v -0.54153337 10.25742532 -2.28490991
v -0.42156221 11.60716545 -3.18745617
v -0.63499057 11.39043625 -2.08100552
v 2.82496211 10.61965095 -2.75465138
v 2.61153374 10.40292174 -1.64820074
v 2.73150491 11.75266187 -2.55074700
v 2.51807654 11.53593267 -1.44429635
v -1.23110504 10.91708614 -2.74294090
v -1.28946652 10.80788592 -2.42897354
v -1.27117805 11.27434507 -2.62613248
v -1.32953953 11.16514486 -2.31216512
v 3.36336418 11.12909521 -1.81516467
v 3.30500270 11.01989499 -1.50119732
v 3.32329117 11.48635414 -1.69835625
v 3.26492969 11.37715393 -1.38438889
v -0.54508907 10.07952802 -3.67713374
v -0.58256608 9.68126267 -2.89611745
v -0.87743995 11.59114651 -2.92225862
v -0.91491696 11.19288116 -2.14124234
v 3.06229813 10.64278616 -3.21681006
v 3.02482112 10.24452081 -2.43579378
v 2.72994725 12.15440465 -2.46193495
v 2.69247024 11.75613930 -1.68091867
v -0.17146893 10.79257739 -3.06465893
v -0.22304918 10.54846985 -2.36175032
v -0.34685350 11.67570067 -2.77083598
v -0.39843374 11.43159313 -2.06792738
v 2.35370210 11.18685809 -2.74243235
v 2.30212186 10.94275055 -2.03952375
v 2.17831754 12.06998137 -2.44860941
v 2.12673729 11.82587383 -1.74570081
v -0.87566413 11.02947730 -2.54310214
v -0.88503338 10.92991096 -2.34784807
v -0.93548729 11.30156863 -2.40722462
v -0.94485654 11.20200229 -2.21197055
v 2.80387081 11.60400061 -2.07357199
v 2.79450156 11.50443427 -1.87831792
v 2.74404765 11.87609194 -1.93769447
v 2.73467840 11.77652560 -1.74244040
v -0.49084401 9.50108071 -2.75719482
v -0.71045448 9.05716267 -1.50132540
v -0.77570518 11.47788029 -2.10825914
v -0.99531565 11.03396225 -0.85238971
v 4.00478615 9.85031622 -1.84761029
v 3.78517568 9.40639818 -0.59174086
v 3.71992498 11.82711580 -1.19867460
v 3.50031451 11.38319776 0.05719482
v 0.00169235 10.38480221 -2.04136056
v -0.20482307 10.16147600 -0.93490991
v -0.12730747 11.51431850 -1.83745617
v -0.33382289 11.29099229 -0.73100552
v 3.14863346 10.62926706 -1.40465138
v 2.94211804 10.40594085 -0.29820074
v 3.01963364 11.75878335 -1.20074700
v 2.81311822 11.53545714 -0.09429635
v -0.91477493 10.79915134 -1.39294090
v -0.96967755 10.68817183 -1.07897354
v -0.96604994 11.15497527 -1.27613248
v -1.02095256 11.04399576 -0.96216512
v 3.67076784 11.15537156 -0.46516467
v 3.61586522 11.04439205 -0.15119732
v 3.61949283 11.51119548 -0.34835625
v 3.56459021 11.40021598 -0.03438889
v -0.17555084 9.98998185 -2.32713374
v -0.20049954 9.59073583 -1.54611745
v -0.55521881 11.49041505 -1.57225862
v -0.58016751 11.09116904 -0.79124234
v 3.41236396 10.66627283 -1.86681006
v 3.38741526 10.26702681 -1.08579378
v 3.03269599 12.16670603 -1.11193495
v 3.00774730 11.76746002 -0.33091867
v 0.17548751 10.71441506 -1.71465893
v 0.13160032 10.46880780 -1.01175032
v -0.02755008 11.59159362 -1.42083598
v -0.07143727 11.34598635 -0.71792738
v 2.68702787 11.18781874 -1.39243235
v 2.64314069 10.94221148 -0.68952375
v 2.48399028 12.06499730 -1.09860941
v 2.44010309 11.81939004 -0.39570081
v -0.53580141 10.92907877 -1.19310214
v -0.54203859 10.82926727 -0.99784807
v -0.60414165 11.19915675 -1.05722462
v -0.61037882 11.09934525 -0.86197055
v 3.12387168 11.61889557 -0.72357199
v 3.11763451 11.51908407 -0.52831792
v 3.05553145 11.88897355 -0.58769447
v 3.04929428 11.78916204 -0.39244040
v -0.13304692 9.38644496 -1.40719482
v -0.33860523 8.93584784 -0.15132540
v -0.47986031 11.35332141 -0.75825914
v -0.68541861 10.90272429 0.49761029
v 4.34939516 9.87671930 -0.49761029
v 4.14383686 9.42612218 0.75825914
v 4.00258178 11.84359575 0.15132540
v 3.79702347 11.39299863 1.40719482
v 0.33148803 10.28520134 -0.69136056
v 0.13208936 10.05549852 0.41509009
v 0.16707290 11.41010830 -0.48745617
v -0.03232577 11.18040548 0.61899448
v 3.46919749 10.62839338 -0.05465138
v 3.26979882 10.39869056 1.05179926
v 3.30478236 11.75330034 0.14925300
v 3.10538369 11.52359752 1.25570365
v -0.59754204 10.67055908 -0.04294090
v -0.64893162 10.55790980 0.27102646
v -0.65996845 11.02459684 0.07386752
v -0.71135803 10.91194756 0.38783488
v 3.97454888 11.17063891 0.88483533
v 3.92315931 11.05798963 1.19880268
v 3.91212248 11.52467667 1.00164375
v 3.86073290 11.41202739 1.31561111
v 0.19416064 9.89057677 -0.97713374
v 0.18176487 9.49074410 -0.19611745
v -0.23244974 11.37834394 -0.22225862
v -0.24484550 10.97851127 0.55875766
v 3.75906221 10.67923317 -0.51681006
v 3.74666644 10.27940050 0.26420622
v 3.33245183 12.16700034 0.23806505
v 3.32005607 11.76716767 1.01908133
v 0.52227078 10.62567890 -0.36465893
v 0.48611995 10.37881430 0.33824968
v 0.29178052 11.49604705 -0.07083598
v 0.25562970 11.24918245 0.63207262
v 3.01770187 11.17773838 -0.04243235
v 2.98155105 10.93087377 0.66047625
v 2.78721162 12.04810653 0.25139059
v 2.75106080 11.80124193 0.95429919
v -0.19540992 10.81789456 0.15689786
v -0.19850887 10.71793640 0.35215193
v -0.27219979 11.08569265 0.29277538
v -0.27529873 10.98573449 0.48802945
v 3.44078968 11.62232409 0.62642801
v 3.43769074 11.52236592 0.82168208
v 3.36399981 11.89012218 0.76230553
v 3.36090087 11.79016401 0.95755960
v 0.22488146 9.26254593 -0.05719482
v 0.03357818 8.80571441 1.19867460
v -0.18354187 11.21755817 0.59174086
v -0.37484515 10.76072665 1.84761029
v 4.68971184 9.89337526 0.85238971
v 4.49840857 9.43654373 2.10825914
v 4.28128851 11.84838749 1.50132540
v 4.08998523 11.39155597 2.75719482
v 0.66095658 10.17545022 0.65863944
v 0.46887144 9.93959748 1.76509009
v 0.46128840 11.29463770 0.86254383
v 0.26920326 11.05878497 1.96899448
v 3.78633785 10.61703075 1.29534862
v 3.59425270 10.38117801 2.40179926
v 3.58666966 11.73621823 1.49925300
v 3.39458452 11.50036549 2.60570365
v -0.27971946 10.53143627 1.30705910
v -0.32754527 10.41722839 1.62102646
v -0.35323566 10.88333848 1.42386752
v -0.40106148 10.76913060 1.73783488
v 4.27440753 11.17488219 2.23483533
v 4.22658171 11.06067430 2.54880268
v 4.20089133 11.52678439 2.35164375
v 4.15306551 11.41257651 2.66561111
v 0.56368050 9.78141089 0.37286626
v 0.56384989 9.38138615 1.15388255
v 0.09054874 11.25504378 1.12774138
v 0.09071813 10.85501904 1.90875766
v 4.10205071 10.68165439 0.83318994
v 4.10222010 10.28162966 1.61420622
v 3.62891895 12.15528729 1.58806505
v 3.62908834 11.75526255 2.36908133
v 0.86853862 10.52645647 0.98534107
v 0.84015984 10.27857816 1.68824968
v 0.61082317 11.38915528 1.27916402
v 0.58244439 11.14127697 1.98207262
v 3.34539777 11.15662693 1.30756765
v 3.31701899 10.90874862 2.01047625
v 3.08768232 12.01932574 1.60139059
v 3.05930354 11.77144743 2.30429919
v 0.14517441 10.69603440 1.50689786
v 0.14521676 10.59602821 1.70215193
v 0.06001070 10.96128832 1.64277538
v 0.06005304 10.86128213 1.83802945
v 3.75431203 11.61428277 1.97642801
v 3.75435438 11.51427659 2.17168208
v 3.66914831 11.87953670 2.11230553
v 3.66919066 11.77953051 2.30755960
v 0.58258792 9.12950588 1.29280518
v 0.40572846 8.66689080 2.54867460
v 0.11295770 11.07072455 1.94174086
v -0.06390176 10.60810947 3.19761029
v 5.02540035 9.90026764 2.20238971
v 4.84854089 9.43765256 3.45825914
v 4.55577013 11.84148631 2.85132540
v 4.37891067 11.37887123 4.10719482
v 0.98977284 10.05565716 2.00863944
v 0.80519079 9.81388726 3.11509009
v 0.75504865 11.16802066 2.21254383
v 0.57046661 10.92625076 3.31899448
v 4.09974154 10.59519039 2.64534862
v 3.91515949 10.35342049 3.75179926
v 3.86501736 11.70755389 2.84925300
v 3.68043531 11.46578400 3.95570365
v 0.03837918 10.38192021 2.65705910
v -0.00583568 10.26626644 2.97102646
v -0.04615426 10.73133957 2.77386752
v -0.09036912 10.61568580 3.08783488
v 4.57004786 11.16809720 3.58483533
v 4.52583299 11.05244343 3.89880268
v 4.48551442 11.51751656 3.70164375
v 4.44129955 11.40186279 4.01561111
v 0.93264408 9.66259193 1.72286626
v 0.94537847 9.26276990 2.50388255
v 0.41345785 11.12063625 2.47774138
v 0.42619224 10.72081422 3.25875766
v 4.44099098 10.67353412 2.18318994
v 4.45372538 10.27371209 2.96420622
v 3.92180475 12.13157843 2.93806505
v 3.93453915 11.73175641 3.71908133
v 1.21394932 10.41684571 2.33534107
v 1.19337059 10.16819831 3.03824968
v 0.92926302 11.27102379 2.62916402
v 0.90868429 11.02237639 3.33207262
v 3.66979215 11.12450524 2.65756765
v 3.64921342 10.87585784 3.36047625
v 3.38510585 11.97868332 2.95139059
v 3.36452712 11.73003592 3.65429919
v 0.48561548 10.56361854 2.85689786
v 0.48879908 10.46366303 3.05215193
v 0.39216196 10.82606651 2.99277538
v 0.39534556 10.72611101 3.18802945
v 4.06412932 11.59477957 3.32642801
v 4.06731292 11.49482406 3.52168208
v 3.97067580 11.85722754 3.46230553
v 3.97385940 11.75727204 3.65755960
v 1.44068611 8.89546247 -3.20452403
v 1.30165232 8.44692775 -2.01377376
v 0.87504548 10.71152543 -2.58649004
v 0.73601170 10.26299071 -1.39573977
v 5.53859814 9.88246216 -2.35426023
v 5.39956436 9.43392744 -1.16350996
v 4.97295752 11.69852512 -1.73622624
v 4.83392374 11.24999040 -0.54547597
v 1.75918332 9.79853645 -2.52591969
v 1.59932996 9.55848670 -1.47684055
v 1.46773730 10.84129608 -2.33172503
v 1.30788395 10.60124634 -1.28264590
v 4.62772174 10.48943623 -1.93073502
v 4.46786839 10.24938649 -0.88165589
v 4.33627573 11.53219587 -1.73654037
v 4.17642237 11.29214613 -0.68746124
v 0.84769028 10.05384253 -1.90866271
v 0.81293183 9.94170885 -1.61097514
v 0.74587496 10.38073386 -1.79741659
v 0.71111652 10.26860018 -1.49972902
v 5.02756055 11.06058222 -1.04139363
v 4.99280211 10.94844854 -0.74370606
v 4.92574524 11.38747355 -0.93014751
v 4.89098680 11.27533987 -0.63245994
v 1.78623654 9.45234838 -2.79890139
v 1.82274906 9.07482721 -2.05838225
v 1.20319368 10.80615877 -2.07997271
v 1.23970619 10.42863759 -1.33945357
v 4.99795865 10.60702619 -2.36859883
v 5.03447116 10.22950501 -1.62807969
v 4.41491578 11.96083657 -1.64967015
v 4.45142829 11.58331540 -0.90915101
v 1.99805824 10.18366570 -2.21723697
v 1.99380102 9.94714340 -1.55077548
v 1.67499635 10.97797635 -1.93740559
v 1.67073912 10.74145405 -1.27094410
v 4.24626372 10.99194016 -1.91602517
v 4.24200649 10.75541786 -1.24956369
v 3.92320182 11.78625081 -1.63619380
v 3.91894459 11.54972851 -0.96973231
v 1.30650055 10.28256122 -1.72102177
v 1.31562867 10.18818093 -1.53589198
v 1.20155283 10.52624709 -1.59161461
v 1.21068096 10.43186680 -1.40648482
v 4.58245709 11.46033258 -1.28211315
v 4.59158522 11.36595229 -1.09698337
v 4.47750938 11.70401845 -1.15270599
v 4.48663750 11.60963816 -0.96757620
v 1.79334595 8.73923588 -1.95452403
v 1.66846959 8.28655533 -0.76377376
v 1.17094052 10.53663552 -1.33649004
v 1.04606416 10.08395497 -0.14573977
v 5.85823351 9.85446708 -1.10426023
v 5.73335714 9.40178652 0.08649004
v 5.23582808 11.65186672 -0.48622624
v 5.11095171 11.19918617 0.70452403
v 2.08331976 9.65186848 -1.27591969
v 1.93108543 9.40691608 -0.22684055
v 1.75926369 10.68495904 -1.08172503
v 1.60702936 10.44000663 -0.03264590
v 4.92874105 10.43253032 -0.68073502
v 4.77650672 10.18757792 0.36834411
v 4.60468498 11.46562088 -0.48654037
v 4.45245065 11.22066847 0.56253876
v 1.16425713 9.87841790 -0.65866271
v 1.13303804 9.76524776 -0.36097514
v 1.05222416 10.20194984 -0.54741659
v 1.02100507 10.08877970 -0.24972902
v 5.31044244 11.01595373 0.20860637
v 5.27922335 10.90278359 0.50629394
v 5.19840946 11.33948566 0.31985249
v 5.16719037 11.22631552 0.61754006
v 2.14919587 9.30786148 -1.54890139
v 2.19754859 8.93167347 -0.80838225
v 1.52391649 10.64269002 -0.82997271
v 1.57226921 10.26650202 -0.08945357
v 5.32306388 10.56285215 -1.11859883
v 5.37141660 10.18666414 -0.37807969
v 4.69778450 11.89768069 -0.39967015
v 4.74613722 11.52149269 0.34084899
v 2.33794182 10.04547141 -0.96723697
v 2.34111604 9.80893210 -0.30077548
v 1.99008943 10.82924250 -0.68740559
v 1.99326365 10.59270319 -0.02094410
v 4.55964942 10.92396488 -0.66602517
v 4.56282364 10.68742557 0.00043631
v 4.21179704 11.70773597 -0.38619380
v 4.21497126 11.47119665 0.28026769
v 1.64361898 10.12259579 -0.47102177
v 1.65570716 10.02854879 -0.28589198
v 1.53106869 10.36286493 -0.34161461
v 1.54315687 10.26881792 -0.15648482
v 4.88096435 11.40268627 -0.03211315
v 4.89305253 11.30863927 0.15301663
v 4.76841406 11.64295541 0.09729401
v 4.78050224 11.54890841 0.28242380
v 2.14423598 8.57438472 -0.70452403
v 2.03364028 8.11800508 0.48622624
v 1.46567999 10.35134723 -0.08649004
v 1.35508428 9.89496758 1.10426023
v 6.17208750 9.81674683 0.14573977
v 6.06149180 9.36036718 1.33649004
v 5.49353151 11.59370933 0.76377376
v 5.38293580 11.13732969 1.95452403
v 2.40540023 9.49567529 -0.02591969
v 2.26093515 9.24606196 1.02315945
v 2.04905390 10.51807724 0.16827497
v 1.90458882 10.26846390 1.21735410
v 5.22489629 10.36532877 0.56926498
v 5.08043122 10.11571543 1.61834411
v 4.86854996 11.38773071 0.76345963
v 4.72408489 11.13811737 1.81253876
v 1.47967501 9.69324447 0.59133729
v 1.45202608 9.57914956 0.88902486
v 1.35753493 10.01309772 0.70258341
v 1.32988600 9.89900281 1.00027098
v 5.58808356 10.96045382 1.45860637
v 5.56043463 10.84635890 1.75629394
v 5.46594348 11.28030707 1.56985249
v 5.43829455 11.16621216 1.86754006
v 2.51003421 9.15418884 -0.29890139
v 2.57017942 8.77970525 0.44161775
v 1.84313538 10.46871823 0.42002729
v 1.90328060 10.09423464 1.16054643
v 5.64291589 10.50825385 0.13140117
v 5.70306110 10.13377026 0.87192031
v 4.97601707 11.82278324 0.85032985
v 5.03616228 11.44829965 1.59084899
v 2.67551813 9.89736346 0.28276303
v 2.68612066 9.66104057 0.94922452
v 2.30321854 10.66982150 0.56259441
v 2.31382107 10.43349860 1.22905590
v 4.86853531 10.84520897 0.58397483
v 4.87913784 10.60888607 1.25043631
v 4.49623572 11.61766700 0.86380620
v 4.50683825 11.38134411 1.53026769
v 1.97911536 9.95264057 0.77897823
v 1.99415167 9.85901968 0.96410802
v 1.85907357 10.18925586 0.90838539
v 1.87410988 10.09563497 1.09351518
v 5.17465468 11.33378688 1.21788685
v 5.18969098 11.24016599 1.40301663
v 5.05461289 11.57040217 1.34729401
v 5.06964920 11.47678128 1.53242380
v 2.49300991 8.40107168 0.54547597
v 2.39680401 7.94144334 1.73622624
v 1.75897300 10.15584340 1.16350996
v 1.66276710 9.69621506 2.35426023
v 6.47985039 9.76933863 1.39573977
v 6.38364449 9.30971028 2.58649004
v 5.74581348 11.52411035 2.01377376
v 5.64960758 11.06448201 3.20452403
v 2.72510685 9.33011102 1.22408031
v 2.58855361 9.07608310 2.27315945
v 2.33682193 10.34081536 1.41827497
v 2.20026869 10.08678744 2.46735410
v 5.51589519 10.28789788 1.81926498
v 5.37934194 10.03386996 2.86834411
v 5.12761027 11.29860222 2.01345963
v 4.99105703 11.04457430 3.06253876
v 1.79363263 9.49850497 1.84133729
v 1.76958115 9.38359789 2.13902486
v 1.66150598 9.81436388 1.95258341
v 1.63745451 9.69945680 2.25027098
v 5.86020992 10.89413726 2.70860637
v 5.83615844 10.77923017 3.00629394
v 5.72808327 11.20999617 2.81985249
v 5.70403180 11.09508908 3.11754006
v 2.86839544 8.99148212 0.95109861
v 2.94027379 8.61907252 1.69161775
v 2.16053533 10.28441507 1.67002729
v 2.23241367 9.91200547 2.41054643
v 5.95719903 10.44328517 1.38140117
v 6.02907737 10.07087558 2.12192031
v 5.24933891 11.73621812 2.10032985
v 5.32121726 11.36380853 2.84084899
v 3.01045403 9.73948800 1.53276303
v 3.02847441 9.50361476 2.19922452
v 2.61407465 10.49987067 1.81259441
v 2.63209503 10.26399742 2.47905590
v 5.17261654 10.75575014 1.83397483
v 5.19063692 10.51987689 2.50043631
v 4.77623716 11.51613280 2.11380620
v 4.79425754 11.28025956 2.78026769
v 2.31265860 9.77286330 2.02897823
v 2.33062818 9.67976090 2.21410802
v 2.18524378 10.00559123 2.15838539
v 2.20321336 9.91248883 2.34351518
v 5.46323825 11.25370241 2.46788685
v 5.48120784 11.16060002 2.65301663
v 5.33582343 11.48643034 2.59729401
v 5.35379302 11.39332795 2.78242380
v 3.48348421 8.00734662 -2.97220187
v 3.42813954 7.57059964 -1.85587349
v 2.65470108 9.61308451 -2.38506958
v 2.59935641 9.17633754 -1.26874120
v 7.07814919 9.57348607 -2.18125880
v 7.02280452 9.13673910 -1.06493042
v 6.24936606 11.17922397 -1.59412651
v 6.19402139 10.74247699 -0.47779813
v 3.62073014 8.90150873 -2.33212507
v 3.51222330 8.65385770 -1.34861338
v 3.17604311 9.82900200 -2.14764015
v 3.06753628 9.58135097 -1.16412846
v 6.13699562 9.99780634 -1.77846492
v 6.02848879 9.75015532 -0.79495323
v 5.69230860 10.92529961 -1.59398000
v 5.58380176 10.67764859 -0.61046831
v 2.73886558 8.99752871 -1.75101249
v 2.72502941 8.88834197 -1.47193040
v 2.58968461 9.28656153 -1.64532868
v 2.57584845 9.17737479 -1.36624658
v 6.40542385 10.59499095 -0.94425056
v 6.39158768 10.48580421 -0.66516846
v 6.25624289 10.88402378 -0.83856674
v 6.24240672 10.77483703 -0.55948465
v 3.85680199 8.61426587 -2.59277640
v 3.95197105 8.27166076 -1.89853970
v 3.08799374 9.78466457 -1.90979415
v 3.18316280 9.44205946 -1.21555746
v 6.61254257 10.19086619 -2.19249494
v 6.70771164 9.84826108 -1.49825825
v 5.84373432 11.36126489 -1.50951270
v 5.93890339 11.01865978 -0.81527600
v 3.92504373 9.32956945 -2.04267447
v 3.95961790 9.11050546 -1.41786683
v 3.49176349 10.01940642 -1.77683466
v 3.52633766 9.80034243 -1.15202702
v 5.85406214 10.43318968 -1.76247745
v 5.88863631 10.21412568 -1.13766981
v 5.42078191 11.12302664 -1.49663765
v 5.45535608 10.90396265 -0.87183000
v 3.27074902 9.31526437 -1.57495382
v 3.29454128 9.22961309 -1.40139465
v 3.13236353 9.52593613 -1.45201702
v 3.15615580 9.44028485 -1.27845785
v 6.08160442 10.92339669 -1.16666674
v 6.10539668 10.83774541 -0.99310757
v 5.94321893 11.13406846 -1.04372994
v 5.96701120 11.04841718 -0.87017076
v 3.81919468 7.80883656 -1.82220187
v 3.77759588 7.37056668 -0.70587349
v 2.94038306 9.38774942 -1.23506958
v 2.89878425 8.94947953 -0.11874120
v 7.36289227 9.48711437 -1.03125880
v 7.32129347 9.04884449 0.08506958
v 6.48408065 11.06602723 -0.44412651
v 6.44248185 10.62775735 0.67220187
v 3.92828657 8.70686845 -1.18212507
v 3.82761219 8.45593135 -0.19861338
v 3.45468571 9.61993611 -0.99764015
v 3.35401132 9.36899900 -0.01412846
v 6.40887489 9.88166292 -0.62846492
v 6.30820050 9.63072582 0.35504677
v 5.93527402 10.79473057 -0.44398000
v 5.83459964 10.54379347 0.53953169
v 3.04384110 8.77514103 -0.60101249
v 3.03344140 8.66557355 -0.32193040
v 2.88565500 9.05934534 -0.49532868
v 2.87525530 8.94977787 -0.21624658
v 6.65841264 10.48698439 0.20574944
v 6.64801294 10.37741692 0.48483154
v 6.50022655 10.77118871 0.31143326
v 6.48982685 10.66162124 0.59051535
v 4.20100336 8.42346978 -1.44277640
v 4.30688695 8.08402306 -0.74853970
v 3.39581135 9.56914212 -0.75979415
v 3.50169494 9.22969539 -0.06555746
v 6.90586194 10.08585205 -1.04249494
v 7.01174553 9.74640533 -0.34825825
v 6.10066994 11.23152438 -0.35951270
v 6.20655353 10.89207766 0.33472400
v 4.24674320 9.14056393 -0.89267447
v 4.28818127 8.92269404 -0.26786683
v 3.79200846 9.81645085 -0.62683466
v 3.83344653 9.59858095 -0.00202702
v 6.14014420 10.30423152 -0.61247745
v 6.18158228 10.08636162 0.01233019
v 5.68540946 10.98011844 -0.34663765
v 5.72684754 10.76224854 0.27817000
v 3.59322067 9.10571401 -0.42495382
v 3.61969157 9.02085233 -0.25139465
v 3.44828611 9.31193503 -0.30201702
v 3.47475701 9.22707335 -0.12845785
v 6.35217643 10.80134392 -0.01666674
v 6.37864732 10.71648224 0.15689243
v 6.20724187 11.00756494 0.10627006
v 6.23371276 10.92270326 0.27982924
v 4.15113606 7.60262012 -0.67220187
v 4.12332417 7.16325985 0.44412651
v 3.22316323 9.15314974 -0.08506958
v 3.19535134 8.71378947 1.03125880
v 7.64036908 9.39138004 0.11874120
v 7.61255719 8.95201977 1.23506958
v 6.71239624 10.94190966 0.70587349
v 6.68458436 10.50254939 1.82220187
v 4.23196626 8.50363555 -0.03212507
v 4.13922368 8.24966001 0.95138662
v 3.72991894 9.40137650 0.15235985
v 3.63717636 9.14740096 1.13587154
v 6.67442937 9.75576750 0.52153508
v 6.58168679 9.50179195 1.50504677
v 6.17238205 10.65350844 0.70602000
v 6.07963947 10.39953290 1.68953169
v 3.34581271 8.54409333 0.54898751
v 3.33885974 8.43425327 0.82806960
v 3.17877760 8.82318866 0.65467132
v 3.17182463 8.71334860 0.93375342
v 6.90483039 10.36862845 1.35574944
v 6.89787742 10.25878838 1.63483154
v 6.73779528 10.64772378 1.46143326
v 6.73084231 10.53788371 1.74051535
v 4.54105884 8.22436075 -0.29277640
v 4.65755246 7.88840741 0.40146030
v 3.70027772 9.34417607 0.39020585
v 3.81677134 9.00822273 1.08444254
v 7.19236605 9.97088439 0.10750506
v 7.30885967 9.63493105 0.80174175
v 6.35158493 11.09069971 0.79048730
v 6.46807855 10.75474637 1.48472400
v 4.56425164 8.94253778 0.25732553
v 4.61251273 8.72607699 0.88213317
v 4.08851116 9.60380763 0.52316534
v 4.13677225 9.38734684 1.14797298
v 6.42016669 10.16510433 0.53752255
v 6.46842778 9.94864354 1.16233019
v 5.94442621 10.82637417 0.80336235
v 5.99268730 10.60991339 1.42817000
v 3.91214625 8.88717742 0.72504618
v 3.94126966 8.80318908 0.89860535
v 3.76080565 9.08874418 0.84798298
v 3.78992906 9.00475584 1.02154215
v 6.61647961 10.66863153 1.13333326
v 6.64560301 10.58464320 1.30689243
v 6.46513900 10.87019829 1.25627006
v 6.49426241 10.78620996 1.42982924
v 4.47898078 7.38890082 0.47779813
v 4.46498325 6.94888376 1.59412651
v 3.50276253 8.90951702 1.06493042
v 3.48876500 8.46949995 2.18125880
v 7.91030576 9.28637755 1.26874120
v 7.89630823 8.84636048 2.38506958
v 6.93408751 10.80699374 1.85587349
v 6.92008999 10.36697668 2.97220187
v 4.53146951 8.29201059 1.11787493
v 4.44675026 8.03524726 2.10138662
v 4.00147120 9.17353887 1.30235985
v 3.91675194 8.91677553 2.28587154
v 6.93339700 9.62024430 1.67153508
v 6.84867774 9.36348097 2.65504677
v 6.40339868 10.50177258 1.85602000
v 6.31867943 10.24500924 2.83953169
v 3.64448242 8.30461365 1.69898751
v 3.64098304 8.19460939 1.97806960
v 3.46876313 8.57832457 1.80467132
v 3.46526375 8.46832030 2.08375342
v 7.14443390 10.24003991 2.50574944
v 7.14093452 10.13003565 2.78483154
v 6.96871461 10.51375083 2.61143326
v 6.96521523 10.40374656 2.89051535
v 4.87663285 8.01713527 0.85722360
v 5.00362154 7.68500685 1.55146030
v 4.00109235 9.10998845 1.54020585
v 4.12808104 8.77786004 2.23444254
v 7.47177217 9.84607668 1.25750506
v 7.59876086 9.51394826 1.95174175
v 6.59623167 10.93892987 1.94048730
v 6.72322036 10.60680145 2.63472400
v 4.87725572 8.73568643 1.40732553
v 4.93229219 8.52084837 2.03213317
v 4.38097900 9.38168660 1.67316534
v 4.43601548 9.16684854 2.29797298
v 6.69385324 10.01594541 1.68752255
v 6.74888971 9.80110735 2.31233019
v 6.19757653 10.66194559 1.95336235
v 6.25261300 10.44710753 2.57817000
v 4.22721102 8.65987025 1.87504618
v 4.25895819 8.57683815 2.04860535
v 4.06961373 8.85658383 1.99798298
v 4.10136090 8.77355172 2.17154215
v 6.87425312 10.52539049 2.28333326
v 6.90600029 10.44235839 2.45689243
v 6.71665583 10.72210407 2.40627006
v 6.74840300 10.63907196 2.57982924
v 5.57050501 6.84391365 -2.14726750
v 5.59686298 6.43386959 -1.10536101
v 4.54125768 8.15185371 -1.60648776
v 4.56761565 7.74180965 -0.56458127
v 8.48080149 8.83977079 -1.43541873
v 8.50715946 8.42972674 -0.39351224
v 7.45155416 10.14771085 -0.89463899
v 7.47791213 9.73766679 0.14726750
v 5.52925800 7.66801637 -1.55830850
v 5.47351976 7.42189522 -0.64036426
v 4.96552862 8.42942461 -1.38838818
v 4.90979037 8.18330346 -0.47044394
v 7.56646554 9.06511637 -1.06001437
v 7.51072729 8.81899522 -0.14207013
v 7.00273615 9.82652461 -0.89009405
v 6.94699791 9.58040346 0.02785020
v 4.72550334 7.60660679 -1.01306752
v 4.73209283 7.50409578 -0.75259089
v 4.54023882 7.84203600 -0.91572716
v 4.54682831 7.73952499 -0.65525054
v 7.69400575 9.64238107 -0.28698177
v 7.70059524 9.53987006 -0.02650515
v 7.50874123 9.87781028 -0.18964142
v 7.51533072 9.77529927 0.07083520
v 5.95793163 7.46831014 -1.79766128
v 6.10561965 7.17111064 -1.14970703
v 5.05874938 8.39295954 -1.16859868
v 5.20643739 8.09576004 -0.52064443
v 8.12503762 9.33063911 -1.43740797
v 8.27272564 9.03343961 -0.78945372
v 7.22585537 10.25528851 -0.80834537
v 7.37354338 9.95808901 -0.16039112
v 5.88813011 8.11961978 -1.29114412
v 5.95847956 7.92495074 -0.70799032
v 5.37610928 8.66806988 -1.04629167
v 5.44645873 8.47340084 -0.46313786
v 7.40510430 9.42325006 -1.03896680
v 7.47545375 9.22858102 -0.45581300
v 6.89308347 9.97170016 -0.79411435
v 6.96343292 9.77703111 -0.21096055
v 5.30761235 7.99804320 -0.85435399
v 5.34453436 7.92374333 -0.69236543
v 5.14575955 8.16448010 -0.74112272
v 5.18268155 8.09018022 -0.57913416
v 7.51806046 9.89761875 -0.48689562
v 7.55498247 9.82331888 -0.32490705
v 7.35620766 10.06405564 -0.37366435
v 7.39312966 9.98975577 -0.21167579
v 5.87362381 6.60564970 -1.14726750
v 5.91284857 6.19663590 -0.10536101
v 4.80380096 7.88061493 -0.60648776
v 4.84302572 7.47160113 0.43541873
v 8.71979285 8.69193662 -0.43541873
v 8.75901761 8.28292282 0.60648776
v 7.64996999 9.96690185 0.10536101
v 7.68919475 9.55788805 1.14726750
v 5.80651146 7.42805017 -0.55830850
v 5.75853157 7.18029969 0.35963574
v 5.21914383 8.17137553 -0.38838818
v 5.17116394 7.92362505 0.52955606
v 7.79882979 8.88845102 -0.06001437
v 7.75084990 8.64070054 0.85792987
v 7.21146216 9.63177638 0.10990595
v 7.16348227 9.38402590 1.02785020
v 5.00508232 7.34142435 -0.01306752
v 5.01488851 7.23917090 0.24740911
v 4.81251421 7.57091809 0.08427284
v 4.82232040 7.46866464 0.34474946
v 7.90817474 9.46943701 0.71301823
v 7.91798093 9.36718356 0.97349485
v 7.71560663 9.69893075 0.81035858
v 7.72541282 9.59667730 1.07083520
v 6.26778289 7.23301638 -0.79766128
v 6.42473329 6.94060253 -0.14970703
v 5.34000038 8.12896553 -0.16859868
v 5.49695078 7.83655168 0.47935557
v 8.37532238 9.16249685 -0.43740797
v 8.53227277 8.87008299 0.21054628
v 7.44753987 10.05844600 0.19165463
v 7.60449027 9.76603214 0.83960888
v 6.17755768 7.88181213 -0.29114412
v 6.25398712 7.68944887 0.29200968
v 5.64856226 8.41390863 -0.04629167
v 5.72499170 8.22154538 0.53686214
v 7.65283532 9.23244845 -0.03896680
v 7.72926476 9.04008520 0.54418700
v 7.12383991 9.76454496 0.20588565
v 7.20026934 9.57218170 0.78903945
v 5.60114518 7.74206104 0.14564601
v 5.64038278 7.66895757 0.30763457
v 5.43414433 7.90333188 0.25887728
v 5.47338193 7.83022842 0.42086584
v 7.75083546 9.71013111 0.51310438
v 7.79007306 9.63702765 0.67509295
v 7.58383461 9.87140196 0.62633565
v 7.62307221 9.79829849 0.78832421
v 6.17094605 6.36086676 -0.14726750
v 6.22299889 5.95328687 0.89463899
v 5.06160346 7.60159893 0.39351224
v 5.11365630 7.19401903 1.43541873
v 8.95017882 8.53552456 0.56458127
v 9.00223166 8.12794467 1.60648776
v 7.84083623 9.77625673 1.10536101
v 7.89288907 9.36867683 2.14726750
v 6.07803460 7.18075338 0.44169150
v 6.03786041 6.93161806 1.35963574
v 5.46760838 7.90526230 0.61161182
v 5.42743419 7.65612698 1.52955606
v 8.02349753 8.70301384 0.93998563
v 7.98332335 8.45387852 1.85792987
v 7.41307132 9.42752276 1.10990595
v 7.37289713 9.17838744 2.02785020
v 5.27972189 7.06899681 0.98693248
v 5.29273510 6.96710183 1.24740911
v 5.08004023 7.29232860 1.08427284
v 5.09305344 7.19043362 1.34474946
v 8.11453932 9.28714776 1.71301823
v 8.12755253 9.18525279 1.97349485
v 7.91485765 9.51047955 1.81035858
v 7.92787086 9.40858458 2.07083520
v 6.57144860 6.99058452 0.20233872
v 6.73750649 6.70324488 0.85029297
v 5.61598146 7.85694921 0.83140132
v 5.78203935 7.56960958 1.47935557
v 8.61734170 8.98531231 0.56259203
v 8.78339959 8.69797267 1.21054628
v 7.66187455 9.85167701 1.19165463
v 7.82793245 9.56433737 1.83960888
v 6.46088874 7.63622608 0.70885588
v 6.54332274 7.44635844 1.29200968
v 5.91544080 8.15144388 0.95370833
v 5.99787480 7.96157625 1.53686214
v 7.89301391 9.03253553 0.96103320
v 7.97544791 8.84266790 1.54418700
v 7.34756597 9.54775333 1.20588565
v 7.42999997 9.35788570 1.78903945
v 5.88915036 7.47843839 1.14564601
v 5.93066484 7.40660348 1.30763457
v 5.71716628 7.63438403 1.25887728
v 5.75868075 7.56254912 1.42086584
v 7.97596132 9.51306074 1.51310438
v 8.01747580 9.44122583 1.67509295
v 7.80397724 9.66900639 1.62633565
v 7.84549171 9.59717148 1.78832421
v 7.26663919 5.61375289 -1.90198449
v 7.35772757 5.23946769 -0.92519716
v 6.13225550 6.62800897 -1.40755730
v 6.22334388 6.25372377 -0.43076997
v 9.50619971 7.81011135 -1.26923003
v 9.59728809 7.43582615 -0.29244270
v 8.37181602 8.82436743 -0.77480284
v 8.46290440 8.45008223 0.20198449
v 7.09051383 6.33736015 -1.36284568
v 7.07912042 6.10105310 -0.50227296
v 6.46205008 6.93342887 -1.20748996
v 6.45065667 6.69712182 -0.34691724
v 8.65820619 7.87481108 -0.91991756
v 8.64681278 7.63850402 -0.05934484
v 8.02974245 8.47087979 -0.76456184
v 8.01834904 8.23457274 0.09601088
v 6.38687745 6.16069422 -0.84849456
v 6.40964955 6.06712292 -0.60429773
v 6.18268839 6.34326031 -0.75949767
v 6.20546048 6.24968901 -0.51530083
v 8.67122918 8.40097985 -0.20308501
v 8.69400128 8.30740855 0.04111182
v 8.46704012 8.58354594 -0.11408812
v 8.48981221 8.48997464 0.13010871
v 7.65854653 6.22123365 -1.58043881
v 7.84328320 5.97088494 -0.97298170
v 6.70212565 6.91102614 -1.00529586
v 6.88686232 6.66067744 -0.39783876
v 9.26814009 8.18598921 -1.26021365
v 9.45287676 7.93564051 -0.65275654
v 8.31171920 8.87578171 -0.68507070
v 8.49645588 8.62543300 -0.07761359
v 7.48685138 6.78665562 -1.11675431
v 7.58349320 6.61837856 -0.57004762
v 6.93875589 7.19918720 -0.89288921
v 7.03539771 7.03091014 -0.34618252
v 8.61356687 8.16198451 -0.89259670
v 8.71020869 7.99370745 -0.34589001
v 8.06547138 8.57451610 -0.66873160
v 8.16211320 8.40623904 -0.12202490
v 6.99244693 6.59133264 -0.70774173
v 7.03863110 6.52874546 -0.55587745
v 6.82029118 6.71549529 -0.60421600
v 6.86647534 6.65290811 -0.45235172
v 8.63423236 8.59538331 -0.38111206
v 8.68041653 8.53279614 -0.22924778
v 8.46207660 8.71954596 -0.27758633
v 8.50826077 8.65695879 -0.12572205
v 7.52847704 5.34515660 -1.05198449
v 7.63127706 4.97391723 -0.07519716
v 6.36279455 6.32328035 -0.55755730
v 6.46559456 5.95204098 0.41923003
v 9.69794319 7.61077758 -0.41923003
v 9.80074320 7.23953822 0.55755730
v 8.53226069 8.58890133 0.07519716
v 8.63506071 8.21766197 1.05198449
v 7.32970953 6.06287457 -0.51284568
v 7.32574433 5.82632624 0.34772704
v 6.68283292 6.63890864 -0.35748996
v 6.67886772 6.40236031 0.50308276
v 8.84833584 7.64880926 -0.06991756
v 8.84437063 7.41226093 0.79065516
v 8.20145922 8.22484333 0.08543816
v 8.19749402 7.98829500 0.94601088
v 6.63196957 5.86419405 0.00150544
v 6.65766957 5.77138421 0.24570227
v 6.42214672 6.04025633 0.09050233
v 6.44784673 5.94744649 0.33469917
v 8.84482504 8.17512746 0.64691499
v 8.87052504 8.08231762 0.89111182
v 8.63500219 8.35118973 0.73591188
v 8.66070219 8.25837989 0.98010871
v 7.92569890 5.95128371 -0.73043881
v 8.11820806 5.70686126 -0.12298170
v 6.94808305 6.61069393 -0.15529586
v 7.14059221 6.36627148 0.45216124
v 9.47278375 7.96562835 -0.41021365
v 9.66529291 7.72120589 0.19724346
v 8.49516790 8.62503857 0.16492930
v 8.68767706 8.38061611 0.77238641
v 7.73632814 6.51103361 -0.26675431
v 7.83820798 6.34587517 0.27995238
v 7.17554517 6.90614554 -0.04288921
v 7.27742501 6.74098711 0.50381748
v 8.81928753 7.92107485 -0.04259670
v 8.92116738 7.75591642 0.50410999
v 8.25850457 8.31618678 0.18126840
v 8.36038441 8.15102835 0.72797510
v 7.24830289 6.30027739 0.14225827
v 7.29643018 6.23917178 0.29412255
v 7.07233204 6.41897123 0.24578400
v 7.12045933 6.35786561 0.39764828
v 8.82632944 8.35490891 0.46888794
v 8.87445673 8.29380330 0.62075222
v 8.65035859 8.47360275 0.57241367
v 8.69848588 8.41249714 0.72427795
v 7.78288519 5.07128527 -0.20198449
v 7.89729539 4.70345812 0.77480284
v 6.58705428 6.01231141 0.29244270
v 6.70146448 5.64448425 1.26923003
v 9.88011596 7.40393289 0.43076997
v 9.99452616 7.03610574 1.40755730
v 8.68428505 8.34495902 0.92519716
v 8.79869525 7.97713187 1.90198449
v 7.56167170 5.78240565 0.33715432
v 7.56513861 5.54584950 1.19772704
v 6.89702062 6.33783660 0.49251004
v 6.90048753 6.10128045 1.35308276
v 9.02973324 7.41525899 0.78008244
v 9.03320015 7.17870283 1.64065516
v 8.36508215 7.97068993 0.93543816
v 8.36854907 7.73413378 1.79601088
v 6.87051673 5.56190664 0.85150544
v 6.89911928 5.46994985 1.09570227
v 6.65526717 5.73129134 0.94050233
v 6.68386972 5.63933455 1.18469917
v 9.00969212 7.94120721 1.49691499
v 9.03829467 7.84925042 1.74111182
v 8.79444255 8.11059191 1.58591188
v 8.82304510 8.01863512 1.83010871
v 8.18502956 5.67546058 0.11956119
v 8.38512122 5.43720560 0.72701830
v 7.18718352 6.30383777 0.69470414
v 7.38727519 6.06558278 1.30216124
v 9.66807893 7.73740637 0.43978635
v 9.86817059 7.49915138 1.04724346
v 8.67023289 8.36578355 1.01492930
v 8.87032455 8.12752857 1.62238641
v 7.97817007 6.22898599 0.58324569
v 8.08518739 6.06710918 1.12995238
v 7.40525305 6.60628834 0.80711079
v 7.51227037 6.44441153 1.35381748
v 9.01630463 7.67234804 0.80740330
v 9.12332195 7.51047123 1.35410999
v 8.44338760 8.04965039 1.03126840
v 8.55040493 7.88777358 1.57797510
v 7.49700565 6.00300453 0.99225827
v 7.54702856 5.94344078 1.14412255
v 7.31739336 6.11611242 1.09578400
v 7.36741628 6.05654867 1.24764828
v 9.00971600 8.10618923 1.31888794
v 9.05973892 8.04662548 1.47075222
v 8.83010372 8.21929712 1.42241367
v 8.88012663 8.15973338 1.57427795
v 8.78903694 4.09839448 -1.30670148
v 8.93857622 3.77144014 -0.39503331
v 7.60573803 4.80658427 -0.85862684
v 7.75527730 4.47962993 0.05304133
v 10.34989221 6.35609049 -0.75304133
v 10.49943149 6.02913615 0.15862684
v 9.16659329 7.06428028 -0.30496669
v 9.31613257 6.73732594 0.60670148
v 8.50200150 4.69772431 -0.81738287
v 8.53326511 4.47913931 -0.01418166
v 7.84058460 5.12046749 -0.67659174
v 7.87184822 4.90188249 0.12660947
v 9.59460018 6.27811151 -0.42982076
v 9.62586380 6.05952652 0.37338045
v 8.93318329 6.70085470 -0.28902964
v 8.96444690 6.48226970 0.51417157
v 7.91589528 4.42875707 -0.33392161
v 7.95328010 4.34701848 -0.10600456
v 7.70290147 4.55623123 -0.25326817
v 7.74028629 4.47449265 -0.02535113
v 9.50796765 6.73160700 0.23081175
v 9.54535247 6.64986842 0.45872879
v 9.29497384 6.85908116 0.31146518
v 9.33235866 6.77734258 0.53938223
v 9.18445799 4.65820135 -1.01321634
v 9.39795201 4.46136207 -0.44625637
v 8.21513079 5.10814806 -0.49199305
v 8.42862480 4.91130878 0.07496692
v 10.24235757 6.61266755 -0.73301932
v 10.45585159 6.41582827 -0.16605935
v 9.27303037 7.06261426 -0.21179603
v 9.48652438 6.86577498 0.35516394
v 8.93098126 5.12015434 -0.59236450
v 9.04925205 4.98298552 -0.08210492
v 8.37253643 5.39334035 -0.38948675
v 8.49080722 5.25617152 0.12077283
v 9.67151096 6.48828068 -0.39622659
v 9.78978175 6.35111186 0.11403299
v 9.11306613 6.76146669 -0.19334884
v 9.23133692 6.62429786 0.31691074
v 8.53283242 4.87024701 -0.21112946
v 8.58620592 4.82103719 -0.06938947
v 8.35835352 4.95123742 -0.11730927
v 8.41172702 4.90202760 0.02443072
v 9.61188999 6.86380253 0.07467149
v 9.66526349 6.81459271 0.21641149
v 9.43741109 6.94479294 0.16849169
v 9.49078460 6.89558312 0.31023168
v 8.99632461 3.80374537 -0.60670148
v 9.15605998 3.48164951 0.30496669
v 7.79136480 4.47441740 -0.15862684
v 7.95110017 4.15232153 0.75304133
v 10.48549374 6.10935499 -0.05304133
v 10.64522911 5.78725913 0.85862684
v 9.28053393 6.78002702 0.39503331
v 9.44026930 6.45793116 1.30670148
v 8.69060539 4.39376347 -0.11738287
v 8.72871950 4.17626834 0.68581834
v 8.01623618 4.79552245 0.02340826
v 8.05435029 4.57802732 0.82660947
v 9.73302378 6.00769020 0.27017924
v 9.77113789 5.79019508 1.07338045
v 9.05865457 6.40944918 0.41097036
v 9.09676868 6.19195406 1.21417157
v 8.11323685 4.10651891 0.36607839
v 8.15317069 4.02599494 0.59399544
v 7.89634408 4.22723987 0.44673183
v 7.93627792 4.14671591 0.67464887
v 9.63218936 6.45824072 0.93081175
v 9.67212320 6.37771676 1.15872879
v 9.41529659 6.57896169 1.01146518
v 9.45523044 6.49843772 1.23938223
v 9.39558522 4.35792388 -0.31321634
v 9.61515676 4.16788774 0.25374363
v 8.41260315 4.77720127 0.20800695
v 8.63217469 4.58716512 0.77496692
v 10.39157153 6.34465509 -0.03301932
v 10.61114306 6.15461895 0.53394065
v 9.40858945 6.76393248 0.48820397
v 9.62816099 6.57389634 1.05516394
v 9.12772327 4.81168703 0.10763550
v 9.25024427 4.67830086 0.61789508
v 8.56097302 5.06719706 0.31051325
v 8.68349402 4.93381089 0.82077283
v 9.82491368 6.20239888 0.30377341
v 9.94743469 6.06901271 0.81403299
v 9.25816343 6.45790891 0.50665116
v 9.38068443 6.32452274 1.01691074
v 8.73762067 4.54939685 0.48887054
v 8.79251355 4.50188782 0.63061053
v 8.56068390 4.62486678 0.58269073
v 8.61557678 4.57735775 0.72443072
v 9.75352670 6.57586269 0.77467149
v 9.80841958 6.52835366 0.91641149
v 9.57658993 6.65133262 0.86849169
v 9.63148281 6.60382359 1.01023168
v 9.85914504 2.63221038 -1.12682372
v 10.04653097 2.36035533 -0.28957743
v 8.70411941 3.07327178 -0.72510162
v 8.89150534 2.80141673 0.11214466
v 10.82020906 4.72575506 -0.66214466
v 11.00759500 4.45390000 0.17510162
v 9.66518344 5.16681646 -0.26042257
v 9.85256937 4.89496140 0.57682372
v 9.50440173 3.09380665 -0.69010593
v 9.56753539 2.90110074 0.04752784
v 8.85460160 3.36408735 -0.56387940
v 8.91773525 3.17138143 0.17375436
v 10.17714655 4.55928793 -0.36483059
v 10.24028021 4.36658201 0.37280318
v 9.52734642 4.82956862 -0.23860406
v 9.59048008 4.63686271 0.49902970
v 9.04044914 2.78503251 -0.24093437
v 9.08729563 2.71706874 -0.03162280
v 8.83254453 2.86442356 -0.16862439
v 8.87939101 2.79645980 0.04068718
v 10.02073445 4.92044808 0.23303827
v 10.06758094 4.85248431 0.44234984
v 9.81282984 4.99983913 0.30534824
v 9.85967632 4.93187537 0.51465981
v 10.25016023 3.11736044 -0.86559946
v 10.47463799 2.97338248 -0.34492194
v 9.32426134 3.36372308 -0.39829582
v 9.54873910 3.21974512 0.12238170
v 10.83970659 4.88697405 -0.63043411
v 11.06418435 4.74299609 -0.10975658
v 9.91380770 5.13333670 -0.16313046
v 10.13828546 4.98935874 0.35754706
v 9.94996742 3.46692484 -0.48908292
v 10.07880803 3.36172824 -0.02047718
v 9.41436827 3.62118801 -0.30719252
v 9.54320888 3.51599141 0.16141321
v 10.36264987 4.70565437 -0.32446717
v 10.49149048 4.60045777 0.14413856
v 9.82705072 4.85991754 -0.14257678
v 9.95589133 4.75472094 0.32602896
v 9.64580915 3.20203292 -0.13797784
v 9.70192859 3.16603843 -0.00780846
v 9.47914735 3.24637820 -0.05386318
v 9.53526679 3.21038371 0.07630620
v 10.24714644 5.00703881 0.10189083
v 10.30326588 4.97104432 0.23206021
v 10.08048464 5.05138408 0.18600548
v 10.13660408 5.01538959 0.31617486
v 10.00803460 2.32143486 -0.57682372
v 10.20386724 2.05559989 0.26042257
v 8.83972483 2.72599839 -0.17510162
v 9.03555748 2.46016342 0.66214466
v 10.90286457 4.44413425 -0.11214466
v 11.09869722 4.17829928 0.72510162
v 9.73455480 4.84869778 0.28957743
v 9.93038745 4.58286281 1.12682372
v 9.63896725 2.77166061 -0.14010593
v 9.70812279 2.58103286 0.59752784
v 8.98099803 3.02139722 -0.01387940
v 9.05015357 2.83076947 0.72375436
v 10.26534823 4.25755018 0.18516941
v 10.33450377 4.06692243 0.92280318
v 9.60737901 4.50728679 0.31139594
v 9.67653455 4.31665904 1.04902970
v 9.18494242 2.44846572 0.30906563
v 9.23390058 2.38200698 0.51837720
v 8.97464666 2.52128716 0.38137561
v 9.02360483 2.45482841 0.59068718
v 10.09766900 4.61361910 0.78303827
v 10.14662716 4.54716035 0.99234984
v 9.88737324 4.68644053 0.85534824
v 9.93633140 4.61998179 1.06465981
v 10.40182194 2.79737097 -0.31559946
v 10.63071139 2.66051507 0.20507806
v 9.46864149 3.01452886 0.15170418
v 9.69753094 2.87767296 0.67238170
v 10.93549248 4.58462948 -0.08043411
v 11.16438194 4.44777358 0.44024342
v 10.00231203 4.80178738 0.38686954
v 10.23120149 4.66493148 0.90754706
v 10.09079717 3.13733360 0.06091708
v 10.22287851 3.03623588 0.52952282
v 9.55061679 3.27469707 0.24280748
v 9.68269813 3.17359936 0.71141321
v 10.46436656 4.38841456 0.22553283
v 10.59644789 4.28731684 0.69413856
v 9.92418617 4.52577804 0.40742322
v 10.05626751 4.42468032 0.87602896
v 9.79510945 2.86301854 0.41202216
v 9.85233181 2.82880457 0.54219154
v 9.62713697 2.90210696 0.49613682
v 9.68435933 2.86789299 0.62630620
v 10.33945340 4.68602223 0.65189083
v 10.39667577 4.65180825 0.78206021
v 10.17148092 4.72511065 0.73600548
v 10.22870329 4.69089667 0.86617486
v 10.59955871 0.93797193 -0.74694595
v 10.81404502 0.72703458 0.01587844
v 9.52245970 1.12789355 -0.39157640
v 9.73694601 0.91695619 0.37124799
v 11.04249757 2.74702036 -0.37124799
v 11.25698389 2.53608300 0.39157640
v 9.96539857 2.93694197 -0.01587844
v 10.17988488 2.72600462 0.74694595
v 10.21025417 1.25284805 -0.36282898
v 10.29993889 1.09131628 0.30923733
v 9.60058985 1.37893250 -0.25116706
v 9.69027458 1.21740073 0.42089926
v 10.52031138 2.51918195 -0.09984041
v 10.60999610 2.35765018 0.57222591
v 9.91064706 2.64526639 0.01182151
v 10.00033179 2.48373462 0.68388783
v 9.86745739 0.93133524 0.05205287
v 9.92107896 0.87860090 0.24275897
v 9.67357956 0.96552113 0.11601939
v 9.72720114 0.91278679 0.30672548
v 10.31925503 2.77656463 0.43526479
v 10.37287661 2.72383030 0.62597088
v 10.12537721 2.81075053 0.49923130
v 10.17899879 2.75801619 0.68993740
v 10.98795370 1.32052250 -0.51798258
v 11.21359353 1.23038383 -0.04358750
v 10.14245554 1.37964550 -0.10459859
v 10.36809537 1.28950682 0.36979649
v 11.18546017 2.81559453 -0.32784889
v 11.41110000 2.72545586 0.14654619
v 10.33996200 2.87471753 0.08553510
v 10.56560183 2.78457885 0.55993018
v 10.66779303 1.55237418 -0.18580134
v 10.80118731 1.48045512 0.24115056
v 10.17673709 1.59678250 -0.02489829
v 10.31013137 1.52486344 0.40205360
v 10.80604756 2.59892460 -0.05270775
v 10.93944184 2.52700554 0.37424414
v 10.31499162 2.64333292 0.10819529
v 10.44838590 2.57141386 0.53514718
v 10.45343201 1.29261780 0.13517379
v 10.50984197 1.27008313 0.25377256
v 10.30124234 1.30325994 0.20958291
v 10.35765230 1.28072527 0.32818168
v 10.65488860 2.81759127 0.32911016
v 10.71129856 2.79505660 0.44770893
v 10.50269893 2.82823341 0.40351928
v 10.55910889 2.80569874 0.52211804
f 2 4 1
f 5 2 1
f 1 4 3
f 3 5 1
f 2 8 4
f 6 2 5
f 6 8 2
f 4 8 3
f 7 5 3
f 3 8 7
f 7 6 5
f 8 6 7
f 10 12 9
f 13 10 9
f 9 12 11
f 11 13 9
f 10 16 12
f 14 10 13
f 14 16 10
f 12 16 11
f 15 13 11
f 11 16 15
f 15 14 13
f 16 14 15
f 18 20 17
f 21 18 17
f 17 20 19
f 19 21 17
f 18 24 20
f 22 18 21
f 22 24 18
f 20 24 19
f 23 21 19
f 19 24 23
f 23 22 21
f 24 22 23
f 26 28 25
f 29 26 25
f 25 28 27
f 27 29 25
f 26 32 28
f 30 26 29
f 30 32 26
f 28 32 27
f 31 29 27
f 27 32 31
f 31 30 29
f 32 30 31
f 34 36 33
f 37 34 33
f 33 36 35
f 35 37 33
f 34 40 36
f 38 34 37
f 38 40 34
f 36 40 35
f 39 37 35
f 35 40 39
f 39 38 37
f 40 38 39
f 42 44 41
f 45 42 41
f 41 44 43
f 43 45 41
f 42 48 44
f 46 42 45
f 46 48 42
f 44 48 43
f 47 45 43
f 43 48 47
f 47 46 45
f 48 46 47
f 50 52 49
f 53 50 49
f 49 52 51
f 51 53 49
f 50 56 52
f 54 50 53
f 54 56 50
f 52 56 51
f 55 53 51
f 51 56 55
f 55 54 53
f 56 54 55
f 58 60 57
f 61 58 57
f 57 60 59
f 59 61 57
f 58 64 60
f 62 58 61
f 62 64 58
f 60 64 59
f 63 61 59
f 59 64 63
f 63 62 61
f 64 62 63
f 66 68 65
f 69 66 65
f 65 68 67
f 67 69 65
f 66 72 68
f 70 66 69
f 70 72 66
f 68 72 67
f 71 69 67
f 67 72 71
f 71 70 69
f 72 70 71
f 74 76 73
f 77 74 73
f 73 76 75
f 75 77 73
f 74 80 76
f 78 74 77
f 78 80 74
f 76 80 75
f 79 77 75
f 75 80 79
f 79 78 77
f 80 78 79
f 82 84 81
f 85 82 81
f 81 84 83
f 83 85 81
f 82 88 84
f 86 82 85
f 86 88 82
f 84 88 83
f 87 85 83
f 83 88 87
f 87 86 85
f 88 86 87
f 90 92 89
f 93 90 89
f 89 92 91
f 91 93 89
f 90 96 92
f 94 90 93
f 94 96 90
f 92 96 91
f 95 93 91
f 91 96 95
f 95 94 93
f 96 94 95
f 98 100 97
f 101 98 97
f 97 100 99
f 99 101 97
f 98 104 100
f 102 98 101
f 102 104 98
f 100 104 99
f 103 101 99
f 99 104 103
f 103 102 101
f 104 102 103
f 106 108 105
f 109 106 105
f 105 108 107
f 107 109 105
f 106 112 108
f 110 106 109
f 110 112 106
f 108 112 107
f 111 109 107
f 107 112 111
f 111 110 109
f 112 110 111
f 114 116 113
f 117 114 113
f 113 116 115
f 115 117 113
f 114 120 116
f 118 114 117
f 118 120 114
f 116 120 115
f 119 117 115
f 115 120 119
f 119 118 117
f 120 118 119
f 122 124 121
f 125 122 121
f 121 124 123
f 123 125 121
f 122 128 124
f 126 122 125
f 126 128 122
f 124 128 123
f 127 125 123
f 123 128 127
f 127 126 125
f 128 126 127
f 130 132 129
f 133 130 129
f 129 132 131
f 131 133 129
f 130 136 132
f 134 130 133
f 134 136 130
f 132 136 131
f 135 133 131
f 131 136 135
f 135 134 133
f 136 134 135
f 138 140 137
f 141 138 137
f 137 140 139
f 139 141 137
f 138 144 140
f 142 138 141
f 142 144 138
f 140 144 139
f 143 141 139
f 139 144 143
f 143 142 141
f 144 142 143
f 146 148 145
f 149 146 145
f 145 148 147
f 147 149 145
f 146 152 148
f 150 146 149
f 150 152 146
f 148 152 147
f 151 149 147
f 147 152 151
f 151 150 149
f 152 150 151
f 154 156 153
f 157 154 153
f 153 156 155
f 155 157 153
f 154 160 156
f 158 154 157
f 158 160 154
f 156 160 155
f 159 157 155
f 155 160 159
f 159 158 157
f 160 158 159
f 162 164 161
f 165 162 161
f 161 164 163
f 163 165 161
f 162 168 164
f 166 162 165
f 166 168 162
f 164 168 163
f 167 165 163
f 163 168 167
f 167 166 165
f 168 166 167
f 170 172 169
f 173 170 169
f 169 172 171
f 171 173 169
f 170 176 172
f 174 170 173
f 174 176 170
f 172 176 171
f 175 173 171
f 171 176 175
f 175 174 173
f 176 174 175
f 178 180 177
f 181 178 177
f 177 180 179
f 179 181 177
f 178 184 180
f 182 178 181
f 182 184 178
f 180 184 179
f 183 181 179
f 179 184 183
f 183 182 181
f 184 182 183
f 186 188 185
f 189 186 185
f 185 188 187
f 187 189 185
f 186 192 188
f 190 186 189
f 190 192 186
f 188 192 187
f 191 189 187
f 187 192 191
f 191 190 189
f 192 190 191
f 194 196 193
f 197 194 193
f 193 196 195
f 195 197 193
f 194 200 196
f 198 194 197
f 198 200 194
f 196 200 195
f 199 197 195
f 195 200 199
f 199 198 197
f 200 198 199
f 202 204 201
f 205 202 201
f 201 204 203
f 203 205 201
f 202 208 204
f 206 202 205
f 206 208 202
f 204 208 203
f 207 205 203
f 203 208 207
f 207 206 205
f 208 206 207
f 210 212 209
f 213 210 209
f 209 212 211
f 211 213 209
f 210 216 212
f 214 210 213
f 214 216 210
f 212 216 211
f 215 213 211
f 211 216 215
f 215 214 213
f 216 214 215
f 218 220 217
f 221 218 217
f 217 220 219
f 219 221 217
f 218 224 220
f 222 218 221
f 222 224 218
f 220 224 219
f 223 221 219
f 219 224 223
f 223 222 221
f 224 222 223
f 226 228 225
f 229 226 225
f 225 228 227
f 227 229 225
f 226 232 228
f 230 226 229
f 230 232 226
f 228 232 227
f 231 229 227
f 227 232 231
f 231 230 229
f 232 230 231
f 234 236 233
f 237 234 233
f 233 236 235
f 235 237 233
f 234 240 236
f 238 234 237
f 238 240 234
f 236 240 235
f 239 237 235
f 235 240 239
f 239 238 237
f 240 238 239
f 242 244 241
f 245 242 241
f 241 244 243
f 243 245 241
f 242 248 244
f 246 242 245
f 246 248 242
f 244 248 243
f 247 245 243
f 243 248 247
f 247 246 245
f 248 246 247
f 250 252 249
f 253 250 249
f 249 252 251
f 251 253 249
f 250 256 252
f 254 250 253
f 254 256 250
f 252 256 251
f 255 253 251
f 251 256 255
f 255 254 253
f 256 254 255
f 258 260 257
f 261 258 257
f 257 260 259
f 259 261 257
f 258 264 260
f 262 258 261
f 262 264 258
f 260 264 259
f 263 261 259
f 259 264 263
f 263 262 261
f 264 262 263
f 266 268 265
f 269 266 265
f 265 268 267
f 267 269 265
f 266 272 268
f 270 266 269
f 270 272 266
f 268 272 267
f 271 269 267
f 267 272 271
f 271 270 269
f 272 270 271
f 274 276 273
f 277 274 273
f 273 276 275
f 275 277 273
f 274 280 276
f 278 274 277
f 278 280 274
f 276 280 275
f 279 277 275
f 275 280 279
f 279 278 277
f 280 278 279
f 282 284 281
f 285 282 281
f 281 284 283
f 283 285 281
f 282 288 284
f 286 282 285
f 286 288 282
f 284 288 283
f 287 285 283
f 283 288 287
f 287 286 285
f 288 286 287
f 290 292 289
f 293 290 289
f 289 292 291
f 291 293 289
f 290 296 292
f 294 290 293
f 294 296 290
f 292 296 291
f 295 293 291
f 291 296 295
f 295 294 293
f 296 294 295
f 298 300 297
f 301 298 297
f 297 300 299
f 299 301 297
f 298 304 300
f 302 298 301
f 302 304 298
f 300 304 299
f 303 301 299
f 299 304 303
f 303 302 301
f 304 302 303
f 306 308 305
f 309 306 305
f 305 308 307
f 307 309 305
f 306 312 308
f 310 306 309
f 310 312 306
f 308 312 307
f 311 309 307
f 307 312 311
f 311 310 309
f 312 310 311
f 314 316 313
f 317 314 313
f 313 316 315
f 315 317 313
f 314 320 316
f 318 314 317
f 318 320 314
f 316 320 315
f 319 317 315
f 315 320 319
f 319 318 317
f 320 318 319
f 322 324 321
f 325 322 321
f 321 324 323
f 323 325 321
f 322 328 324
f 326 322 325
f 326 328 322
f 324 328 323
f 327 325 323
f 323 328 327
f 327 326 325
f 328 326 327
f 330 332 329
f 333 330 329
f 329 332 331
f 331 333 329
f 330 336 332
f 334 330 333
f 334 336 330
f 332 336 331
f 335 333 331
f 331 336 335
f 335 334 333
f 336 334 335
f 338 340 337
f 341 338 337
f 337 340 339
f 339 341 337
f 338 344 340
f 342 338 341
f 342 344 338
f 340 344 339
f 343 341 339
f 339 344 343
f 343 342 341
f 344 342 343
f 346 348 345
f 349 346 345
f 345 348 347
f 347 349 345
f 346 352 348
f 350 346 349
f 350 352 346
f 348 352 347
f 351 349 347
f 347 352 351
f 351 350 349
f 352 350 351
f 354 356 353
f 357 354 353
f 353 356 355
f 355 357 353
f 354 360 356
f 358 354 357
f 358 360 354
f 356 360 355
f 359 357 355
f 355 360 359
f 359 358 357
f 360 358 359
f 362 364 361
f 365 362 361
f 361 364 363
f 363 365 361
f 362 368 364
f 366 362 365
f 366 368 362
f 364 368 363
f 367 365 363
f 363 368 367
f 367 366 365
f 368 366 367
f 370 372 369
f 373 370 369
f 369 372 371
f 371 373 369
f 370 376 372
f 374 370 373
f 374 376 370
f 372 376 371
f 375 373 371
f 371 376 375
f 375 374 373
f 376 374 375
f 378 380 377
f 381 378 377
f 377 380 379
f 379 381 377
f 378 384 380
f 382 378 381
f 382 384 378
f 380 384 379
f 383 381 379
f 379 384 383
f 383 382 381
f 384 382 383
f 386 388 385
f 389 386 385
f 385 388 387
f 387 389 385
f 386 392 388
f 390 386 389
f 390 392 386
f 388 392 387
f 391 389 387
f 387 392 391
f 391 390 389
f 392 390 391
f 394 396 393
f 397 394 393
f 393 396 395
f 395 397 393
f 394 400 396
f 398 394 397
f 398 400 394
f 396 400 395
f 399 397 395
f 395 400 399
f 399 398 397
f 400 398 399
f 402 404 401
f 405 402 401
f 401 404 403
f 403 405 401
f 402 408 404
f 406 402 405
f 406 408 402
f 404 408 403
f 407 405 403
f 403 408 407
f 407 406 405
f 408 406 407
f 410 412 409
f 413 410 409
f 409 412 411
f 411 413 409
f 410 416 412
f 414 410 413
f 414 416 410
f 412 416 411
f 415 413 411
f 411 416 415
f 415 414 413
f 416 414 415
f 418 420 417
f 421 418 417
f 417 420 419
f 419 421 417
f 418 424 420
f 422 418 421
f 422 424 418
f 420 424 419
f 423 421 419
f 419 424 423
f 423 422 421
f 424 422 423
f 426 428 425
f 429 426 425
f 425 428 427
f 427 429 425
f 426 432 428
f 430 426 429
f 430 432 426
f 428 432 427
f 431 429 427
f 427 432 431
f 431 430 429
f 432 430 431
f 434 436 433
f 437 434 433
f 433 436 435
f 435 437 433
f 434 440 436
f 438 434 437
f 438 440 434
f 436 440 435
f 439 437 435
f 435 440 439
f 439 438 437
f 440 438 439
f 442 444 441
f 445 442 441
f 441 444 443
f 443 445 441
f 442 448 444
f 446 442 445
f 446 448 442
f 444 448 443
f 447 445 443
f 443 448 447
f 447 446 445
f 448 446 447
f 450 452 449
f 453 450 449
f 449 452 451
f 451 453 449
f 450 456 452
f 454 450 453
f 454 456 450
f 452 456 451
f 455 453 451
f 451 456 455
f 455 454 453
f 456 454 455
f 458 460 457
f 461 458 457
f 457 460 459
f 459 461 457
f 458 464 460
f 462 458 461
f 462 464 458
f 460 464 459
f 463 461 459
f 459 464 463
f 463 462 461
f 464 462 463
f 466 468 465
f 469 466 465
f 465 468 467
f 467 469 465
f 466 472 468
f 470 466 469
f 470 472 466
f 468 472 467
f 471 469 467
f 467 472 471
f 471 470 469
f 472 470 471
f 474 476 473
f 477 474 473
f 473 476 475
f 475 477 473
f 474 480 476
f 478 474 477
f 478 480 474
f 476 480 475
f 479 477 475
f 475 480 479
f 479 478 477
f 480 478 479
f 482 484 481
f 485 482 481
f 481 484 483
f 483 485 481
f 482 488 484
f 486 482 485
f 486 488 482
f 484 488 483
f 487 485 483
f 483 488 487
f 487 486 485
f 488 486 487
f 490 492 489
f 493 490 489
f 489 492 491
f 491 493 489
f 490 496 492
f 494 490 493
f 494 496 490
f 492 496 491
f 495 493 491
f 491 496 495
f 495 494 493
f 496 494 495
f 498 500 497
f 501 498 497
f 497 500 499
f 499 501 497
f 498 504 500
f 502 498 501
f 502 504 498
f 500 504 499
f 503 501 499
f 499 504 503
f 503 502 501
f 504 502 503
f 506 508 505
f 509 506 505
f 505 508 507
f 507 509 505
f 506 512 508
f 510 506 509
f 510 512 506
f 508 512 507
f 511 509 507
f 507 512 511
f 511 510 509
f 512 510 511
f 514 516 513
f 517 514 513
f 513 516 515
f 515 517 513
f 514 520 516
f 518 514 517
f 518 520 514
f 516 520 515
f 519 517 515
f 515 520 519
f 519 518 517
f 520 518 519
f 522 524 521
f 525 522 521
f 521 524 523
f 523 525 521
f 522 528 524
f 526 522 525
f 526 528 522
f 524 528 523
f 527 525 523
f 523 528 527
f 527 526 525
f 528 526 527
f 530 532 529
f 533 530 529
f 529 532 531
f 531 533 529
f 530 536 532
f 534 530 533
f 534 536 530
f 532 536 531
f 535 533 531
f 531 536 535
f 535 534 533
f 536 534 535
f 538 540 537
f 541 538 537
f 537 540 539
f 539 541 537
f 538 544 540
f 542 538 541
f 542 544 538
f 540 544 539
f 543 541 539
f 539 544 543
f 543 542 541
f 544 542 543
f 546 548 545
f 549 546 545
f 545 548 547
f 547 549 545
f 546 552 548
f 550 546 549
f 550 552 546
f 548 552 547
f 551 549 547
f 547 552 551
f 551 550 549
f 552 550 551
f 554 556 553
f 557 554 553
f 553 556 555
f 555 557 553
f 554 560 556
f 558 554 557
f 558 560 554
f 556 560 555
f 559 557 555
f 555 560 559
f 559 558 557
f 560 558 559
f 562 564 561
f 565 562 561
f 561 564 563
f 563 565 561
f 562 568 564
f 566 562 565
f 566 568 562
f 564 568 563
f 567 565 563
f 563 568 567
f 567 566 565
f 568 566 567
f 570 572 569
f 573 570 569
f 569 572 571
f 571 573 569
f 570 576 572
f 574 570 573
f 574 576 570
f 572 576 571
f 575 573 571
f 571 576 575
f 575 574 573
f 576 574 575
f 578 580 577
f 581 578 577
f 577 580 579
f 579 581 577
f 578 584 580
f 582 578 581
f 582 584 578
f 580 584 579
f 583 581 579
f 579 584 583
f 583 582 581
f 584 582 583
f 586 588 585
f 589 586 585
f 585 588 587
f 587 589 585
f 586 592 588
f 590 586 589
f 590 592 586
f 588 592 587
f 591 589 587
f 587 592 591
f 591 590 589
f 592 590 591
f 594 596 593
f 597 594 593
f 593 596 595
f 595 597 593
f 594 600 596
f 598 594 597
f 598 600 594
f 596 600 595
f 599 597 595
f 595 600 599
f 599 598 597
f 600 598 599
f 602 604 601
f 605 602 601
f 601 604 603
f 603 605 601
f 602 608 604
f 606 602 605
f 606 608 602
f 604 608 603
f 607 605 603
f 603 608 607
f 607 606 605
f 608 606 607
f 610 612 609
f 613 610 609
f 609 612 611
f 611 613 609
f 610 616 612
f 614 610 613
f 614 616 610
f 612 616 611
f 615 613 611
f 611 616 615
f 615 614 613
f 616 614 615
f 618 620 617
f 621 618 617
f 617 620 619
f 619 621 617
f 618 624 620
f 622 618 621
f 622 624 618
f 620 624 619
f 623 621 619
f 619 624 623
f 623 622 621
f 624 622 623
f 626 628 625
f 629 626 625
f 625 628 627
f 627 629 625
f 626 632 628
f 630 626 629
f 630 632 626
f 628 632 627
f 631 629 627
f 627 632 631
f 631 630 629
f 632 630 631
f 634 636 633
f 637 634 633
f 633 636 635
f 635 637 633
f 634 640 636
f 638 634 637
f 638 640 634
f 636 640 635
f 639 637 635
f 635 640 639
f 639 638 637
f 640 638 639
f 642 644 641
f 645 642 641
f 641 644 643
f 643 645 641
f 642 648 644
f 646 642 645
f 646 648 642
f 644 648 643
f 647 645 643
f 643 648 647
f 647 646 645
f 648 646 647
f 650 652 649
f 653 650 649
f 649 652 651
f 651 653 649
f 650 656 652
f 654 650 653
f 654 656 650
f 652 656 651
f 655 653 651
f 651 656 655
f 655 654 653
f 656 654 655
f 658 660 657
f 661 658 657
f 657 660 659
f 659 661 657
f 658 664 660
f 662 658 661
f 662 664 658
f 660 664 659
f 663 661 659
f 659 664 663
f 663 662 661
f 664 662 663
f 666 668 665
f 669 666 665
f 665 668 667
f 667 669 665
f 666 672 668
f 670 666 669
f 670 672 666
f 668 672 667
f 671 669 667
f 667 672 671
f 671 670 669
f 672 670 671
f 674 676 673
f 677 674 673
f 673 676 675
f 675 677 673
f 674 680 676
f 678 674 677
f 678 680 674
f 676 680 675
f 679 677 675
f 675 680 679
f 679 678 677
f 680 678 679
f 682 684 681
f 685 682 681
f 681 684 683
f 683 685 681
f 682 688 684
f 686 682 685
f 686 688 682
f 684 688 683
f 687 685 683
f 683 688 687
f 687 686 685
f 688 686 687
f 690 692 689
f 693 690 689
f 689 692 691
f 691 693 689
f 690 696 692
f 694 690 693
f 694 696 690
f 692 696 691
f 695 693 691
f 691 696 695
f 695 694 693
f 696 694 695
f 698 700 697
f 701 698 697
f 697 700 699
f 699 701 697
f 698 704 700
f 702 698 701
f 702 704 698
f 700 704 699
f 703 701 699
f 699 704 703
f 703 702 701
f 704 702 703
f 706 708 705
f 709 706 705
f 705 708 707
f 707 709 705
f 706 712 708
f 710 706 709
f 710 712 706
f 708 712 707
f 711 709 707
f 707 712 711
f 711 710 709
f 712 710 711
f 714 716 713
f 717 714 713
f 713 716 715
f 715 717 713
f 714 720 716
f 718 714 717
f 718 720 714
f 716 720 715
f 719 717 715
f 715 720 719
f 719 718 717
f 720 718 719
f 722 724 721
f 725 722 721
f 721 724 723
f 723 725 721
f 722 728 724
f 726 722 725
f 726 728 722
f 724 728 723
f 727 725 723
f 723 728 727
f 727 726 725
f 728 726 727
f 730 732 729
f 733 730 729
f 729 732 731
f 731 733 729
f 730 736 732
f 734 730 733
f 734 736 730
f 732 736 731
f 735 733 731
f 731 736 735
f 735 734 733
f 736 734 735
f 738 740 737
f 741 738 737
f 737 740 739
f 739 741 737
f 738 744 740
f 742 738 741
f 742 744 738
f 740 744 739
f 743 741 739
f 739 744 743
f 743 742 741
f 744 742 743
f 746 748 745
f 749 746 745
f 745 748 747
f 747 749 745
f 746 752 748
f 750 746 749
f 750 752 746
f 748 752 747
f 751 749 747
f 747 752 751
f 751 750 749
f 752 750 751
f 754 756 753
f 757 754 753
f 753 756 755
f 755 757 753
f 754 760 756
f 758 754 757
f 758 760 754
f 756 760 755
f 759 757 755
f 755 760 759
f 759 758 757
f 760 758 759
f 762 764 761
f 765 762 761
f 761 764 763
f 763 765 761
f 762 768 764
f 766 762 765
f 766 768 762
f 764 768 763
f 767 765 763
f 763 768 767
f 767 766 765
f 768 766 767
f 770 772 769
f 773 770 769
f 769 772 771
f 771 773 769
f 770 776 772
f 774 770 773
f 774 776 770
f 772 776 771
f 775 773 771
f 771 776 775
f 775 774 773
f 776 774 775
f 778 780 777
f 781 778 777
f 777 780 779
f 779 781 777
f 778 784 780
f 782 778 781
f 782 784 778
f 780 784 779
f 783 781 779
f 779 784 783
f 783 782 781
f 784 782 783
f 786 788 785
f 789 786 785
f 785 788 787
f 787 789 785
f 786 792 788
f 790 786 789
f 790 792 786
f 788 792 787
f 791 789 787
f 787 792 791
f 791 790 789
f 792 790 791
f 794 796 793
f 797 794 793
f 793 796 795
f 795 797 793
f 794 800 796
f 798 794 797
f 798 800 794
f 796 800 795
f 799 797 795
f 795 800 799
f 799 798 797
f 800 798 799
f 802 804 801
f 805 802 801
f 801 804 803
f 803 805 801
f 802 808 804
f 806 802 805
f 806 808 802
f 804 808 803
f 807 805 803
f 803 808 807
f 807 806 805
f 808 806 807
f 810 812 809
f 813 810 809
f 809 812 811
f 811 813 809
f 810 816 812
f 814 810 813
f 814 816 810
f 812 816 811
f 815 813 811
f 811 816 815
f 815 814 813
f 816 814 815
f 818 820 817
f 821 818 817
f 817 820 819
f 819 821 817
f 818 824 820
f 822 818 821
f 822 824 818
f 820 824 819
f 823 821 819
f 819 824 823
f 823 822 821
f 824 822 823
f 826 828 825
f 829 826 825
f 825 828 827
f 827 829 825
f 826 832 828
f 830 826 829
f 830 832 826
f 828 832 827
f 831 829 827
f 827 832 831
f 831 830 829
f 832 830 831
f 834 836 833
f 837 834 833
f 833 836 835
f 835 837 833
f 834 840 836
f 838 834 837
f 838 840 834
f 836 840 835
f 839 837 835
f 835 840 839
f 839 838 837
f 840 838 839
f 842 844 841
f 845 842 841
f 841 844 843
f 843 845 841
f 842 848 844
f 846 842 845
f 846 848 842
f 844 848 843
f 847 845 843
f 843 848 847
f 847 846 845
f 848 846 847
f 850 852 849
f 853 850 849
f 849 852 851
f 851 853 849
f 850 856 852
f 854 850 853
f 854 856 850
f 852 856 851
f 855 853 851
f 851 856 855
f 855 854 853
f 856 854 855
f 858 860 857
f 861 858 857
f 857 860 859
f 859 861 857
f 858 864 860
f 862 858 861
f 862 864 858
f 860 864 859
f 863 861 859
f 859 864 863
f 863 862 861
f 864 862 863
f 866 868 865
f 869 866 865
f 865 868 867
f 867 869 865
f 866 872 868
f 870 866 869
f 870 872 866
f 868 872 867
f 871 869 867
f 867 872 871
f 871 870 869
f 872 870 871
f 874 876 873
f 877 874 873
f 873 876 875
f 875 877 873
f 874 880 876
f 878 874 877
f 878 880 874
f 876 880 875
f 879 877 875
f 875 880 879
f 879 878 877
f 880 878 879
f 882 884 881
f 885 882 881
f 881 884 883
f 883 885 881
f 882 888 884
f 886 882 885
f 886 888 882
f 884 888 883
f 887 885 883
f 883 888 887
f 887 886 885
f 888 886 887
f 890 892 889
f 893 890 889
f 889 892 891
f 891 893 889
f 890 896 892
f 894 890 893
f 894 896 890
f 892 896 891
f 895 893 891
f 891 896 895
f 895 894 893
f 896 894 895
f 898 900 897
f 901 898 897
f 897 900 899
f 899 901 897
f 898 904 900
f 902 898 901
f 902 904 898
f 900 904 899
f 903 901 899
f 899 904 903
f 903 902 901
f 904 902 903
f 906 908 905
f 909 906 905
f 905 908 907
f 907 909 905
f 906 912 908
f 910 906 909
f 910 912 906
f 908 912 907
f 911 909 907
f 907 912 911
f 911 910 909
f 912 910 911
f 914 916 913
f 917 914 913
f 913 916 915
f 915 917 913
f 914 920 916
f 918 914 917
f 918 920 914
f 916 920 915
f 919 917 915
f 915 920 919
f 919 918 917
f 920 918 919
f 922 924 921
f 925 922 921
f 921 924 923
f 923 925 921
f 922 928 924
f 926 922 925
f 926 928 922
f 924 928 923
f 927 925 923
f 923 928 927
f 927 926 925
f 928 926 927
f 930 932 929
f 933 930 929
f 929 932 931
f 931 933 929
f 930 936 932
f 934 930 933
f 934 936 930
f 932 936 931
f 935 933 931
f 931 936 935
f 935 934 933
f 936 934 935
f 938 940 937
f 941 938 937
f 937 940 939
f 939 941 937
f 938 944 940
f 942 938 941
f 942 944 938
f 940 944 939
f 943 941 939
f 939 944 943
f 943 942 941
f 944 942 943
f 946 948 945
f 949 946 945
f 945 948 947
f 947 949 945
f 946 952 948
f 950 946 949
f 950 952 946
f 948 952 947
f 951 949 947
f 947 952 951
f 951 950 949
f 952 950 951
f 954 956 953
f 957 954 953
f 953 956 955
f 955 957 953
f 954 960 956
f 958 954 957
f 958 960 954
f 956 960 955
f 959 957 955
f 955 960 959
f 959 958 957
f 960 958 959
f 962 964 961
f 965 962 961
f 961 964 963
f 963 965 961
f 962 968 964
f 966 962 965
f 966 968 962
f 964 968 963
f 967 965 963
f 963 968 967
f 967 966 965
f 968 966 967
f 970 972 969
f 973 970 969
f 969 972 971
f 971 973 969
f 970 976 972
f 974 970 973
f 974 976 970
f 972 976 971
f 975 973 971
f 971 976 975
f 975 974 973
f 976 974 975
f 978 980 977
f 981 978 977
f 977 980 979
f 979 981 977
f 978 984 980
f 982 978 981
f 982 984 978
f 980 984 979
f 983 981 979
f 979 984 983
f 983 982 981
f 984 982 983
f 986 988 985
f 989 986 985
f 985 988 987
f 987 989 985
f 986 992 988
f 990 986 989
f 990 992 986
f 988 992 987
f 991 989 987
f 987 992 991
f 991 990 989
f 992 990 991
f 994 996 993
f 997 994 993
f 993 996 995
f 995 997 993
f 994 1000 996
f 998 994 997
f 998 1000 994
f 996 1000 995
f 999 997 995
f 995 1000 999
f 999 998 997
f 1000 998 999
f 1002 1004 1001
f 1005 1002 1001
f 1001 1004 1003
f 1003 1005 1001
f 1002 1008 1004
f 1006 1002 1005
f 1006 1008 1002
f 1004 1008 1003
f 1007 1005 1003
f 1003 1008 1007
f 1007 1006 1005
f 1008 1006 1007
f 1010 1012 1009
f 1013 1010 1009
f 1009 1012 1011
f 1011 1013 1009
f 1010 1016 1012
f 1014 1010 1013
f 1014 1016 1010
f 1012 1016 1011
f 1015 1013 1011
f 1011 1016 1015
f 1015 1014 1013
f 1016 1014 1015
f 1018 1020 1017
f 1021 1018 1017
f 1017 1020 1019
f 1019 1021 1017
f 1018 1024 1020
f 1022 1018 1021
f 1022 1024 1018
f 1020 1024 1019
f 1023 1021 1019
f 1019 1024 1023
f 1023 1022 1021
f 1024 1022 1023
f 1026 1028 1025
f 1029 1026 1025
f 1025 1028 1027
f 1027 1029 1025
f 1026 1032 1028
f 1030 1026 1029
f 1030 1032 1026
f 1028 1032 1027
f 1031 1029 1027
f 1027 1032 1031
f 1031 1030 1029
f 1032 1030 1031
f 1034 1036 1033
f 1037 1034 1033
f 1033 1036 1035
f 1035 1037 1033
f 1034 1040 1036
f 1038 1034 1037
f 1038 1040 1034
f 1036 1040 1035
f 1039 1037 1035
f 1035 1040 1039
f 1039 1038 1037
f 1040 1038 1039
f 1042 1044 1041
f 1045 1042 1041
f 1041 1044 1043
f 1043 1045 1041
f 1042 1048 1044
f 1046 1042 1045
f 1046 1048 1042
f 1044 1048 1043
f 1047 1045 1043
f 1043 1048 1047
f 1047 1046 1045
f 1048 1046 1047
f 1050 1052 1049
f 1053 1050 1049
f 1049 1052 1051
f 1051 1053 1049
f 1050 1056 1052
f 1054 1050 1053
f 1054 1056 1050
f 1052 1056 1051
f 1055 1053 1051
f 1051 1056 1055
f 1055 1054 1053
f 1056 1054 1055
f 1058 1060 1057
f 1061 1058 1057
f 1057 1060 1059
f 1059 1061 1057
f 1058 1064 1060
f 1062 1058 1061
f 1062 1064 1058
f 1060 1064 1059
f 1063 1061 1059
f 1059 1064 1063
f 1063 1062 1061
f 1064 1062 1063
f 1066 1068 1065
f 1069 1066 1065
f 1065 1068 1067
f 1067 1069 1065
f 1066 1072 1068
f 1070 1066 1069
f 1070 1072 1066
f 1068 1072 1067
f 1071 1069 1067
f 1067 1072 1071
f 1071 1070 1069
f 1072 1070 1071
f 1074 1076 1073
f 1077 1074 1073
f 1073 1076 1075
f 1075 1077 1073
f 1074 1080 1076
f 1078 1074 1077
f 1078 1080 1074
f 1076 1080 1075
f 1079 1077 1075
f 1075 1080 1079
f 1079 1078 1077
f 1080 1078 1079
f 1082 1084 1081
f 1085 1082 1081
f 1081 1084 1083
f 1083 1085 1081
f 1082 1088 1084
f 1086 1082 1085
f 1086 1088 1082
f 1084 1088 1083
f 1087 1085 1083
f 1083 1088 1087
f 1087 1086 1085
f 1088 1086 1087
f 1090 1092 1089
f 1093 1090 1089
f 1089 1092 1091
f 1091 1093 1089
f 1090 1096 1092
f 1094 1090 1093
f 1094 1096 1090
f 1092 1096 1091
f 1095 1093 1091
f 1091 1096 1095
f 1095 1094 1093
f 1096 1094 1095
f 1098 1100 1097
f 1101 1098 1097
f 1097 1100 1099
f 1099 1101 1097
f 1098 1104 1100
f 1102 1098 1101
f 1102 1104 1098
f 1100 1104 1099
f 1103 1101 1099
f 1099 1104 1103
f 1103 1102 1101
f 1104 1102 1103
f 1106 1108 1105
f 1109 1106 1105
f 1105 1108 1107
f 1107 1109 1105
f 1106 1112 1108
f 1110 1106 1109
f 1110 1112 1106
f 1108 1112 1107
f 1111 1109 1107
f 1107 1112 1111
f 1111 1110 1109
f 1112 1110 1111
f 1114 1116 1113
f 1117 1114 1113
f 1113 1116 1115
f 1115 1117 1113
f 1114 1120 1116
f 1118 1114 1117
f 1118 1120 1114
f 1116 1120 1115
f 1119 1117 1115
f 1115 1120 1119
f 1119 1118 1117
f 1120 1118 1119
f 1122 1124 1121
f 1125 1122 1121
f 1121 1124 1123
f 1123 1125 1121
f 1122 1128 1124
f 1126 1122 1125
f 1126 1128 1122
f 1124 1128 1123
f 1127 1125 1123
f 1123 1128 1127
f 1127 1126 1125
f 1128 1126 1127
f 1130 1132 1129
f 1133 1130 1129
f 1129 1132 1131
f 1131 1133 1129
f 1130 1136 1132
f 1134 1130 1133
f 1134 1136 1130
f 1132 1136 1131
f 1135 1133 1131
f 1131 1136 1135
f 1135 1134 1133
f 1136 1134 1135
f 1138 1140 1137
f 1141 1138 1137
f 1137 1140 1139
f 1139 1141 1137
f 1138 1144 1140
f 1142 1138 1141
f 1142 1144 1138
f 1140 1144 1139
f 1143 1141 1139
f 1139 1144 1143
f 1143 1142 1141
f 1144 1142 1143
f 1146 1148 1145
f 1149 1146 1145
f 1145 1148 1147
f 1147 1149 1145
f 1146 1152 1148
f 1150 1146 1149
f 1150 1152 1146
f 1148 1152 1147
f 1151 1149 1147
f 1147 1152 1151
f 1151 1150 1149
f 1152 1150 1151
f 1154 1156 1153
f 1157 1154 1153
f 1153 1156 1155
f 1155 1157 1153
f 1154 1160 1156
f 1158 1154 1157
f 1158 1160 1154
f 1156 1160 1155
f 1159 1157 1155
f 1155 1160 1159
f 1159 1158 1157
f 1160 1158 1159
f 1162 1164 1161
f 1165 1162 1161
f 1161 1164 1163
f 1163 1165 1161
f 1162 1168 1164
f 1166 1162 1165
f 1166 1168 1162
f 1164 1168 1163
f 1167 1165 1163
f 1163 1168 1167
f 1167 1166 1165
f 1168 1166 1167
f 1170 1172 1169
f 1173 1170 1169
f 1169 1172 1171
f 1171 1173 1169
f 1170 1176 1172
f 1174 1170 1173
f 1174 1176 1170
f 1172 1176 1171
f 1175 1173 1171
f 1171 1176 1175
f 1175 1174 1173
f 1176 1174 1175
f 1178 1180 1177
f 1181 1178 1177
f 1177 1180 1179
f 1179 1181 1177
f 1178 1184 1180
f 1182 1178 1181
f 1182 1184 1178
f 1180 1184 1179
f 1183 1181 1179
f 1179 1184 1183
f 1183 1182 1181
f 1184 1182 1183
f 1186 1188 1185
f 1189 1186 1185
f 1185 1188 1187
f 1187 1189 1185
f 1186 1192 1188
f 1190 1186 1189
f 1190 1192 1186
f 1188 1192 1187
f 1191 1189 1187
f 1187 1192 1191
f 1191 1190 1189
f 1192 1190 1191
f 1194 1196 1193
f 1197 1194 1193
f 1193 1196 1195
f 1195 1197 1193
f 1194 1200 1196
f 1198 1194 1197
f 1198 1200 1194
f 1196 1200 1195
f 1199 1197 1195
f 1195 1200 1199
f 1199 1198 1197
f 1200 1198 1199
f 1202 1204 1201
f 1205 1202 1201
f 1201 1204 1203
f 1203 1205 1201
f 1202 1208 1204
f 1206 1202 1205
f 1206 1208 1202
f 1204 1208 1203
f 1207 1205 1203
f 1203 1208 1207
f 1207 1206 1205
f 1208 1206 1207
f 1210 1212 1209
f 1213 1210 1209
f 1209 1212 1211
f 1211 1213 1209
f 1210 1216 1212
f 1214 1210 1213
f 1214 1216 1210
f 1212 1216 1211
f 1215 1213 1211
f 1211 1216 1215
f 1215 1214 1213
f 1216 1214 1215
f 1218 1220 1217
f 1221 1218 1217
f 1217 1220 1219
f 1219 1221 1217
f 1218 1224 1220
f 1222 1218 1221
f 1222 1224 1218
f 1220 1224 1219
f 1223 1221 1219
f 1219 1224 1223
f 1223 1222 1221
f 1224 1222 1223
f 1226 1228 1225
f 1229 1226 1225
f 1225 1228 1227
f 1227 1229 1225
f 1226 1232 1228
f 1230 1226 1229
f 1230 1232 1226
f 1228 1232 1227
f 1231 1229 1227
f 1227 1232 1231
f 1231 1230 1229
f 1232 1230 1231
f 1234 1236 1233
f 1237 1234 1233
f 1233 1236 1235
f 1235 1237 1233
f 1234 1240 1236
f 1238 1234 1237
f 1238 1240 1234
f 1236 1240 1235
f 1239 1237 1235
f 1235 1240 1239
f 1239 1238 1237
f 1240 1238 1239
f 1242 1244 1241
f 1245 1242 1241
f 1241 1244 1243
f 1243 1245 1241
f 1242 1248 1244
f 1246 1242 1245
f 1246 1248 1242
f 1244 1248 1243
f 1247 1245 1243
f 1243 1248 1247
f 1247 1246 1245
f 1248 1246 1247
f 1250 1252 1249
f 1253 1250 1249
f 1249 1252 1251
f 1251 1253 1249
f 1250 1256 1252
f 1254 1250 1253
f 1254 1256 1250
f 1252 1256 1251
f 1255 1253 1251
f 1251 1256 1255
f 1255 1254 1253
f 1256 1254 1255
f 1258 1260 1257
f 1261 1258 1257
f 1257 1260 1259
f 1259 1261 1257
f 1258 1264 1260
f 1262 1258 1261
f 1262 1264 1258
f 1260 1264 1259
f 1263 1261 1259
f 1259 1264 1263
f 1263 1262 1261
f 1264 1262 1263
f 1266 1268 1265
f 1269 1266 1265
f 1265 1268 1267
f 1267 1269 1265
f 1266 1272 1268
f 1270 1266 1269
f 1270 1272 1266
f 1268 1272 1267
f 1271 1269 1267
f 1267 1272 1271
f 1271 1270 1269
f 1272 1270 1271
f 1274 1276 1273
f 1277 1274 1273
f 1273 1276 1275
f 1275 1277 1273
f 1274 1280 1276
f 1278 1274 1277
f 1278 1280 1274
f 1276 1280 1275
f 1279 1277 1275
f 1275 1280 1279
f 1279 1278 1277
f 1280 1278 1279
f 1282 1284 1281
f 1285 1282 1281
f 1281 1284 1283
f 1283 1285 1281
f 1282 1288 1284
f 1286 1282 1285
f 1286 1288 1282
f 1284 1288 1283
f 1287 1285 1283
f 1283 1288 1287
f 1287 1286 1285
f 1288 1286 1287
f 1290 1292 1289
f 1293 1290 1289
f 1289 1292 1291
f 1291 1293 1289
f 1290 1296 1292
f 1294 1290 1293
f 1294 1296 1290
f 1292 1296 1291
f 1295 1293 1291
f 1291 1296 1295
f 1295 1294 1293
f 1296 1294 1295
f 1298 1300 1297
f 1301 1298 1297
f 1297 1300 1299
f 1299 1301 1297
f 1298 1304 1300
f 1302 1298 1301
f 1302 1304 1298
f 1300 1304 1299
f 1303 1301 1299
f 1299 1304 1303
f 1303 1302 1301
f 1304 1302 1303
f 1306 1308 1305
f 1309 1306 1305
f 1305 1308 1307
f 1307 1309 1305
f 1306 1312 1308
f 1310 1306 1309
f 1310 1312 1306
f 1308 1312 1307
f 1311 1309 1307
f 1307 1312 1311
f 1311 1310 1309
f 1312 1310 1311
f 1314 1316 1313
f 1317 1314 1313
f 1313 1316 1315
f 1315 1317 1313
f 1314 1320 1316
f 1318 1314 1317
f 1318 1320 1314
f 1316 1320 1315
f 1319 1317 1315
f 1315 1320 1319
f 1319 1318 1317
f 1320 1318 1319
f 1322 1324 1321
f 1325 1322 1321
f 1321 1324 1323
f 1323 1325 1321
f 1322 1328 1324
f 1326 1322 1325
f 1326 1328 1322
f 1324 1328 1323
f 1327 1325 1323
f 1323 1328 1327
f 1327 1326 1325
f 1328 1326 1327
f 1330 1332 1329
f 1333 1330 1329
f 1329 1332 1331
f 1331 1333 1329
f 1330 1336 1332
f 1334 1330 1333
f 1334 1336 1330
f 1332 1336 1331
f 1335 1333 1331
f 1331 1336 1335
f 1335 1334 1333
f 1336 1334 1335
f 1338 1340 1337
f 1341 1338 1337
f 1337 1340 1339
f 1339 1341 1337
f 1338 1344 1340
f 1342 1338 1341
f 1342 1344 1338
f 1340 1344 1339
f 1343 1341 1339
f 1339 1344 1343
f 1343 1342 1341
f 1344 1342 1343
f 1346 1348 1345
f 1349 1346 1345
f 1345 1348 1347
f 1347 1349 1345
f 1346 1352 1348
f 1350 1346 1349
f 1350 1352 1346
f 1348 1352 1347
f 1351 1349 1347
f 1347 1352 1351
f 1351 1350 1349
f 1352 1350 1351
f 1354 1356 1353
f 1357 1354 1353
f 1353 1356 1355
f 1355 1357 1353
f 1354 1360 1356
f 1358 1354 1357
f 1358 1360 1354
f 1356 1360 1355
f 1359 1357 1355
f 1355 1360 1359
f 1359 1358 1357
f 1360 1358 1359
f 1362 1364 1361
f 1365 1362 1361
f 1361 1364 1363
f 1363 1365 1361
f 1362 1368 1364
f 1366 1362 1365
f 1366 1368 1362
f 1364 1368 1363
f 1367 1365 1363
f 1363 1368 1367
f 1367 1366 1365
f 1368 1366 1367
f 1370 1372 1369
f 1373 1370 1369
f 1369 1372 1371
f 1371 1373 1369
f 1370 1376 1372
f 1374 1370 1373
f 1374 1376 1370
f 1372 1376 1371
f 1375 1373 1371
f 1371 1376 1375
f 1375 1374 1373
f 1376 1374 1375
f 1378 1380 1377
f 1381 1378 1377
f 1377 1380 1379
f 1379 1381 1377
f 1378 1384 1380
f 1382 1378 1381
f 1382 1384 1378
f 1380 1384 1379
f 1383 1381 1379
f 1379 1384 1383
f 1383 1382 1381
f 1384 1382 1383
f 1386 1388 1385
f 1389 1386 1385
f 1385 1388 1387
f 1387 1389 1385
f 1386 1392 1388
f 1390 1386 1389
f 1390 1392 1386
f 1388 1392 1387
f 1391 1389 1387
f 1387 1392 1391
f 1391 1390 1389
f 1392 1390 1391
f 1394 1396 1393
f 1397 1394 1393
f 1393 1396 1395
f 1395 1397 1393
f 1394 1400 1396
f 1398 1394 1397
f 1398 1400 1394
f 1396 1400 1395
f 1399 1397 1395
f 1395 1400 1399
f 1399 1398 1397
f 1400 1398 1399
f 1402 1404 1401
f 1405 1402 1401
f 1401 1404 1403
f 1403 1405 1401
f 1402 1408 1404
f 1406 1402 1405
f 1406 1408 1402
f 1404 1408 1403
f 1407 1405 1403
f 1403 1408 1407
f 1407 1406 1405
f 1408 1406 1407
f 1410 1412 1409
f 1413 1410 1409
f 1409 1412 1411
f 1411 1413 1409
f 1410 1416 1412
f 1414 1410 1413
f 1414 1416 1410
f 1412 1416 1411
f 1415 1413 1411
f 1411 1416 1415
f 1415 1414 1413
f 1416 1414 1415
f 1418 1420 1417
f 1421 1418 1417
f 1417 1420 1419
f 1419 1421 1417
f 1418 1424 1420
f 1422 1418 1421
f 1422 1424 1418
f 1420 1424 1419
f 1423 1421 1419
f 1419 1424 1423
f 1423 1422 1421
f 1424 1422 1423
f 1426 1428 1425
f 1429 1426 1425
f 1425 1428 1427
f 1427 1429 1425
f 1426 1432 1428
f 1430 1426 1429
f 1430 1432 1426
f 1428 1432 1427
f 1431 1429 1427
f 1427 1432 1431
f 1431 1430 1429
f 1432 1430 1431
f 1434 1436 1433
f 1437 1434 1433
f 1433 1436 1435
f 1435 1437 1433
f 1434 1440 1436
f 1438 1434 1437
f 1438 1440 1434
f 1436 1440 1435
f 1439 1437 1435
f 1435 1440 1439
f 1439 1438 1437
f 1440 1438 1439
f 1442 1444 1441
f 1445 1442 1441
f 1441 1444 1443
f 1443 1445 1441
f 1442 1448 1444
f 1446 1442 1445
f 1446 1448 1442
f 1444 1448 1443
f 1447 1445 1443
f 1443 1448 1447
f 1447 1446 1445
f 1448 1446 1447
f 1450 1452 1449
f 1453 1450 1449
f 1449 1452 1451
f 1451 1453 1449
f 1450 1456 1452
f 1454 1450 1453
f 1454 1456 1450
f 1452 1456 1451
f 1455 1453 1451
f 1451 1456 1455
f 1455 1454 1453
f 1456 1454 1455
f 1458 1460 1457
f 1461 1458 1457
f 1457 1460 1459
f 1459 1461 1457
f 1458 1464 1460
f 1462 1458 1461
f 1462 1464 1458
f 1460 1464 1459
f 1463 1461 1459
f 1459 1464 1463
f 1463 1462 1461
f 1464 1462 1463
f 1466 1468 1465
f 1469 1466 1465
f 1465 1468 1467
f 1467 1469 1465
f 1466 1472 1468
f 1470 1466 1469
f 1470 1472 1466
f 1468 1472 1467
f 1471 1469 1467
f 1467 1472 1471
f 1471 1470 1469
f 1472 1470 1471
f 1474 1476 1473
f 1477 1474 1473
f 1473 1476 1475
f 1475 1477 1473
f 1474 1480 1476
f 1478 1474 1477
f 1478 1480 1474
f 1476 1480 1475
f 1479 1477 1475
f 1475 1480 1479
f 1479 1478 1477
f 1480 1478 1479
f 1482 1484 1481
f 1485 1482 1481
f 1481 1484 1483
f 1483 1485 1481
f 1482 1488 1484
f 1486 1482 1485
f 1486 1488 1482
f 1484 1488 1483
f 1487 1485 1483
f 1483 1488 1487
f 1487 1486 1485
f 1488 1486 1487
f 1490 1492 1489
f 1493 1490 1489
f 1489 1492 1491
f 1491 1493 1489
f 1490 1496 1492
f 1494 1490 1493
f 1494 1496 1490
f 1492 1496 1491
f 1495 1493 1491
f 1491 1496 1495
f 1495 1494 1493
f 1496 1494 1495
f 1498 1500 1497
f 1501 1498 1497
f 1497 1500 1499
f 1499 1501 1497
f 1498 1504 1500
f 1502 1498 1501
f 1502 1504 1498
f 1500 1504 1499
f 1503 1501 1499
f 1499 1504 1503
f 1503 1502 1501
f 1504 1502 1503
f 1506 1508 1505
f 1509 1506 1505
f 1505 1508 1507
f 1507 1509 1505
f 1506 1512 1508
f 1510 1506 1509
f 1510 1512 1506
f 1508 1512 1507
f 1511 1509 1507
f 1507 1512 1511
f 1511 1510 1509
f 1512 1510 1511
f 1514 1516 1513
f 1517 1514 1513
f 1513 1516 1515
f 1515 1517 1513
f 1514 1520 1516
f 1518 1514 1517
f 1518 1520 1514
f 1516 1520 1515
f 1519 1517 1515
f 1515 1520 1519
f 1519 1518 1517
f 1520 1518 1519
f 1522 1524 1521
f 1525 1522 1521
f 1521 1524 1523
f 1523 1525 1521
f 1522 1528 1524
f 1526 1522 1525
f 1526 1528 1522
f 1524 1528 1523
f 1527 1525 1523
f 1523 1528 1527
f 1527 1526 1525
f 1528 1526 1527
f 1530 1532 1529
f 1533 1530 1529
f 1529 1532 1531
f 1531 1533 1529
f 1530 1536 1532
f 1534 1530 1533
f 1534 1536 1530
f 1532 1536 1531
f 1535 1533 1531
f 1531 1536 1535
f 1535 1534 1533
f 1536 1534 1535
f 1538 1540 1537
f 1541 1538 1537
f 1537 1540 1539
f 1539 1541 1537
f 1538 1544 1540
f 1542 1538 1541
f 1542 1544 1538
f 1540 1544 1539
f 1543 1541 1539
f 1539 1544 1543
f 1543 1542 1541
f 1544 1542 1543
f 1546 1548 1545
f 1549 1546 1545
f 1545 1548 1547
f 1547 1549 1545
f 1546 1552 1548
f 1550 1546 1549
f 1550 1552 1546
f 1548 1552 1547
f 1551 1549 1547
f 1547 1552 1551
f 1551 1550 1549
f 1552 1550 1551
f 1554 1556 1553
f 1557 1554 1553
f 1553 1556 1555
f 1555 1557 1553
f 1554 1560 1556
f 1558 1554 1557
f 1558 1560 1554
f 1556 1560 1555
f 1559 1557 1555
f 1555 1560 1559
f 1559 1558 1557
f 1560 1558 1559
f 1562 1564 1561
f 1565 1562 1561
f 1561 1564 1563
f 1563 1565 1561
f 1562 1568 1564
f 1566 1562 1565
f 1566 1568 1562
f 1564 1568 1563
f 1567 1565 1563
f 1563 1568 1567
f 1567 1566 1565
f 1568 1566 1567
f 1570 1572 1569
f 1573 1570 1569
f 1569 1572 1571
f 1571 1573 1569
f 1570 1576 1572
f 1574 1570 1573
f 1574 1576 1570
f 1572 1576 1571
f 1575 1573 1571
f 1571 1576 1575
f 1575 1574 1573
f 1576 1574 1575
f 1578 1580 1577
f 1581 1578 1577
f 1577 1580 1579
f 1579 1581 1577
f 1578 1584 1580
f 1582 1578 1581
f 1582 1584 1578
f 1580 1584 1579
f 1583 1581 1579
f 1579 1584 1583
f 1583 1582 1581
f 1584 1582 1583
f 1586 1588 1585
f 1589 1586 1585
f 1585 1588 1587
f 1587 1589 1585
f 1586 1592 1588
f 1590 1586 1589
f 1590 1592 1586
f 1588 1592 1587
f 1591 1589 1587
f 1587 1592 1591
f 1591 1590 1589
f 1592 1590 1591
f 1594 1596 1593
f 1597 1594 1593
f 1593 1596 1595
f 1595 1597 1593
f 1594 1600 1596
f 1598 1594 1597
f 1598 1600 1594
f 1596 1600 1595
f 1599 1597 1595
f 1595 1600 1599
f 1599 1598 1597
f 1600 1598 1599
f 1602 1604 1601
f 1605 1602 1601
f 1601 1604 1603
f 1603 1605 1601
f 1602 1608 1604
f 1606 1602 1605
f 1606 1608 1602
f 1604 1608 1603
f 1607 1605 1603
f 1603 1608 1607
f 1607 1606 1605
f 1608 1606 1607
f 1610 1612 1609
f 1613 1610 1609
f 1609 1612 1611
f 1611 1613 1609
f 1610 1616 1612
f 1614 1610 1613
f 1614 1616 1610
f 1612 1616 1611
f 1615 1613 1611
f 1611 1616 1615
f 1615 1614 1613
f 1616 1614 1615
f 1618 1620 1617
f 1621 1618 1617
f 1617 1620 1619
f 1619 1621 1617
f 1618 1624 1620
f 1622 1618 1621
f 1622 1624 1618
f 1620 1624 1619
f 1623 1621 1619
f 1619 1624 1623
f 1623 1622 1621
f 1624 1622 1623
f 1626 1628 1625
f 1629 1626 1625
f 1625 1628 1627
f 1627 1629 1625
f 1626 1632 1628
f 1630 1626 1629
f 1630 1632 1626
f 1628 1632 1627
f 1631 1629 1627
f 1627 1632 1631
f 1631 1630 1629
f 1632 1630 1631
f 1634 1636 1633
f 1637 1634 1633
f 1633 1636 1635
f 1635 1637 1633
f 1634 1640 1636
f 1638 1634 1637
f 1638 1640 1634
f 1636 1640 1635
f 1639 1637 1635
f 1635 1640 1639
f 1639 1638 1637
f 1640 1638 1639
f 1642 1644 1641
f 1645 1642 1641
f 1641 1644 1643
f 1643 1645 1641
f 1642 1648 1644
f 1646 1642 1645
f 1646 1648 1642
f 1644 1648 1643
f 1647 1645 1643
f 1643 1648 1647
f 1647 1646 1645
f 1648 1646 1647
f 1650 1652 1649
f 1653 1650 1649
f 1649 1652 1651
f 1651 1653 1649
f 1650 1656 1652
f 1654 1650 1653
f 1654 1656 1650
f 1652 1656 1651
f 1655 1653 1651
f 1651 1656 1655
f 1655 1654 1653
f 1656 1654 1655
f 1658 1660 1657
f 1661 1658 1657
f 1657 1660 1659
f 1659 1661 1657
f 1658 1664 1660
f 1662 1658 1661
f 1662 1664 1658
f 1660 1664 1659
f 1663 1661 1659
f 1659 1664 1663
f 1663 1662 1661
f 1664 1662 1663
f 1666 1668 1665
f 1669 1666 1665
f 1665 1668 1667
f 1667 1669 1665
f 1666 1672 1668
f 1670 1666 1669
f 1670 1672 1666
f 1668 1672 1667
f 1671 1669 1667
f 1667 1672 1671
f 1671 1670 1669
f 1672 1670 1671
f 1674 1676 1673
f 1677 1674 1673
f 1673 1676 1675
f 1675 1677 1673
f 1674 1680 1676
f 1678 1674 1677
f 1678 1680 1674
f 1676 1680 1675
f 1679 1677 1675
f 1675 1680 1679
f 1679 1678 1677
f 1680 1678 1679
f 1682 1684 1681
f 1685 1682 1681
f 1681 1684 1683
f 1683 1685 1681
f 1682 1688 1684
f 1686 1682 1685
f 1686 1688 1682
f 1684 1688 1683
f 1687 1685 1683
f 1683 1688 1687
f 1687 1686 1685
f 1688 1686 1687
f 1690 1692 1689
f 1693 1690 1689
f 1689 1692 1691
f 1691 1693 1689
f 1690 1696 1692
f 1694 1690 1693
f 1694 1696 1690
f 1692 1696 1691
f 1695 1693 1691
f 1691 1696 1695
f 1695 1694 1693
f 1696 1694 1695
f 1698 1700 1697
f 1701 1698 1697
f 1697 1700 1699
f 1699 1701 1697
f 1698 1704 1700
f 1702 1698 1701
f 1702 1704 1698
f 1700 1704 1699
f 1703 1701 1699
f 1699 1704 1703
f 1703 1702 1701
f 1704 1702 1703
f 1706 1708 1705
f 1709 1706 1705
f 1705 1708 1707
f 1707 1709 1705
f 1706 1712 1708
f 1710 1706 1709
f 1710 1712 1706
f 1708 1712 1707
f 1711 1709 1707
f 1707 1712 1711
f 1711 1710 1709
f 1712 1710 1711
f 1714 1716 1713
f 1717 1714 1713
f 1713 1716 1715
f 1715 1717 1713
f 1714 1720 1716
f 1718 1714 1717
f 1718 1720 1714
f 1716 1720 1715
f 1719 1717 1715
f 1715 1720 1719
f 1719 1718 1717
f 1720 1718 1719
f 1722 1724 1721
f 1725 1722 1721
f 1721 1724 1723
f 1723 1725 1721
f 1722 1728 1724
f 1726 1722 1725
f 1726 1728 1722
f 1724 1728 1723
f 1727 1725 1723
f 1723 1728 1727
f 1727 1726 1725
f 1728 1726 1727
f 1730 1732 1729
f 1733 1730 1729
f 1729 1732 1731
f 1731 1733 1729
f 1730 1736 1732
f 1734 1730 1733
f 1734 1736 1730
f 1732 1736 1731
f 1735 1733 1731
f 1731 1736 1735
f 1735 1734 1733
f 1736 1734 1735
f 1738 1740 1737
f 1741 1738 1737
f 1737 1740 1739
f 1739 1741 1737
f 1738 1744 1740
f 1742 1738 1741
f 1742 1744 1738
f 1740 1744 1739
f 1743 1741 1739
f 1739 1744 1743
f 1743 1742 1741
f 1744 1742 1743
f 1746 1748 1745
f 1749 1746 1745
f 1745 1748 1747
f 1747 1749 1745
f 1746 1752 1748
f 1750 1746 1749
f 1750 1752 1746
f 1748 1752 1747
f 1751 1749 1747
f 1747 1752 1751
f 1751 1750 1749
f 1752 1750 1751
f 1754 1756 1753
f 1757 1754 1753
f 1753 1756 1755
f 1755 1757 1753
f 1754 1760 1756
f 1758 1754 1757
f 1758 1760 1754
f 1756 1760 1755
f 1759 1757 1755
f 1755 1760 1759
f 1759 1758 1757
f 1760 1758 1759
f 1762 1764 1761
f 1765 1762 1761
f 1761 1764 1763
f 1763 1765 1761
f 1762 1768 1764
f 1766 1762 1765
f 1766 1768 1762
f 1764 1768 1763
f 1767 1765 1763
f 1763 1768 1767
f 1767 1766 1765
f 1768 1766 1767
f 1770 1772 1769
f 1773 1770 1769
f 1769 1772 1771
f 1771 1773 1769
f 1770 1776 1772
f 1774 1770 1773
f 1774 1776 1770
f 1772 1776 1771
f 1775 1773 1771
f 1771 1776 1775
f 1775 1774 1773
f 1776 1774 1775
f 1778 1780 1777
f 1781 1778 1777
f 1777 1780 1779
f 1779 1781 1777
f 1778 1784 1780
f 1782 1778 1781
f 1782 1784 1778
f 1780 1784 1779
f 1783 1781 1779
f 1779 1784 1783
f 1783 1782 1781
f 1784 1782 1783
f 1786 1788 1785
f 1789 1786 1785
f 1785 1788 1787
f 1787 1789 1785
f 1786 1792 1788
f 1790 1786 1789
f 1790 1792 1786
f 1788 1792 1787
f 1791 1789 1787
f 1787 1792 1791
f 1791 1790 1789
f 1792 1790 1791
f 1794 1796 1793
f 1797 1794 1793
f 1793 1796 1795
f 1795 1797 1793
f 1794 1800 1796
f 1798 1794 1797
f 1798 1800 1794
f 1796 1800 1795
f 1799 1797 1795
f 1795 1800 1799
f 1799 1798 1797
f 1800 1798 1799
f 1802 1804 1801
f 1805 1802 1801
f 1801 1804 1803
f 1803 1805 1801
f 1802 1808 1804
f 1806 1802 1805
f 1806 1808 1802
f 1804 1808 1803
f 1807 1805 1803
f 1803 1808 1807
f 1807 1806 1805
f 1808 1806 1807
f 1810 1812 1809
f 1813 1810 1809
f 1809 1812 1811
f 1811 1813 1809
f 1810 1816 1812
f 1814 1810 1813
f 1814 1816 1810
f 1812 1816 1811
f 1815 1813 1811
f 1811 1816 1815
f 1815 1814 1813
f 1816 1814 1815
f 1818 1820 1817
f 1821 1818 1817
f 1817 1820 1819
f 1819 1821 1817
f 1818 1824 1820
f 1822 1818 1821
f 1822 1824 1818
f 1820 1824 1819
f 1823 1821 1819
f 1819 1824 1823
f 1823 1822 1821
f 1824 1822 1823
f 1826 1828 1825
f 1829 1826 1825
f 1825 1828 1827
f 1827 1829 1825
f 1826 1832 1828
f 1830 1826 1829
f 1830 1832 1826
f 1828 1832 1827
f 1831 1829 1827
f 1827 1832 1831
f 1831 1830 1829
f 1832 1830 1831
f 1834 1836 1833
f 1837 1834 1833
f 1833 1836 1835
f 1835 1837 1833
f 1834 1840 1836
f 1838 1834 1837
f 1838 1840 1834
f 1836 1840 1835
f 1839 1837 1835
f 1835 1840 1839
f 1839 1838 1837
f 1840 1838 1839
f 1842 1844 1841
f 1845 1842 1841
f 1841 1844 1843
f 1843 1845 1841
f 1842 1848 1844
f 1846 1842 1845
f 1846 1848 1842
f 1844 1848 1843
f 1847 1845 1843
f 1843 1848 1847
f 1847 1846 1845
f 1848 1846 1847
f 1850 1852 1849
f 1853 1850 1849
f 1849 1852 1851
f 1851 1853 1849
f 1850 1856 1852
f 1854 1850 1853
f 1854 1856 1850
f 1852 1856 1851
f 1855 1853 1851
f 1851 1856 1855
f 1855 1854 1853
f 1856 1854 1855
f 1858 1860 1857
f 1861 1858 1857
f 1857 1860 1859
f 1859 1861 1857
f 1858 1864 1860
f 1862 1858 1861
f 1862 1864 1858
f 1860 1864 1859
f 1863 1861 1859
f 1859 1864 1863
f 1863 1862 1861
f 1864 1862 1863
f 1866 1868 1865
f 1869 1866 1865
f 1865 1868 1867
f 1867 1869 1865
f 1866 1872 1868
f 1870 1866 1869
f 1870 1872 1866
f 1868 1872 1867
f 1871 1869 1867
f 1867 1872 1871
f 1871 1870 1869
f 1872 1870 1871
f 1874 1876 1873
f 1877 1874 1873
f 1873 1876 1875
f 1875 1877 1873
f 1874 1880 1876
f 1878 1874 1877
f 1878 1880 1874
f 1876 1880 1875
f 1879 1877 1875
f 1875 1880 1879
f 1879 1878 1877
f 1880 1878 1879
f 1882 1884 1881
f 1885 1882 1881
f 1881 1884 1883
f 1883 1885 1881
f 1882 1888 1884
f 1886 1882 1885
f 1886 1888 1882
f 1884 1888 1883
f 1887 1885 1883
f 1883 1888 1887
f 1887 1886 1885
f 1888 1886 1887
f 1890 1892 1889
f 1893 1890 1889
f 1889 1892 1891
f 1891 1893 1889
f 1890 1896 1892
f 1894 1890 1893
f 1894 1896 1890
f 1892 1896 1891
f 1895 1893 1891
f 1891 1896 1895
f 1895 1894 1893
f 1896 1894 1895
f 1898 1900 1897
f 1901 1898 1897
f 1897 1900 1899
f 1899 1901 1897
f 1898 1904 1900
f 1902 1898 1901
f 1902 1904 1898
f 1900 1904 1899
f 1903 1901 1899
f 1899 1904 1903
f 1903 1902 1901
f 1904 1902 1903
f 1906 1908 1905
f 1909 1906 1905
f 1905 1908 1907
f 1907 1909 1905
f 1906 1912 1908
f 1910 1906 1909
f 1910 1912 1906
f 1908 1912 1907
f 1911 1909 1907
f 1907 1912 1911
f 1911 1910 1909
f 1912 1910 1911
f 1914 1916 1913
f 1917 1914 1913
f 1913 1916 1915
f 1915 1917 1913
f 1914 1920 1916
f 1918 1914 1917
f 1918 1920 1914
f 1916 1920 1915
f 1919 1917 1915
f 1915 1920 1919
f 1919 1918 1917
f 1920 1918 1919
f 1922 1924 1921
f 1925 1922 1921
f 1921 1924 1923
f 1923 1925 1921
f 1922 1928 1924
f 1926 1922 1925
f 1926 1928 1922
f 1924 1928 1923
f 1927 1925 1923
f 1923 1928 1927
f 1927 1926 1925
f 1928 1926 1927
f 1930 1932 1929
f 1933 1930 1929
f 1929 1932 1931
f 1931 1933 1929
f 1930 1936 1932
f 1934 1930 1933
f 1934 1936 1930
f 1932 1936 1931
f 1935 1933 1931
f 1931 1936 1935
f 1935 1934 1933
f 1936 1934 1935
f 1938 1940 1937
f 1941 1938 1937
f 1937 1940 1939
f 1939 1941 1937
f 1938 1944 1940
f 1942 1938 1941
f 1942 1944 1938
f 1940 1944 1939
f 1943 1941 1939
f 1939 1944 1943
f 1943 1942 1941
f 1944 1942 1943
f 1946 1948 1945
f 1949 1946 1945
f 1945 1948 1947
f 1947 1949 1945
f 1946 1952 1948
f 1950 1946 1949
f 1950 1952 1946
f 1948 1952 1947
f 1951 1949 1947
f 1947 1952 1951
f 1951 1950 1949
f 1952 1950 1951
f 1954 1956 1953
f 1957 1954 1953
f 1953 1956 1955
f 1955 1957 1953
f 1954 1960 1956
f 1958 1954 1957
f 1958 1960 1954
f 1956 1960 1955
f 1959 1957 1955
f 1955 1960 1959
f 1959 1958 1957
f 1960 1958 1959
f 1962 1964 1961
f 1965 1962 1961
f 1961 1964 1963
f 1963 1965 1961
f 1962 1968 1964
f 1966 1962 1965
f 1966 1968 1962
f 1964 1968 1963
f 1967 1965 1963
f 1963 1968 1967
f 1967 1966 1965
f 1968 1966 1967
f 1970 1972 1969
f 1973 1970 1969
f 1969 1972 1971
f 1971 1973 1969
f 1970 1976 1972
f 1974 1970 1973
f 1974 1976 1970
f 1972 1976 1971
f 1975 1973 1971
f 1971 1976 1975
f 1975 1974 1973
f 1976 1974 1975
f 1978 1980 1977
f 1981 1978 1977
f 1977 1980 1979
f 1979 1981 1977
f 1978 1984 1980
f 1982 1978 1981
f 1982 1984 1978
f 1980 1984 1979
f 1983 1981 1979
f 1979 1984 1983
f 1983 1982 1981
f 1984 1982 1983
f 1986 1988 1985
f 1989 1986 1985
f 1985 1988 1987
f 1987 1989 1985
f 1986 1992 1988
f 1990 1986 1989
f 1990 1992 1986
f 1988 1992 1987
f 1991 1989 1987
f 1987 1992 1991
f 1991 1990 1989
f 1992 1990 1991
f 1994 1996 1993
f 1997 1994 1993
f 1993 1996 1995
f 1995 1997 1993
f 1994 2000 1996
f 1998 1994 1997
f 1998 2000 1994
f 1996 2000 1995
f 1999 1997 1995
f 1995 2000 1999
f 1999 1998 1997
f 2000 1998 1999
f 2002 2004 2001
f 2005 2002 2001
f 2001 2004 2003
f 2003 2005 2001
f 2002 2008 2004
f 2006 2002 2005
f 2006 2008 2002
f 2004 2008 2003
f 2007 2005 2003
f 2003 2008 2007
f 2007 2006 2005
f 2008 2006 2007
f 2010 2012 2009
f 2013 2010 2009
f 2009 2012 2011
f 2011 2013 2009
f 2010 2016 2012
f 2014 2010 2013
f 2014 2016 2010
f 2012 2016 2011
f 2015 2013 2011
f 2011 2016 2015
f 2015 2014 2013
f 2016 2014 2015
f 2018 2020 2017
f 2021 2018 2017
f 2017 2020 2019
f 2019 2021 2017
f 2018 2024 2020
f 2022 2018 2021
f 2022 2024 2018
f 2020 2024 2019
f 2023 2021 2019
f 2019 2024 2023
f 2023 2022 2021
f 2024 2022 2023
f 2026 2028 2025
f 2029 2026 2025
f 2025 2028 2027
f 2027 2029 2025
f 2026 2032 2028
f 2030 2026 2029
f 2030 2032 2026
f 2028 2032 2027
f 2031 2029 2027
f 2027 2032 2031
f 2031 2030 2029
f 2032 2030 2031
f 2034 2036 2033
f 2037 2034 2033
f 2033 2036 2035
f 2035 2037 2033
f 2034 2040 2036
f 2038 2034 2037
f 2038 2040 2034
f 2036 2040 2035
f 2039 2037 2035
f 2035 2040 2039
f 2039 2038 2037
f 2040 2038 2039
f 2042 2044 2041
f 2045 2042 2041
f 2041 2044 2043
f 2043 2045 2041
f 2042 2048 2044
f 2046 2042 2045
f 2046 2048 2042
f 2044 2048 2043
f 2047 2045 2043
f 2043 2048 2047
f 2047 2046 2045
f 2048 2046 2047
f 2050 2052 2049
f 2053 2050 2049
f 2049 2052 2051
f 2051 2053 2049
f 2050 2056 2052
f 2054 2050 2053
f 2054 2056 2050
f 2052 2056 2051
f 2055 2053 2051
f 2051 2056 2055
f 2055 2054 2053
f 2056 2054 2055
f 2058 2060 2057
f 2061 2058 2057
f 2057 2060 2059
f 2059 2061 2057
f 2058 2064 2060
f 2062 2058 2061
f 2062 2064 2058
f 2060 2064 2059
f 2063 2061 2059
f 2059 2064 2063
f 2063 2062 2061
f 2064 2062 2063
f 2066 2068 2065
f 2069 2066 2065
f 2065 2068 2067
f 2067 2069 2065
f 2066 2072 2068
f 2070 2066 2069
f 2070 2072 2066
f 2068 2072 2067
f 2071 2069 2067
f 2067 2072 2071
f 2071 2070 2069
f 2072 2070 2071
f 2074 2076 2073
f 2077 2074 2073
f 2073 2076 2075
f 2075 2077 2073
f 2074 2080 2076
f 2078 2074 2077
f 2078 2080 2074
f 2076 2080 2075
f 2079 2077 2075
f 2075 2080 2079
f 2079 2078 2077
f 2080 2078 2079
f 2082 2084 2081
f 2085 2082 2081
f 2081 2084 2083
f 2083 2085 2081
f 2082 2088 2084
f 2086 2082 2085
f 2086 2088 2082
f 2084 2088 2083
f 2087 2085 2083
f 2083 2088 2087
f 2087 2086 2085
f 2088 2086 2087
f 2090 2092 2089
f 2093 2090 2089
f 2089 2092 2091
f 2091 2093 2089
f 2090 2096 2092
f 2094 2090 2093
f 2094 2096 2090
f 2092 2096 2091
f 2095 2093 2091
f 2091 2096 2095
f 2095 2094 2093
f 2096 2094 2095
f 2098 2100 2097
f 2101 2098 2097
f 2097 2100 2099
f 2099 2101 2097
f 2098 2104 2100
f 2102 2098 2101
f 2102 2104 2098
f 2100 2104 2099
f 2103 2101 2099
f 2099 2104 2103
f 2103 2102 2101
f 2104 2102 2103
f 2106 2108 2105
f 2109 2106 2105
f 2105 2108 2107
f 2107 2109 2105
f 2106 2112 2108
f 2110 2106 2109
f 2110 2112 2106
f 2108 2112 2107
f 2111 2109 2107
f 2107 2112 2111
f 2111 2110 2109
f 2112 2110 2111
f 2114 2116 2113
f 2117 2114 2113
f 2113 2116 2115
f 2115 2117 2113
f 2114 2120 2116
f 2118 2114 2117
f 2118 2120 2114
f 2116 2120 2115
f 2119 2117 2115
f 2115 2120 2119
f 2119 2118 2117
f 2120 2118 2119
f 2122 2124 2121
f 2125 2122 2121
f 2121 2124 2123
f 2123 2125 2121
f 2122 2128 2124
f 2126 2122 2125
f 2126 2128 2122
f 2124 2128 2123
f 2127 2125 2123
f 2123 2128 2127
f 2127 2126 2125
f 2128 2126 2127
f 2130 2132 2129
f 2133 2130 2129
f 2129 2132 2131
f 2131 2133 2129
f 2130 2136 2132
f 2134 2130 2133
f 2134 2136 2130
f 2132 2136 2131
f 2135 2133 2131
f 2131 2136 2135
f 2135 2134 2133
f 2136 2134 2135
f 2138 2140 2137
f 2141 2138 2137
f 2137 2140 2139
f 2139 2141 2137
f 2138 2144 2140
f 2142 2138 2141
f 2142 2144 2138
f 2140 2144 2139
f 2143 2141 2139
f 2139 2144 2143
f 2143 2142 2141
f 2144 2142 2143
f 2146 2148 2145
f 2149 2146 2145
f 2145 2148 2147
f 2147 2149 2145
f 2146 2152 2148
f 2150 2146 2149
f 2150 2152 2146
f 2148 2152 2147
f 2151 2149 2147
f 2147 2152 2151
f 2151 2150 2149
f 2152 2150 2151
f 2154 2156 2153
f 2157 2154 2153
f 2153 2156 2155
f 2155 2157 2153
f 2154 2160 2156
f 2158 2154 2157
f 2158 2160 2154
f 2156 2160 2155
f 2159 2157 2155
f 2155 2160 2159
f 2159 2158 2157
f 2160 2158 2159
f 2162 2164 2161
f 2165 2162 2161
f 2161 2164 2163
f 2163 2165 2161
f 2162 2168 2164
f 2166 2162 2165
f 2166 2168 2162
f 2164 2168 2163
f 2167 2165 2163
f 2163 2168 2167
f 2167 2166 2165
f 2168 2166 2167
f 2170 2172 2169
f 2173 2170 2169
f 2169 2172 2171
f 2171 2173 2169
f 2170 2176 2172
f 2174 2170 2173
f 2174 2176 2170
f 2172 2176 2171
f 2175 2173 2171
f 2171 2176 2175
f 2175 2174 2173
f 2176 2174 2175
f 2178 2180 2177
f 2181 2178 2177
f 2177 2180 2179
f 2179 2181 2177
f 2178 2184 2180
f 2182 2178 2181
f 2182 2184 2178
f 2180 2184 2179
f 2183 2181 2179
f 2179 2184 2183
f 2183 2182 2181
f 2184 2182 2183
f 2186 2188 2185
f 2189 2186 2185
f 2185 2188 2187
f 2187 2189 2185
f 2186 2192 2188
f 2190 2186 2189
f 2190 2192 2186
f 2188 2192 2187
f 2191 2189 2187
f 2187 2192 2191
f 2191 2190 2189
f 2192 2190 2191
f 2194 2196 2193
f 2197 2194 2193
f 2193 2196 2195
f 2195 2197 2193
f 2194 2200 2196
f 2198 2194 2197
f 2198 2200 2194
f 2196 2200 2195
f 2199 2197 2195
f 2195 2200 2199
f 2199 2198 2197
f 2200 2198 2199
f 2202 2204 2201
f 2205 2202 2201
f 2201 2204 2203
f 2203 2205 2201
f 2202 2208 2204
f 2206 2202 2205
f 2206 2208 2202
f 2204 2208 2203
f 2207 2205 2203
f 2203 2208 2207
f 2207 2206 2205
f 2208 2206 2207
f 2210 2212 2209
f 2213 2210 2209
f 2209 2212 2211
f 2211 2213 2209
f 2210 2216 2212
f 2214 2210 2213
f 2214 2216 2210
f 2212 2216 2211
f 2215 2213 2211
f 2211 2216 2215
f 2215 2214 2213
f 2216 2214 2215
f 2218 2220 2217
f 2221 2218 2217
f 2217 2220 2219
f 2219 2221 2217
f 2218 2224 2220
f 2222 2218 2221
f 2222 2224 2218
f 2220 2224 2219
f 2223 2221 2219
f 2219 2224 2223
f 2223 2222 2221
f 2224 2222 2223
f 2226 2228 2225
f 2229 2226 2225
f 2225 2228 2227
f 2227 2229 2225
f 2226 2232 2228
f 2230 2226 2229
f 2230 2232 2226
f 2228 2232 2227
f 2231 2229 2227
f 2227 2232 2231
f 2231 2230 2229
f 2232 2230 2231
f 2234 2236 2233
f 2237 2234 2233
f 2233 2236 2235
f 2235 2237 2233
f 2234 2240 2236
f 2238 2234 2237
f 2238 2240 2234
f 2236 2240 2235
f 2239 2237 2235
f 2235 2240 2239
f 2239 2238 2237
f 2240 2238 2239
f 2242 2244 2241
f 2245 2242 2241
f 2241 2244 2243
f 2243 2245 2241
f 2242 2248 2244
f 2246 2242 2245
f 2246 2248 2242
f 2244 2248 2243
f 2247 2245 2243
f 2243 2248 2247
f 2247 2246 2245
f 2248 2246 2247
f 2250 2252 2249
f 2253 2250 2249
f 2249 2252 2251
f 2251 2253 2249
f 2250 2256 2252
f 2254 2250 2253
f 2254 2256 2250
f 2252 2256 2251
f 2255 2253 2251
f 2251 2256 2255
f 2255 2254 2253
f 2256 2254 2255
f 2258 2260 2257
f 2261 2258 2257
f 2257 2260 2259
f 2259 2261 2257
f 2258 2264 2260
f 2262 2258 2261
f 2262 2264 2258
f 2260 2264 2259
f 2263 2261 2259
f 2259 2264 2263
f 2263 2262 2261
f 2264 2262 2263
f 2266 2268 2265
f 2269 2266 2265
f 2265 2268 2267
f 2267 2269 2265
f 2266 2272 2268
f 2270 2266 2269
f 2270 2272 2266
f 2268 2272 2267
f 2271 2269 2267
f 2267 2272 2271
f 2271 2270 2269
f 2272 2270 2271
f 2274 2276 2273
f 2277 2274 2273
f 2273 2276 2275
f 2275 2277 2273
f 2274 2280 2276
f 2278 2274 2277
f 2278 2280 2274
f 2276 2280 2275
f 2279 2277 2275
f 2275 2280 2279
f 2279 2278 2277
f 2280 2278 2279
f 2282 2284 2281
f 2285 2282 2281
f 2281 2284 2283
f 2283 2285 2281
f 2282 2288 2284
f 2286 2282 2285
f 2286 2288 2282
f 2284 2288 2283
f 2287 2285 2283
f 2283 2288 2287
f 2287 2286 2285
f 2288 2286 2287
f 2290 2292 2289
f 2293 2290 2289
f 2289 2292 2291
f 2291 2293 2289
f 2290 2296 2292
f 2294 2290 2293
f 2294 2296 2290
f 2292 2296 2291
f 2295 2293 2291
f 2291 2296 2295
f 2295 2294 2293
f 2296 2294 2295
f 2298 2300 2297
f 2301 2298 2297
f 2297 2300 2299
f 2299 2301 2297
f 2298 2304 2300
f 2302 2298 2301
f 2302 2304 2298
f 2300 2304 2299
f 2303 2301 2299
f 2299 2304 2303
f 2303 2302 2301
f 2304 2302 2303

