# https://github.com/mikedh/trimesh
v -3.89423351 21.31880513 -2.90294275
v -2.80899342 21.27817618 -2.29715691
v -1.76615977 21.15698452 -1.65690407
v -0.78357574 20.95730375 -0.99313914
v 0.12194639 20.68255048 -0.31721931
v 0.93491289 20.33742581 0.35929024
v 1.64141366 19.92783493 1.02481424
v 2.22936029 19.46078603 1.66796540
v 2.68869285 18.94427046 2.27773922
v 3.01155203 18.38712595 2.84370229
v 3.19241362 17.79888538 3.35617084
v 3.22818303 17.18961373 3.80637639
v 3.11824823 16.56973579 4.18661579
v 3.01375978 16.21355559 4.38312998
v 2.76000179 15.59367765 4.68689724
v 2.36676248 14.98440600 4.90899480
v 1.84077028 14.39616544 5.04562252
v 1.19102506 13.83902092 5.09444267
v 0.42864415 13.32250535 5.05461991
v -0.43332791 12.85545646 4.92683562
v -1.38014253 12.44586557 4.71327623
v -2.39559946 12.10074090 4.41759580
v -3.46232394 11.82598763 4.04485351
v -4.56206403 11.62630687 3.60142707
v -5.67600287 11.50511520 3.09490363
v -6.78508064 11.46448625 2.53394996
v -3.02582846 21.37113844 -2.24395690
v -2.19611974 21.34131841 -1.55141432
v -1.41930391 21.22985529 -0.83716461
v -0.70867249 21.03865623 -0.11342876
v -0.07638459 20.77099270 0.60740989
v 0.46674117 20.43144450 1.31301760
v 0.91141176 20.02582139 1.99132123
v 1.25001874 19.56106370 2.63071480
v 1.47676846 19.04512357 3.22025813
v 1.58778116 18.48682886 3.74986395
v 1.58115738 17.89573215 4.21047057
v 1.45701046 17.28194728 4.59419689
v 1.35252201 16.92576708 4.79071108
v 1.11297614 16.29979608 5.09099142
v 0.76213001 15.67234947 5.30268791
v 0.30598670 15.05416306 5.42217836
v -0.24764905 14.45581417 5.44741825
v -0.88930438 13.88754072 5.37797573
v -1.60800040 13.35906603 5.21503898
v -2.39144001 12.87943245 4.96139588
v -3.22621835 12.45684665 4.62138635
v -4.09805212 12.09853917 4.20082804
v -4.99202401 11.81064076 3.70691682
v -5.89283791 11.59807745 3.14810364
v -3.47854558 21.43919153 -2.36132525
v -3.09380786 21.47626019 -1.78414281
v -2.74660334 21.42937686 -1.18127118
v -2.44287277 21.29934373 -0.56302567
v -2.18781307 21.08838569 0.06001538
v -1.98578838 20.80011230 0.67719156
v -1.84025540 20.43945599 1.27794281
v -1.75370424 20.01258770 1.85199011
v -1.72761582 19.52681125 2.38951136
v -1.76243651 18.99043843 2.88130942
v -1.85757052 18.41264671 3.31896948
v -2.01139009 17.80332228 3.69500307
v -2.11587854 17.44714208 3.89151726
v -2.32575176 16.81671064 4.19949033
v -2.58808765 16.17595905 4.43413338
v -2.89839758 15.53585074 4.59143159
v -3.25137204 14.90733816 4.66869356
v -3.64097155 14.30117532 4.66459731
v -4.06052995 13.72773383 4.57921293
v -4.50286849 13.19682544 4.41400137
v -4.96041862 12.71753414 4.17178944
v -5.42535154 12.29806074 3.85672146
v -5.88971212 11.94558254 3.47418833
v -6.34555502 11.66613055 3.03073530
v -4.04583958 21.46410069 -2.61781319
v -4.21868932 21.52565231 -2.29273012
v -4.40982521 21.50240683 -1.93325579
v -4.61597687 21.39476197 -1.54554091
v -4.83361699 21.20455958 -1.13621938
v -5.05902167 20.93505408 -0.71229482
v -5.28833420 20.59085676 -0.28102068
v -5.51763096 20.17785695 0.15022380
v -5.74298862 19.70312119 0.57405993
v -5.96055126 19.17477233 0.98323573
v -6.16659631 18.60185058 1.37075012
v -6.35759829 17.99415877 1.72997259
v -6.46208674 17.63797857 1.92648679
v -6.63477755 17.00591450 2.25127096
v -6.78620241 16.36029295 2.53605969
v -6.91377038 15.71216068 2.77598016
v -7.01529875 15.07260741 2.96692725
v -7.08905034 14.45257609 3.10563382
v -7.13376324 13.86267561 3.18972656
v -7.14867240 13.31299934 3.21776661
v -7.13352272 12.81295239 3.18927421
v -7.08857342 12.37109071 3.10473686
v -7.01459358 11.99497466 2.96560102
v -6.91284903 11.69103971 2.77424735
v -4.57570451 21.43919153 -2.94469500
v -5.26935304 21.47626019 -2.94090070
v -5.96331057 21.42937686 -2.89162476
v -6.64570331 21.29934373 -2.79771031
v -7.30485532 21.08838569 -2.66076425
v -7.92948833 20.80011230 -2.48312977
v -8.50891470 20.43945599 -2.26784624
v -9.03322028 20.01258770 -2.01859722
v -9.49343405 19.52681125 -1.73964744
v -9.88168164 18.99043843 -1.43576979
v -10.19132001 18.41264671 -1.11216372
v -10.41705117 17.80332228 -0.77436621
v -10.52153962 17.44714208 -0.57785201
v -10.65950125 16.81671064 -0.23164287
v -10.70733278 16.17595905 0.11705416
v -10.66421581 15.53585074 0.46227279
v -10.53088807 14.90733816 0.79810623
v -10.30963084 14.30117532 1.11880827
v -10.00422990 13.72773383 1.41889161
v -9.61991074 13.19682544 1.69322174
v -9.16324916 12.71753414 1.93710480
v -8.64205878 12.29806074 2.14636789
v -8.06525730 11.94558254 2.31743044
v -7.44271396 11.66613055 2.44736554
v -4.92616348 21.37113844 -3.25438295
v -5.96427452 21.34131841 -3.55497776
v -6.99080427 21.22985529 -3.79958390
v -7.98818853 21.03865623 -3.98401609
v -8.93936176 20.77099270 -4.10511866
v -9.82804913 20.43144450 -4.16081950
v -10.63904496 20.02582139 -4.15016555
v -11.35847288 19.56106370 -4.07333912
v -11.97402328 19.04512357 -3.93165471
v -12.47516392 18.48682886 -3.72753659
v -12.85332015 17.89573215 -3.46447727
v -13.10202161 17.28194728 -3.14697778
v -13.20651006 16.92576708 -2.95046359
v -13.32150139 16.29979608 -2.58395642
v -13.30081507 15.67234947 -2.17471263
v -13.14480504 15.05416306 -1.72973448
v -12.85614067 14.45581417 -1.25663566
v -12.43976111 13.88754072 -0.76351105
v -11.90279070 13.35906603 -0.25879812
v -11.25441718 12.87943245 0.24886733
v -10.50573438 12.45684665 0.75079902
v -9.66955248 12.09853917 1.23840875
v -8.76017878 11.81064076 1.70335338
v -7.79317292 11.59807745 2.13767759
v -5.00331129 21.27817618 -3.46389642
v -6.11725012 21.15698452 -3.97041985
v -7.21699021 20.95730375 -4.41384629
v -8.28371469 20.68255048 -4.78658859
v -9.29917162 20.33742581 -5.08226902
v -10.24598624 19.92783493 -5.29582840
v -11.10795830 19.46078603 -5.42361269
v -11.87033921 18.94427046 -5.46343545
v -12.52008443 18.38712595 -5.41461531
v -13.04607663 17.79888538 -5.27798758
v -13.43931594 17.18961373 -5.05589002
v -13.69307393 16.56973579 -4.75212277
v -13.79756239 16.21355559 -4.55560857
v -13.90749718 15.59367765 -4.17536917
v -13.87172778 14.98440600 -3.72516363
v -13.69086619 14.39616544 -3.21269508
v -13.36800701 13.83902092 -2.64673200
v -12.90867445 13.32250535 -2.03695818
v -12.32072781 12.85545646 -1.39380703
v -11.61422704 12.44586557 -0.72828302
v -10.80126054 12.10074090 -0.05177347
v -9.89573841 11.82598763 0.62414636
v -8.91315438 11.62630687 1.28791129
v -7.87032073 11.50511520 1.92816413
v -4.78647625 21.18521393 -3.51709643
v -5.68729015 20.97265062 -4.07590960
v -6.58126204 20.68475221 -4.56982082
v -7.45309581 20.32644474 -4.99037914
v -8.28787414 19.90385893 -5.33038867
v -9.07131375 19.42422535 -5.58403176
v -9.79000977 18.89575066 -5.74696852
v -10.43166510 18.32747722 -5.81641104
v -10.98530086 17.72912833 -5.79117114
v -11.44144417 17.11094191 -5.67168069
v -11.79229029 16.48349531 -5.45998420
v -12.03183616 15.85752430 -5.15970386
v -12.13632461 15.50134410 -4.96318967
v -12.26047153 14.88755923 -4.57946336
v -12.26709531 14.29646253 -4.11885673
v -12.15608261 13.73816782 -3.58925091
v -11.92933290 13.22222768 -2.99970758
v -11.59072591 12.75746999 -2.36031401
v -11.14605532 12.35184688 -1.68201038
v -10.60292956 12.01229868 -0.97640267
v -9.97064166 11.74463515 -0.25556402
v -9.26001024 11.55343609 0.46817182
v -8.48319441 11.44197297 1.18242154
v -7.65348569 11.41215295 1.87496412
v -4.33375913 21.11716084 -3.39972808
v -4.78960203 20.83770884 -3.84318112
v -5.25396261 20.48523064 -4.22571425
v -5.71889553 20.06575724 -4.54078223
v -6.17644567 19.58646594 -4.78299415
v -6.61878420 19.05555755 -4.94820572
v -7.03834261 18.48211607 -5.03359010
v -7.42794212 17.87595322 -5.03768635
v -7.78091658 17.24744064 -4.96042438
v -8.09122650 16.60733233 -4.80312616
v -8.35356239 15.96658074 -4.56848311
v -8.56343561 15.33614930 -4.26051005
v -8.66792406 14.97996910 -4.06399585
v -8.82174363 14.37064467 -3.68796227
v -8.91687764 13.79285295 -3.25030220
v -8.95169833 13.25648013 -2.75850415
v -8.92560991 12.77070369 -2.22098290
v -8.83905875 12.34383539 -1.64693559
v -8.69352577 11.98317909 -1.04618434
v -8.49150108 11.69490569 -0.42900816
v -8.23644138 11.48394766 0.19403289
v -7.93271081 11.35391452 0.81227840
v -7.58550629 11.30703119 1.41515002
v -7.20076858 11.34409985 1.99233246
v -3.76646512 21.09225168 -3.14324014
v -3.66472057 20.78831672 -3.33459381
v -3.59074073 20.41220068 -3.47372964
v -3.54579143 19.97033899 -3.55826699
v -3.53064175 19.47029204 -3.58675940
v -3.54555091 18.92061578 -3.55871934
v -3.59026381 18.33071530 -3.47462661
v -3.66401540 17.71068397 -3.33592004
v -3.76554377 17.07113071 -3.14497294
v -3.89311175 16.42299844 -2.90505248
v -4.04453660 15.77737688 -2.62026375
v -4.21722741 15.14531281 -2.29547957
v -4.32171586 14.78913261 -2.09896538
v -4.51271784 14.18144081 -1.73974290
v -4.71876289 13.60851905 -1.35222852
v -4.93632553 13.08017020 -0.94305271
v -5.16168319 12.60543443 -0.51921659
v -5.39097995 12.19243462 -0.08797210
v -5.62029248 11.84823731 0.34330203
v -5.84569717 11.57873180 0.76722660
v -6.06333728 11.38852941 1.17654812
v -6.26948894 11.28088455 1.56426301
v -6.46062483 11.25763907 1.92373734
v -6.63347457 11.31919069 2.24882041
v -3.23660019 21.11716084 -2.81635833
v -2.61405685 20.83770884 -2.68642323
v -2.03725537 20.48523064 -2.51536067
v -1.51606499 20.06575724 -2.30609759
v -1.05940341 19.58646594 -2.06221453
v -0.67508425 19.05555755 -1.78788439
v -0.36968331 18.48211607 -1.48780105
v -0.14842608 17.87595322 -1.16709901
v -0.01509834 17.24744064 -0.83126558
v 0.02801863 16.60733233 -0.48604695
v -0.01981290 15.96658074 -0.13734991
v -0.15777453 15.33614930 0.20885923
v -0.26226298 14.97996910 0.40537342
v -0.48799414 14.37064467 0.74317094
v -0.79763251 13.79285295 1.06677701
v -1.18588010 13.25648013 1.37065465
v -1.64609387 12.77070369 1.64960444
v -2.17039945 12.34383539 1.89885345
v -2.74982582 11.98317909 2.11413698
v -3.37445883 11.69490569 2.29177147
v -4.03361084 11.48394766 2.42871752
v -4.71600358 11.35391452 2.52263197
v -5.40996112 11.30703119 2.57190791
v -6.10360964 11.34409985 2.57570222
v -2.88614123 21.18521393 -2.50667037
v -1.91913537 20.97265062 -2.07234617
v -1.00976167 20.68475221 -1.60740153
v -0.17357977 20.32644474 -1.11979180
v 0.57510303 19.90385893 -0.61786012
v 1.22347655 19.42422535 -0.11019466
v 1.76044695 18.89575066 0.39451826
v 2.17682652 18.32747722 0.88764288
v 2.46549088 17.72912833 1.36074169
v 2.62150091 17.11094191 1.80571985
v 2.64218724 16.48349531 2.21496364
v 2.52719590 15.85752430 2.58147080
v 2.42270745 15.50134410 2.77798500
v 2.17400600 14.88755923 3.09548449
v 1.79584977 14.29646253 3.35854380
v 1.29470913 13.73816782 3.56266192
v 0.67915873 13.22222768 3.70434633
v -0.04026919 12.75746999 3.78117277
v -0.85126502 12.35184688 3.79182672
v -1.73995239 12.01229868 3.73612588
v -2.69112562 11.74463515 3.61502331
v -3.68850988 11.55343609 3.43059111
v -4.71503963 11.44197297 3.18598497
v -5.75315068 11.41215295 2.88539017
v -5.98915450 16.17279400 -0.07160694
v -5.07005232 16.17279400 0.41708836
v -5.84013821 15.97445245 -0.35186583
v -4.92103603 15.97445245 0.13682947
v -5.57199920 15.45685986 0.25247559
v -5.66409634 15.57944168 0.42568512
v -5.24609419 16.56780477 -0.36046259
v -5.33819133 16.69038659 -0.18725306
v -4.61081579 16.41692408 0.23856575
v -4.81223617 15.73032237 0.61738238
v -6.09795436 16.41692408 -0.55215985
v -6.29937473 15.73032237 -0.17334322
v -5.54268485 16.19020546 0.19734331
v -5.36750568 15.95704099 -0.13212078
v -5.75013224 15.65280769 -0.06414569
v -5.20989753 15.65280769 0.22310220
v -5.89185516 15.84144172 0.20239636
v -5.35162045 15.84144172 0.48964424
v -5.64665742 15.42062619 0.39288729
v -5.55857008 16.30580473 -0.42442172
v -5.01833537 16.30580473 -0.13717383
v -5.70029300 16.49443875 -0.15787967
v -5.16005829 16.49443875 0.12936822
v -5.26353311 16.72662026 -0.32766476
v -4.73251768 16.33370152 0.37965824
v -4.64492810 16.21711929 0.21492620
v -4.83599249 16.56588303 -0.07737474
v -4.89012583 16.63793481 0.02443526
v -4.85090961 15.93012716 0.60232107
v -4.76332002 15.81354492 0.43758902
v -5.14594658 15.50931163 0.50556411
v -5.20007992 15.58136342 0.60737412
v -4.58097715 16.07362322 0.49738811
v -6.14687050 16.33370152 -0.37236649
v -6.05928092 16.21711929 -0.53709854
v -5.71011061 16.56588303 -0.54215159
v -5.76424395 16.63793481 -0.44034158
v -6.26526243 15.93012716 -0.14970367
v -6.17767285 15.81354492 -0.31443571
v -6.02006470 15.50931163 0.04078726
v -6.07419804 15.58136342 0.14259727
v -6.32921338 16.07362322 -0.43216558
v -5.77821827 16.18576815 0.06406538
v -5.30048382 16.18576815 0.31808129
v -5.60970671 15.96147830 -0.25285876
v -5.13197226 15.96147830 0.00115715
v -5.80858980 15.80334275 -0.21752641
v -5.66921549 15.53430650 0.09660049
v -5.56415681 15.79109650 -0.10486164
v -5.05005009 15.80334275 0.18579631
v -5.38841022 15.53430650 0.24590729
v -5.28013862 15.79109650 0.04615351
v -5.48129730 15.63115159 0.08189013
v -5.95971135 16.00448640 0.06669187
v -5.79075137 15.69607146 0.32517624
v -5.73076210 16.01284909 0.20847733
v -5.20117164 16.00448640 0.47001459
v -5.50994611 15.69607146 0.47448305
v -5.44674390 16.01284909 0.35949248
v -5.63031360 15.82949314 0.36214903
v -5.61543095 15.41362231 0.33415884
v -5.66330155 15.47733835 0.42419034
v -5.70901889 16.14276005 -0.40479206
v -5.40024442 16.45117499 -0.40926052
v -5.46344662 16.13439735 -0.29426995
v -4.95047918 16.14276005 -0.00146934
v -5.11943916 16.45117499 -0.25995371
v -5.17942843 16.13439735 -0.14325480
v -5.27987693 16.31775331 -0.29692650
v -5.86014044 16.34390369 -0.12057378
v -5.52178031 16.61293995 -0.18068476
v -5.63005191 16.35614995 0.01906902
v -5.10160073 16.34390369 0.28274894
v -5.24097504 16.61293995 -0.03137796
v -5.34603372 16.35614995 0.17008417
v -5.42889323 16.51609486 -0.01666760
v -5.24688897 16.66990809 -0.35896782
v -5.29475958 16.73362414 -0.26893631
v -4.87937203 16.26035508 0.41284565
v -4.64066831 16.38724995 0.32005248
v -4.92010363 16.43159029 0.26593280
v -4.75638812 16.09666279 0.18154655
v -4.59514066 16.32665239 0.23442743
v -4.79954692 16.27112861 0.03919859
v -5.02466028 16.58635948 -0.22887111
v -4.69445285 16.50793414 0.08249413
v -4.89999541 16.45448456 -0.11447310
v -5.02890349 16.67572038 -0.21462011
v -4.70368359 16.40785986 0.07063683
v -5.10066852 16.68752688 -0.08592041
v -4.72259048 16.54538549 0.13541332
v -5.00296314 16.59153520 0.07918103
v -5.05736307 16.71360024 -0.16109543
v -4.77819174 16.50703064 0.21076628
v -4.83259167 16.62909568 -0.02951018
v -4.94091024 16.05058366 0.52858218
v -4.80690157 15.82059406 0.63269177
v -5.08305614 15.87611784 0.57240189
v -4.75757455 16.13491413 0.51457883
v -4.81792633 15.88689136 0.29728309
v -4.76137392 15.75999650 0.54706672
v -4.96249942 15.71565615 0.34566768
v -4.66547741 16.01233231 0.34136930
v -5.35516955 15.45971956 0.39272643
v -4.96025702 15.60186095 0.58239907
v -5.16365811 15.55571125 0.38140430
v -5.39327637 15.43364621 0.47066561
v -4.92887842 15.64021581 0.49416670
v -5.43117779 15.56088696 0.53567713
v -4.98839465 15.63931231 0.63531827
v -5.26662583 15.69276189 0.57505843
v -5.42173595 15.47152607 0.52419029
v -5.00338657 15.73938658 0.63429615
v -5.15849668 15.51815077 0.58342800
v -4.56189999 16.25206546 0.38124656
v -4.66659505 15.89518099 0.57814932
v -4.61566266 16.21035448 0.45941231
v -4.56961409 16.14906357 0.37280755
v -4.67790498 15.99818288 0.57647308
v -4.63185641 15.93689197 0.48986832
v -6.09226420 16.26035508 -0.23206056
v -6.14881661 16.38724995 -0.48184419
v -5.94769111 16.43159029 -0.28044515
v -5.96928029 16.09666279 -0.46335965
v -6.10328896 16.32665239 -0.56746924
v -5.82713439 16.27112861 -0.50717936
v -5.47901274 16.58635948 -0.47045460
v -5.92179588 16.50793414 -0.57009574
v -5.64356470 16.45448456 -0.50983590
v -5.48845458 16.67572038 -0.45896776
v -5.90680396 16.40785986 -0.56907362
v -5.55502098 16.68752688 -0.32750390
v -5.94993351 16.54538549 -0.51717654
v -5.74653242 16.59153520 -0.31618177
v -5.51691416 16.71360024 -0.40544308
v -5.98131211 16.50703064 -0.42894417
v -5.75169385 16.62909568 -0.51820547
v -6.15380241 16.05058366 -0.11632402
v -6.31504987 15.82059406 -0.16920490
v -6.11064361 15.87611784 0.02602394
v -6.24471312 16.13491413 -0.27614677
v -6.03081850 15.88689136 -0.34762312
v -6.26952222 15.75999650 -0.25482995
v -5.99008690 15.71565615 -0.20071027
v -6.15261598 16.01233231 -0.44935630
v -5.80952201 15.45971956 0.15114294
v -6.18760005 15.60186095 -0.07019079
v -5.90722739 15.55571125 -0.01395850
v -5.85282746 15.43364621 0.22631796
v -6.13199879 15.64021581 -0.14554375
v -5.88553025 15.56088696 0.29409364
v -6.21573768 15.63931231 -0.01727160
v -6.01019512 15.69276189 0.17969563
v -5.88128704 15.47152607 0.27984264
v -6.20650694 15.73938658 -0.00541430
v -6.07759886 15.51815077 0.09473271
v -6.24359548 16.25206546 -0.51292679
v -6.34829054 15.89518099 -0.31602403
v -6.27833412 16.21035448 -0.42464579
v -6.23228555 16.14906357 -0.51125055
v -6.34057644 15.99818288 -0.30758502
v -6.29452787 15.93689197 -0.39418978
v -6.60498489 13.90264347 1.36376096
v -5.91565826 13.90264347 1.73028244
v -6.36283341 13.58033845 0.90834026
v -5.67350677 13.58033845 1.27486173
v -6.15753263 13.32448040 1.35370380
v -6.30719048 13.52367586 1.63516928
v -5.97130119 13.95930606 1.00345341
v -6.12095904 14.15850152 1.28491889
v -5.52402019 13.93766288 1.50760012
v -5.63911755 13.54531904 1.72406677
v -6.63937412 13.93766288 0.91455592
v -6.75447147 13.54531904 1.13102257
v -6.28157891 13.93093710 1.58700092
v -5.99691276 13.55204482 1.05162177
v -6.28141602 13.40165523 1.09796398
v -5.87623999 13.40165523 1.31339990
v -6.51171577 13.70818552 1.53109481
v -6.10653974 13.70818552 1.74653073
v -6.24870992 13.36834980 1.52518336
v -6.17195193 13.77479640 0.89209197
v -5.76677590 13.77479640 1.10752788
v -6.40225168 14.08132668 1.32522280
v -5.99707565 14.08132668 1.54065871
v -6.02978174 14.11463212 1.11343933
v -5.64620380 13.95152099 1.67154746
v -5.50387073 13.76207485 1.40385788
v -5.67890989 13.98482642 1.24432808
v -5.76687657 14.10191058 1.40976933
v -5.71385633 13.72090707 1.79878336
v -5.57152325 13.53146093 1.53109379
v -5.85602651 13.38107134 1.57743599
v -5.94399319 13.49815549 1.74287725
v -5.48365725 13.74149096 1.66789398
v -6.70696841 13.95152099 1.10752891
v -6.56463534 13.76207485 0.83983933
v -6.33449848 13.98482642 0.89574544
v -6.42246516 14.10191058 1.06118670
v -6.77462094 13.72090707 1.23476481
v -6.63228787 13.53146093 0.96707523
v -6.51161510 13.38107134 1.22885336
v -6.59958178 13.49815549 1.39429461
v -6.79483442 13.74149096 0.97072871
v -6.45531189 13.92372646 1.48155625
v -6.09701106 13.92372646 1.67206818
v -6.18148061 13.55925545 0.96655451
v -5.82317978 13.55925545 1.15706644
v -6.32936080 13.48108538 0.99064244
v -6.22264878 13.34809450 1.22213521
v -6.13916020 13.46323102 1.06220941
v -5.76045602 13.48108538 1.29313448
v -6.01204483 13.34809450 1.33411531
v -5.92614656 13.46323102 1.17547078
v -6.07571877 13.38416653 1.19983432
v -6.57493331 13.80794380 1.45249716
v -6.42014459 13.61096256 1.59357081
v -6.40989379 13.82357898 1.57138524
v -6.00602853 13.80794380 1.75498919
v -6.20954064 13.61096256 1.70555091
v -6.19688015 13.82357898 1.68464660
v -6.31787025 13.70647155 1.65525502
v -6.20564868 13.33078287 1.44419693
v -6.28343841 13.43432145 1.59049813
v -6.27246314 13.67503812 0.88363350
v -6.06895103 13.87201935 0.93307178
v -6.08161152 13.65940294 0.95397609
v -5.70355836 13.67503812 1.18612554
v -5.85834708 13.87201935 1.04505188
v -5.86859788 13.65940294 1.06723745
v -5.96062141 13.77651037 0.98336767
v -6.51803565 14.00189654 1.34548821
v -6.26644684 14.13488742 1.30450738
v -6.35234511 14.01975090 1.46315192
v -5.94913086 14.00189654 1.64798025
v -6.05584289 14.13488742 1.41648748
v -6.13933147 14.01975090 1.57641328
v -6.20277290 14.09881539 1.43878838
v -5.99505326 14.04866047 1.04812456
v -6.07284299 14.15219904 1.19442576
v -5.76675335 13.93442564 1.71601411
v -5.56318622 13.95262816 1.60026744
v -5.80529500 14.03057249 1.62086203
v -5.56690450 13.66842567 1.34015308
v -5.48920379 13.85415712 1.46112673
v -5.60939034 13.76982226 1.25241894
v -5.81267575 13.98118957 1.11615841
v -5.58018632 13.96993979 1.37820572
v -5.70141387 13.88692969 1.16854915
v -5.83968423 14.06559190 1.17165699
v -5.56319644 13.88024158 1.32433906
v -5.93618913 14.14558659 1.34845330
v -5.62590997 14.03079824 1.46419941
v -5.86873644 14.10963698 1.48323712
v -5.88593105 14.12714668 1.25863460
v -5.68427219 14.04139409 1.55204941
v -5.70146680 14.05890379 1.32744689
v -5.80191804 13.81455625 1.78214927
v -5.65817665 13.62882479 1.77891847
v -5.89841072 13.71315966 1.79598722
v -5.65639780 13.84108869 1.75656618
v -5.60206919 13.54855628 1.40628824
v -5.58419423 13.53035376 1.63977776
v -5.70250606 13.45240942 1.42754413
v -5.50673995 13.64189323 1.47510071
v -6.00153819 13.33739533 1.47135701
v -5.73207442 13.45218368 1.66386569
v -5.85207827 13.37334494 1.45190767
v -6.04789730 13.35583523 1.56324883
v -5.69187920 13.44158783 1.56635612
v -6.12505157 13.50179235 1.70365190
v -5.77779807 13.51304213 1.74985937
v -6.01940083 13.59605223 1.76659564
v -6.09414412 13.41739002 1.65022644
v -5.81295494 13.60274034 1.79406647
v -5.88769823 13.42407813 1.67769728
v -5.47869715 13.84345795 1.59836842
v -5.53852290 13.63952397 1.71088428
v -5.53537498 13.85191028 1.68775357
v -5.46054605 13.75231255 1.54702083
v -5.57094202 13.73066937 1.75464544
v -5.49611309 13.63107164 1.61391270
v -6.67642248 13.93442564 1.23233445
v -6.69429744 13.95262816 0.99884494
v -6.57598561 14.03057249 1.21107856
v -6.47657363 13.66842567 0.85647342
v -6.62031501 13.85415712 0.85970423
v -6.38008095 13.76982226 0.84263547
v -6.15344009 13.98118957 0.93497080
v -6.50069359 13.96993979 0.88876332
v -6.25909084 13.88692969 0.87202705
v -6.18434755 14.06559190 0.98839625
v -6.46553672 13.88024158 0.84455622
v -6.27695348 14.14558659 1.16726569
v -6.54641725 14.03079824 0.97475701
v -6.42641340 14.10963698 1.18671502
v -6.23059436 14.12714668 1.07537387
v -6.58661247 14.04139409 1.07226657
v -6.39079343 14.05890379 0.96092542
v -6.71158717 13.81455625 1.29846961
v -6.78928788 13.62882479 1.17749596
v -6.66910133 13.71315966 1.38620376
v -6.77175172 13.84108869 1.16352198
v -6.51173832 13.54855628 0.92260859
v -6.71530545 13.53035376 1.03835525
v -6.47319666 13.45240942 1.01776067
v -6.62209387 13.64189323 0.88205651
v -6.34230254 13.33739533 1.29016939
v -6.65258169 13.45218368 1.17442329
v -6.40975523 13.37334494 1.15538557
v -6.39256062 13.35583523 1.37998809
v -6.59421948 13.44158783 1.08657328
v -6.46581592 13.50179235 1.52246428
v -6.69830535 13.51304213 1.26041697
v -6.57707779 13.59605223 1.47007354
v -6.43880744 13.41739002 1.46696571
v -6.71529522 13.60274034 1.31428364
v -6.57702487 13.42407813 1.31117580
v -6.73996877 13.84345795 0.92773841
v -6.79979452 13.63952397 1.04025427
v -6.78237857 13.85191028 1.02470999
v -6.70754965 13.75231255 0.88397725
v -6.81794561 13.73066937 1.09160186
v -6.74311669 13.63107164 0.95086913
v -6.53392194 13.91484240 1.42365626
v -6.37065796 13.92912578 1.53635375
v -6.00505161 13.91484240 1.70486160
v -6.18977813 13.92912578 1.63252926
v -6.27344006 13.56813952 0.93376109
v -6.08871354 13.55385614 1.00609343
v -5.74456973 13.56813952 1.21496643
v -5.90783371 13.55385614 1.10226894
v -6.34809393 13.52867718 0.94592132
v -6.30699226 13.43847312 1.04164844
v -6.25694897 13.51725898 0.97411646
v -6.19058153 13.33237585 1.28761647
v -6.25312117 13.37133577 1.15851217
v -6.06714885 13.50472291 1.05364480
v -6.21117366 13.42859081 1.07710473
v -6.16053843 13.50886128 1.01122740
v -6.23524345 13.46937189 1.02339597
v -5.71290510 13.52867718 1.28365721
v -5.81525025 13.43847312 1.30311231
v -5.78724755 13.51725898 1.22386113
v -6.08426303 13.33237585 1.34414701
v -5.94225900 13.37133577 1.32380053
v -6.11705873 13.34291944 1.27758347
v -5.95931440 13.50472291 1.11098139
v -5.89822592 13.42859081 1.24350200
v -5.87192600 13.50886128 1.16468535
v -6.03121825 13.45948461 1.11614101
v -5.84023968 13.46937189 1.23342319
v -6.17905754 13.38856579 1.14677494
v -5.97394424 13.38856579 1.25583561
v -6.14928658 13.36224734 1.20986410
v -6.10701125 13.41942011 1.12848679
v -6.04289524 13.36224734 1.26643338
v -5.99907045 13.41942011 1.18587993
v -6.59431002 13.85639222 1.40898645
v -6.54722528 13.75822465 1.49346105
v -6.52006719 13.86747086 1.46896987
v -6.36583397 13.56563786 1.61721837
v -6.46908380 13.65878327 1.56467880
v -6.34831028 13.87895039 1.58243254
v -6.46481305 13.76618629 1.55413104
v -6.43563768 13.87501996 1.52861385
v -6.49606714 13.81652973 1.51393399
v -5.95912120 13.85639222 1.74672234
v -6.05548327 13.75822465 1.75492491
v -6.05036577 13.86747086 1.71871454
v -6.25951547 13.56563786 1.67374892
v -6.15822162 13.65878327 1.72996715
v -6.31715256 13.60924549 1.65390523
v -6.24047583 13.87895039 1.63976913
v -6.15186531 13.76618629 1.72052831
v -6.14702526 13.87501996 1.68207180
v -6.30559692 13.82468419 1.63217223
v -6.10106338 13.81652973 1.72396122
v -6.41822774 13.70690270 1.59658866
v -6.21311444 13.70690270 1.70564934
v -6.37138435 13.65786074 1.62756925
v -6.36690646 13.76534213 1.61727858
v -6.26499301 13.65786074 1.68413853
v -6.25896566 13.76534213 1.67467172
v -6.18199942 13.32363648 1.39971916
v -6.22802816 13.34578292 1.48628662
v -6.29682104 13.47646471 1.61566720
v -6.26729849 13.39805196 1.56014337
v -6.31937047 13.62658970 0.89190035
v -6.22300840 13.72475726 0.88369778
v -6.22812589 13.61551106 0.91990815
v -6.01897620 13.91734406 0.96487378
v -6.12027005 13.82419865 0.90865554
v -6.03801583 13.60403152 0.99885356
v -6.12662636 13.71679562 0.91809438
v -6.13146641 13.60796195 0.95655090
v -6.17742829 13.66645218 0.91466147
v -5.68418164 13.62658970 1.22963624
v -5.73126639 13.72475726 1.14516164
v -5.75842448 13.61551106 1.16965282
v -5.91265770 13.91734406 1.02140432
v -5.80940787 13.82419865 1.07394390
v -5.96133911 13.87373643 0.98471746
v -5.93018139 13.60403152 1.05619015
v -5.81367862 13.71679562 1.08449165
v -5.84285399 13.60796195 1.11000884
v -5.97289475 13.65829773 1.00645046
v -5.78242453 13.66645218 1.12468870
v -6.06537723 13.77607922 0.93297336
v -5.86026393 13.77607922 1.04203403
v -6.01349866 13.82512117 0.95448416
v -6.01952601 13.71763979 0.96395097
v -5.90710732 13.82512117 1.01105344
v -5.91158521 13.71763979 1.02134411
v -6.56558656 13.95430474 1.35496548
v -6.46324142 14.04450880 1.33551039
v -6.49124412 13.96572293 1.41476156
v -6.19422864 14.15060607 1.29447568
v -6.33623267 14.11164615 1.31482217
v -6.31917726 13.97825901 1.52764131
v -6.38026575 14.05439111 1.39512070
v -6.40656566 13.97412064 1.47393734
v -6.43825199 14.01361002 1.40519950
v -5.93039774 13.95430474 1.69270137
v -5.97149941 14.04450880 1.59697425
v -6.02154270 13.96572293 1.66450623
v -6.08791014 14.15060607 1.35100623
v -6.02537049 14.11164615 1.48011052
v -6.16143294 14.14006247 1.36103923
v -6.21134282 13.97825901 1.58497790
v -6.06731801 14.05439111 1.56151796
v -6.11795324 13.97412064 1.62739529
v -6.24727342 14.02349731 1.52248169
v -6.04324822 14.01361002 1.61522673
v -6.30454742 14.09441613 1.38278708
v -6.09943412 14.09441613 1.49184775
v -6.23559643 14.12073458 1.37218931
v -6.27942121 14.06356181 1.45274276
v -6.12920508 14.12073458 1.42875859
v -6.17148041 14.06356181 1.51013590
v -5.98167063 14.00651721 1.02295549
v -6.01119318 14.08492996 1.07847932
v -6.09649224 14.15934544 1.23890354
v -6.05046351 14.13719899 1.15233608
v -5.83832870 13.92024363 1.72704668
v -5.70230089 13.94491831 1.69739569
v -5.85424161 13.97114289 1.68676824
v -5.53785322 13.94711148 1.55619869
v -5.59953477 13.95410743 1.63896368
v -5.89821787 14.05986936 1.58401936
v -5.72059512 13.99415748 1.65027951
v -5.87450215 14.01907680 1.63768101
v -5.78237003 13.98499234 1.67204985
v -5.61519513 13.62325156 1.30739346
v -5.52955832 13.71499695 1.37251416
v -5.62860121 13.67081422 1.26240037
v -5.50050492 13.89740067 1.48595674
v -5.49033293 13.80875915 1.43358489
v -5.68245932 13.77269348 1.17823655
v -5.54936816 13.76625342 1.32824844
v -5.65147998 13.72223300 1.21823731
v -5.58244619 13.71889257 1.29604781
v -5.88960159 13.97245610 1.05730080
v -5.74199466 13.98533946 1.17890076
v -5.83151584 13.92903959 1.07746501
v -5.90076811 14.01852199 1.07902156
v -5.54643533 13.95585085 1.44409600
v -5.62462778 13.97966027 1.31118924
v -5.52674230 13.91429211 1.42098637
v -5.72904463 13.83197708 1.13577893
v -5.68456400 13.93830112 1.20503164
v -5.77616277 13.88090199 1.10460205
v -5.64888778 13.82954577 1.20901883
v -5.75309086 13.93605179 1.14052312
v -5.93218371 14.09445762 1.14034479
v -5.75456095 14.02874575 1.20660493
v -5.91507338 14.06039150 1.10772428
v -5.82294126 14.02630704 1.14209311
v -5.52598331 13.82215128 1.36465675
v -5.61459383 13.93491538 1.28389756
v -5.51985804 13.86849983 1.39349245
v -5.57884860 13.82615669 1.28796253
v -5.56581992 13.92699006 1.35160303
v -5.62547986 13.88549875 1.24546304
v -6.02750573 14.15600729 1.31666075
v -5.84875544 14.12743868 1.37968859
v -5.99413185 14.14548243 1.38330124
v -6.00274372 14.15425211 1.27080979
v -5.56951785 13.98657382 1.48750791
v -5.69211823 14.06949045 1.43812032
v -5.58738270 13.99500483 1.53503437
v -5.59599457 14.00377451 1.42254292
v -5.93033399 14.09989437 1.51434916
v -5.81379972 14.11031461 1.44808869
v -5.96045902 14.12620135 1.45121288
v -5.83294658 14.07452910 1.55518309
v -5.90001322 14.13160628 1.41684387
v -5.95559535 14.12561865 1.18437569
v -5.82250419 14.11917859 1.33438758
v -5.97773325 14.14379214 1.22557034
v -5.85908576 14.10114727 1.21374334
v -5.90869946 14.14045171 1.30338084
v -5.65932942 13.99963573 1.61544432
v -5.72041791 14.07576783 1.48292371
v -5.61839608 13.99965453 1.57881556
v -5.73947267 14.03994825 1.59005247
v -5.65008240 14.03914391 1.51007772
v -5.77162047 14.08001274 1.52031355
v -5.68459079 14.02536001 1.28547085
v -5.72912238 14.08463182 1.36922260
v -5.63567031 14.01724531 1.35317302
v -5.76561184 14.06656642 1.24861272
v -5.65876865 14.04798934 1.39661468
v -5.78904658 14.09775819 1.29268705
v -5.85608078 13.85973036 1.76043347
v -5.75420577 13.76798497 1.79501457
v -5.90087832 13.81216769 1.77447914
v -5.77966692 13.87624054 1.75473524
v -5.64391115 13.58558125 1.75566464
v -5.68164128 13.67422277 1.79338357
v -6.00077037 13.71028844 1.77689256
v -5.80198124 13.71672850 1.80334454
v -5.95028480 13.76074892 1.78020745
v -5.84717378 13.76408935 1.79392798
v -5.64521850 13.89823461 1.71897737
v -5.67946641 13.78149034 1.78338833
v -5.70715124 13.88927032 1.74060388
v -5.72491548 13.82871559 1.77401355
v -5.63294720 13.56273829 1.34078025
v -5.58146320 13.53806361 1.47013304
v -5.67523792 13.51183902 1.35011127
v -5.57718909 13.60674138 1.37392983
v -5.60656284 13.53587044 1.68542270
v -5.57243944 13.52887449 1.58800478
v -5.78501182 13.42311256 1.37110974
v -5.63075428 13.48882443 1.48131347
v -5.72726263 13.46390512 1.36076375
v -5.64724994 13.49798957 1.41792593
v -5.49740319 13.70149158 1.44097721
v -5.53165110 13.58474731 1.50538816
v -5.53059003 13.65426633 1.40854054
v -5.54835427 13.59371160 1.44195021
v -6.07895900 13.32697462 1.41343029
v -5.92675066 13.35554324 1.52637627
v -6.00504910 13.33749948 1.40383360
v -6.10312443 13.32872980 1.45959846
v -5.68121671 13.49640809 1.69758293
v -5.79071815 13.41349147 1.62355979
v -5.65180539 13.48797709 1.65619583
v -5.86073014 13.38308755 1.38344336
v -5.85049742 13.37266731 1.51710703
v -5.92991819 13.35678056 1.39377394
v -5.77241892 13.40845282 1.44134713
v -5.92461052 13.35137563 1.46310468
v -6.14841652 13.35736327 1.54701956
v -5.94962739 13.36380333 1.57347154
v -6.12664396 13.33918978 1.50563065
v -6.02353293 13.34253021 1.51935118
v -5.62537462 13.48334619 1.55158462
v -5.76939943 13.40721408 1.57504456
v -5.63285160 13.48332739 1.60600245
v -5.69124095 13.44303367 1.49934180
v -5.70755663 13.44383801 1.61817101
v -5.76703396 13.40296918 1.51168758
v -6.21686313 13.51052582 1.67279024
v -6.03351144 13.49764246 1.72716410
v -6.16766510 13.55394232 1.70966982
v -6.20510004 13.46445993 1.65138668
v -5.70429924 13.52713106 1.74099484
v -5.85820860 13.50332165 1.75049087
v -5.71244579 13.56868981 1.77024383
v -5.74988072 13.47920741 1.71196069
v -6.06201950 13.65100484 1.76201358
v -5.97973314 13.54468080 1.76016407
v -6.11421443 13.60207993 1.74038476
v -5.95647773 13.65343615 1.78751139
v -6.07153287 13.54693013 1.73942543
v -6.17182817 13.38852430 1.59105046
v -6.01757063 13.45423617 1.70125420
v -6.18930382 13.42259042 1.62347672
v -6.07010215 13.38183465 1.61060746
v -6.10929113 13.45667487 1.68063890
v -5.75872074 13.66083064 1.80237220
v -5.87522351 13.54806654 1.77407070
v -5.73138965 13.61448209 1.79132555
v -5.85186502 13.65682523 1.80143174
v -5.79181911 13.55599186 1.77664570
v -5.91317457 13.59748316 1.78653809
v -5.86852940 13.39835010 1.63140908
v -5.91306100 13.45762191 1.71516083
v -5.80647904 13.43499258 1.67441751
v -5.96548944 13.38522373 1.62452781
v -5.82957737 13.46573660 1.71785917
v -5.98892418 13.41641549 1.66860213
v -5.49520088 13.89199944 1.55524002
v -5.47482459 13.79296662 1.63616064
v -5.51280801 13.90010247 1.60300137
v -5.47533018 13.85021927 1.53251583
v -5.58350674 13.59098248 1.72131917
v -5.50502622 13.69001530 1.69296165
v -5.59123439 13.63276265 1.75049993
v -5.55375656 13.58287945 1.68001439
v -5.58395281 13.90371285 1.68414219
v -5.50166645 13.79738881 1.68229268
v -5.54317729 13.90393250 1.64736958
v -5.58857075 13.84791329 1.72758371
v -5.50049573 13.84878270 1.64641025
v -5.47401834 13.75738944 1.47738551
v -5.46378561 13.74696920 1.61104918
v -5.46800187 13.80387359 1.50598518
v -5.47481616 13.69650526 1.51364243
v -5.46269420 13.79846866 1.57531593
v -5.63620591 13.72559248 1.78241599
v -5.51967165 13.73601272 1.71615552
v -5.60913135 13.67910833 1.77141113
v -5.60659371 13.78647665 1.76147995
v -5.54868555 13.68451326 1.73704212
v -5.54526759 13.79196030 1.72661041
v -5.52627144 13.57926906 1.57565931
v -5.48179081 13.68559310 1.64491203
v -5.53395593 13.57904941 1.63002673
v -5.49283911 13.63506863 1.54753867
v -5.51088403 13.63419921 1.66594780
v -5.46943119 13.69102162 1.58398288
v -6.64554447 13.92024363 1.29784244
v -6.69702847 13.94491831 1.16848965
v -6.60325375 13.97114289 1.28851143
v -6.67192882 13.94711148 0.95320000
v -6.70605223 13.95410743 1.05061791
v -6.49347985 14.05986936 1.26751295
v -6.64773739 13.99415748 1.15730922
v -6.55122904 14.01907680 1.27785895
v -6.63124173 13.98499234 1.22069676
v -6.42241089 13.62325156 0.87818922
v -6.52428590 13.71499695 0.84360812
v -6.37761335 13.67081422 0.86414356
v -6.63458052 13.89740067 0.88295805
v -6.59685039 13.80875915 0.84523912
v -6.27772130 13.77269348 0.86173014
v -6.47651043 13.76625342 0.83527815
v -6.32820687 13.72223300 0.85841524
v -6.43131789 13.71889257 0.84469472
v -6.06162853 13.97245610 0.96583245
v -6.24498023 13.98533946 0.91145859
v -6.11082656 13.92903959 0.92895287
v -6.07339163 14.01852199 0.98723601
v -6.57419243 13.95585085 0.89762786
v -6.42028307 13.97966027 0.88813182
v -6.56604588 13.91429211 0.86837886
v -6.21647217 13.83197708 0.87660911
v -6.29875852 13.93830112 0.87845862
v -6.16427723 13.88090199 0.89823793
v -6.32201394 13.82954577 0.85111130
v -6.20695880 13.93605179 0.89919726
v -6.10666350 14.09445762 1.04757223
v -6.26092104 14.02874575 0.93736850
v -6.08918785 14.06039150 1.01514597
v -6.16920053 14.02630704 0.95798379
v -6.51977093 13.82215128 0.83625049
v -6.40326815 13.93491538 0.86455199
v -6.54710202 13.86849983 0.84729714
v -6.42662664 13.82615669 0.83719095
v -6.48667256 13.92699006 0.86197700
v -6.36531710 13.88549875 0.85208460
v -6.19953267 14.15600729 1.22519241
v -6.35174101 14.12743868 1.11224642
v -6.27344257 14.14548243 1.23478910
v -6.17536723 14.15425211 1.17902423
v -6.59727495 13.98657382 0.94103977
v -6.48777352 14.06949045 1.01506290
v -6.62668628 13.99500483 0.98242686
v -6.52861094 14.00377451 0.92666200
v -6.41776153 14.09989437 1.25517934
v -6.42799425 14.11031461 1.12151567
v -6.34857348 14.12620135 1.24484876
v -6.50607274 14.07452910 1.19727557
v -6.35388115 14.13160628 1.17551801
v -6.13007515 14.12561865 1.09160313
v -6.32886428 14.11917859 1.06515115
v -6.15184771 14.14379214 1.13299204
v -6.20838952 14.10114727 1.02801523
v -6.25495874 14.14045171 1.11927151
v -6.65311705 13.99963573 1.08703807
v -6.50909223 14.07576783 1.06357813
v -6.64564006 13.99965453 1.03262024
v -6.58725071 14.03994825 1.13928089
v -6.57093504 14.03914391 1.02045168
v -6.51145771 14.08001274 1.12693511
v -6.36543067 14.02536001 0.92346187
v -6.40996226 14.08463182 1.00721362
v -6.44891429 14.01724531 0.92076353
v -6.28956749 14.06656642 0.97002056
v -6.47201263 14.04798934 0.96420518
v -6.31300223 14.09775819 1.01409489
v -6.66329654 13.85973036 1.33122924
v -6.74893335 13.76798497 1.26610853
v -6.64989046 13.81216769 1.37622232
v -6.70130258 13.87624054 1.26469287
v -6.77798675 13.58558125 1.15266595
v -6.78815874 13.67422277 1.20503780
v -6.59603235 13.71028844 1.46038615
v -6.72912351 13.71672850 1.31037425
v -6.62701169 13.76074892 1.42038538
v -6.69604547 13.76408935 1.34257489
v -6.74684057 13.89823461 1.13323453
v -6.78108848 13.78149034 1.19764549
v -6.73013740 13.88927032 1.19667248
v -6.74790164 13.82871559 1.23008216
v -6.44016297 13.56273829 0.91157602
v -6.57619078 13.53806361 0.94122700
v -6.42425006 13.51183902 0.95185445
v -6.49882475 13.60674138 0.88388746
v -6.74063845 13.53587044 1.08242400
v -6.67895690 13.52887449 0.99965901
v -6.38027380 13.42311256 1.05460333
v -6.55789655 13.48882443 0.98834318
v -6.40398952 13.46390512 1.00094168
v -6.49612164 13.49798957 0.96657284
v -6.59902526 13.70149158 0.85523436
v -6.63327317 13.58474731 0.91964532
v -6.55357619 13.65426633 0.86460914
v -6.57134043 13.59371160 0.89801882
v -6.25098594 13.32697462 1.32196194
v -6.42973623 13.35554324 1.25893410
v -6.28435982 13.33749948 1.25532145
v -6.27574795 13.32872980 1.36781291
v -6.70897382 13.49640809 1.15111478
v -6.58637344 13.41349147 1.20050238
v -6.69110897 13.48797709 1.10358832
v -6.34815768 13.38308755 1.12427354
v -6.46469195 13.37266731 1.19053400
v -6.31803265 13.35678056 1.18740981
v -6.44554509 13.40845282 1.08343960
v -6.37847845 13.35137563 1.22177882
v -6.32289631 13.35736327 1.45424701
v -6.45598748 13.36380333 1.30423511
v -6.30075842 13.33918978 1.41305235
v -6.36979221 13.34253021 1.33524186
v -6.61916224 13.48334619 1.02317837
v -6.55807376 13.40721408 1.15569898
v -6.66009559 13.48332739 1.05980713
v -6.53901900 13.44303367 1.04857022
v -6.62840927 13.44383801 1.12854498
v -6.50687120 13.40296918 1.11830914
v -6.38889008 13.51052582 1.58132189
v -6.53649701 13.49764246 1.45972193
v -6.44697582 13.55394232 1.56115768
v -6.37772356 13.46445993 1.55960113
v -6.73205634 13.52713106 1.19452669
v -6.65386389 13.50332165 1.32743345
v -6.75174936 13.56868981 1.21763632
v -6.68249710 13.47920741 1.21607977
v -6.54944704 13.65100484 1.50284376
v -6.59392767 13.54468080 1.43359105
v -6.50232890 13.60207993 1.53402064
v -6.62960389 13.65343615 1.42960387
v -6.52540080 13.54693013 1.49809957
v -6.34630796 13.38852430 1.49827791
v -6.52393072 13.45423617 1.43201776
v -6.36341829 13.42259042 1.53089842
v -6.41940591 13.38183465 1.42487935
v -6.45555041 13.45667487 1.49652958
v -6.75250836 13.66083064 1.27396595
v -6.66389784 13.54806654 1.35472513
v -6.75863363 13.61448209 1.24513024
v -6.69964307 13.65682523 1.35066016
v -6.71267175 13.55599186 1.28701966
v -6.65301181 13.59748316 1.39315965
v -6.54936928 13.39835010 1.26940009
v -6.59390088 13.45762191 1.35315184
v -6.61972302 13.43499258 1.24200801
v -6.48944509 13.38522373 1.34593565
v -6.64282136 13.46573660 1.28544967
v -6.51287982 13.41641549 1.39000997
v -6.69498493 13.89199944 0.91730352
v -6.77346544 13.79296662 0.94566104
v -6.72473511 13.90010247 0.95860830
v -6.68725728 13.85021927 0.88812276
v -6.78329078 13.59098248 1.08338268
v -6.80366708 13.69001530 1.00246206
v -6.80316148 13.63276265 1.10610687
v -6.76568366 13.58287945 1.03562133
v -6.75222023 13.90371285 1.06296338
v -6.79670086 13.79738881 0.99371067
v -6.74453574 13.90393250 1.00859596
v -6.78565256 13.84791329 1.09108402
v -6.76760764 13.84878270 0.97267489
v -6.64228575 13.75738944 0.85620671
v -6.75882002 13.74696920 0.92246717
v -6.66936032 13.80387359 0.86721157
v -6.67189796 13.69650526 0.87714274
v -6.72980612 13.79846866 0.90158057
v -6.80447333 13.72559248 1.16123718
v -6.81470605 13.73601272 1.02757351
v -6.81048980 13.67910833 1.13263751
v -6.80367551 13.78647665 1.12498027
v -6.81579746 13.68451326 1.06330676
v -6.80906048 13.79196030 1.05463981
v -6.69453886 13.57926906 0.95448051
v -6.77682522 13.68559310 0.95633002
v -6.73531438 13.57904941 0.99125311
v -6.68992091 13.63506863 0.91103898
v -6.77799594 13.63419921 0.99221244
v -6.73322408 13.69102162 0.91201229
v -4.96584817 18.08773302 -1.07923360
v -6.01073267 14.52593102 0.88590834
v -5.07732582 18.23611041 -0.86957463
v -6.12221032 14.67430841 1.09556731
v -4.80691760 18.08773302 -0.99472872
v -5.85180211 14.52593102 0.97041322
v -4.91839525 18.23611041 -0.78506975
v -5.96327976 14.67430841 1.18007219
v -4.57641742 17.97403881 -0.75765180
v -4.44365822 17.97403881 -0.68706248
v -4.52426171 17.90461926 -0.85574242
v -4.39150251 17.90461926 -0.78515310
v -4.51440082 17.75917080 -0.71415152
v -4.54663482 17.80207444 -0.65352819
v -4.42128511 18.07658363 -0.88927671
v -4.45351911 18.11948727 -0.82865338
v -4.34778117 18.03741499 -0.76841115
v -4.40532985 17.84124308 -0.66017783
v -4.56259008 18.03741499 -0.88262707
v -4.62013876 17.84124308 -0.77439375
v -4.51461632 17.98013282 -0.71374623
v -4.45330361 17.89852525 -0.82905867
v -4.52554143 17.81303279 -0.78732499
v -4.44750753 17.81303279 -0.74583362
v -4.57514445 17.87905470 -0.69403527
v -4.49711055 17.87905470 -0.65254391
v -4.53869201 17.75275845 -0.66846644
v -4.47080938 17.99960337 -0.89026099
v -4.39277548 17.99960337 -0.84876963
v -4.52041240 18.06562528 -0.79697128
v -4.44237850 18.06562528 -0.75547991
v -4.42922792 18.12589962 -0.87433846
v -4.38022731 18.01738441 -0.72007042
v -4.34957095 17.97658062 -0.77772664
v -4.36707672 18.07765874 -0.83892896
v -4.38602339 18.10287687 -0.80329546
v -4.41405357 17.90207745 -0.65645247
v -4.38339722 17.86127366 -0.71410869
v -4.45563503 17.77578120 -0.67237501
v -4.47458170 17.80099933 -0.63674150
v -4.35769846 17.93932903 -0.70426802
v -4.58452271 18.01738441 -0.82869622
v -4.55386636 17.97658062 -0.88635243
v -4.49333823 18.07765874 -0.90606340
v -4.51228490 18.10287687 -0.87042990
v -4.61834898 17.90207745 -0.76507826
v -4.58769262 17.86127366 -0.82273448
v -4.58189654 17.77578120 -0.73950944
v -4.60084321 17.80099933 -0.70387594
v -4.61022147 17.93932903 -0.83853688
v -5.63302401 17.26167841 -0.81531612
v -5.50026481 17.26167841 -0.74472680
v -5.58086830 17.19225886 -0.91340673
v -5.44810910 17.19225886 -0.84281741
v -5.57100741 17.04681040 -0.77181583
v -5.60324141 17.08971404 -0.71119250
v -5.47789170 17.36422323 -0.94694103
v -5.51012570 17.40712687 -0.88631769
v -5.40438776 17.32505459 -0.82607546
v -5.46193644 17.12888268 -0.71784214
v -5.61919667 17.32505459 -0.94029138
v -5.67674535 17.12888268 -0.83205806
v -5.57122291 17.26777242 -0.77141055
v -5.50991020 17.18616485 -0.88672298
v -5.58214802 17.10067239 -0.84498930
v -5.50411412 17.10067239 -0.80349794
v -5.63175104 17.16669430 -0.75169958
v -5.55371714 17.16669430 -0.71020822
v -5.59529860 17.04039805 -0.72613076
v -5.52741597 17.28724297 -0.94792530
v -5.44938207 17.28724297 -0.90643394
v -5.57701899 17.35326488 -0.85463559
v -5.49898509 17.35326488 -0.81314423
v -5.48583451 17.41353922 -0.93200277
v -5.43683390 17.30502401 -0.77773473
v -5.40617754 17.26422022 -0.83539095
v -5.42368331 17.36529834 -0.89659327
v -5.44262998 17.39051647 -0.86095977
v -5.47066016 17.18971705 -0.71411678
v -5.44000381 17.14891326 -0.77177300
v -5.51224162 17.06342080 -0.73003932
v -5.53118829 17.08863893 -0.69440582
v -5.41430505 17.22696863 -0.76193233
v -5.64112930 17.30502401 -0.88636053
v -5.61047295 17.26422022 -0.94401674
v -5.54994482 17.36529834 -0.96372771
v -5.56889149 17.39051647 -0.92809421
v -5.67495557 17.18971705 -0.82274258
v -5.64429921 17.14891326 -0.88039879
v -5.63850313 17.06342080 -0.79717375
v -5.65744980 17.08863893 -0.76154025
v -5.66682806 17.22696863 -0.89620120
v -4.99437122 16.54931800 0.02840497
v -4.86161202 16.54931800 0.09899429
v -4.94221552 16.47989846 -0.06968564
v -4.80945631 16.47989846 0.00090368
v -4.93235463 16.33445000 0.07190526
v -4.96458862 16.37735364 0.13252859
v -4.83923891 16.65186283 -0.10321994
v -4.87147291 16.69476647 -0.04259660
v -4.76573498 16.61269419 0.01764563
v -4.82328365 16.41652227 0.12587895
v -4.98054388 16.61269419 -0.09657029
v -5.03809256 16.41652227 0.01166303
v -4.93257012 16.55541202 0.07231054
v -4.87125741 16.47380445 -0.04300189
v -4.94349523 16.38831199 -0.00126821
v -4.86546133 16.38831199 0.04022315
v -4.99309825 16.45433390 0.09202151
v -4.91506435 16.45433390 0.13351287
v -4.95664581 16.32803765 0.11759033
v -4.88876318 16.57488257 -0.10420422
v -4.81072928 16.57488257 -0.06271285
v -4.93836621 16.64090448 -0.01091450
v -4.86033230 16.64090448 0.03057686
v -4.84718172 16.70117881 -0.08828168
v -4.79818111 16.59266361 0.06598636
v -4.76752475 16.55185982 0.00833014
v -4.78503052 16.65293794 -0.05287219
v -4.80397719 16.67815607 -0.01723868
v -4.83200737 16.47735664 0.12960431
v -4.80135102 16.43655286 0.07194809
v -4.87358883 16.35106040 0.11368177
v -4.89253550 16.37627853 0.14931527
v -4.77565226 16.51460823 0.08178876
v -5.00247652 16.59266361 -0.04263944
v -4.97182016 16.55185982 -0.10029565
v -4.91129203 16.65293794 -0.12000662
v -4.93023870 16.67815607 -0.08437312
v -5.03630278 16.47735664 0.02097851
v -5.00564643 16.43655286 -0.03667770
v -4.99985034 16.35106040 0.04654734
v -5.01879701 16.37627853 0.08218084
v -5.02817527 16.51460823 -0.05248011
v -6.05097781 15.83695760 -0.02925934
v -5.91821861 15.83695760 0.04132998
v -5.99882211 15.76753806 -0.12734995
v -5.86606290 15.76753806 -0.05676063
v -5.98896122 15.62208960 0.01424095
v -6.02119522 15.66499324 0.07486428
v -5.89584550 15.93950243 -0.16088425
v -5.92807950 15.98240607 -0.10026092
v -5.82234157 15.90033379 -0.04001869
v -5.87989024 15.70416187 0.06821464
v -6.03715047 15.90033379 -0.15423461
v -6.09469915 15.70416187 -0.04600128
v -5.98917671 15.84305162 0.01464623
v -5.92786400 15.76144405 -0.10066620
v -6.00010182 15.67595159 -0.05893252
v -5.92206792 15.67595159 -0.01744116
v -6.04970484 15.74197350 0.03435720
v -5.97167094 15.74197350 0.07584856
v -6.01325240 15.61567725 0.05992602
v -5.94536977 15.86252217 -0.16186853
v -5.86733587 15.86252217 -0.12037717
v -5.99497280 15.92854408 -0.06857881
v -5.91693889 15.92854408 -0.02708745
v -5.90378831 15.98881841 -0.14594599
v -5.85478770 15.88030320 0.00832205
v -5.82413134 15.83949942 -0.04933417
v -5.84163712 15.94057754 -0.11053650
v -5.86058378 15.96579567 -0.07490300
v -5.88861396 15.76499624 0.07194000
v -5.85795761 15.72419246 0.01428378
v -5.93019543 15.63870000 0.05601746
v -5.94914209 15.66391812 0.09165096
v -5.83225885 15.80224783 0.02412445
v -6.05908311 15.88030320 -0.10030375
v -6.02842675 15.83949942 -0.15795997
v -5.96789862 15.94057754 -0.17767093
v -5.98684529 15.96579567 -0.14203743
v -6.09290937 15.76499624 -0.03668580
v -6.06225302 15.72419246 -0.09434202
v -6.05645693 15.63870000 -0.01111697
v -6.07540360 15.66391812 0.02451653
v -6.08478186 15.80224783 -0.11014442
v -5.41232502 15.12459720 0.81446175
v -5.27956582 15.12459720 0.88505107
v -5.36016932 15.05517766 0.71637114
v -5.22741012 15.05517766 0.78696046
v -5.35030843 14.90972920 0.85796203
v -5.38254243 14.95263283 0.91858537
v -5.25719271 15.22714203 0.68283684
v -5.28942671 15.27004567 0.74346017
v -5.18368878 15.18797339 0.80370240
v -5.24123746 14.99180147 0.91193573
v -5.39849768 15.18797339 0.68948648
v -5.45604636 14.99180147 0.79771980
v -5.35052392 15.13069122 0.85836732
v -5.28921122 15.04908365 0.74305489
v -5.36144903 14.96359119 0.78478857
v -5.28341513 14.96359119 0.82627993
v -5.41105205 15.02961310 0.87807828
v -5.33301815 15.02961310 0.91956965
v -5.37459961 14.90331685 0.90364711
v -5.30671699 15.15016177 0.68185256
v -5.22868308 15.15016177 0.72334392
v -5.35632001 15.21618368 0.77514228
v -5.27828611 15.21618368 0.81663364
v -5.26513552 15.27645801 0.69777510
v -5.21613491 15.16794280 0.85204313
v -5.18547856 15.12713902 0.79438692
v -5.20298433 15.22821714 0.73318459
v -5.22193100 15.25343527 0.76881809
v -5.24996117 15.05263584 0.91566108
v -5.21930482 15.01183206 0.85800487
v -5.29154264 14.92633960 0.89973855
v -5.31048931 14.95155772 0.93537205
v -5.19360606 15.08988743 0.86784554
v -5.42043032 15.16794280 0.74341734
v -5.38977396 15.12713902 0.68576112
v -5.32924583 15.22821714 0.66605016
v -5.34819250 15.25343527 0.70168366
v -5.45425658 15.05263584 0.80703529
v -5.42360023 15.01183206 0.74937907
v -5.41780414 14.92633960 0.83260412
v -5.43675081 14.95155772 0.86823762
v -5.44612908 15.08988743 0.73357667
v -6.46893161 14.41223680 0.75679744
v -6.33617241 14.41223680 0.82738676
v -6.41677591 14.34281726 0.65870683
v -6.28401671 14.34281726 0.72929615
v -6.40691502 14.19736880 0.80029772
v -6.43914902 14.24027243 0.86092106
v -6.31379930 14.51478163 0.62517253
v -6.34603330 14.55768527 0.68579586
v -6.24029537 14.47561299 0.74603809
v -6.29784405 14.27944107 0.85427141
v -6.45510427 14.47561299 0.63182217
v -6.51265295 14.27944107 0.74005549
v -6.40713051 14.41833081 0.80070301
v -6.34581781 14.33672325 0.68539058
v -6.41805562 14.25123079 0.72712426
v -6.34002172 14.25123079 0.76861562
v -6.46765864 14.31725269 0.82041397
v -6.38962474 14.31725269 0.86190533
v -6.43120621 14.19095645 0.84598280
v -6.36332358 14.43780137 0.62418825
v -6.28528967 14.43780137 0.66567961
v -6.41292660 14.50382328 0.71747797
v -6.33489270 14.50382328 0.75896933
v -6.32174211 14.56409761 0.64011079
v -6.27274150 14.45558240 0.79437882
v -6.24208515 14.41477862 0.73672261
v -6.25959092 14.51585674 0.67552028
v -6.27853759 14.54107486 0.71115378
v -6.30656776 14.34027544 0.85799677
v -6.27591141 14.29947166 0.80034056
v -6.34814923 14.21397920 0.84207424
v -6.36709590 14.23919732 0.87770774
v -6.25021265 14.37752703 0.81018123
v -6.47703691 14.45558240 0.68575303
v -6.44638055 14.41477862 0.62809681
v -6.38585242 14.51585674 0.60838585
v -6.40479909 14.54107486 0.64401935
v -6.51086317 14.34027544 0.74937098
v -6.48020682 14.29947166 0.69171476
v -6.47441073 14.21397920 0.77493980
v -6.49335740 14.23919732 0.81057330
v -6.50273567 14.37752703 0.67591236
v 3.89423351 21.31880513 -2.90294275
v 5.00331129 21.27817618 -3.46389642
v 6.11725012 21.15698452 -3.97041985
v 7.21699021 20.95730375 -4.41384629
v 8.28371469 20.68255048 -4.78658859
v 9.29917162 20.33742581 -5.08226902
v 10.24598624 19.92783493 -5.29582840
v 11.10795830 19.46078603 -5.42361269
v 11.87033921 18.94427046 -5.46343545
v 12.52008443 18.38712595 -5.41461531
v 13.04607663 17.79888538 -5.27798758
v 13.43931594 17.18961373 -5.05589002
v 13.69307393 16.56973579 -4.75212277
v 13.79756239 16.21355559 -4.55560857
v 13.90749718 15.59367765 -4.17536917
v 13.87172778 14.98440600 -3.72516363
v 13.69086619 14.39616544 -3.21269508
v 13.36800701 13.83902092 -2.64673200
v 12.90867445 13.32250535 -2.03695818
v 12.32072781 12.85545646 -1.39380703
v 11.61422704 12.44586557 -0.72828302
v 10.80126054 12.10074090 -0.05177347
v 9.89573841 11.82598763 0.62414636
v 8.91315438 11.62630687 1.28791129
v 7.87032073 11.50511520 1.92816413
v 6.78508064 11.46448625 2.53394996
v 4.92616348 21.37113844 -3.25438295
v 5.96427452 21.34131841 -3.55497776
v 6.99080427 21.22985529 -3.79958390
v 7.98818853 21.03865623 -3.98401609
v 8.93936176 20.77099270 -4.10511866
v 9.82804913 20.43144450 -4.16081950
v 10.63904496 20.02582139 -4.15016555
v 11.35847288 19.56106370 -4.07333912
v 11.97402328 19.04512357 -3.93165471
v 12.47516392 18.48682886 -3.72753659
v 12.85332015 17.89573215 -3.46447727
v 13.10202161 17.28194728 -3.14697778
v 13.20651006 16.92576708 -2.95046359
v 13.32150139 16.29979608 -2.58395642
v 13.30081507 15.67234947 -2.17471263
v 13.14480504 15.05416306 -1.72973448
v 12.85614067 14.45581417 -1.25663566
v 12.43976111 13.88754072 -0.76351105
v 11.90279070 13.35906603 -0.25879812
v 11.25441718 12.87943245 0.24886733
v 10.50573438 12.45684665 0.75079902
v 9.66955248 12.09853917 1.23840875
v 8.76017878 11.81064076 1.70335338
v 7.79317292 11.59807745 2.13767759
v 4.57570451 21.43919153 -2.94469500
v 5.26935304 21.47626019 -2.94090070
v 5.96331057 21.42937686 -2.89162476
v 6.64570331 21.29934373 -2.79771031
v 7.30485532 21.08838569 -2.66076425
v 7.92948833 20.80011230 -2.48312977
v 8.50891470 20.43945599 -2.26784624
v 9.03322028 20.01258770 -2.01859722
v 9.49343405 19.52681125 -1.73964744
v 9.88168164 18.99043843 -1.43576979
v 10.19132001 18.41264671 -1.11216372
v 10.41705117 17.80332228 -0.77436621
v 10.52153962 17.44714208 -0.57785201
v 10.65950125 16.81671064 -0.23164287
v 10.70733278 16.17595905 0.11705416
v 10.66421581 15.53585074 0.46227279
v 10.53088807 14.90733816 0.79810623
v 10.30963084 14.30117532 1.11880827
v 10.00422990 13.72773383 1.41889161
v 9.61991074 13.19682544 1.69322174
v 9.16324916 12.71753414 1.93710480
v 8.64205878 12.29806074 2.14636789
v 8.06525730 11.94558254 2.31743044
v 7.44271396 11.66613055 2.44736554
v 4.04583958 21.46410069 -2.61781319
v 4.21868932 21.52565231 -2.29273012
v 4.40982521 21.50240683 -1.93325579
v 4.61597687 21.39476197 -1.54554091
v 4.83361699 21.20455958 -1.13621938
v 5.05902167 20.93505408 -0.71229482
v 5.28833420 20.59085676 -0.28102068
v 5.51763096 20.17785695 0.15022380
v 5.74298862 19.70312119 0.57405993
v 5.96055126 19.17477233 0.98323573
v 6.16659631 18.60185058 1.37075012
v 6.35759829 17.99415877 1.72997259
v 6.46208674 17.63797857 1.92648679
v 6.63477755 17.00591450 2.25127096
v 6.78620241 16.36029295 2.53605969
v 6.91377038 15.71216068 2.77598016
v 7.01529875 15.07260741 2.96692725
v 7.08905034 14.45257609 3.10563382
v 7.13376324 13.86267561 3.18972656
v 7.14867240 13.31299934 3.21776661
v 7.13352272 12.81295239 3.18927421
v 7.08857342 12.37109071 3.10473686
v 7.01459358 11.99497466 2.96560102
v 6.91284903 11.69103971 2.77424735
v 3.47854558 21.43919153 -2.36132525
v 3.09380786 21.47626019 -1.78414281
v 2.74660334 21.42937686 -1.18127118
v 2.44287277 21.29934373 -0.56302567
v 2.18781307 21.08838569 0.06001538
v 1.98578838 20.80011230 0.67719156
v 1.84025540 20.43945599 1.27794281
v 1.75370424 20.01258770 1.85199011
v 1.72761582 19.52681125 2.38951136
v 1.76243651 18.99043843 2.88130942
v 1.85757052 18.41264671 3.31896948
v 2.01139009 17.80332228 3.69500307
v 2.11587854 17.44714208 3.89151726
v 2.32575176 16.81671064 4.19949033
v 2.58808765 16.17595905 4.43413338
v 2.89839758 15.53585074 4.59143159
v 3.25137204 14.90733816 4.66869356
v 3.64097155 14.30117532 4.66459731
v 4.06052995 13.72773383 4.57921293
v 4.50286849 13.19682544 4.41400137
v 4.96041862 12.71753414 4.17178944
v 5.42535154 12.29806074 3.85672146
v 5.88971212 11.94558254 3.47418833
v 6.34555502 11.66613055 3.03073530
v 3.02582846 21.37113844 -2.24395690
v 2.19611974 21.34131841 -1.55141432
v 1.41930391 21.22985529 -0.83716461
v 0.70867249 21.03865623 -0.11342876
v 0.07638459 20.77099270 0.60740989
v -0.46674117 20.43144450 1.31301760
v -0.91141176 20.02582139 1.99132123
v -1.25001874 19.56106370 2.63071480
v -1.47676846 19.04512357 3.22025813
v -1.58778116 18.48682886 3.74986395
v -1.58115738 17.89573215 4.21047057
v -1.45701046 17.28194728 4.59419689
v -1.35252201 16.92576708 4.79071108
v -1.11297614 16.29979608 5.09099142
v -0.76213001 15.67234947 5.30268791
v -0.30598670 15.05416306 5.42217836
v 0.24764905 14.45581417 5.44741825
v 0.88930438 13.88754072 5.37797573
v 1.60800040 13.35906603 5.21503898
v 2.39144001 12.87943245 4.96139588
v 3.22621835 12.45684665 4.62138635
v 4.09805212 12.09853917 4.20082804
v 4.99202401 11.81064076 3.70691682
v 5.89283791 11.59807745 3.14810364
v 2.80899342 21.27817618 -2.29715691
v 1.76615977 21.15698452 -1.65690407
v 0.78357574 20.95730375 -0.99313914
v -0.12194639 20.68255048 -0.31721931
v -0.93491289 20.33742581 0.35929024
v -1.64141366 19.92783493 1.02481424
v -2.22936029 19.46078603 1.66796540
v -2.68869285 18.94427046 2.27773922
v -3.01155203 18.38712595 2.84370229
v -3.19241362 17.79888538 3.35617084
v -3.22818303 17.18961373 3.80637639
v -3.11824823 16.56973579 4.18661579
v -3.01375978 16.21355559 4.38312998
v -2.76000179 15.59367765 4.68689724
v -2.36676248 14.98440600 4.90899480
v -1.84077028 14.39616544 5.04562252
v -1.19102506 13.83902092 5.09444267
v -0.42864415 13.32250535 5.05461991
v 0.43332791 12.85545646 4.92683562
v 1.38014253 12.44586557 4.71327623
v 2.39559946 12.10074090 4.41759580
v 3.46232394 11.82598763 4.04485351
v 4.56206403 11.62630687 3.60142707
v 5.67600287 11.50511520 3.09490363
v 2.88614123 21.18521393 -2.50667037
v 1.91913537 20.97265062 -2.07234617
v 1.00976167 20.68475221 -1.60740153
v 0.17357977 20.32644474 -1.11979180
v -0.57510303 19.90385893 -0.61786012
v -1.22347655 19.42422535 -0.11019466
v -1.76044695 18.89575066 0.39451826
v -2.17682652 18.32747722 0.88764288
v -2.46549088 17.72912833 1.36074169
v -2.62150091 17.11094191 1.80571985
v -2.64218724 16.48349531 2.21496364
v -2.52719590 15.85752430 2.58147080
v -2.42270745 15.50134410 2.77798500
v -2.17400600 14.88755923 3.09548449
v -1.79584977 14.29646253 3.35854380
v -1.29470913 13.73816782 3.56266192
v -0.67915873 13.22222768 3.70434633
v 0.04026919 12.75746999 3.78117277
v 0.85126502 12.35184688 3.79182672
v 1.73995239 12.01229868 3.73612588
v 2.69112562 11.74463515 3.61502331
v 3.68850988 11.55343609 3.43059111
v 4.71503963 11.44197297 3.18598497
v 5.75315068 11.41215295 2.88539017
v 3.23660019 21.11716084 -2.81635833
v 2.61405685 20.83770884 -2.68642323
v 2.03725537 20.48523064 -2.51536067
v 1.51606499 20.06575724 -2.30609759
v 1.05940341 19.58646594 -2.06221453
v 0.67508425 19.05555755 -1.78788439
v 0.36968331 18.48211607 -1.48780105
v 0.14842608 17.87595322 -1.16709901
v 0.01509834 17.24744064 -0.83126558
v -0.02801863 16.60733233 -0.48604695
v 0.01981290 15.96658074 -0.13734991
v 0.15777453 15.33614930 0.20885923
v 0.26226298 14.97996910 0.40537342
v 0.48799414 14.37064467 0.74317094
v 0.79763251 13.79285295 1.06677701
v 1.18588010 13.25648013 1.37065465
v 1.64609387 12.77070369 1.64960444
v 2.17039945 12.34383539 1.89885345
v 2.74982582 11.98317909 2.11413698
v 3.37445883 11.69490569 2.29177147
v 4.03361084 11.48394766 2.42871752
v 4.71600358 11.35391452 2.52263197
v 5.40996112 11.30703119 2.57190791
v 6.10360964 11.34409985 2.57570222
v 3.76646512 21.09225168 -3.14324014
v 3.66472057 20.78831672 -3.33459381
v 3.59074073 20.41220068 -3.47372964
v 3.54579143 19.97033899 -3.55826699
v 3.53064175 19.47029204 -3.58675940
v 3.54555091 18.92061578 -3.55871934
v 3.59026381 18.33071530 -3.47462661
v 3.66401540 17.71068397 -3.33592004
v 3.76554377 17.07113071 -3.14497294
v 3.89311175 16.42299844 -2.90505248
v 4.04453660 15.77737688 -2.62026375
v 4.21722741 15.14531281 -2.29547957
v 4.32171586 14.78913261 -2.09896538
v 4.51271784 14.18144081 -1.73974290
v 4.71876289 13.60851905 -1.35222852
v 4.93632553 13.08017020 -0.94305271
v 5.16168319 12.60543443 -0.51921659
v 5.39097995 12.19243462 -0.08797210
v 5.62029248 11.84823731 0.34330203
v 5.84569717 11.57873180 0.76722660
v 6.06333728 11.38852941 1.17654812
v 6.26948894 11.28088455 1.56426301
v 6.46062483 11.25763907 1.92373734
v 6.63347457 11.31919069 2.24882041
v 4.33375913 21.11716084 -3.39972808
v 4.78960203 20.83770884 -3.84318112
v 5.25396261 20.48523064 -4.22571425
v 5.71889553 20.06575724 -4.54078223
v 6.17644567 19.58646594 -4.78299415
v 6.61878420 19.05555755 -4.94820572
v 7.03834261 18.48211607 -5.03359010
v 7.42794212 17.87595322 -5.03768635
v 7.78091658 17.24744064 -4.96042438
v 8.09122650 16.60733233 -4.80312616
v 8.35356239 15.96658074 -4.56848311
v 8.56343561 15.33614930 -4.26051005
v 8.66792406 14.97996910 -4.06399585
v 8.82174363 14.37064467 -3.68796227
v 8.91687764 13.79285295 -3.25030220
v 8.95169833 13.25648013 -2.75850415
v 8.92560991 12.77070369 -2.22098290
v 8.83905875 12.34383539 -1.64693559
v 8.69352577 11.98317909 -1.04618434
v 8.49150108 11.69490569 -0.42900816
v 8.23644138 11.48394766 0.19403289
v 7.93271081 11.35391452 0.81227840
v 7.58550629 11.30703119 1.41515002
v 7.20076858 11.34409985 1.99233246
v 4.78647625 21.18521393 -3.51709643
v 5.68729015 20.97265062 -4.07590960
v 6.58126204 20.68475221 -4.56982082
v 7.45309581 20.32644474 -4.99037914
v 8.28787414 19.90385893 -5.33038867
v 9.07131375 19.42422535 -5.58403176
v 9.79000977 18.89575066 -5.74696852
v 10.43166510 18.32747722 -5.81641104
v 10.98530086 17.72912833 -5.79117114
v 11.44144417 17.11094191 -5.67168069
v 11.79229029 16.48349531 -5.45998420
v 12.03183616 15.85752430 -5.15970386
v 12.13632461 15.50134410 -4.96318967
v 12.26047153 14.88755923 -4.57946336
v 12.26709531 14.29646253 -4.11885673
v 12.15608261 13.73816782 -3.58925091
v 11.92933290 13.22222768 -2.99970758
v 11.59072591 12.75746999 -2.36031401
v 11.14605532 12.35184688 -1.68201038
v 10.60292956 12.01229868 -0.97640267
v 9.97064166 11.74463515 -0.25556402
v 9.26001024 11.55343609 0.46817182
v 8.48319441 11.44197297 1.18242154
v 7.65348569 11.41215295 1.87496412
v 5.07005232 16.17279400 0.41708836
v 5.98915450 16.17279400 -0.07160694
v 4.92103603 15.97445245 0.13682947
v 5.84013821 15.97445245 -0.35186583
v 5.57199920 15.45685986 0.25247559
v 5.66409634 15.57944168 0.42568512
v 5.24609419 16.56780477 -0.36046259
v 5.33819133 16.69038659 -0.18725306
v 6.09795436 16.41692408 -0.55215985
v 6.29937473 15.73032237 -0.17334322
v 4.61081579 16.41692408 0.23856575
v 4.81223617 15.73032237 0.61738238
v 5.54268485 16.19020546 0.19734331
v 5.36750568 15.95704099 -0.13212078
v 5.20989753 15.65280769 0.22310220
v 5.75013224 15.65280769 -0.06414569
v 5.35162045 15.84144172 0.48964424
v 5.89185516 15.84144172 0.20239636
v 5.64665742 15.42062619 0.39288729
v 5.01833537 16.30580473 -0.13717383
v 5.55857008 16.30580473 -0.42442172
v 5.16005829 16.49443875 0.12936822
v 5.70029300 16.49443875 -0.15787967
v 5.26353311 16.72662026 -0.32766476
v 6.14687050 16.33370152 -0.37236649
v 6.05928092 16.21711929 -0.53709854
v 5.71011061 16.56588303 -0.54215159
v 5.76424395 16.63793481 -0.44034158
v 6.26526243 15.93012716 -0.14970367
v 6.17767285 15.81354492 -0.31443571
v 6.02006470 15.50931163 0.04078726
v 6.07419804 15.58136342 0.14259727
v 6.32921338 16.07362322 -0.43216558
v 4.73251768 16.33370152 0.37965824
v 4.64492810 16.21711929 0.21492620
v 4.83599249 16.56588303 -0.07737474
v 4.89012583 16.63793481 0.02443526
v 4.85090961 15.93012716 0.60232107
v 4.76332002 15.81354492 0.43758902
v 5.14594658 15.50931163 0.50556411
v 5.20007992 15.58136342 0.60737412
v 4.58097715 16.07362322 0.49738811
v 5.30048382 16.18576815 0.31808129
v 5.77821827 16.18576815 0.06406538
v 5.13197226 15.96147830 0.00115715
v 5.60970671 15.96147830 -0.25285876
v 5.05005009 15.80334275 0.18579631
v 5.38841022 15.53430650 0.24590729
v 5.28013862 15.79109650 0.04615351
v 5.80858980 15.80334275 -0.21752641
v 5.66921549 15.53430650 0.09660049
v 5.56415681 15.79109650 -0.10486164
v 5.48129730 15.63115159 0.08189013
v 5.20117164 16.00448640 0.47001459
v 5.50994611 15.69607146 0.47448305
v 5.44674390 16.01284909 0.35949248
v 5.95971135 16.00448640 0.06669187
v 5.79075137 15.69607146 0.32517624
v 5.73076210 16.01284909 0.20847733
v 5.63031360 15.82949314 0.36214903
v 5.61543095 15.41362231 0.33415884
v 5.66330155 15.47733835 0.42419034
v 4.95047918 16.14276005 -0.00146934
v 5.11943916 16.45117499 -0.25995371
v 5.17942843 16.13439735 -0.14325480
v 5.70901889 16.14276005 -0.40479206
v 5.40024442 16.45117499 -0.40926052
v 5.46344662 16.13439735 -0.29426995
v 5.27987693 16.31775331 -0.29692650
v 5.10160073 16.34390369 0.28274894
v 5.24097504 16.61293995 -0.03137796
v 5.34603372 16.35614995 0.17008417
v 5.86014044 16.34390369 -0.12057378
v 5.52178031 16.61293995 -0.18068476
v 5.63005191 16.35614995 0.01906902
v 5.42889323 16.51609486 -0.01666760
v 5.24688897 16.66990809 -0.35896782
v 5.29475958 16.73362414 -0.26893631
v 6.09226420 16.26035508 -0.23206056
v 6.14881661 16.38724995 -0.48184419
v 5.94769111 16.43159029 -0.28044515
v 5.96928029 16.09666279 -0.46335965
v 6.10328896 16.32665239 -0.56746924
v 5.82713439 16.27112861 -0.50717936
v 5.47901274 16.58635948 -0.47045460
v 5.92179588 16.50793414 -0.57009574
v 5.64356470 16.45448456 -0.50983590
v 5.48845458 16.67572038 -0.45896776
v 5.90680396 16.40785986 -0.56907362
v 5.55502098 16.68752688 -0.32750390
v 5.94993351 16.54538549 -0.51717654
v 5.74653242 16.59153520 -0.31618177
v 5.51691416 16.71360024 -0.40544308
v 5.98131211 16.50703064 -0.42894417
v 5.75169385 16.62909568 -0.51820547
v 6.15380241 16.05058366 -0.11632402
v 6.31504987 15.82059406 -0.16920490
v 6.11064361 15.87611784 0.02602394
v 6.24471312 16.13491413 -0.27614677
v 6.03081850 15.88689136 -0.34762312
v 6.26952222 15.75999650 -0.25482995
v 5.99008690 15.71565615 -0.20071027
v 6.15261598 16.01233231 -0.44935630
v 5.80952201 15.45971956 0.15114294
v 6.18760005 15.60186095 -0.07019079
v 5.90722739 15.55571125 -0.01395850
v 5.85282746 15.43364621 0.22631796
v 6.13199879 15.64021581 -0.14554375
v 5.88553025 15.56088696 0.29409364
v 6.21573768 15.63931231 -0.01727160
v 6.01019512 15.69276189 0.17969563
v 5.88128704 15.47152607 0.27984264
v 6.20650694 15.73938658 -0.00541430
v 6.07759886 15.51815077 0.09473271
v 6.24359548 16.25206546 -0.51292679
v 6.34829054 15.89518099 -0.31602403
v 6.27833412 16.21035448 -0.42464579
v 6.23228555 16.14906357 -0.51125055
v 6.34057644 15.99818288 -0.30758502
v 6.29452787 15.93689197 -0.39418978
v 4.87937203 16.26035508 0.41284565
v 4.64066831 16.38724995 0.32005248
v 4.92010363 16.43159029 0.26593280
v 4.75638812 16.09666279 0.18154655
v 4.59514066 16.32665239 0.23442743
v 4.79954692 16.27112861 0.03919859
v 5.02466028 16.58635948 -0.22887111
v 4.69445285 16.50793414 0.08249413
v 4.89999541 16.45448456 -0.11447310
v 5.02890349 16.67572038 -0.21462011
v 4.70368359 16.40785986 0.07063683
v 5.10066852 16.68752688 -0.08592041
v 4.72259048 16.54538549 0.13541332
v 5.00296314 16.59153520 0.07918103
v 5.05736307 16.71360024 -0.16109543
v 4.77819174 16.50703064 0.21076628
v 4.83259167 16.62909568 -0.02951018
v 4.94091024 16.05058366 0.52858218
v 4.80690157 15.82059406 0.63269177
v 5.08305614 15.87611784 0.57240189
v 4.75757455 16.13491413 0.51457883
v 4.81792633 15.88689136 0.29728309
v 4.76137392 15.75999650 0.54706672
v 4.96249942 15.71565615 0.34566768
v 4.66547741 16.01233231 0.34136930
v 5.35516955 15.45971956 0.39272643
v 4.96025702 15.60186095 0.58239907
v 5.16365811 15.55571125 0.38140430
v 5.39327637 15.43364621 0.47066561
v 4.92887842 15.64021581 0.49416670
v 5.43117779 15.56088696 0.53567713
v 4.98839465 15.63931231 0.63531827
v 5.26662583 15.69276189 0.57505843
v 5.42173595 15.47152607 0.52419029
v 5.00338657 15.73938658 0.63429615
v 5.15849668 15.51815077 0.58342800
v 4.56189999 16.25206546 0.38124656
v 4.66659505 15.89518099 0.57814932
v 4.61566266 16.21035448 0.45941231
v 4.56961409 16.14906357 0.37280755
v 4.67790498 15.99818288 0.57647308
v 4.63185641 15.93689197 0.48986832
v 5.91565826 13.90264347 1.73028244
v 6.60498489 13.90264347 1.36376096
v 5.67350677 13.58033845 1.27486173
v 6.36283341 13.58033845 0.90834026
v 6.15753263 13.32448040 1.35370380
v 6.30719048 13.52367586 1.63516928
v 5.97130119 13.95930606 1.00345341
v 6.12095904 14.15850152 1.28491889
v 6.63937412 13.93766288 0.91455592
v 6.75447147 13.54531904 1.13102257
v 5.52402019 13.93766288 1.50760012
v 5.63911755 13.54531904 1.72406677
v 6.28157891 13.93093710 1.58700092
v 5.99691276 13.55204482 1.05162177
v 5.87623999 13.40165523 1.31339990
v 6.28141602 13.40165523 1.09796398
v 6.10653974 13.70818552 1.74653073
v 6.51171577 13.70818552 1.53109481
v 6.24870992 13.36834980 1.52518336
v 5.76677590 13.77479640 1.10752788
v 6.17195193 13.77479640 0.89209197
v 5.99707565 14.08132668 1.54065871
v 6.40225168 14.08132668 1.32522280
v 6.02978174 14.11463212 1.11343933
v 6.70696841 13.95152099 1.10752891
v 6.56463534 13.76207485 0.83983933
v 6.33449848 13.98482642 0.89574544
v 6.42246516 14.10191058 1.06118670
v 6.77462094 13.72090707 1.23476481
v 6.63228787 13.53146093 0.96707523
v 6.51161510 13.38107134 1.22885336
v 6.59958178 13.49815549 1.39429461
v 6.79483442 13.74149096 0.97072871
v 5.64620380 13.95152099 1.67154746
v 5.50387073 13.76207485 1.40385788
v 5.67890989 13.98482642 1.24432808
v 5.76687657 14.10191058 1.40976933
v 5.71385633 13.72090707 1.79878336
v 5.57152325 13.53146093 1.53109379
v 5.85602651 13.38107134 1.57743599
v 5.94399319 13.49815549 1.74287725
v 5.48365725 13.74149096 1.66789398
v 6.09701106 13.92372646 1.67206818
v 6.45531189 13.92372646 1.48155625
v 5.82317978 13.55925545 1.15706644
v 6.18148061 13.55925545 0.96655451
v 5.76045602 13.48108538 1.29313448
v 6.01204483 13.34809450 1.33411531
v 5.92614656 13.46323102 1.17547078
v 6.32936080 13.48108538 0.99064244
v 6.22264878 13.34809450 1.22213521
v 6.13916020 13.46323102 1.06220941
v 6.07571877 13.38416653 1.19983432
v 6.00602853 13.80794380 1.75498919
v 6.20954064 13.61096256 1.70555091
v 6.19688015 13.82357898 1.68464660
v 6.57493331 13.80794380 1.45249716
v 6.42014459 13.61096256 1.59357081
v 6.40989379 13.82357898 1.57138524
v 6.31787025 13.70647155 1.65525502
v 6.20564868 13.33078287 1.44419693
v 6.28343841 13.43432145 1.59049813
v 5.70355836 13.67503812 1.18612554
v 5.85834708 13.87201935 1.04505188
v 5.86859788 13.65940294 1.06723745
v 6.27246314 13.67503812 0.88363350
v 6.06895103 13.87201935 0.93307178
v 6.08161152 13.65940294 0.95397609
v 5.96062141 13.77651037 0.98336767
v 5.94913086 14.00189654 1.64798025
v 6.05584289 14.13488742 1.41648748
v 6.13933147 14.01975090 1.57641328
v 6.51803565 14.00189654 1.34548821
v 6.26644684 14.13488742 1.30450738
v 6.35234511 14.01975090 1.46315192
v 6.20277290 14.09881539 1.43878838
v 5.99505326 14.04866047 1.04812456
v 6.07284299 14.15219904 1.19442576
v 6.67642248 13.93442564 1.23233445
v 6.69429744 13.95262816 0.99884494
v 6.57598561 14.03057249 1.21107856
v 6.47657363 13.66842567 0.85647342
v 6.62031501 13.85415712 0.85970423
v 6.38008095 13.76982226 0.84263547
v 6.15344009 13.98118957 0.93497080
v 6.50069359 13.96993979 0.88876332
v 6.25909084 13.88692969 0.87202705
v 6.18434755 14.06559190 0.98839625
v 6.46553672 13.88024158 0.84455622
v 6.27695348 14.14558659 1.16726569
v 6.54641725 14.03079824 0.97475701
v 6.42641340 14.10963698 1.18671502
v 6.23059436 14.12714668 1.07537387
v 6.58661247 14.04139409 1.07226657
v 6.39079343 14.05890379 0.96092542
v 6.71158717 13.81455625 1.29846961
v 6.78928788 13.62882479 1.17749596
v 6.66910133 13.71315966 1.38620376
v 6.77175172 13.84108869 1.16352198
v 6.51173832 13.54855628 0.92260859
v 6.71530545 13.53035376 1.03835525
v 6.47319666 13.45240942 1.01776067
v 6.62209387 13.64189323 0.88205651
v 6.34230254 13.33739533 1.29016939
v 6.65258169 13.45218368 1.17442329
v 6.40975523 13.37334494 1.15538557
v 6.39256062 13.35583523 1.37998809
v 6.59421948 13.44158783 1.08657328
v 6.46581592 13.50179235 1.52246428
v 6.69830535 13.51304213 1.26041697
v 6.57707779 13.59605223 1.47007354
v 6.43880744 13.41739002 1.46696571
v 6.71529522 13.60274034 1.31428364
v 6.57702487 13.42407813 1.31117580
v 6.73996877 13.84345795 0.92773841
v 6.79979452 13.63952397 1.04025427
v 6.78237857 13.85191028 1.02470999
v 6.70754965 13.75231255 0.88397725
v 6.81794561 13.73066937 1.09160186
v 6.74311669 13.63107164 0.95086913
v 5.76675335 13.93442564 1.71601411
v 5.56318622 13.95262816 1.60026744
v 5.80529500 14.03057249 1.62086203
v 5.56690450 13.66842567 1.34015308
v 5.48920379 13.85415712 1.46112673
v 5.60939034 13.76982226 1.25241894
v 5.81267575 13.98118957 1.11615841
v 5.58018632 13.96993979 1.37820572
v 5.70141387 13.88692969 1.16854915
v 5.83968423 14.06559190 1.17165699
v 5.56319644 13.88024158 1.32433906
v 5.93618913 14.14558659 1.34845330
v 5.62590997 14.03079824 1.46419941
v 5.86873644 14.10963698 1.48323712
v 5.88593105 14.12714668 1.25863460
v 5.68427219 14.04139409 1.55204941
v 5.70146680 14.05890379 1.32744689
v 5.80191804 13.81455625 1.78214927
v 5.65817665 13.62882479 1.77891847
v 5.89841072 13.71315966 1.79598722
v 5.65639780 13.84108869 1.75656618
v 5.60206919 13.54855628 1.40628824
v 5.58419423 13.53035376 1.63977776
v 5.70250606 13.45240942 1.42754413
v 5.50673995 13.64189323 1.47510071
v 6.00153819 13.33739533 1.47135701
v 5.73207442 13.45218368 1.66386569
v 5.85207827 13.37334494 1.45190767
v 6.04789730 13.35583523 1.56324883
v 5.69187920 13.44158783 1.56635612
v 6.12505157 13.50179235 1.70365190
v 5.77779807 13.51304213 1.74985937
v 6.01940083 13.59605223 1.76659564
v 6.09414412 13.41739002 1.65022644
v 5.81295494 13.60274034 1.79406647
v 5.88769823 13.42407813 1.67769728
v 5.47869715 13.84345795 1.59836842
v 5.53852290 13.63952397 1.71088428
v 5.53537498 13.85191028 1.68775357
v 5.46054605 13.75231255 1.54702083
v 5.57094202 13.73066937 1.75464544
v 5.49611309 13.63107164 1.61391270
v 6.00505161 13.91484240 1.70486160
v 6.18977813 13.92912578 1.63252926
v 6.53392194 13.91484240 1.42365626
v 6.37065796 13.92912578 1.53635375
v 5.74456973 13.56813952 1.21496643
v 5.90783371 13.55385614 1.10226894
v 6.27344006 13.56813952 0.93376109
v 6.08871354 13.55385614 1.00609343
v 5.71290510 13.52867718 1.28365721
v 5.81525025 13.43847312 1.30311231
v 5.78724755 13.51725898 1.22386113
v 6.08426303 13.33237585 1.34414701
v 5.94225900 13.37133577 1.32380053
v 5.95931440 13.50472291 1.11098139
v 5.89822592 13.42859081 1.24350200
v 5.87192600 13.50886128 1.16468535
v 5.84023968 13.46937189 1.23342319
v 6.34809393 13.52867718 0.94592132
v 6.30699226 13.43847312 1.04164844
v 6.25694897 13.51725898 0.97411646
v 6.19058153 13.33237585 1.28761647
v 6.25312117 13.37133577 1.15851217
v 6.11705873 13.34291944 1.27758347
v 6.06714885 13.50472291 1.05364480
v 6.21117366 13.42859081 1.07710473
v 6.16053843 13.50886128 1.01122740
v 6.03121825 13.45948461 1.11614101
v 6.23524345 13.46937189 1.02339597
v 5.97394424 13.38856579 1.25583561
v 6.17905754 13.38856579 1.14677494
v 6.04289524 13.36224734 1.26643338
v 5.99907045 13.41942011 1.18587993
v 6.14928658 13.36224734 1.20986410
v 6.10701125 13.41942011 1.12848679
v 5.95912120 13.85639222 1.74672234
v 6.05548327 13.75822465 1.75492491
v 6.05036577 13.86747086 1.71871454
v 6.25951547 13.56563786 1.67374892
v 6.15822162 13.65878327 1.72996715
v 6.24047583 13.87895039 1.63976913
v 6.15186531 13.76618629 1.72052831
v 6.14702526 13.87501996 1.68207180
v 6.10106338 13.81652973 1.72396122
v 6.59431002 13.85639222 1.40898645
v 6.54722528 13.75822465 1.49346105
v 6.52006719 13.86747086 1.46896987
v 6.36583397 13.56563786 1.61721837
v 6.46908380 13.65878327 1.56467880
v 6.31715256 13.60924549 1.65390523
v 6.34831028 13.87895039 1.58243254
v 6.46481305 13.76618629 1.55413104
v 6.43563768 13.87501996 1.52861385
v 6.30559692 13.82468419 1.63217223
v 6.49606714 13.81652973 1.51393399
v 6.21311444 13.70690270 1.70564934
v 6.41822774 13.70690270 1.59658866
v 6.26499301 13.65786074 1.68413853
v 6.25896566 13.76534213 1.67467172
v 6.37138435 13.65786074 1.62756925
v 6.36690646 13.76534213 1.61727858
v 6.18199942 13.32363648 1.39971916
v 6.22802816 13.34578292 1.48628662
v 6.29682104 13.47646471 1.61566720
v 6.26729849 13.39805196 1.56014337
v 5.68418164 13.62658970 1.22963624
v 5.73126639 13.72475726 1.14516164
v 5.75842448 13.61551106 1.16965282
v 5.91265770 13.91734406 1.02140432
v 5.80940787 13.82419865 1.07394390
v 5.93018139 13.60403152 1.05619015
v 5.81367862 13.71679562 1.08449165
v 5.84285399 13.60796195 1.11000884
v 5.78242453 13.66645218 1.12468870
v 6.31937047 13.62658970 0.89190035
v 6.22300840 13.72475726 0.88369778
v 6.22812589 13.61551106 0.91990815
v 6.01897620 13.91734406 0.96487378
v 6.12027005 13.82419865 0.90865554
v 5.96133911 13.87373643 0.98471746
v 6.03801583 13.60403152 0.99885356
v 6.12662636 13.71679562 0.91809438
v 6.13146641 13.60796195 0.95655090
v 5.97289475 13.65829773 1.00645046
v 6.17742829 13.66645218 0.91466147
v 5.86026393 13.77607922 1.04203403
v 6.06537723 13.77607922 0.93297336
v 5.90710732 13.82512117 1.01105344
v 5.91158521 13.71763979 1.02134411
v 6.01349866 13.82512117 0.95448416
v 6.01952601 13.71763979 0.96395097
v 5.93039774 13.95430474 1.69270137
v 5.97149941 14.04450880 1.59697425
v 6.02154270 13.96572293 1.66450623
v 6.08791014 14.15060607 1.35100623
v 6.02537049 14.11164615 1.48011052
v 6.21134282 13.97825901 1.58497790
v 6.06731801 14.05439111 1.56151796
v 6.11795324 13.97412064 1.62739529
v 6.04324822 14.01361002 1.61522673
v 6.56558656 13.95430474 1.35496548
v 6.46324142 14.04450880 1.33551039
v 6.49124412 13.96572293 1.41476156
v 6.19422864 14.15060607 1.29447568
v 6.33623267 14.11164615 1.31482217
v 6.16143294 14.14006247 1.36103923
v 6.31917726 13.97825901 1.52764131
v 6.38026575 14.05439111 1.39512070
v 6.40656566 13.97412064 1.47393734
v 6.24727342 14.02349731 1.52248169
v 6.43825199 14.01361002 1.40519950
v 6.09943412 14.09441613 1.49184775
v 6.30454742 14.09441613 1.38278708
v 6.12920508 14.12073458 1.42875859
v 6.17148041 14.06356181 1.51013590
v 6.23559643 14.12073458 1.37218931
v 6.27942121 14.06356181 1.45274276
v 5.98167063 14.00651721 1.02295549
v 6.01119318 14.08492996 1.07847932
v 6.09649224 14.15934544 1.23890354
v 6.05046351 14.13719899 1.15233608
v 6.64554447 13.92024363 1.29784244
v 6.69702847 13.94491831 1.16848965
v 6.60325375 13.97114289 1.28851143
v 6.67192882 13.94711148 0.95320000
v 6.70605223 13.95410743 1.05061791
v 6.49347985 14.05986936 1.26751295
v 6.64773739 13.99415748 1.15730922
v 6.55122904 14.01907680 1.27785895
v 6.63124173 13.98499234 1.22069676
v 6.42241089 13.62325156 0.87818922
v 6.52428590 13.71499695 0.84360812
v 6.37761335 13.67081422 0.86414356
v 6.63458052 13.89740067 0.88295805
v 6.59685039 13.80875915 0.84523912
v 6.27772130 13.77269348 0.86173014
v 6.47651043 13.76625342 0.83527815
v 6.32820687 13.72223300 0.85841524
v 6.43131789 13.71889257 0.84469472
v 6.06162853 13.97245610 0.96583245
v 6.24498023 13.98533946 0.91145859
v 6.11082656 13.92903959 0.92895287
v 6.07339163 14.01852199 0.98723601
v 6.57419243 13.95585085 0.89762786
v 6.42028307 13.97966027 0.88813182
v 6.56604588 13.91429211 0.86837886
v 6.21647217 13.83197708 0.87660911
v 6.29875852 13.93830112 0.87845862
v 6.16427723 13.88090199 0.89823793
v 6.32201394 13.82954577 0.85111130
v 6.20695880 13.93605179 0.89919726
v 6.10666350 14.09445762 1.04757223
v 6.26092104 14.02874575 0.93736850
v 6.08918785 14.06039150 1.01514597
v 6.16920053 14.02630704 0.95798379
v 6.51977093 13.82215128 0.83625049
v 6.40326815 13.93491538 0.86455199
v 6.54710202 13.86849983 0.84729714
v 6.42662664 13.82615669 0.83719095
v 6.48667256 13.92699006 0.86197700
v 6.36531710 13.88549875 0.85208460
v 6.19953267 14.15600729 1.22519241
v 6.35174101 14.12743868 1.11224642
v 6.27344257 14.14548243 1.23478910
v 6.17536723 14.15425211 1.17902423
v 6.59727495 13.98657382 0.94103977
v 6.48777352 14.06949045 1.01506290
v 6.62668628 13.99500483 0.98242686
v 6.52861094 14.00377451 0.92666200
v 6.41776153 14.09989437 1.25517934
v 6.42799425 14.11031461 1.12151567
v 6.34857348 14.12620135 1.24484876
v 6.50607274 14.07452910 1.19727557
v 6.35388115 14.13160628 1.17551801
v 6.13007515 14.12561865 1.09160313
v 6.32886428 14.11917859 1.06515115
v 6.15184771 14.14379214 1.13299204
v 6.20838952 14.10114727 1.02801523
v 6.25495874 14.14045171 1.11927151
v 6.65311705 13.99963573 1.08703807
v 6.50909223 14.07576783 1.06357813
v 6.64564006 13.99965453 1.03262024
v 6.58725071 14.03994825 1.13928089
v 6.57093504 14.03914391 1.02045168
v 6.51145771 14.08001274 1.12693511
v 6.36543067 14.02536001 0.92346187
v 6.40996226 14.08463182 1.00721362
v 6.44891429 14.01724531 0.92076353
v 6.28956749 14.06656642 0.97002056
v 6.47201263 14.04798934 0.96420518
v 6.31300223 14.09775819 1.01409489
v 6.66329654 13.85973036 1.33122924
v 6.74893335 13.76798497 1.26610853
v 6.64989046 13.81216769 1.37622232
v 6.70130258 13.87624054 1.26469287
v 6.77798675 13.58558125 1.15266595
v 6.78815874 13.67422277 1.20503780
v 6.59603235 13.71028844 1.46038615
v 6.72912351 13.71672850 1.31037425
v 6.62701169 13.76074892 1.42038538
v 6.69604547 13.76408935 1.34257489
v 6.74684057 13.89823461 1.13323453
v 6.78108848 13.78149034 1.19764549
v 6.73013740 13.88927032 1.19667248
v 6.74790164 13.82871559 1.23008216
v 6.44016297 13.56273829 0.91157602
v 6.57619078 13.53806361 0.94122700
v 6.42425006 13.51183902 0.95185445
v 6.49882475 13.60674138 0.88388746
v 6.74063845 13.53587044 1.08242400
v 6.67895690 13.52887449 0.99965901
v 6.38027380 13.42311256 1.05460333
v 6.55789655 13.48882443 0.98834318
v 6.40398952 13.46390512 1.00094168
v 6.49612164 13.49798957 0.96657284
v 6.59902526 13.70149158 0.85523436
v 6.63327317 13.58474731 0.91964532
v 6.55357619 13.65426633 0.86460914
v 6.57134043 13.59371160 0.89801882
v 6.25098594 13.32697462 1.32196194
v 6.42973623 13.35554324 1.25893410
v 6.28435982 13.33749948 1.25532145
v 6.27574795 13.32872980 1.36781291
v 6.70897382 13.49640809 1.15111478
v 6.58637344 13.41349147 1.20050238
v 6.69110897 13.48797709 1.10358832
v 6.34815768 13.38308755 1.12427354
v 6.46469195 13.37266731 1.19053400
v 6.31803265 13.35678056 1.18740981
v 6.44554509 13.40845282 1.08343960
v 6.37847845 13.35137563 1.22177882
v 6.32289631 13.35736327 1.45424701
v 6.45598748 13.36380333 1.30423511
v 6.30075842 13.33918978 1.41305235
v 6.36979221 13.34253021 1.33524186
v 6.61916224 13.48334619 1.02317837
v 6.55807376 13.40721408 1.15569898
v 6.66009559 13.48332739 1.05980713
v 6.53901900 13.44303367 1.04857022
v 6.62840927 13.44383801 1.12854498
v 6.50687120 13.40296918 1.11830914
v 6.38889008 13.51052582 1.58132189
v 6.53649701 13.49764246 1.45972193
v 6.44697582 13.55394232 1.56115768
v 6.37772356 13.46445993 1.55960113
v 6.73205634 13.52713106 1.19452669
v 6.65386389 13.50332165 1.32743345
v 6.75174936 13.56868981 1.21763632
v 6.68249710 13.47920741 1.21607977
v 6.54944704 13.65100484 1.50284376
v 6.59392767 13.54468080 1.43359105
v 6.50232890 13.60207993 1.53402064
v 6.62960389 13.65343615 1.42960387
v 6.52540080 13.54693013 1.49809957
v 6.34630796 13.38852430 1.49827791
v 6.52393072 13.45423617 1.43201776
v 6.36341829 13.42259042 1.53089842
v 6.41940591 13.38183465 1.42487935
v 6.45555041 13.45667487 1.49652958
v 6.75250836 13.66083064 1.27396595
v 6.66389784 13.54806654 1.35472513
v 6.75863363 13.61448209 1.24513024
v 6.69964307 13.65682523 1.35066016
v 6.71267175 13.55599186 1.28701966
v 6.65301181 13.59748316 1.39315965
v 6.54936928 13.39835010 1.26940009
v 6.59390088 13.45762191 1.35315184
v 6.61972302 13.43499258 1.24200801
v 6.48944509 13.38522373 1.34593565
v 6.64282136 13.46573660 1.28544967
v 6.51287982 13.41641549 1.39000997
v 6.69498493 13.89199944 0.91730352
v 6.77346544 13.79296662 0.94566104
v 6.72473511 13.90010247 0.95860830
v 6.68725728 13.85021927 0.88812276
v 6.78329078 13.59098248 1.08338268
v 6.80366708 13.69001530 1.00246206
v 6.80316148 13.63276265 1.10610687
v 6.76568366 13.58287945 1.03562133
v 6.75222023 13.90371285 1.06296338
v 6.79670086 13.79738881 0.99371067
v 6.74453574 13.90393250 1.00859596
v 6.78565256 13.84791329 1.09108402
v 6.76760764 13.84878270 0.97267489
v 6.64228575 13.75738944 0.85620671
v 6.75882002 13.74696920 0.92246717
v 6.66936032 13.80387359 0.86721157
v 6.67189796 13.69650526 0.87714274
v 6.72980612 13.79846866 0.90158057
v 6.80447333 13.72559248 1.16123718
v 6.81470605 13.73601272 1.02757351
v 6.81048980 13.67910833 1.13263751
v 6.80367551 13.78647665 1.12498027
v 6.81579746 13.68451326 1.06330676
v 6.80906048 13.79196030 1.05463981
v 6.69453886 13.57926906 0.95448051
v 6.77682522 13.68559310 0.95633002
v 6.73531438 13.57904941 0.99125311
v 6.68992091 13.63506863 0.91103898
v 6.77799594 13.63419921 0.99221244
v 6.73322408 13.69102162 0.91201229
v 5.83832870 13.92024363 1.72704668
v 5.70230089 13.94491831 1.69739569
v 5.85424161 13.97114289 1.68676824
v 5.53785322 13.94711148 1.55619869
v 5.59953477 13.95410743 1.63896368
v 5.89821787 14.05986936 1.58401936
v 5.72059512 13.99415748 1.65027951
v 5.87450215 14.01907680 1.63768101
v 5.78237003 13.98499234 1.67204985
v 5.61519513 13.62325156 1.30739346
v 5.52955832 13.71499695 1.37251416
v 5.62860121 13.67081422 1.26240037
v 5.50050492 13.89740067 1.48595674
v 5.49033293 13.80875915 1.43358489
v 5.68245932 13.77269348 1.17823655
v 5.54936816 13.76625342 1.32824844
v 5.65147998 13.72223300 1.21823731
v 5.58244619 13.71889257 1.29604781
v 5.88960159 13.97245610 1.05730080
v 5.74199466 13.98533946 1.17890076
v 5.83151584 13.92903959 1.07746501
v 5.90076811 14.01852199 1.07902156
v 5.54643533 13.95585085 1.44409600
v 5.62462778 13.97966027 1.31118924
v 5.52674230 13.91429211 1.42098637
v 5.72904463 13.83197708 1.13577893
v 5.68456400 13.93830112 1.20503164
v 5.77616277 13.88090199 1.10460205
v 5.64888778 13.82954577 1.20901883
v 5.75309086 13.93605179 1.14052312
v 5.93218371 14.09445762 1.14034479
v 5.75456095 14.02874575 1.20660493
v 5.91507338 14.06039150 1.10772428
v 5.82294126 14.02630704 1.14209311
v 5.52598331 13.82215128 1.36465675
v 5.61459383 13.93491538 1.28389756
v 5.51985804 13.86849983 1.39349245
v 5.57884860 13.82615669 1.28796253
v 5.56581992 13.92699006 1.35160303
v 5.62547986 13.88549875 1.24546304
v 6.02750573 14.15600729 1.31666075
v 5.84875544 14.12743868 1.37968859
v 5.99413185 14.14548243 1.38330124
v 6.00274372 14.15425211 1.27080979
v 5.56951785 13.98657382 1.48750791
v 5.69211823 14.06949045 1.43812032
v 5.58738270 13.99500483 1.53503437
v 5.59599457 14.00377451 1.42254292
v 5.93033399 14.09989437 1.51434916
v 5.81379972 14.11031461 1.44808869
v 5.96045902 14.12620135 1.45121288
v 5.83294658 14.07452910 1.55518309
v 5.90001322 14.13160628 1.41684387
v 5.95559535 14.12561865 1.18437569
v 5.82250419 14.11917859 1.33438758
v 5.97773325 14.14379214 1.22557034
v 5.85908576 14.10114727 1.21374334
v 5.90869946 14.14045171 1.30338084
v 5.65932942 13.99963573 1.61544432
v 5.72041791 14.07576783 1.48292371
v 5.61839608 13.99965453 1.57881556
v 5.73947267 14.03994825 1.59005247
v 5.65008240 14.03914391 1.51007772
v 5.77162047 14.08001274 1.52031355
v 5.68459079 14.02536001 1.28547085
v 5.72912238 14.08463182 1.36922260
v 5.63567031 14.01724531 1.35317302
v 5.76561184 14.06656642 1.24861272
v 5.65876865 14.04798934 1.39661468
v 5.78904658 14.09775819 1.29268705
v 5.85608078 13.85973036 1.76043347
v 5.75420577 13.76798497 1.79501457
v 5.90087832 13.81216769 1.77447914
v 5.77966692 13.87624054 1.75473524
v 5.64391115 13.58558125 1.75566464
v 5.68164128 13.67422277 1.79338357
v 6.00077037 13.71028844 1.77689256
v 5.80198124 13.71672850 1.80334454
v 5.95028480 13.76074892 1.78020745
v 5.84717378 13.76408935 1.79392798
v 5.64521850 13.89823461 1.71897737
v 5.67946641 13.78149034 1.78338833
v 5.70715124 13.88927032 1.74060388
v 5.72491548 13.82871559 1.77401355
v 5.63294720 13.56273829 1.34078025
v 5.58146320 13.53806361 1.47013304
v 5.67523792 13.51183902 1.35011127
v 5.57718909 13.60674138 1.37392983
v 5.60656284 13.53587044 1.68542270
v 5.57243944 13.52887449 1.58800478
v 5.78501182 13.42311256 1.37110974
v 5.63075428 13.48882443 1.48131347
v 5.72726263 13.46390512 1.36076375
v 5.64724994 13.49798957 1.41792593
v 5.49740319 13.70149158 1.44097721
v 5.53165110 13.58474731 1.50538816
v 5.53059003 13.65426633 1.40854054
v 5.54835427 13.59371160 1.44195021
v 6.07895900 13.32697462 1.41343029
v 5.92675066 13.35554324 1.52637627
v 6.00504910 13.33749948 1.40383360
v 6.10312443 13.32872980 1.45959846
v 5.68121671 13.49640809 1.69758293
v 5.79071815 13.41349147 1.62355979
v 5.65180539 13.48797709 1.65619583
v 5.86073014 13.38308755 1.38344336
v 5.85049742 13.37266731 1.51710703
v 5.92991819 13.35678056 1.39377394
v 5.77241892 13.40845282 1.44134713
v 5.92461052 13.35137563 1.46310468
v 6.14841652 13.35736327 1.54701956
v 5.94962739 13.36380333 1.57347154
v 6.12664396 13.33918978 1.50563065
v 6.02353293 13.34253021 1.51935118
v 5.62537462 13.48334619 1.55158462
v 5.76939943 13.40721408 1.57504456
v 5.63285160 13.48332739 1.60600245
v 5.69124095 13.44303367 1.49934180
v 5.70755663 13.44383801 1.61817101
v 5.76703396 13.40296918 1.51168758
v 6.21686313 13.51052582 1.67279024
v 6.03351144 13.49764246 1.72716410
v 6.16766510 13.55394232 1.70966982
v 6.20510004 13.46445993 1.65138668
v 5.70429924 13.52713106 1.74099484
v 5.85820860 13.50332165 1.75049087
v 5.71244579 13.56868981 1.77024383
v 5.74988072 13.47920741 1.71196069
v 6.06201950 13.65100484 1.76201358
v 5.97973314 13.54468080 1.76016407
v 6.11421443 13.60207993 1.74038476
v 5.95647773 13.65343615 1.78751139
v 6.07153287 13.54693013 1.73942543
v 6.17182817 13.38852430 1.59105046
v 6.01757063 13.45423617 1.70125420
v 6.18930382 13.42259042 1.62347672
v 6.07010215 13.38183465 1.61060746
v 6.10929113 13.45667487 1.68063890
v 5.75872074 13.66083064 1.80237220
v 5.87522351 13.54806654 1.77407070
v 5.73138965 13.61448209 1.79132555
v 5.85186502 13.65682523 1.80143174
v 5.79181911 13.55599186 1.77664570
v 5.91317457 13.59748316 1.78653809
v 5.86852940 13.39835010 1.63140908
v 5.91306100 13.45762191 1.71516083
v 5.80647904 13.43499258 1.67441751
v 5.96548944 13.38522373 1.62452781
v 5.82957737 13.46573660 1.71785917
v 5.98892418 13.41641549 1.66860213
v 5.49520088 13.89199944 1.55524002
v 5.47482459 13.79296662 1.63616064
v 5.51280801 13.90010247 1.60300137
v 5.47533018 13.85021927 1.53251583
v 5.58350674 13.59098248 1.72131917
v 5.50502622 13.69001530 1.69296165
v 5.59123439 13.63276265 1.75049993
v 5.55375656 13.58287945 1.68001439
v 5.58395281 13.90371285 1.68414219
v 5.50166645 13.79738881 1.68229268
v 5.54317729 13.90393250 1.64736958
v 5.58857075 13.84791329 1.72758371
v 5.50049573 13.84878270 1.64641025
v 5.47401834 13.75738944 1.47738551
v 5.46378561 13.74696920 1.61104918
v 5.46800187 13.80387359 1.50598518
v 5.47481616 13.69650526 1.51364243
v 5.46269420 13.79846866 1.57531593
v 5.63620591 13.72559248 1.78241599
v 5.51967165 13.73601272 1.71615552
v 5.60913135 13.67910833 1.77141113
v 5.60659371 13.78647665 1.76147995
v 5.54868555 13.68451326 1.73704212
v 5.54526759 13.79196030 1.72661041
v 5.52627144 13.57926906 1.57565931
v 5.48179081 13.68559310 1.64491203
v 5.53395593 13.57904941 1.63002673
v 5.49283911 13.63506863 1.54753867
v 5.51088403 13.63419921 1.66594780
v 5.46943119 13.69102162 1.58398288
v 4.80691760 18.08773302 -0.99472872
v 5.85180211 14.52593102 0.97041322
v 4.91839525 18.23611041 -0.78506975
v 5.96327976 14.67430841 1.18007219
v 4.96584817 18.08773302 -1.07923360
v 6.01073267 14.52593102 0.88590834
v 5.07732582 18.23611041 -0.86957463
v 6.12221032 14.67430841 1.09556731
v 5.29128790 17.97403881 -1.13775518
v 5.42404711 17.97403881 -1.20834450
v 5.23913220 17.90461926 -1.23584580
v 5.37189140 17.90461926 -1.30643512
v 5.36203051 17.75917080 -1.16484422
v 5.39426451 17.80207444 -1.10422089
v 5.26891480 18.07658363 -1.33996941
v 5.30114879 18.11948727 -1.27934608
v 5.41021977 18.03741499 -1.33331977
v 5.46776845 17.84124308 -1.22508645
v 5.19541086 18.03741499 -1.21910385
v 5.25295954 17.84124308 -1.11087053
v 5.36224601 17.98013282 -1.16443893
v 5.30093330 17.89852525 -1.27975137
v 5.29513721 17.81303279 -1.19652633
v 5.37317112 17.81303279 -1.23801769
v 5.34474024 17.87905470 -1.10323661
v 5.42277414 17.87905470 -1.14472797
v 5.38632170 17.75275845 -1.11915914
v 5.24040517 17.99960337 -1.29946233
v 5.31843907 17.99960337 -1.34095369
v 5.29000819 18.06562528 -1.20617261
v 5.36804209 18.06562528 -1.24766398
v 5.27685761 18.12589962 -1.32503116
v 5.43215240 18.01738441 -1.27938892
v 5.40149605 17.97658062 -1.33704513
v 5.34096792 18.07765874 -1.35675610
v 5.35991459 18.10287687 -1.32112260
v 5.46597867 17.90207745 -1.21577097
v 5.43532231 17.86127366 -1.27342718
v 5.42952623 17.77578120 -1.19020214
v 5.44847290 17.80099933 -1.15456864
v 5.45785116 17.93932903 -1.28922958
v 5.22785699 18.01738441 -1.17076312
v 5.19720064 17.97658062 -1.22841934
v 5.21470641 18.07765874 -1.28962166
v 5.23365308 18.10287687 -1.25398816
v 5.26168326 17.90207745 -1.10714517
v 5.23102691 17.86127366 -1.16480139
v 5.30326472 17.77578120 -1.12306771
v 5.32221139 17.80099933 -1.08743420
v 5.20532815 17.93932903 -1.15496072
v 4.65263512 17.26167841 -0.29403409
v 4.78539432 17.26167841 -0.36462342
v 4.60047941 17.19225886 -0.39212471
v 4.73323862 17.19225886 -0.46271403
v 4.72337773 17.04681040 -0.32112313
v 4.75561172 17.08971404 -0.26049980
v 4.63026201 17.36422323 -0.49624833
v 4.66249601 17.40712687 -0.43562499
v 4.77156698 17.32505459 -0.48959868
v 4.82911566 17.12888268 -0.38136536
v 4.55675807 17.32505459 -0.37538276
v 4.61430675 17.12888268 -0.26714944
v 4.72359322 17.26777242 -0.32071785
v 4.66228051 17.18616485 -0.43603028
v 4.65648443 17.10067239 -0.35280524
v 4.73451833 17.10067239 -0.39429660
v 4.70608745 17.16669430 -0.25951552
v 4.78412135 17.16669430 -0.30100688
v 4.74766891 17.04039805 -0.27543806
v 4.60175238 17.28724297 -0.45574124
v 4.67978628 17.28724297 -0.49723260
v 4.65135540 17.35326488 -0.36245153
v 4.72938931 17.35326488 -0.40394289
v 4.63820482 17.41353922 -0.48131007
v 4.79349961 17.30502401 -0.43566783
v 4.76284326 17.26422022 -0.49332404
v 4.70231513 17.36529834 -0.51303501
v 4.72126180 17.39051647 -0.47740151
v 4.82732588 17.18971705 -0.37204988
v 4.79666953 17.14891326 -0.42970609
v 4.79087344 17.06342080 -0.34648105
v 4.80982011 17.08863893 -0.31084755
v 4.81919837 17.22696863 -0.44550850
v 4.58920421 17.30502401 -0.32704203
v 4.55854785 17.26422022 -0.38469825
v 4.57605362 17.36529834 -0.44590057
v 4.59500029 17.39051647 -0.41026707
v 4.62303047 17.18971705 -0.26342408
v 4.59237412 17.14891326 -0.32108030
v 4.66461193 17.06342080 -0.27934662
v 4.68355860 17.08863893 -0.24371312
v 4.56667536 17.22696863 -0.31123963
v 5.70924171 16.54931800 -0.35169841
v 5.84200091 16.54931800 -0.42228773
v 5.65708600 16.47989846 -0.44978902
v 5.78984521 16.47989846 -0.52037834
v 5.77998432 16.33445000 -0.37878744
v 5.81221831 16.37735364 -0.31816411
v 5.68686860 16.65186283 -0.55391264
v 5.71910260 16.69476647 -0.49328930
v 5.82817357 16.61269419 -0.54726299
v 5.88572225 16.41652227 -0.43902967
v 5.61336467 16.61269419 -0.43304707
v 5.67091334 16.41652227 -0.32481375
v 5.78019981 16.55541202 -0.37838216
v 5.71888710 16.47380445 -0.49369459
v 5.71309102 16.38831199 -0.41046955
v 5.79112492 16.38831199 -0.45196091
v 5.76269404 16.45433390 -0.31717983
v 5.84072794 16.45433390 -0.35867119
v 5.80427550 16.32803765 -0.33310237
v 5.65835897 16.57488257 -0.51340555
v 5.73639287 16.57488257 -0.55489692
v 5.70796199 16.64090448 -0.42011584
v 5.78599590 16.64090448 -0.46160720
v 5.69481141 16.70117881 -0.53897438
v 5.85010620 16.59266361 -0.49333214
v 5.81944985 16.55185982 -0.55098835
v 5.75892172 16.65293794 -0.57069932
v 5.77786839 16.67815607 -0.53506582
v 5.88393247 16.47735664 -0.42971419
v 5.85327612 16.43655286 -0.48737040
v 5.84748003 16.35106040 -0.40414536
v 5.86642670 16.37627853 -0.36851186
v 5.87580496 16.51460823 -0.50317281
v 5.64581080 16.59266361 -0.38470634
v 5.61515444 16.55185982 -0.44236256
v 5.63266021 16.65293794 -0.50356489
v 5.65160688 16.67815607 -0.46793138
v 5.67963706 16.47735664 -0.32108839
v 5.64898071 16.43655286 -0.37874461
v 5.72121852 16.35106040 -0.33701093
v 5.74016519 16.37627853 -0.30137743
v 5.62328195 16.51460823 -0.36890394
v 5.07058892 15.83695760 0.49202268
v 5.20334812 15.83695760 0.42143336
v 5.01843321 15.76753806 0.39393207
v 5.15119242 15.76753806 0.32334275
v 5.14133153 15.62208960 0.46493365
v 5.17356553 15.66499324 0.52555698
v 5.04821581 15.93950243 0.28980845
v 5.08044981 15.98240607 0.35043178
v 5.18952078 15.90033379 0.29645809
v 5.24706946 15.70416187 0.40469142
v 4.97471188 15.90033379 0.41067401
v 5.03226056 15.70416187 0.51890734
v 5.14154702 15.84305162 0.46533893
v 5.08023431 15.76144405 0.35002650
v 5.07443823 15.67595159 0.43325154
v 5.15247213 15.67595159 0.39176018
v 5.12404125 15.74197350 0.52654126
v 5.20207515 15.74197350 0.48504990
v 5.16562271 15.61567725 0.51061872
v 5.01970618 15.86252217 0.33031553
v 5.09774009 15.86252217 0.28882417
v 5.06930921 15.92854408 0.42360525
v 5.14734311 15.92854408 0.38211389
v 5.05615862 15.98881841 0.30474671
v 5.21145342 15.88030320 0.35038895
v 5.18079706 15.83949942 0.29273273
v 5.12026893 15.94057754 0.27302177
v 5.13921560 15.96579567 0.30865527
v 5.24527968 15.76499624 0.41400690
v 5.21462333 15.72419246 0.35635069
v 5.20882724 15.63870000 0.43957573
v 5.22777391 15.66391812 0.47520923
v 5.23715217 15.80224783 0.34054828
v 5.00715801 15.88030320 0.45901475
v 4.97650166 15.83949942 0.40135853
v 4.99400743 15.94057754 0.34015620
v 5.01295409 15.96579567 0.37578970
v 5.04098427 15.76499624 0.52263270
v 5.01032792 15.72419246 0.46497648
v 5.08256574 15.63870000 0.50671016
v 5.10151240 15.66391812 0.54234366
v 4.98462916 15.80224783 0.47481715
v 6.12719551 15.12459720 0.43435837
v 6.25995471 15.12459720 0.36376905
v 6.07503980 15.05517766 0.33626776
v 6.20779901 15.05517766 0.26567844
v 6.19793812 14.90972920 0.40726933
v 6.23017212 14.95263283 0.46789267
v 6.10482240 15.22714203 0.23214414
v 6.13705640 15.27004567 0.29276747
v 6.24612737 15.18797339 0.23879378
v 6.30367605 14.99180147 0.34702710
v 6.03131847 15.18797339 0.35300970
v 6.08886715 14.99180147 0.46124302
v 6.19815361 15.13069122 0.40767462
v 6.13684090 15.04908365 0.29236219
v 6.13104482 14.96359119 0.37558723
v 6.20907872 14.96359119 0.33409587
v 6.18064784 15.02961310 0.46887695
v 6.25868174 15.02961310 0.42738558
v 6.22222930 14.90331685 0.45295441
v 6.07631277 15.15016177 0.27265122
v 6.15434668 15.15016177 0.23115986
v 6.12591580 15.21618368 0.36594094
v 6.20394970 15.21618368 0.32444958
v 6.11276521 15.27645801 0.24708240
v 6.26806001 15.16794280 0.29272464
v 6.23740365 15.12713902 0.23506842
v 6.17687552 15.22821714 0.21535746
v 6.19582219 15.25343527 0.25099096
v 6.30188627 15.05263584 0.35634259
v 6.27122992 15.01183206 0.29868637
v 6.26543383 14.92633960 0.38191141
v 6.28438050 14.95155772 0.41754492
v 6.29375876 15.08988743 0.28288397
v 6.06376460 15.16794280 0.40135043
v 6.03310825 15.12713902 0.34369422
v 6.05061402 15.22821714 0.28249189
v 6.06956068 15.25343527 0.31812539
v 6.09759086 15.05263584 0.46496838
v 6.06693451 15.01183206 0.40731217
v 6.13917233 14.92633960 0.44904585
v 6.15811899 14.95155772 0.48467935
v 6.04123575 15.08988743 0.41715284
v 5.48854272 14.41223680 1.27807946
v 5.62130192 14.41223680 1.20749014
v 5.43638702 14.34281726 1.17998885
v 5.56914622 14.34281726 1.10939953
v 5.55928533 14.19736880 1.25099042
v 5.59151933 14.24027243 1.31161376
v 5.46616961 14.51478163 1.07586523
v 5.49840361 14.55768527 1.13648856
v 5.60747458 14.47561299 1.08251487
v 5.66502326 14.27944107 1.19074819
v 5.39266568 14.47561299 1.19673079
v 5.45021436 14.27944107 1.30496411
v 5.55950082 14.41833081 1.25139571
v 5.49818812 14.33672325 1.13608328
v 5.49239203 14.25123079 1.21930832
v 5.57042593 14.25123079 1.17781696
v 5.54199505 14.31725269 1.31259803
v 5.62002896 14.31725269 1.27110667
v 5.58357652 14.19095645 1.29667550
v 5.43765999 14.43780137 1.11637231
v 5.51569389 14.43780137 1.07488095
v 5.48726301 14.50382328 1.20966203
v 5.56529691 14.50382328 1.16817067
v 5.47411242 14.56409761 1.09080349
v 5.62940722 14.45558240 1.13644573
v 5.59875087 14.41477862 1.07878951
v 5.53822273 14.51585674 1.05907855
v 5.55716940 14.54107486 1.09471205
v 5.66323348 14.34027544 1.20006368
v 5.63257713 14.29947166 1.14240746
v 5.62678104 14.21397920 1.22563250
v 5.64572771 14.23919732 1.26126600
v 5.65510598 14.37752703 1.12660506
v 5.42511181 14.45558240 1.24507152
v 5.39445546 14.41477862 1.18741531
v 5.41196123 14.51585674 1.12621298
v 5.43090790 14.54107486 1.16184648
v 5.45893808 14.34027544 1.30868947
v 5.42828172 14.29947166 1.25103326
v 5.50051954 14.21397920 1.29276694
v 5.51946621 14.23919732 1.32840044
v 5.40258296 14.37752703 1.26087393
v -1.78578663 21.51776286 -1.44892002
v -2.91955787 21.47334261 -0.94003607
v -4.04909937 21.34084192 -0.47239018
v -5.15508439 21.12252791 -0.05398389
v -6.21858919 20.82213599 0.30802375
v -7.22141693 20.44480596 0.60743868
v -8.14640893 19.99699402 0.83913783
v -8.97773834 19.48636237 0.99915677
v -9.70118087 18.92164806 1.08475753
v -10.30435823 18.31251351 1.09447546
v -10.77694987 17.66938117 1.02814427
v -11.11086963 17.00325523 0.88689892
v -11.30040405 16.32553327 0.67315614
v -11.36689660 15.93611605 0.53056242
v -11.40880269 15.25839410 0.24797943
v -11.30236342 14.59226815 -0.09860871
v -11.04940000 13.94913581 -0.50327178
v -10.65424071 13.34000126 -0.95908588
v -10.12364683 12.77528695 -1.45825191
v -9.46669696 12.26465530 -1.99222899
v -8.69463171 11.81684337 -2.55188063
v -7.82066133 11.43951333 -3.12763104
v -6.85973968 11.13912141 -3.70962896
v -5.82830840 10.92080740 -4.28791625
v -4.74401558 10.78830671 -4.85259826
v -3.62541375 10.74388647 -5.39401312
v -2.83741772 21.53905880 -1.15780668
v -3.88622453 21.47114988 -0.90420527
v -4.91426167 21.31519802 -0.69245499
v -5.90393915 21.07387163 -0.52617895
v -6.83832331 20.75129984 -0.40822218
v -7.70142658 20.35300196 -0.34060294
v -8.47848102 19.88579298 -0.32447823
v -9.15619102 19.35766697 -0.36012393
v -9.72296076 18.77766030 -0.44693015
v -10.16909267 18.15569707 -0.58341160
v -10.48695330 17.50241922 -0.76723305
v -10.67110397 16.82900453 -0.99524926
v -10.73759652 16.43958731 -1.13784298
v -10.78488635 15.75755809 -1.40615254
v -10.69450622 15.07858404 -1.71016458
v -10.46800254 14.41428261 -2.04467739
v -10.10925085 13.77602016 -2.40396734
v -9.62438951 13.17471756 -2.78188691
v -9.02171461 12.62066325 -3.17196976
v -8.31153810 12.12333725 -3.56754149
v -7.50601128 11.69124896 -3.96183374
v -6.61891696 11.33179152 -4.34810007
v -5.66543356 11.05111535 -4.71973135
v -4.66187543 10.85402290 -5.07036887
v -2.47552619 21.58716639 -1.45793918
v -3.16863353 21.56654192 -1.49933493
v -3.85324939 21.45624233 -1.57239898
v -4.51765980 21.25815490 -1.67588117
v -5.15049651 20.97566894 -1.80801091
v -5.74093152 20.61361787 -1.96652741
v -6.27886231 20.17819648 -2.14871841
v -6.75508475 19.67685496 -2.35146658
v -7.16145053 19.11817139 -2.57130284
v -7.49100662 18.51170501 -2.80446573
v -7.73811423 17.86783263 -3.04696576
v -7.89854527 17.19757108 -3.29465369
v -7.96503782 16.80815386 -3.43724742
v -8.03604728 16.12297150 -3.68588525
v -8.01642016 15.43459199 -3.93121871
v -7.90649230 14.75479369 -4.16905008
v -7.70814459 14.09520815 -4.39531000
v -7.42477080 13.46712106 -4.60612709
v -7.06121955 12.88127915 -4.79789423
v -6.62371130 12.34770635 -4.96733022
v -6.11973194 11.87553223 -5.11153595
v -5.55790468 11.47283583 -5.22804405
v -4.94784256 11.14650739 -5.31486101
v -4.29998391 10.90213048 -5.37050137
v -1.93085182 21.60477499 -1.76001333
v -2.08860432 21.60145783 -2.09831465
v -2.25634493 21.50786813 -2.45803555
v -2.43120357 21.32560726 -2.83302113
v -2.61018837 21.05779373 -3.21685525
v -2.79023683 20.70900991 -3.60297043
v -2.96826828 20.28522359 -3.98476011
v -3.14123656 19.79368587 -4.35569177
v -3.30618212 19.24280710 -4.70941868
v -3.46028271 18.64201296 -5.03988846
v -3.60090162 18.00158322 -5.34144668
v -3.72563282 17.33247579 -5.60893360
v -3.79212537 16.94305858 -5.75152732
v -3.89883467 16.25672209 -5.98036617
v -3.98569626 15.56489994 -6.16664144
v -4.05122390 14.87942940 -6.30716592
v -4.09429639 14.21203906 -6.39953519
v -4.11417677 13.57414816 -6.44216879
v -4.11052486 12.97667119 -6.43433724
v -4.08340315 12.42983114 -6.37617456
v -4.03327571 11.94298459 -6.26867591
v -3.96100022 11.52446163 -6.11368062
v -3.86781335 11.18142330 -5.91384072
v -3.75530953 10.91973908 -5.67257552
v -1.34933966 21.58716639 -1.98308858
v -0.93552984 21.56654192 -2.54064829
v -0.55143755 21.45624233 -3.11205912
v -0.20363473 21.25815490 -3.68754410
v 0.10192761 20.97566894 -4.25725650
v 0.36002124 20.61361787 -4.81144840
v 0.56623008 20.17819648 -5.34063742
v 0.71702585 19.67685496 -5.83576898
v 0.80982840 19.11817139 -6.28837125
v 0.84304983 18.51170501 -6.69070007
v 0.81612174 17.86783263 -7.03587150
v 0.72950486 17.19757108 -7.31797954
v 0.66301232 16.80815386 -7.46057327
v 0.51818869 16.12297150 -7.67479099
v 0.31763629 15.43459199 -7.81745306
v 0.06478662 14.75479369 -7.88611849
v -0.23603399 14.09520815 -7.87961239
v -0.57967841 13.46712106 -7.79804610
v -0.96026679 12.88127915 -7.64281522
v -1.37128717 12.34770635 -7.41657581
v -1.80570687 11.87553223 -7.12319888
v -2.25609284 11.47283583 -6.76770419
v -2.71473887 11.14650739 -6.35617436
v -3.17379738 10.90213048 -5.89565078
v -0.88680543 21.53905880 -2.06739212
v -0.01837547 21.47114988 -2.70781291
v 0.80464419 21.31519802 -3.35922459
v 1.56817145 21.07387163 -4.01048135
v 2.25914214 20.75129984 -4.65043999
v 2.86573357 20.35300196 -5.26815064
v 3.37756679 19.88579298 -5.85304411
v 3.78588418 19.35766697 -6.39511271
v 4.08369933 18.77766030 -6.88508148
v 4.26591654 18.15569707 -7.31456694
v 4.32941802 17.50241922 -7.67622046
v 4.27311723 16.82900453 -7.96385405
v 4.20662468 16.43958731 -8.10644777
v 4.03148496 15.75755809 -8.31513995
v 3.74050299 15.07858404 -8.44131992
v 3.33865756 14.41428261 -8.48282872
v 2.83282435 13.77602016 -8.43895612
v 2.23165830 13.17471756 -8.31045279
v 1.54544554 12.62066325 -8.09951746
v 0.78592736 12.12333725 -7.80975930
v -0.03390068 11.69124896 -7.44613613
v -0.90001110 11.33179152 -7.01486967
v -1.79758450 11.05111535 -6.52333898
v -2.71126315 10.85402290 -5.97995432
v -0.66718481 21.47334261 -1.99033488
v 0.41710802 21.34084192 -2.55501689
v 1.44853929 21.12252791 -3.13330418
v 2.40946094 20.82213599 -3.71530211
v 3.28343133 20.44480596 -4.29105251
v 4.05549658 19.99699402 -4.85070415
v 4.71244644 19.48636237 -5.38468123
v 5.24304033 18.92164806 -5.88384726
v 5.63819962 18.31251351 -6.33966136
v 5.89116303 17.66938117 -6.74432443
v 5.99760230 17.00325523 -7.09091257
v 5.95569621 16.32553327 -7.37349556
v 5.88920367 15.93611605 -7.51608929
v 5.69966925 15.25839410 -7.72983206
v 5.36574949 14.59226815 -7.87107741
v 4.89315784 13.94913581 -7.93740860
v 4.28998049 13.34000126 -7.92769067
v 3.56653796 12.77528695 -7.84208991
v 2.73520855 12.26465530 -7.68207097
v 1.81021654 11.81684337 -7.45037182
v 0.80738881 11.43951333 -7.15095689
v -0.25611600 11.13912141 -6.78894925
v -1.36210101 10.92080740 -6.37054296
v -2.49164252 10.78830671 -5.90289707
v -0.74932495 21.40762643 -1.77256427
v 0.25423317 21.21053397 -2.12320179
v 1.20771658 20.92985780 -2.49483308
v 2.09481090 20.57040036 -2.88109940
v 2.90033771 20.13831207 -3.27539166
v 3.61051422 19.64098608 -3.67096338
v 4.21318912 19.08693177 -4.06104624
v 4.69805047 18.48562916 -4.43896580
v 5.05680215 17.84736672 -4.79825576
v 5.28330583 17.18306528 -5.13276856
v 5.37368597 16.50409123 -5.43678060
v 5.32639613 15.82206201 -5.70509016
v 5.25990358 15.43264479 -5.84768388
v 5.07575292 14.75923010 -6.07570010
v 4.75789229 14.10595225 -6.25952154
v 4.31176038 13.48398902 -6.39600299
v 3.74499063 12.90398236 -6.48280921
v 3.06728064 12.37585634 -6.51845492
v 2.29022619 11.90864736 -6.50233020
v 1.42712293 11.51034948 -6.43471096
v 0.49273877 11.18777770 -6.31675419
v -0.49693871 10.94645130 -6.15047815
v -1.52497586 10.79049945 -5.93872787
v -2.57378266 10.72259052 -5.68512647
v -1.11121648 21.35951884 -1.47243177
v -0.46335782 21.11514193 -1.52807213
v 0.14670430 20.78881349 -1.61488909
v 0.70853155 20.38611709 -1.73139719
v 1.21251092 19.91394298 -1.87560293
v 1.65001917 19.38037018 -2.04503891
v 2.01357042 18.79452827 -2.23680605
v 2.29694420 18.16644117 -2.44762314
v 2.49529192 17.50685563 -2.67388306
v 2.60521978 16.82705734 -2.91171443
v 2.62484689 16.13867783 -3.15704789
v 2.55383743 15.45349547 -3.40568572
v 2.48734489 15.06407825 -3.54827945
v 2.32691384 14.39381669 -3.79596738
v 2.07980623 13.74994431 -4.03846742
v 1.75025014 13.14347793 -4.27163030
v 1.34388437 12.58479437 -4.49146656
v 0.86766193 12.08345284 -4.69421473
v 0.32973114 11.64803146 -4.87640573
v -0.26070387 11.28598039 -5.03492223
v -0.89354058 11.00349443 -5.16705197
v -1.55795099 10.80540699 -5.27053417
v -2.24256685 10.69510741 -5.34359821
v -2.93567419 10.67448294 -5.38499396
v -1.65589085 21.34191024 -1.17035763
v -1.54338704 21.08022602 -0.92909242
v -1.45020016 20.73718769 -0.72925252
v -1.37792467 20.31866473 -0.57425723
v -1.32779723 19.83181819 -0.46675858
v -1.30067552 19.28497813 -0.40859590
v -1.29702362 18.68750116 -0.40076435
v -1.31690399 18.04961026 -0.44339795
v -1.35997649 17.38221992 -0.53576722
v -1.42550413 16.69674939 -0.67629170
v -1.51236571 16.00492724 -0.86256697
v -1.61907502 15.31859075 -1.09140582
v -1.68556757 14.92917353 -1.23399954
v -1.81029876 14.26006611 -1.50148646
v -1.95091767 13.61963636 -1.80304469
v -2.10501826 13.01884223 -2.13351446
v -2.26996383 12.46796345 -2.48724137
v -2.44293210 11.97642574 -2.85817303
v -2.62096355 11.55263942 -3.23996272
v -2.80101202 11.20385560 -3.62607789
v -2.97999681 10.93604207 -4.00991202
v -3.15485545 10.75378119 -4.38489759
v -3.32259607 10.66019150 -4.74461850
v -3.48034856 10.65687434 -5.08291982
v -2.23740301 21.35951884 -0.94728237
v -2.69646152 21.11514193 -0.48675878
v -3.15510754 20.78881349 -0.07522895
v -3.60549351 20.38611709 0.28026574
v -4.03991321 19.91394298 0.57364267
v -4.45093359 19.38037018 0.79988208
v -4.83152198 18.79452827 0.95511296
v -5.17516640 18.16644117 1.03667925
v -5.47598701 17.50685563 1.04318535
v -5.72883667 16.82705734 0.97451992
v -5.92938907 16.13867783 0.83185785
v -6.07421270 15.45349547 0.61764013
v -6.14070525 15.06407825 0.47504640
v -6.22732213 14.39381669 0.19293836
v -6.25425022 13.74994431 -0.15223307
v -6.22102878 13.14347793 -0.55456189
v -6.12822623 12.58479437 -1.00716416
v -5.97743046 12.08345284 -1.50229572
v -5.77122162 11.64803146 -2.03148474
v -5.51312800 11.28598039 -2.58567664
v -5.20756565 11.00349443 -3.15538904
v -4.85976283 10.80540699 -3.73087402
v -4.47567055 10.69510741 -4.30228486
v -4.06186072 10.67448294 -4.85984456
v -2.69993724 21.40762643 -0.86297883
v -3.61361589 21.21053397 -0.31959416
v -4.51118929 20.92985780 0.17193652
v -5.37729970 20.57040036 0.60320299
v -6.19712774 20.13831207 0.96682615
v -6.95664593 19.64098608 1.25658432
v -7.64285869 19.08693177 1.46751965
v -8.24402473 18.48562916 1.59602298
v -8.74985794 17.84736672 1.63989558
v -9.15170338 17.18306528 1.59838678
v -9.44268535 16.50409123 1.47220681
v -9.61782507 15.82206201 1.26351463
v -9.68431762 15.43264479 1.12092091
v -9.74061840 14.75923010 0.83328732
v -9.67711692 14.10595225 0.47163380
v -9.49489972 13.48398902 0.04214834
v -9.19708457 12.90398236 -0.44782043
v -8.78876717 12.37585634 -0.98988903
v -8.27693396 11.90864736 -1.57478250
v -7.67034253 11.51034948 -2.19249315
v -6.97937183 11.18777770 -2.83245179
v -6.21584458 10.94645130 -3.48370855
v -5.39282492 10.79049945 -4.13512023
v -4.52439495 10.72259052 -4.77554102
v -2.38622185 15.84504045 -3.96810343
v -3.32964077 15.84504045 -3.52817997
v -2.23955967 15.70483032 -3.65358539
v -3.18297859 15.70483032 -3.21366192
v -2.84297600 15.12430160 -3.71606995
v -2.93361821 15.21095623 -3.91045279
v -2.63558223 16.33891453 -3.27131256
v -2.72622444 16.42556916 -3.46569541
v -3.48375396 16.15027142 -3.09753953
v -3.61193036 15.39959935 -3.37241471
v -1.95727008 16.15027142 -3.80935065
v -2.08544648 15.39959935 -4.08422583
v -2.87080608 15.85734883 -3.77575175
v -2.69839436 15.69252193 -3.40601361
v -2.49854585 15.35129572 -3.70132164
v -3.05307358 15.35129572 -3.44274111
v -2.63802987 15.48464348 -4.00044607
v -3.19255759 15.48464348 -3.74186555
v -2.90650322 15.06100382 -3.85230451
v -2.37664285 16.06522729 -3.43989981
v -2.93117057 16.06522729 -3.18131928
v -2.51612686 16.19857505 -3.73902424
v -3.07065459 16.19857505 -3.48044372
v -2.66269722 16.48886695 -3.32946085
v -3.51591927 16.03675910 -3.26404712
v -3.42971341 15.95434565 -3.07917805
v -3.10796190 16.32705100 -3.11306425
v -3.16124005 16.37798531 -3.22731962
v -3.59125947 15.59552512 -3.42561470
v -3.50505361 15.51311167 -3.24074563
v -3.30520510 15.17188546 -3.53605366
v -3.35848325 15.22281977 -3.65030903
v -3.68184493 15.77493538 -3.17249060
v -2.06414683 16.03675910 -3.94101973
v -1.97794097 15.95434565 -3.75615066
v -2.21071719 16.32705100 -3.53145633
v -2.26399534 16.37798531 -3.64571170
v -2.13948703 15.59552512 -4.10258730
v -2.05328117 15.51311167 -3.91771823
v -2.40796039 15.17188546 -3.95444574
v -2.46123854 15.22281977 -4.06870111
v -1.88735551 15.77493538 -4.00927476
v -2.62233800 15.85421204 -3.88304788
v -3.11271189 15.85421204 -3.65438277
v -2.45648855 15.69565872 -3.52738258
v -2.94686244 15.69565872 -3.29871748
v -2.35261053 15.51829486 -3.68087892
v -2.66625657 15.21654542 -3.71335738
v -2.58889143 15.50888752 -3.55175245
v -3.13121896 15.51829486 -3.31780784
v -2.95449112 15.21654542 -3.57895141
v -2.88042391 15.50888752 -3.41580863
v -2.77535733 15.32949428 -3.57106125
v -2.50134469 15.66048583 -3.99984035
v -2.78587246 15.33089911 -3.96987448
v -2.75286473 15.66564721 -3.90339432
v -3.27995312 15.66048583 -3.63676928
v -3.07410701 15.33089911 -3.83546851
v -3.04439721 15.66564721 -3.76745049
v -2.92201951 15.46970441 -3.88557929
v -2.87830622 15.06565639 -3.79183584
v -2.92542057 15.11069806 -3.89287289
v -2.28924732 15.88938494 -3.54499608
v -2.49509343 16.21897166 -3.34629685
v -2.52480323 15.88422355 -3.41431486
v -3.06785575 15.88938494 -3.18192500
v -2.78332798 16.21897166 -3.21189087
v -2.81633571 15.88422355 -3.27837104
v -2.64718093 16.08016635 -3.29618606
v -2.43798148 16.03157591 -3.86395751
v -2.61470932 16.33332535 -3.60281395
v -2.68877653 16.04098325 -3.76595673
v -3.21658991 16.03157591 -3.50088644
v -2.90294387 16.33332535 -3.46840797
v -2.98030901 16.04098325 -3.63001290
v -2.79384311 16.22037649 -3.61070411
v -2.64377987 16.43917271 -3.28889246
v -2.69089422 16.48421438 -3.38992952
v -3.44803129 15.94746660 -3.38840699
v -3.52813684 16.10612072 -3.16456705
v -3.31946508 16.13530481 -3.36099386
v -3.32699026 15.83175046 -3.12883364
v -3.48332842 16.06328354 -3.06847510
v -3.20081289 16.02187242 -3.10654342
v -2.87522125 16.35506339 -3.17641301
v -3.31608719 16.25700975 -3.08608860
v -3.03165811 16.21781522 -3.12435844
v -2.89051331 16.44053578 -3.20224107
v -3.29375759 16.15952130 -3.07065962
v -2.95002872 16.42657990 -3.33683816
v -3.34378032 16.28348458 -3.14547669
v -3.13299918 16.31469805 -3.34168507
v -2.91852330 16.46731353 -3.26230868
v -3.36708867 16.22962636 -3.22791865
v -3.15261279 16.38224185 -3.14854225
v -3.48719191 15.71812031 -3.47238720
v -3.63392148 15.48658723 -3.39142294
v -3.42316197 15.52799834 -3.58337255
v -3.59316326 15.81826270 -3.33216854
v -3.36615087 15.60240417 -3.21281386
v -3.58911306 15.44375005 -3.29533099
v -3.30450978 15.41456596 -3.32892211
v -3.50252105 15.73160807 -3.13778570
v -3.08554500 15.12329087 -3.62745376
v -3.48523504 15.26638618 -3.44882732
v -3.19944320 15.23517272 -3.48417473
v -3.12238660 15.08255724 -3.69949495
v -3.43706316 15.32024440 -3.37797942
v -3.16035248 15.19480738 -3.78787891
v -3.51292816 15.29286102 -3.50821542
v -3.30078427 15.33205554 -3.70150135
v -3.15039659 15.10933499 -3.75956255
v -3.51039425 15.39034947 -3.53523844
v -3.36000657 15.16762892 -3.59329964
v -3.61438231 15.97002899 -3.11697745
v -3.68100633 15.57984178 -3.25985313
v -3.64078686 15.91258426 -3.19909332
v -3.59546575 15.86925694 -3.10190190
v -3.68039554 15.68061383 -3.28403443
v -3.63507444 15.63728651 -3.18684301
v -2.20304957 15.94746660 -3.96895150
v -1.98008738 16.10612072 -3.88643437
v -2.26469066 16.13530481 -3.85284325
v -2.08200853 15.83175046 -3.70937816
v -1.93527897 16.06328354 -3.79034242
v -2.14603847 16.02187242 -3.59839280
v -2.40884796 16.35506339 -3.39388645
v -2.05627228 16.25700975 -3.67354994
v -2.26841617 16.21781522 -3.48026400
v -2.41880385 16.44053578 -3.42220281
v -2.05880619 16.15952130 -3.64652692
v -2.48365544 16.42657990 -3.55431160
v -2.08396540 16.28348458 -3.73293803
v -2.36975724 16.31469805 -3.69759063
v -2.44681384 16.46731353 -3.48227041
v -2.13213728 16.22962636 -3.80378594
v -2.20919387 16.38224185 -3.58846572
v -2.24221018 15.71812031 -4.05293171
v -2.08587202 15.48658723 -4.11329026
v -2.36838755 15.52799834 -4.07522194
v -2.06667939 15.81826270 -4.04397966
v -2.12116915 15.60240417 -3.79335837
v -2.04106360 15.44375005 -4.01719830
v -2.24973536 15.41456596 -3.82077150
v -1.97603718 15.73160807 -3.84959682
v -2.61917172 15.12329087 -3.84492720
v -2.22542012 15.26638618 -4.03628867
v -2.43620126 15.23517272 -3.84008029
v -2.65067714 15.08255724 -3.91945668
v -2.20211177 15.32024440 -3.95384671
v -2.69397919 15.19480738 -4.00535235
v -2.25311325 15.29286102 -4.09567676
v -2.53754233 15.33205554 -4.05740691
v -2.67868713 15.10933499 -3.97952428
v -2.27544285 15.39034947 -4.11110573
v -2.41658765 15.16762892 -4.03322310
v -1.88819411 15.97002899 -3.92191223
v -1.95481813 15.57984178 -4.06478790
v -1.93412600 15.91258426 -3.99492235
v -1.88880490 15.86925694 -3.89773093
v -1.97373469 15.68061383 -4.07986345
v -1.92841358 15.63728651 -3.98267203
v -2.98534901 13.33910052 -4.94504929
v -3.69291319 13.33910052 -4.61510669
v -2.74702298 13.11125905 -4.43395747
v -3.45458716 13.11125905 -4.10401487
v -3.20557666 12.80774063 -4.49366956
v -3.35287024 12.94855440 -4.80954168
v -3.08706593 13.50180516 -4.23952248
v -3.23435951 13.64261894 -4.55539460
v -3.75577771 13.43965752 -4.17906714
v -3.82902137 13.01070205 -4.33613867
v -2.61091480 13.43965752 -4.71292548
v -2.68415846 13.01070205 -4.86999701
v -3.36005261 13.35910164 -4.82494431
v -3.07988356 13.09125793 -4.22411984
v -2.93351885 12.91285428 -4.45315312
v -3.34941465 12.91285428 -4.25921773
v -3.16018038 13.12954439 -4.93923033
v -3.57607617 13.12954439 -4.74529494
v -3.28962694 12.81721889 -4.67391598
v -2.86386000 13.32081517 -4.30376922
v -3.27975579 13.32081517 -4.10983382
v -3.09052152 13.53750529 -4.78984643
v -3.50641732 13.53750529 -4.59591103
v -3.15030923 13.63314068 -4.37514817
v -3.81289924 13.41820756 -4.37471130
v -3.67281471 13.28428571 -4.07429907
v -3.45679115 13.51384295 -4.15394844
v -3.54336815 13.59661121 -4.33961342
v -3.85595078 13.16607386 -4.46703563
v -3.71586626 13.03215201 -4.16662340
v -3.56950155 12.85374836 -4.39565668
v -3.65607855 12.93651662 -4.58132165
v -3.89290162 13.22517978 -4.21073802
v -2.72406991 13.41820756 -4.88244076
v -2.58398539 13.28428571 -4.58202852
v -2.78385762 13.51384295 -4.46774250
v -2.87043462 13.59661121 -4.65340748
v -2.76712146 13.16607386 -4.97476509
v -2.62703693 13.03215201 -4.67435285
v -2.89656802 12.85374836 -4.70945074
v -2.98314502 12.93651662 -4.89511571
v -2.54703455 13.22517978 -4.83832614
v -3.17083055 13.35400436 -4.89925954
v -3.53861097 13.35400436 -4.72776072
v -2.90132520 13.09635521 -4.32130344
v -3.26910562 13.09635521 -4.14980461
v -2.82524719 13.00362388 -4.44035123
v -3.06359598 12.84585992 -4.47138861
v -2.99572602 12.99057366 -4.32906988
v -3.40920352 13.00362388 -4.16804793
v -3.27977188 12.84585992 -4.37058413
v -3.21437538 12.99057366 -4.22711201
v -3.13742690 12.89678131 -4.34752193
v -3.06694020 13.23468421 -4.95866357
v -3.25797180 13.03168466 -4.88822890
v -3.26218262 13.24530817 -4.90048791
v -3.65089653 13.23468421 -4.68636026
v -3.47414770 13.03168466 -4.78742442
v -3.48083198 13.24530817 -4.79853004
v -3.37575293 13.12462278 -4.85861376
v -3.24869520 12.79615019 -4.58613758
v -3.32525603 12.86934291 -4.75032279
v -2.78903964 13.21567536 -4.36270390
v -2.96578847 13.41867491 -4.26163974
v -2.95910419 13.20505140 -4.25053412
v -3.37299597 13.21567536 -4.09040059
v -3.18196438 13.41867491 -4.16083525
v -3.17775355 13.20505140 -4.14857624
v -3.06418324 13.32573678 -4.19045040
v -3.03073265 13.44673569 -4.88101623
v -3.16016429 13.60449965 -4.67848002
v -3.22556079 13.45978591 -4.82195214
v -3.61468898 13.44673569 -4.60871292
v -3.37634019 13.60449965 -4.57767554
v -3.44421015 13.45978591 -4.71999427
v -3.30250927 13.55357826 -4.70154222
v -3.11468015 13.58101666 -4.29874136
v -3.19124097 13.65420938 -4.46292658
v -3.77399333 13.38472666 -4.49373688
v -3.80666929 13.43699456 -4.26709058
v -3.68228571 13.49085973 -4.48329277
v -3.57730164 13.19668793 -4.07193020
v -3.73385562 13.36738414 -4.11094116
v -3.48947590 13.30653211 -4.06981080
v -3.27398449 13.51900763 -4.18376532
v -3.62157006 13.48670429 -4.15234161
v -3.37590560 13.42721749 -4.11168496
v -3.30785151 13.59141673 -4.25116897
v -3.58254890 13.40801281 -4.09300323
v -3.39554664 13.63522195 -4.44445619
v -3.66657138 13.52972589 -4.24884726
v -3.54058483 13.58465208 -4.46484072
v -3.35336773 13.63493058 -4.34877882
v -3.70171192 13.52193355 -4.34854914
v -3.51449482 13.57221205 -4.23248724
v -3.79637082 13.25367164 -4.54172557
v -3.86711765 13.08297542 -4.39672251
v -3.74154108 13.14382746 -4.61036631
v -3.86604633 13.29558667 -4.41553897
v -3.59967914 13.06563291 -4.11991889
v -3.79430398 13.01336501 -4.24057309
v -3.54873127 12.95949984 -4.19688434
v -3.71875274 13.15477290 -4.09966685
v -3.39416950 12.81513762 -4.44150289
v -3.71822597 12.92063368 -4.35962089
v -3.47178279 12.86570749 -4.31729426
v -3.44035053 12.81542899 -4.53531404
v -3.66443780 12.92842602 -4.26861454
v -3.51573164 12.93135194 -4.70219376
v -3.76322730 12.96365528 -4.45612654
v -3.63646203 13.02314208 -4.67045003
v -3.48586675 12.85894284 -4.63292389
v -3.78360082 13.04234675 -4.52416045
v -3.63300554 12.87814752 -4.48663432
v -3.84825323 13.33666184 -4.18185991
v -3.88632410 13.11369773 -4.26350316
v -3.88547254 13.32666049 -4.28079534
v -3.81182574 13.25625361 -4.12285928
v -3.90810607 13.19410596 -4.32933311
v -3.83445928 13.12369908 -4.17139705
v -2.84025703 13.38472666 -4.92914527
v -2.64563219 13.43699456 -4.80849107
v -2.89120490 13.49085973 -4.85217981
v -2.64356535 13.19668793 -4.50733858
v -2.57281852 13.36738414 -4.65234164
v -2.69839509 13.30653211 -4.43869784
v -2.92420453 13.51900763 -4.34687040
v -2.67670887 13.48670429 -4.59293762
v -2.80347414 13.42721749 -4.37861413
v -2.95406942 13.59141673 -4.41614027
v -2.65633535 13.40801281 -4.52490370
v -3.04576667 13.63522195 -4.60756126
v -2.72171020 13.52972589 -4.68944327
v -2.96815338 13.58465208 -4.73176989
v -2.99958564 13.63493058 -4.51375012
v -2.77549837 13.52193355 -4.78044961
v -2.80693063 13.57221205 -4.56242984
v -2.86263453 13.25367164 -4.97713396
v -2.70608056 13.08297542 -4.93812300
v -2.95046027 13.14382746 -4.97925335
v -2.72118343 13.29558667 -4.94939731
v -2.66594284 13.06563291 -4.55532727
v -2.63326688 13.01336501 -4.78197358
v -2.75765046 12.95949984 -4.56577138
v -2.57388984 13.15477290 -4.63352519
v -3.04438953 12.81513762 -4.60460797
v -2.77336479 12.92063368 -4.80021689
v -2.89935134 12.86570749 -4.58422343
v -3.08656844 12.81542899 -4.70028534
v -2.73822425 12.92842602 -4.70051501
v -3.16595168 12.93135194 -4.86529884
v -2.81836611 12.96365528 -4.89672254
v -3.06403057 13.02314208 -4.93737920
v -3.13208466 12.85894284 -4.79789519
v -2.85738727 13.04234675 -4.95606092
v -2.92544136 12.87814752 -4.81657692
v -2.55361207 13.33666184 -4.78556100
v -2.59168294 13.11369773 -4.86720424
v -2.60547689 13.32666049 -4.87766711
v -2.53183010 13.25625361 -4.71973105
v -2.62811043 13.19410596 -4.92620488
v -2.55446364 13.12369908 -4.76826882
v -3.07672017 13.34772410 -4.92599283
v -3.26588056 13.35782120 -4.86536063
v -3.61958285 13.34772410 -4.67285181
v -3.45154594 13.35782120 -4.77878344
v -2.82035332 13.10263547 -4.37621235
v -2.98839023 13.09253837 -4.27028071
v -3.36321600 13.10263547 -4.12307133
v -3.17405561 13.09253837 -4.18370352
v -2.78194711 13.05582222 -4.43631086
v -2.87609521 12.95566219 -4.44600134
v -2.85859411 13.04768495 -4.37893693
v -3.13376209 12.82295455 -4.48212361
v -2.99642005 12.87601873 -4.46166983
v -3.03553410 13.03861892 -4.27350429
v -2.96143952 12.94830518 -4.38944840
v -2.94571748 13.04158455 -4.32312439
v -2.90728496 12.99473923 -4.38326408
v -3.43394116 13.05582222 -4.13228104
v -3.38084727 12.95566219 -4.21063159
v -3.34072244 13.04768495 -4.15411679
v -3.24289346 12.82295455 -4.43123482
v -3.31550672 12.87601873 -4.31287727
v -3.17104876 12.84087003 -4.41962425
v -3.14622153 13.03861892 -4.22188990
v -3.28266694 12.94830518 -4.23965759
v -3.24196574 13.04158455 -4.18498156
v -3.10350348 12.98741499 -4.27477293
v -3.31273936 12.99473923 -4.19419758
v -3.03317312 12.90082444 -4.39878943
v -3.24371311 12.90082444 -4.30061302
v -3.09927563 12.86765987 -4.40826478
v -3.06451124 12.93988742 -4.33578848
v -3.20848178 12.86765987 -4.35734112
v -3.17530783 12.93988742 -4.28412318
v -3.02427355 13.28748810 -4.95598157
v -3.11253309 13.18169857 -4.95304400
v -3.11755565 13.29525413 -4.93428175
v -3.30624593 12.98785040 -4.85201640
v -3.20897094 13.07921898 -4.91748670
v -3.31225381 13.30316503 -4.86693162
v -3.21107197 13.18695568 -4.92478692
v -3.21647078 13.30042674 -4.90375671
v -3.16398822 13.24014947 -4.93376600
v -3.67626760 13.28748810 -4.65195175
v -3.61728515 13.18169857 -4.71767425
v -3.59968399 13.29525413 -4.70946162
v -3.41537730 12.98785040 -4.80112761
v -3.52805762 13.07921898 -4.76869414
v -3.36798156 13.02913926 -4.84194799
v -3.42294123 13.30316503 -4.81531722
v -3.53229939 13.18695568 -4.77499612
v -3.51271904 13.30042674 -4.76561388
v -3.37354758 13.24557917 -4.85388437
v -3.56944262 13.24014947 -4.74469951
v -3.26856496 13.12586081 -4.90358886
v -3.47910496 13.12586081 -4.80541245
v -3.31786475 13.07663271 -4.87703066
v -3.32030068 13.18442404 -4.88433070
v -3.42707090 13.07663271 -4.82610700
v -3.43109727 13.18442404 -4.83266540
v -3.22720512 12.79785975 -4.54005195
v -3.26963595 12.80264463 -4.63104516
v -3.34021281 12.90589595 -4.78239772
v -3.30828590 12.83959427 -4.71393025
v -2.76366858 13.16287146 -4.39711241
v -2.82265102 13.26866099 -4.33138990
v -2.84025218 13.15510544 -4.33960254
v -3.02455887 13.46250917 -4.24793655
v -2.91187855 13.37114059 -4.28037001
v -3.01699494 13.14719453 -4.23374693
v -2.90763678 13.26340389 -4.27406804
v -2.92721713 13.14993283 -4.28345027
v -2.87049355 13.21021010 -4.30436465
v -3.41566263 13.16287146 -4.09308259
v -3.32740308 13.26866099 -4.09602015
v -3.32238052 13.15510544 -4.11478241
v -3.13369024 13.46250917 -4.19704775
v -3.23096523 13.37114059 -4.13157745
v -3.07195461 13.42122030 -4.20711616
v -3.12768236 13.14719453 -4.18213254
v -3.22886420 13.26340389 -4.12427723
v -3.22346539 13.14993283 -4.14530744
v -3.06638859 13.20478039 -4.19517979
v -3.27594795 13.21021010 -4.11529816
v -2.96083121 13.32449876 -4.24365171
v -3.17137121 13.32449876 -4.14547529
v -3.01286527 13.37372686 -4.22295716
v -3.00883890 13.26593552 -4.21639875
v -3.12207142 13.37372686 -4.17203350
v -3.11963549 13.26593552 -4.16473345
v -3.00599501 13.39453735 -4.91678312
v -3.05908890 13.49469738 -4.83843257
v -3.09921373 13.40267462 -4.89494736
v -3.19704271 13.62740502 -4.61782934
v -3.12442945 13.57434084 -4.73618688
v -3.29371464 13.41174065 -4.82717426
v -3.15726923 13.50205438 -4.80940656
v -3.19797043 13.40877501 -4.86408260
v -3.12719681 13.45562034 -4.85486657
v -3.65798906 13.39453735 -4.61275330
v -3.56384096 13.49469738 -4.60306282
v -3.58134206 13.40267462 -4.67012723
v -3.30617408 13.62740502 -4.56694054
v -3.44351612 13.57434084 -4.58739432
v -3.26888741 13.60948953 -4.62943991
v -3.40440207 13.41174065 -4.77555986
v -3.47849665 13.50205438 -4.65961576
v -3.49421869 13.40877501 -4.72593976
v -3.33643269 13.46294457 -4.77429122
v -3.53265122 13.45562034 -4.66580008
v -3.19622306 13.54953513 -4.74845114
v -3.40676305 13.54953513 -4.65027473
v -3.23145439 13.58269970 -4.69172304
v -3.26462834 13.51047215 -4.76494098
v -3.34066054 13.58269970 -4.64079938
v -3.37542493 13.51047215 -4.71327568
v -3.09972336 13.54446362 -4.26666644
v -3.13165027 13.61076530 -4.33513391
v -3.21273105 13.65249982 -4.50901220
v -3.17030022 13.64771494 -4.41801899
v -3.73841015 13.36323354 -4.55471032
v -3.79898231 13.40316888 -4.43335231
v -3.70058144 13.41823784 -4.55157604
v -3.78664153 13.44038363 -4.22016881
v -3.81547800 13.42955512 -4.31893520
v -3.59901825 13.51778496 -4.53978975
v -3.75416938 13.45739257 -4.42781124
v -3.65292047 13.47131798 -4.54622497
v -3.73339666 13.43999272 -4.48814222
v -3.51880158 13.15328610 -4.08375824
v -3.62896868 13.24063458 -4.06875691
v -3.47850566 13.20593173 -4.07533299
v -3.74988324 13.40524243 -4.14134041
v -3.70800131 13.32680659 -4.08845069
v -3.38666820 13.31477673 -4.08440360
v -3.58564743 13.29628432 -4.06641475
v -3.43342155 13.26147537 -4.07550801
v -3.53663117 13.25188344 -4.06617728
v -3.18014445 13.51315981 -4.20862346
v -3.36679162 13.51923680 -4.16542340
v -3.22807976 13.47204659 -4.16766674
v -3.19399509 13.55428525 -4.23752686
v -3.69319850 13.46547843 -4.16224046
v -3.54226210 13.50292921 -4.14955988
v -3.68373439 13.42969970 -4.12647298
v -3.32917521 13.37587160 -4.10560166
v -3.41879628 13.47358855 -4.12793392
v -3.27954501 13.42499213 -4.13224335
v -3.43555479 13.36878254 -4.08490754
v -3.32603105 13.47567747 -4.14382699
v -3.22919395 13.61710394 -4.31052377
v -3.38434508 13.55671155 -4.19854527
v -3.21117580 13.58995169 -4.27237324
v -3.29165199 13.55862643 -4.21429049
v -3.63276401 13.34765716 -4.07815551
v -3.52340585 13.46386651 -4.11847662
v -3.66273588 13.38937977 -4.09760073
v -3.54026753 13.35905092 -4.07544091
v -3.60601229 13.44965704 -4.11851510
v -3.48271784 13.42020605 -4.09665988
v -3.31587001 13.64291445 -4.49968785
v -3.47186582 13.61968853 -4.39075575
v -3.38812679 13.62505276 -4.51088872
v -3.29435971 13.65023458 -4.45275949
v -3.71591637 13.48719688 -4.21095909
v -3.60868635 13.56643130 -4.29200714
v -3.74341680 13.48675654 -4.25446233
v -3.64964971 13.51193837 -4.19633310
v -3.52728465 13.56526571 -4.53044872
v -3.54599037 13.59518705 -4.40070252
v -3.46092979 13.59839734 -4.52122426
v -3.61670587 13.54196434 -4.47338730
v -3.47063236 13.61391741 -4.45392549
v -3.25223575 13.63913207 -4.35993706
v -3.45121497 13.62063966 -4.34194821
v -3.27284578 13.64890865 -4.40462494
v -3.33209927 13.61839749 -4.29695051
v -3.37605541 13.63931673 -4.39529420
v -3.76400356 13.47312315 -4.35959963
v -3.62755814 13.56343689 -4.34183194
v -3.75971724 13.48209468 -4.30557793
v -3.69835410 13.51018286 -4.41445865
v -3.68894362 13.52894000 -4.29636191
v -3.62654975 13.55771043 -4.40510841
v -3.48895465 13.54698951 -4.18908797
v -3.53278275 13.58888950 -4.28307762
v -3.57163323 13.53260599 -4.18897860
v -3.41374749 13.58661601 -4.23802186
v -3.59436667 13.55433933 -4.23773061
v -3.43681201 13.60866587 -4.28748388
v -3.74970690 13.29707346 -4.57893630
v -3.83201263 13.20972498 -4.50418607
v -3.73025930 13.24442784 -4.61522042
v -3.79261736 13.32043595 -4.51764176
v -3.85413283 13.04511714 -4.36490437
v -3.86772752 13.12355298 -4.43098466
v -3.66427883 13.13558284 -4.67974151
v -3.80596047 13.15407525 -4.53887759
v -3.70114571 13.18888420 -4.64964434
v -3.77463534 13.19847612 -4.57657886
v -3.84719499 13.35853899 -4.39351206
v -3.86898908 13.23090070 -4.44024964
v -3.82622749 13.34134612 -4.45391485
v -3.83753198 13.27514072 -4.47815743
v -3.53009834 13.08712603 -4.10798421
v -3.66199901 13.04719068 -4.13959067
v -3.50818352 13.03212173 -4.13897736
v -3.59333823 13.12992361 -4.09028629
v -3.81737455 13.00997594 -4.28607598
v -3.76025082 13.02080445 -4.20050014
v -3.45192878 12.93257460 -4.22435536
v -3.63743852 12.99296700 -4.17748110
v -3.48164679 12.97904158 -4.17892739
v -3.57786986 13.01036685 -4.15461392
v -3.70171483 13.21945887 -4.08152885
v -3.72350892 13.09182058 -4.12826644
v -3.65245555 13.17521885 -4.08125973
v -3.66376005 13.10901344 -4.10550231
v -3.30064443 12.80744511 -4.46703650
v -3.48436344 12.83067104 -4.41755698
v -3.33850984 12.82530681 -4.40448482
v -3.32276709 12.80012499 -4.51367932
v -3.77896834 12.96316269 -4.34617448
v -3.64795580 12.88392827 -4.37622076
v -3.76331986 12.96360303 -4.29714459
v -3.41297495 12.88509386 -4.28531078
v -3.52439011 12.85517252 -4.35438062
v -3.37738921 12.85196223 -4.34207093
v -3.51416539 12.90839523 -4.25348853
v -3.43517975 12.83644216 -4.37789714
v -3.36679644 12.81122750 -4.60561325
v -3.50847808 12.82971991 -4.46474933
v -3.34581141 12.80145091 -4.56110024
v -3.41930104 12.81104284 -4.48803476
v -3.69601293 12.97723642 -4.21379326
v -3.62191835 12.88692268 -4.32973736
v -3.73464077 12.96826489 -4.25180125
v -3.61178983 12.94017671 -4.22882097
v -3.69620824 12.92141956 -4.31194093
v -3.57279758 12.89264914 -4.28983651
v -3.43636999 12.93719976 -4.75810090
v -3.58943764 12.93112276 -4.64288933
v -3.49855687 12.97831298 -4.74770679
v -3.42313171 12.89607432 -4.72891195
v -3.80168621 12.98488114 -4.39489311
v -3.71438006 12.94743035 -4.51866803
v -3.82300228 13.02065986 -4.42513394
v -3.74757712 12.93842120 -4.40633909
v -3.61108439 13.07448797 -4.71015784
v -3.65158420 12.97677102 -4.62714923
v -3.55877399 13.02536743 -4.73105184
v -3.69531648 13.08157703 -4.64196829
v -3.57978106 12.97468209 -4.68799564
v -3.38983823 12.83325563 -4.65502654
v -3.57534797 12.89364802 -4.60815227
v -3.40748139 12.86040787 -4.69335193
v -3.46638222 12.83196208 -4.58492122
v -3.50370445 12.89173314 -4.66903846
v -3.82725248 13.10270241 -4.49523738
v -3.72607065 12.98649305 -4.55309268
v -3.83162213 13.06097980 -4.45977845
v -3.76987639 13.09130865 -4.56783871
v -3.77913957 13.00070253 -4.48978774
v -3.71662949 13.03015352 -4.59828504
v -3.60600632 12.86147007 -4.44010607
v -3.64983442 12.90337005 -4.53409573
v -3.68032953 12.89602024 -4.42207855
v -3.54094213 12.84169370 -4.51079164
v -3.70306296 12.91775358 -4.47083056
v -3.56400665 12.86374355 -4.56025366
v -3.80763421 13.38973299 -4.17714209
v -3.87685802 13.28145890 -4.19313040
v -3.83545272 13.38895466 -4.22052805
v -3.79856696 13.35369159 -4.14142628
v -3.86382876 13.06062657 -4.29765168
v -3.89607722 13.16890066 -4.23434609
v -3.88536033 13.09666798 -4.32755529
v -3.84847457 13.06140491 -4.24845352
v -3.85702917 13.37426957 -4.32530045
v -3.89752898 13.27655262 -4.24229183
v -3.85254807 13.38344808 -4.27135056
v -3.88458882 13.31228070 -4.34579263
v -3.87355514 13.33276274 -4.22829437
v -3.74883141 13.27083171 -4.09326962
v -3.86024657 13.24091036 -4.16233946
v -3.77856026 13.31271517 -4.11268318
v -3.77263129 13.20524847 -4.10569893
v -3.83635080 13.29719511 -4.14850940
v -3.89028109 13.17952786 -4.39660943
v -3.90898681 13.20944920 -4.26686323
v -3.89451877 13.13764439 -4.36135702
v -3.89605795 13.24511110 -4.37038826
v -3.90422134 13.15316446 -4.29405825
v -3.90590183 13.26085720 -4.30210937
v -3.78208334 13.07609000 -4.16457860
v -3.87170440 13.17380694 -4.18691086
v -3.82053096 13.06691149 -4.20268964
v -3.78410042 13.13807886 -4.13029457
v -3.86701700 13.11759683 -4.21427328
v -3.83126347 13.18950237 -4.14204691
v -2.90983783 13.36323354 -4.94107994
v -2.77793716 13.40316888 -4.90947348
v -2.93175265 13.41823784 -4.91008680
v -2.62256162 13.44038363 -4.76298818
v -2.67968535 13.42955512 -4.84856402
v -2.98800739 13.51778496 -4.82470879
v -2.80249765 13.45739257 -4.87158306
v -2.95828938 13.47131798 -4.87013676
v -2.86206631 13.43999272 -4.89445023
v -2.69022927 13.15328610 -4.47012786
v -2.60792354 13.24063458 -4.54487808
v -2.70967687 13.20593173 -4.43384374
v -2.58580334 13.40524243 -4.68415978
v -2.57220865 13.32680659 -4.61807950
v -2.77565734 13.31477673 -4.36932265
v -2.63397570 13.29628432 -4.51018657
v -2.73879046 13.26147537 -4.39941981
v -2.66530083 13.25188344 -4.47248529
v -3.00356618 13.51315981 -4.29096326
v -2.85049853 13.51923680 -4.40617482
v -2.94137930 13.47204659 -4.30135736
v -3.01680446 13.55428525 -4.32015221
v -2.63824996 13.46547843 -4.65417104
v -2.72555612 13.50292921 -4.53039613
v -2.61693389 13.42969970 -4.62393022
v -2.82885178 13.37587160 -4.33890631
v -2.78835197 13.47358855 -4.42191493
v -2.88116218 13.42499213 -4.31801232
v -2.74461969 13.36878254 -4.40709586
v -2.86015511 13.47567747 -4.36106851
v -3.05009794 13.61710394 -4.39403762
v -2.86458820 13.55671155 -4.44091188
v -3.03245478 13.58995169 -4.35571222
v -2.93623172 13.55862643 -4.38002569
v -2.61268369 13.34765716 -4.55382678
v -2.71386552 13.46386651 -4.49597147
v -2.60831404 13.38937977 -4.58928570
v -2.67005978 13.35905092 -4.48122545
v -2.66079660 13.44965704 -4.55927642
v -2.72330668 13.42020605 -4.45077912
v -3.13929174 13.64291445 -4.58202765
v -2.95557273 13.61968853 -4.63150717
v -3.10142633 13.62505276 -4.64457934
v -3.11716908 13.65023458 -4.53538483
v -2.66096783 13.48719688 -4.70288967
v -2.79198037 13.56643130 -4.67284340
v -2.67661631 13.48675654 -4.75191957
v -2.69235905 13.51193837 -4.64272506
v -3.02696122 13.56526571 -4.76375337
v -2.91554606 13.59518705 -4.69468353
v -3.06254696 13.59839734 -4.70699323
v -2.92577078 13.54196434 -4.79557562
v -3.00475642 13.61391741 -4.67116701
v -3.07313973 13.63913207 -4.44345090
v -2.93145809 13.62063966 -4.58431482
v -3.09412476 13.64890865 -4.48796392
v -2.97355395 13.61839749 -4.46414293
v -3.02063513 13.63931673 -4.56102940
v -2.74392324 13.47312315 -4.83527090
v -2.81801782 13.56343689 -4.71932679
v -2.70529541 13.48209468 -4.79726291
v -2.82814635 13.51018286 -4.82024319
v -2.74372793 13.52894000 -4.73712322
v -2.86713859 13.55771043 -4.75922765
v -2.79010176 13.54698951 -4.51496843
v -2.83392985 13.58888950 -4.60895808
v -2.73687321 13.53260599 -4.57823359
v -2.87592952 13.58661601 -4.48881050
v -2.75960664 13.55433933 -4.62698560
v -2.89899404 13.60866587 -4.53827252
v -2.92113459 13.29707346 -4.96530591
v -2.81096749 13.20972498 -4.98030724
v -2.96143051 13.24442784 -4.97373117
v -2.84659794 13.32043595 -4.95877786
v -2.69005293 13.04511714 -4.90772375
v -2.73193486 13.12355298 -4.96061347
v -3.05326797 13.13558284 -4.96466055
v -2.85428874 13.15407525 -4.98264940
v -3.00651462 13.18888420 -4.97355614
v -2.90330500 13.19847612 -4.98288688
v -2.71642725 13.35853899 -4.92079772
v -2.73822134 13.23090070 -4.96753530
v -2.77617612 13.34134612 -4.94356185
v -2.78748062 13.27514072 -4.96780442
v -2.70152602 13.08712603 -4.49435383
v -2.64095386 13.04719068 -4.61571184
v -2.73935473 13.03212173 -4.49748811
v -2.64731881 13.12992361 -4.53142239
v -2.65329464 13.00997594 -4.82889535
v -2.62445817 13.02080445 -4.73012895
v -2.84091792 12.93257460 -4.50927441
v -2.68576679 12.99296700 -4.62125291
v -2.78701570 12.97904158 -4.50283919
v -2.70653951 13.01036685 -4.56092193
v -2.57094709 13.21945887 -4.60881451
v -2.59274118 13.09182058 -4.65555209
v -2.60240419 13.17521885 -4.57090673
v -2.61370868 13.10901344 -4.59514930
v -3.12406616 12.80744511 -4.54937630
v -2.96807035 12.83067104 -4.65830840
v -3.05180938 12.82530681 -4.53817544
v -3.14557646 12.80012499 -4.59630467
v -2.72401980 12.96316269 -4.83810506
v -2.83124982 12.88392827 -4.75705701
v -2.69651937 12.96360303 -4.79460182
v -2.91265152 12.88509386 -4.51861543
v -2.89394580 12.85517252 -4.64836163
v -2.97900638 12.85196223 -4.52783989
v -2.82323030 12.90839523 -4.57567686
v -2.96930381 12.83644216 -4.59513866
v -3.18770042 12.81122750 -4.68912710
v -2.98872120 12.82971991 -4.70711595
v -3.16709039 12.80145091 -4.64443922
v -3.06388076 12.81104284 -4.65376995
v -2.67593261 12.97723642 -4.68946452
v -2.81237803 12.88692268 -4.70723222
v -2.68021893 12.96826489 -4.74348623
v -2.74158207 12.94017671 -4.63460551
v -2.75099255 12.92141956 -4.75270225
v -2.81338642 12.89264914 -4.64395575
v -3.25979172 12.93719976 -4.84044070
v -3.07314455 12.93112276 -4.88364075
v -3.21185641 12.97831298 -4.88139741
v -3.24594109 12.89607432 -4.81153729
v -2.74673767 12.98488114 -4.88682369
v -2.89767407 12.94743035 -4.89950428
v -2.75620179 13.02065986 -4.92259118
v -2.79028646 12.93842120 -4.85273106
v -3.11076096 13.07448797 -4.94346249
v -3.02113989 12.97677102 -4.92113024
v -3.16039116 13.02536743 -4.91682080
v -3.00438138 13.08157703 -4.96415662
v -3.11390512 12.97468209 -4.90523716
v -3.21074222 12.83325563 -4.73854038
v -3.05559109 12.89364802 -4.85051889
v -3.22876037 12.86040787 -4.77669092
v -3.10783690 12.83196208 -4.75211365
v -3.14828418 12.89173314 -4.83477366
v -2.80717216 13.10270241 -4.97090864
v -2.91653032 12.98649305 -4.93058753
v -2.77720029 13.06097980 -4.95146343
v -2.89966864 13.09130865 -4.97362324
v -2.83392388 13.00070253 -4.93054905
v -2.95721833 13.03015352 -4.95240428
v -2.90715342 12.86147007 -4.76598653
v -2.95098152 12.90337005 -4.85997619
v -2.84556950 12.89602024 -4.81133354
v -3.00312416 12.84169370 -4.76158027
v -2.86830294 12.91775358 -4.86008555
v -3.02618868 12.86374355 -4.81104230
v -2.57610741 13.38973299 -4.75141247
v -2.54385895 13.28145890 -4.81471807
v -2.59146160 13.38895466 -4.80061064
v -2.55457584 13.35369159 -4.72150887
v -2.63230196 13.06062657 -4.87192206
v -2.56307815 13.16890066 -4.85593376
v -2.64136922 13.09666798 -4.90763787
v -2.60448345 13.06140491 -4.82853610
v -2.65785283 13.37426957 -4.88448556
v -2.56823177 13.27655262 -4.86215330
v -2.61940521 13.38344808 -4.84637452
v -2.65583575 13.31228070 -4.91876959
v -2.57291917 13.33276274 -4.83479088
v -2.54965508 13.27083171 -4.65245472
v -2.53094936 13.24091036 -4.78220092
v -2.54541740 13.31271517 -4.68770714
v -2.54387822 13.20524847 -4.67867589
v -2.53571483 13.29719511 -4.75500591
v -2.69110476 13.17952786 -4.95579454
v -2.57968960 13.20944920 -4.88672470
v -2.66137591 13.13764439 -4.93638097
v -2.66730488 13.24511110 -4.94336523
v -2.60358537 13.15316446 -4.90055476
v -2.60867270 13.26085720 -4.90701725
v -2.58290700 13.07609000 -4.72376371
v -2.54240720 13.17380694 -4.80677232
v -2.58738810 13.06691149 -4.77771359
v -2.55534735 13.13807886 -4.70327153
v -2.56638103 13.11759683 -4.82076979
v -2.53403434 13.18950237 -4.74695478
v -2.34666468 17.96880171 -2.86468503
v -3.01159015 14.07462952 -4.29062229
v -2.45638123 18.07369155 -3.09997293
v -3.12130670 14.17951936 -4.52591020
v -2.50980008 17.96880171 -2.78861374
v -3.17472555 14.07462952 -4.21455101
v -2.61951664 18.07369155 -3.02390165
v -3.28444210 14.17951936 -4.44983891
v -2.82886374 17.83927664 -2.72791930
v -2.96513536 17.83927664 -2.66437480
v -2.77753197 17.79020309 -2.61783798
v -2.91380360 17.79020309 -2.55429348
v -2.88509896 17.62605917 -2.67062616
v -2.91682373 17.65638829 -2.73866016
v -2.82584360 17.97309144 -2.54355263
v -2.85756837 18.00342056 -2.61158662
v -2.96326881 17.92197873 -2.55042993
v -2.99989064 17.70750100 -2.62896569
v -2.74277669 17.92197873 -2.65324709
v -2.77939852 17.70750100 -2.73178286
v -2.90150572 17.84358457 -2.70581057
v -2.84116161 17.78589516 -2.57640222
v -2.82428945 17.68941378 -2.64478085
v -2.90438790 17.68941378 -2.60743033
v -2.87310886 17.73608550 -2.74947440
v -2.95320731 17.73608550 -2.71212388
v -2.90616309 17.61075942 -2.71579834
v -2.78946002 17.89339423 -2.57008890
v -2.86955847 17.89339423 -2.53273838
v -2.83827943 17.94006595 -2.67478245
v -2.91837788 17.94006595 -2.63743193
v -2.83650424 18.01872031 -2.56641444
v -2.98050704 17.89219564 -2.60148493
v -2.95033499 17.86335093 -2.53678076
v -2.89863340 17.97085001 -2.53046744
v -2.91728075 17.98867702 -2.57045682
v -3.00203281 17.76612879 -2.64764710
v -2.97186076 17.73728408 -2.58294292
v -2.95498860 17.64080271 -2.65132156
v -2.97363595 17.65862972 -2.69131093
v -3.00093568 17.81473986 -2.58067198
v -2.77080657 17.89219564 -2.69926986
v -2.74063452 17.86335093 -2.63456569
v -2.76903138 17.97085001 -2.59090185
v -2.78767874 17.98867702 -2.63089123
v -2.79233235 17.76612879 -2.74543203
v -2.76216029 17.73728408 -2.68072785
v -2.82538658 17.64080271 -2.71175597
v -2.84403394 17.65862972 -2.75174535
v -2.74173165 17.81473986 -2.70154080
v -2.09179335 17.06044220 -3.41882028
v -2.22806497 17.06044220 -3.35527578
v -2.04046159 17.01136865 -3.30873897
v -2.17673321 17.01136865 -3.24519447
v -2.14802858 16.84722473 -3.36152715
v -2.17975335 16.87755385 -3.42956114
v -2.08877322 17.19425700 -3.23445361
v -2.12049799 17.22458612 -3.30248760
v -2.22619843 17.14314429 -3.24133091
v -2.26282026 16.92866656 -3.31986668
v -2.00570631 17.14314429 -3.34414807
v -2.04232814 16.92866656 -3.42268384
v -2.16443534 17.06475013 -3.39671155
v -2.10409123 17.00706072 -3.26730320
v -2.08721907 16.91057934 -3.33568184
v -2.16731752 16.91057934 -3.29833132
v -2.13603848 16.95725106 -3.44037539
v -2.21613693 16.95725106 -3.40302487
v -2.16909271 16.83192498 -3.40669933
v -2.05238964 17.11455979 -3.26098988
v -2.13248809 17.11455979 -3.22363936
v -2.10120905 17.16123151 -3.36568344
v -2.18130750 17.16123151 -3.32833292
v -2.09943385 17.23988587 -3.25731542
v -2.24343666 17.11336120 -3.29238592
v -2.21326460 17.08451650 -3.22768174
v -2.16156301 17.19201557 -3.22136842
v -2.18021037 17.20984258 -3.26135780
v -2.26496243 16.98729435 -3.33854808
v -2.23479037 16.95844965 -3.27384391
v -2.21791821 16.86196827 -3.34222254
v -2.23656557 16.87979528 -3.38221192
v -2.26386530 17.03590543 -3.27157297
v -2.03373619 17.11336120 -3.39017085
v -2.00356414 17.08451650 -3.32546667
v -2.03196100 17.19201557 -3.28180283
v -2.05060835 17.20984258 -3.32179221
v -2.05526196 16.98729435 -3.43633301
v -2.02508991 16.95844965 -3.37162884
v -2.08831620 16.86196827 -3.40265695
v -2.10696355 16.87979528 -3.44264633
v -2.00466127 17.03590543 -3.39244179
v -3.09483392 16.28160776 -3.29829421
v -3.23110554 16.28160776 -3.23474971
v -3.04350216 16.23253421 -3.18821289
v -3.17977378 16.23253421 -3.12466839
v -3.15106915 16.06839029 -3.24100107
v -3.18279392 16.09871942 -3.30903507
v -3.09181378 16.41542256 -3.11392753
v -3.12353856 16.44575168 -3.18196153
v -3.22923900 16.36430986 -3.12080483
v -3.26586082 16.14983212 -3.19934060
v -3.00874688 16.36430986 -3.22362200
v -3.04536871 16.14983212 -3.30215776
v -3.16747590 16.28591570 -3.27618547
v -3.10713180 16.22822628 -3.14677712
v -3.09025964 16.13174491 -3.21515576
v -3.17035809 16.13174491 -3.17780524
v -3.13907905 16.17841662 -3.31984931
v -3.21917749 16.17841662 -3.28249879
v -3.17213328 16.05309054 -3.28617325
v -3.05543021 16.33572535 -3.14046381
v -3.13552866 16.33572535 -3.10311329
v -3.10424962 16.38239707 -3.24515736
v -3.18434807 16.38239707 -3.20780684
v -3.10247442 16.46105144 -3.13678935
v -3.24647722 16.33452677 -3.17185984
v -3.21630517 16.30568206 -3.10715566
v -3.16460358 16.41318113 -3.10084234
v -3.18325094 16.43100814 -3.14083172
v -3.26800300 16.20845992 -3.21802200
v -3.23783094 16.17961521 -3.15331783
v -3.22095878 16.08313383 -3.22169646
v -3.23960614 16.10096084 -3.26168584
v -3.26690587 16.25707099 -3.15104689
v -3.03677676 16.33452677 -3.26964477
v -3.00660471 16.30568206 -3.20494059
v -3.03500157 16.41318113 -3.16127676
v -3.05364892 16.43100814 -3.20126614
v -3.05830253 16.20845992 -3.31580693
v -3.02813048 16.17961521 -3.25110276
v -3.09135677 16.08313383 -3.28213087
v -3.11000412 16.10096084 -3.32212025
v -3.00770184 16.25707099 -3.27191571
v -2.35776354 15.50277332 -3.98919519
v -2.49403516 15.50277332 -3.92565069
v -2.30643178 15.45369978 -3.87911388
v -2.44270340 15.45369978 -3.81556937
v -2.41399877 15.28955586 -3.93190205
v -2.44572354 15.31988498 -3.99993605
v -2.35474340 15.63658812 -3.80482852
v -2.38646817 15.66691724 -3.87286251
v -2.49216861 15.58547542 -3.81170582
v -2.52879044 15.37099768 -3.89024158
v -2.27167650 15.58547542 -3.91452298
v -2.30829833 15.37099768 -3.99305875
v -2.43040552 15.50708126 -3.96708646
v -2.37006142 15.44939184 -3.83767811
v -2.35318926 15.35291047 -3.90605674
v -2.43328771 15.35291047 -3.86870622
v -2.40200866 15.39958219 -4.01075030
v -2.48210711 15.39958219 -3.97339977
v -2.43506290 15.27425610 -3.97707423
v -2.31835983 15.55689092 -3.83136479
v -2.39845828 15.55689092 -3.79401427
v -2.36717923 15.60356263 -3.93605834
v -2.44727768 15.60356263 -3.89870782
v -2.36540404 15.68221700 -3.82769033
v -2.50940684 15.55569233 -3.86276082
v -2.47923479 15.52684762 -3.79805665
v -2.42753320 15.63434669 -3.79174333
v -2.44618055 15.65217370 -3.83173271
v -2.53093261 15.42962548 -3.90892299
v -2.50076056 15.40078077 -3.84421881
v -2.48388840 15.30429940 -3.91259745
v -2.50253575 15.32212641 -3.95258682
v -2.52983548 15.47823655 -3.84194787
v -2.29970638 15.55569233 -3.96054575
v -2.26953433 15.52684762 -3.89584158
v -2.29793119 15.63434669 -3.85217774
v -2.31657854 15.65217370 -3.89216712
v -2.32123215 15.42962548 -4.00670792
v -2.29106010 15.40078077 -3.94200374
v -2.35428639 15.30429940 -3.97303186
v -2.37293374 15.32212641 -4.01302124
v -2.27063146 15.47823655 -3.96281669
v -3.36080411 14.72393889 -3.86866911
v -3.49707573 14.72393889 -3.80512461
v -3.30947235 14.67486534 -3.75858780
v -3.44574397 14.67486534 -3.69504330
v -3.41703933 14.51072142 -3.81137598
v -3.44876411 14.54105054 -3.87940997
v -3.35778397 14.85775369 -3.68430244
v -3.38950874 14.88808281 -3.75233643
v -3.49520918 14.80664098 -3.69117974
v -3.53183101 14.59216324 -3.76971551
v -3.27471707 14.80664098 -3.79399690
v -3.31133890 14.59216324 -3.87253267
v -3.43344609 14.72824682 -3.84656038
v -3.37310199 14.67055740 -3.71715203
v -3.35622983 14.57407603 -3.78553066
v -3.43632828 14.57407603 -3.74818014
v -3.40504923 14.62074775 -3.89022422
v -3.48514768 14.62074775 -3.85287370
v -3.43810347 14.49542166 -3.85654816
v -3.32140040 14.77805648 -3.71083871
v -3.40149885 14.77805648 -3.67348819
v -3.37021980 14.82472820 -3.81553227
v -3.45031825 14.82472820 -3.77818174
v -3.36844461 14.90338256 -3.70716425
v -3.51244741 14.77685789 -3.74223474
v -3.48227536 14.74801318 -3.67753057
v -3.43057377 14.85551226 -3.67121725
v -3.44922112 14.87333927 -3.71120663
v -3.53397318 14.65079104 -3.78839691
v -3.50380113 14.62194633 -3.72369273
v -3.48692897 14.52546496 -3.79207137
v -3.50557632 14.54329197 -3.83206075
v -3.53287605 14.69940211 -3.72142179
v -3.30274695 14.77685789 -3.84001967
v -3.27257490 14.74801318 -3.77531550
v -3.30097176 14.85551226 -3.73165166
v -3.31961911 14.87333927 -3.77164104
v -3.32427272 14.65079104 -3.88618184
v -3.29410067 14.62194633 -3.82147767
v -3.35732696 14.52546496 -3.85250578
v -3.37597431 14.54329197 -3.89249516
v -3.27367203 14.69940211 -3.84229062
v -2.62373373 13.94510445 -4.55957010
v -2.76000535 13.94510445 -4.49602560
v -2.57240197 13.89603090 -4.44948878
v -2.70867359 13.89603090 -4.38594428
v -2.67996895 13.73188698 -4.50227696
v -2.71169373 13.76221610 -4.57031096
v -2.62071359 14.07891925 -4.37520342
v -2.65243836 14.10924837 -4.44323742
v -2.75813880 14.02780654 -4.38208073
v -2.79476063 13.81332881 -4.46061649
v -2.53764668 14.02780654 -4.48489789
v -2.57426851 13.81332881 -4.56343365
v -2.69637571 13.94941238 -4.53746136
v -2.63603161 13.89172297 -4.40805301
v -2.61915944 13.79524159 -4.47643165
v -2.69925789 13.79524159 -4.43908113
v -2.66797885 13.84191331 -4.58112520
v -2.74807730 13.84191331 -4.54377468
v -2.70103309 13.71658723 -4.54744914
v -2.58433002 13.99922204 -4.40173970
v -2.66442846 13.99922204 -4.36438918
v -2.63314942 14.04589376 -4.50643325
v -2.71324787 14.04589376 -4.46908273
v -2.63137423 14.12454812 -4.39806524
v -2.77537703 13.99802345 -4.43313573
v -2.74520498 13.96917875 -4.36843155
v -2.69350339 14.07667782 -4.36211824
v -2.71215074 14.09450483 -4.40210761
v -2.79690280 13.87195660 -4.47929789
v -2.76673075 13.84311190 -4.41459372
v -2.74985859 13.74663052 -4.48297235
v -2.76850594 13.76445753 -4.52296173
v -2.79580567 13.92056767 -4.41232278
v -2.56567657 13.99802345 -4.53092066
v -2.53550451 13.96917875 -4.46621649
v -2.56390137 14.07667782 -4.42255265
v -2.58254873 14.09450483 -4.46254203
v -2.58720234 13.87195660 -4.57708282
v -2.55703029 13.84311190 -4.51237865
v -2.62025657 13.74663052 -4.54340676
v -2.63890393 13.76445753 -4.58339614
v -2.53660164 13.92056767 -4.53319160
v 1.78578663 21.51776286 -1.44892002
v 0.66718481 21.47334261 -1.99033488
v -0.41710802 21.34084192 -2.55501689
v -1.44853929 21.12252791 -3.13330418
v -2.40946094 20.82213599 -3.71530211
v -3.28343133 20.44480596 -4.29105251
v -4.05549658 19.99699402 -4.85070415
v -4.71244644 19.48636237 -5.38468123
v -5.24304033 18.92164806 -5.88384726
v -5.63819962 18.31251351 -6.33966136
v -5.89116303 17.66938117 -6.74432443
v -5.99760230 17.00325523 -7.09091257
v -5.95569621 16.32553327 -7.37349556
v -5.88920367 15.93611605 -7.51608929
v -5.69966925 15.25839410 -7.72983206
v -5.36574949 14.59226815 -7.87107741
v -4.89315784 13.94913581 -7.93740860
v -4.28998049 13.34000126 -7.92769067
v -3.56653796 12.77528695 -7.84208991
v -2.73520855 12.26465530 -7.68207097
v -1.81021654 11.81684337 -7.45037182
v -0.80738881 11.43951333 -7.15095689
v 0.25611600 11.13912141 -6.78894925
v 1.36210101 10.92080740 -6.37054296
v 2.49164252 10.78830671 -5.90289707
v 3.62541375 10.74388647 -5.39401312
v 0.88680543 21.53905880 -2.06739212
v 0.01837547 21.47114988 -2.70781291
v -0.80464419 21.31519802 -3.35922459
v -1.56817145 21.07387163 -4.01048135
v -2.25914214 20.75129984 -4.65043999
v -2.86573357 20.35300196 -5.26815064
v -3.37756679 19.88579298 -5.85304411
v -3.78588418 19.35766697 -6.39511271
v -4.08369933 18.77766030 -6.88508148
v -4.26591654 18.15569707 -7.31456694
v -4.32941802 17.50241922 -7.67622046
v -4.27311723 16.82900453 -7.96385405
v -4.20662468 16.43958731 -8.10644777
v -4.03148496 15.75755809 -8.31513995
v -3.74050299 15.07858404 -8.44131992
v -3.33865756 14.41428261 -8.48282872
v -2.83282435 13.77602016 -8.43895612
v -2.23165830 13.17471756 -8.31045279
v -1.54544554 12.62066325 -8.09951746
v -0.78592736 12.12333725 -7.80975930
v 0.03390068 11.69124896 -7.44613613
v 0.90001110 11.33179152 -7.01486967
v 1.79758450 11.05111535 -6.52333898
v 2.71126315 10.85402290 -5.97995432
v 1.34933966 21.58716639 -1.98308858
v 0.93552984 21.56654192 -2.54064829
v 0.55143755 21.45624233 -3.11205912
v 0.20363473 21.25815490 -3.68754410
v -0.10192761 20.97566894 -4.25725650
v -0.36002124 20.61361787 -4.81144840
v -0.56623008 20.17819648 -5.34063742
v -0.71702585 19.67685496 -5.83576898
v -0.80982840 19.11817139 -6.28837125
v -0.84304983 18.51170501 -6.69070007
v -0.81612174 17.86783263 -7.03587150
v -0.72950486 17.19757108 -7.31797954
v -0.66301232 16.80815386 -7.46057327
v -0.51818869 16.12297150 -7.67479099
v -0.31763629 15.43459199 -7.81745306
v -0.06478662 14.75479369 -7.88611849
v 0.23603399 14.09520815 -7.87961239
v 0.57967841 13.46712106 -7.79804610
v 0.96026679 12.88127915 -7.64281522
v 1.37128717 12.34770635 -7.41657581
v 1.80570687 11.87553223 -7.12319888
v 2.25609284 11.47283583 -6.76770419
v 2.71473887 11.14650739 -6.35617436
v 3.17379738 10.90213048 -5.89565078
v 1.93085182 21.60477499 -1.76001333
v 2.08860432 21.60145783 -2.09831465
v 2.25634493 21.50786813 -2.45803555
v 2.43120357 21.32560726 -2.83302113
v 2.61018837 21.05779373 -3.21685525
v 2.79023683 20.70900991 -3.60297043
v 2.96826828 20.28522359 -3.98476011
v 3.14123656 19.79368587 -4.35569177
v 3.30618212 19.24280710 -4.70941868
v 3.46028271 18.64201296 -5.03988846
v 3.60090162 18.00158322 -5.34144668
v 3.72563282 17.33247579 -5.60893360
v 3.79212537 16.94305858 -5.75152732
v 3.89883467 16.25672209 -5.98036617
v 3.98569626 15.56489994 -6.16664144
v 4.05122390 14.87942940 -6.30716592
v 4.09429639 14.21203906 -6.39953519
v 4.11417677 13.57414816 -6.44216879
v 4.11052486 12.97667119 -6.43433724
v 4.08340315 12.42983114 -6.37617456
v 4.03327571 11.94298459 -6.26867591
v 3.96100022 11.52446163 -6.11368062
v 3.86781335 11.18142330 -5.91384072
v 3.75530953 10.91973908 -5.67257552
v 2.47552619 21.58716639 -1.45793918
v 3.16863353 21.56654192 -1.49933493
v 3.85324939 21.45624233 -1.57239898
v 4.51765980 21.25815490 -1.67588117
v 5.15049651 20.97566894 -1.80801091
v 5.74093152 20.61361787 -1.96652741
v 6.27886231 20.17819648 -2.14871841
v 6.75508475 19.67685496 -2.35146658
v 7.16145053 19.11817139 -2.57130284
v 7.49100662 18.51170501 -2.80446573
v 7.73811423 17.86783263 -3.04696576
v 7.89854527 17.19757108 -3.29465369
v 7.96503782 16.80815386 -3.43724742
v 8.03604728 16.12297150 -3.68588525
v 8.01642016 15.43459199 -3.93121871
v 7.90649230 14.75479369 -4.16905008
v 7.70814459 14.09520815 -4.39531000
v 7.42477080 13.46712106 -4.60612709
v 7.06121955 12.88127915 -4.79789423
v 6.62371130 12.34770635 -4.96733022
v 6.11973194 11.87553223 -5.11153595
v 5.55790468 11.47283583 -5.22804405
v 4.94784256 11.14650739 -5.31486101
v 4.29998391 10.90213048 -5.37050137
v 2.83741772 21.53905880 -1.15780668
v 3.88622453 21.47114988 -0.90420527
v 4.91426167 21.31519802 -0.69245499
v 5.90393915 21.07387163 -0.52617895
v 6.83832331 20.75129984 -0.40822218
v 7.70142658 20.35300196 -0.34060294
v 8.47848102 19.88579298 -0.32447823
v 9.15619102 19.35766697 -0.36012393
v 9.72296076 18.77766030 -0.44693015
v 10.16909267 18.15569707 -0.58341160
v 10.48695330 17.50241922 -0.76723305
v 10.67110397 16.82900453 -0.99524926
v 10.73759652 16.43958731 -1.13784298
v 10.78488635 15.75755809 -1.40615254
v 10.69450622 15.07858404 -1.71016458
v 10.46800254 14.41428261 -2.04467739
v 10.10925085 13.77602016 -2.40396734
v 9.62438951 13.17471756 -2.78188691
v 9.02171461 12.62066325 -3.17196976
v 8.31153810 12.12333725 -3.56754149
v 7.50601128 11.69124896 -3.96183374
v 6.61891696 11.33179152 -4.34810007
v 5.66543356 11.05111535 -4.71973135
v 4.66187543 10.85402290 -5.07036887
v 2.91955787 21.47334261 -0.94003607
v 4.04909937 21.34084192 -0.47239018
v 5.15508439 21.12252791 -0.05398389
v 6.21858919 20.82213599 0.30802375
v 7.22141693 20.44480596 0.60743868
v 8.14640893 19.99699402 0.83913783
v 8.97773834 19.48636237 0.99915677
v 9.70118087 18.92164806 1.08475753
v 10.30435823 18.31251351 1.09447546
v 10.77694987 17.66938117 1.02814427
v 11.11086963 17.00325523 0.88689892
v 11.30040405 16.32553327 0.67315614
v 11.36689660 15.93611605 0.53056242
v 11.40880269 15.25839410 0.24797943
v 11.30236342 14.59226815 -0.09860871
v 11.04940000 13.94913581 -0.50327178
v 10.65424071 13.34000126 -0.95908588
v 10.12364683 12.77528695 -1.45825191
v 9.46669696 12.26465530 -1.99222899
v 8.69463171 11.81684337 -2.55188063
v 7.82066133 11.43951333 -3.12763104
v 6.85973968 11.13912141 -3.70962896
v 5.82830840 10.92080740 -4.28791625
v 4.74401558 10.78830671 -4.85259826
v 2.69993724 21.40762643 -0.86297883
v 3.61361589 21.21053397 -0.31959416
v 4.51118929 20.92985780 0.17193652
v 5.37729970 20.57040036 0.60320299
v 6.19712774 20.13831207 0.96682615
v 6.95664593 19.64098608 1.25658432
v 7.64285869 19.08693177 1.46751965
v 8.24402473 18.48562916 1.59602298
v 8.74985794 17.84736672 1.63989558
v 9.15170338 17.18306528 1.59838678
v 9.44268535 16.50409123 1.47220681
v 9.61782507 15.82206201 1.26351463
v 9.68431762 15.43264479 1.12092091
v 9.74061840 14.75923010 0.83328732
v 9.67711692 14.10595225 0.47163380
v 9.49489972 13.48398902 0.04214834
v 9.19708457 12.90398236 -0.44782043
v 8.78876717 12.37585634 -0.98988903
v 8.27693396 11.90864736 -1.57478250
v 7.67034253 11.51034948 -2.19249315
v 6.97937183 11.18777770 -2.83245179
v 6.21584458 10.94645130 -3.48370855
v 5.39282492 10.79049945 -4.13512023
v 4.52439495 10.72259052 -4.77554102
v 2.23740301 21.35951884 -0.94728237
v 2.69646152 21.11514193 -0.48675878
v 3.15510754 20.78881349 -0.07522895
v 3.60549351 20.38611709 0.28026574
v 4.03991321 19.91394298 0.57364267
v 4.45093359 19.38037018 0.79988208
v 4.83152198 18.79452827 0.95511296
v 5.17516640 18.16644117 1.03667925
v 5.47598701 17.50685563 1.04318535
v 5.72883667 16.82705734 0.97451992
v 5.92938907 16.13867783 0.83185785
v 6.07421270 15.45349547 0.61764013
v 6.14070525 15.06407825 0.47504640
v 6.22732213 14.39381669 0.19293836
v 6.25425022 13.74994431 -0.15223307
v 6.22102878 13.14347793 -0.55456189
v 6.12822623 12.58479437 -1.00716416
v 5.97743046 12.08345284 -1.50229572
v 5.77122162 11.64803146 -2.03148474
v 5.51312800 11.28598039 -2.58567664
v 5.20756565 11.00349443 -3.15538904
v 4.85976283 10.80540699 -3.73087402
v 4.47567055 10.69510741 -4.30228486
v 4.06186072 10.67448294 -4.85984456
v 1.65589085 21.34191024 -1.17035763
v 1.54338704 21.08022602 -0.92909242
v 1.45020016 20.73718769 -0.72925252
v 1.37792467 20.31866473 -0.57425723
v 1.32779723 19.83181819 -0.46675858
v 1.30067552 19.28497813 -0.40859590
v 1.29702362 18.68750116 -0.40076435
v 1.31690399 18.04961026 -0.44339795
v 1.35997649 17.38221992 -0.53576722
v 1.42550413 16.69674939 -0.67629170
v 1.51236571 16.00492724 -0.86256697
v 1.61907502 15.31859075 -1.09140582
v 1.68556757 14.92917353 -1.23399954
v 1.81029876 14.26006611 -1.50148646
v 1.95091767 13.61963636 -1.80304469
v 2.10501826 13.01884223 -2.13351446
v 2.26996383 12.46796345 -2.48724137
v 2.44293210 11.97642574 -2.85817303
v 2.62096355 11.55263942 -3.23996272
v 2.80101202 11.20385560 -3.62607789
v 2.97999681 10.93604207 -4.00991202
v 3.15485545 10.75378119 -4.38489759
v 3.32259607 10.66019150 -4.74461850
v 3.48034856 10.65687434 -5.08291982
v 1.11121648 21.35951884 -1.47243177
v 0.46335782 21.11514193 -1.52807213
v -0.14670430 20.78881349 -1.61488909
v -0.70853155 20.38611709 -1.73139719
v -1.21251092 19.91394298 -1.87560293
v -1.65001917 19.38037018 -2.04503891
v -2.01357042 18.79452827 -2.23680605
v -2.29694420 18.16644117 -2.44762314
v -2.49529192 17.50685563 -2.67388306
v -2.60521978 16.82705734 -2.91171443
v -2.62484689 16.13867783 -3.15704789
v -2.55383743 15.45349547 -3.40568572
v -2.48734489 15.06407825 -3.54827945
v -2.32691384 14.39381669 -3.79596738
v -2.07980623 13.74994431 -4.03846742
v -1.75025014 13.14347793 -4.27163030
v -1.34388437 12.58479437 -4.49146656
v -0.86766193 12.08345284 -4.69421473
v -0.32973114 11.64803146 -4.87640573
v 0.26070387 11.28598039 -5.03492223
v 0.89354058 11.00349443 -5.16705197
v 1.55795099 10.80540699 -5.27053417
v 2.24256685 10.69510741 -5.34359821
v 2.93567419 10.67448294 -5.38499396
v 0.74932495 21.40762643 -1.77256427
v -0.25423317 21.21053397 -2.12320179
v -1.20771658 20.92985780 -2.49483308
v -2.09481090 20.57040036 -2.88109940
v -2.90033771 20.13831207 -3.27539166
v -3.61051422 19.64098608 -3.67096338
v -4.21318912 19.08693177 -4.06104624
v -4.69805047 18.48562916 -4.43896580
v -5.05680215 17.84736672 -4.79825576
v -5.28330583 17.18306528 -5.13276856
v -5.37368597 16.50409123 -5.43678060
v -5.32639613 15.82206201 -5.70509016
v -5.25990358 15.43264479 -5.84768388
v -5.07575292 14.75923010 -6.07570010
v -4.75789229 14.10595225 -6.25952154
v -4.31176038 13.48398902 -6.39600299
v -3.74499063 12.90398236 -6.48280921
v -3.06728064 12.37585634 -6.51845492
v -2.29022619 11.90864736 -6.50233020
v -1.42712293 11.51034948 -6.43471096
v -0.49273877 11.18777770 -6.31675419
v 0.49693871 10.94645130 -6.15047815
v 1.52497586 10.79049945 -5.93872787
v 2.57378266 10.72259052 -5.68512647
v 3.32964077 15.84504045 -3.52817997
v 2.38622185 15.84504045 -3.96810343
v 3.18297859 15.70483032 -3.21366192
v 2.23955967 15.70483032 -3.65358539
v 2.84297600 15.12430160 -3.71606995
v 2.93361821 15.21095623 -3.91045279
v 2.63558223 16.33891453 -3.27131256
v 2.72622444 16.42556916 -3.46569541
v 1.95727008 16.15027142 -3.80935065
v 2.08544648 15.39959935 -4.08422583
v 3.48375396 16.15027142 -3.09753953
v 3.61193036 15.39959935 -3.37241471
v 2.87080608 15.85734883 -3.77575175
v 2.69839436 15.69252193 -3.40601361
v 3.05307358 15.35129572 -3.44274111
v 2.49854585 15.35129572 -3.70132164
v 3.19255759 15.48464348 -3.74186555
v 2.63802987 15.48464348 -4.00044607
v 2.90650322 15.06100382 -3.85230451
v 2.93117057 16.06522729 -3.18131928
v 2.37664285 16.06522729 -3.43989981
v 3.07065459 16.19857505 -3.48044372
v 2.51612686 16.19857505 -3.73902424
v 2.66269722 16.48886695 -3.32946085
v 2.06414683 16.03675910 -3.94101973
v 1.97794097 15.95434565 -3.75615066
v 2.21071719 16.32705100 -3.53145633
v 2.26399534 16.37798531 -3.64571170
v 2.13948703 15.59552512 -4.10258730
v 2.05328117 15.51311167 -3.91771823
v 2.40796039 15.17188546 -3.95444574
v 2.46123854 15.22281977 -4.06870111
v 1.88735551 15.77493538 -4.00927476
v 3.51591927 16.03675910 -3.26404712
v 3.42971341 15.95434565 -3.07917805
v 3.10796190 16.32705100 -3.11306425
v 3.16124005 16.37798531 -3.22731962
v 3.59125947 15.59552512 -3.42561470
v 3.50505361 15.51311167 -3.24074563
v 3.30520510 15.17188546 -3.53605366
v 3.35848325 15.22281977 -3.65030903
v 3.68184493 15.77493538 -3.17249060
v 3.11271189 15.85421204 -3.65438277
v 2.62233800 15.85421204 -3.88304788
v 2.94686244 15.69565872 -3.29871748
v 2.45648855 15.69565872 -3.52738258
v 3.13121896 15.51829486 -3.31780784
v 2.95449112 15.21654542 -3.57895141
v 2.88042391 15.50888752 -3.41580863
v 2.35261053 15.51829486 -3.68087892
v 2.66625657 15.21654542 -3.71335738
v 2.58889143 15.50888752 -3.55175245
v 2.77535733 15.32949428 -3.57106125
v 3.27995312 15.66048583 -3.63676928
v 3.07410701 15.33089911 -3.83546851
v 3.04439721 15.66564721 -3.76745049
v 2.50134469 15.66048583 -3.99984035
v 2.78587246 15.33089911 -3.96987448
v 2.75286473 15.66564721 -3.90339432
v 2.92201951 15.46970441 -3.88557929
v 2.87830622 15.06565639 -3.79183584
v 2.92542057 15.11069806 -3.89287289
v 3.06785575 15.88938494 -3.18192500
v 2.78332798 16.21897166 -3.21189087
v 2.81633571 15.88422355 -3.27837104
v 2.28924732 15.88938494 -3.54499608
v 2.49509343 16.21897166 -3.34629685
v 2.52480323 15.88422355 -3.41431486
v 2.64718093 16.08016635 -3.29618606
v 3.21658991 16.03157591 -3.50088644
v 2.90294387 16.33332535 -3.46840797
v 2.98030901 16.04098325 -3.63001290
v 2.43798148 16.03157591 -3.86395751
v 2.61470932 16.33332535 -3.60281395
v 2.68877653 16.04098325 -3.76595673
v 2.79384311 16.22037649 -3.61070411
v 2.64377987 16.43917271 -3.28889246
v 2.69089422 16.48421438 -3.38992952
v 2.20304957 15.94746660 -3.96895150
v 1.98008738 16.10612072 -3.88643437
v 2.26469066 16.13530481 -3.85284325
v 2.08200853 15.83175046 -3.70937816
v 1.93527897 16.06328354 -3.79034242
v 2.14603847 16.02187242 -3.59839280
v 2.40884796 16.35506339 -3.39388645
v 2.05627228 16.25700975 -3.67354994
v 2.26841617 16.21781522 -3.48026400
v 2.41880385 16.44053578 -3.42220281
v 2.05880619 16.15952130 -3.64652692
v 2.48365544 16.42657990 -3.55431160
v 2.08396540 16.28348458 -3.73293803
v 2.36975724 16.31469805 -3.69759063
v 2.44681384 16.46731353 -3.48227041
v 2.13213728 16.22962636 -3.80378594
v 2.20919387 16.38224185 -3.58846572
v 2.24221018 15.71812031 -4.05293171
v 2.08587202 15.48658723 -4.11329026
v 2.36838755 15.52799834 -4.07522194
v 2.06667939 15.81826270 -4.04397966
v 2.12116915 15.60240417 -3.79335837
v 2.04106360 15.44375005 -4.01719830
v 2.24973536 15.41456596 -3.82077150
v 1.97603718 15.73160807 -3.84959682
v 2.61917172 15.12329087 -3.84492720
v 2.22542012 15.26638618 -4.03628867
v 2.43620126 15.23517272 -3.84008029
v 2.65067714 15.08255724 -3.91945668
v 2.20211177 15.32024440 -3.95384671
v 2.69397919 15.19480738 -4.00535235
v 2.25311325 15.29286102 -4.09567676
v 2.53754233 15.33205554 -4.05740691
v 2.67868713 15.10933499 -3.97952428
v 2.27544285 15.39034947 -4.11110573
v 2.41658765 15.16762892 -4.03322310
v 1.88819411 15.97002899 -3.92191223
v 1.95481813 15.57984178 -4.06478790
v 1.93412600 15.91258426 -3.99492235
v 1.88880490 15.86925694 -3.89773093
v 1.97373469 15.68061383 -4.07986345
v 1.92841358 15.63728651 -3.98267203
v 3.44803129 15.94746660 -3.38840699
v 3.52813684 16.10612072 -3.16456705
v 3.31946508 16.13530481 -3.36099386
v 3.32699026 15.83175046 -3.12883364
v 3.48332842 16.06328354 -3.06847510
v 3.20081289 16.02187242 -3.10654342
v 2.87522125 16.35506339 -3.17641301
v 3.31608719 16.25700975 -3.08608860
v 3.03165811 16.21781522 -3.12435844
v 2.89051331 16.44053578 -3.20224107
v 3.29375759 16.15952130 -3.07065962
v 2.95002872 16.42657990 -3.33683816
v 3.34378032 16.28348458 -3.14547669
v 3.13299918 16.31469805 -3.34168507
v 2.91852330 16.46731353 -3.26230868
v 3.36708867 16.22962636 -3.22791865
v 3.15261279 16.38224185 -3.14854225
v 3.48719191 15.71812031 -3.47238720
v 3.63392148 15.48658723 -3.39142294
v 3.42316197 15.52799834 -3.58337255
v 3.59316326 15.81826270 -3.33216854
v 3.36615087 15.60240417 -3.21281386
v 3.58911306 15.44375005 -3.29533099
v 3.30450978 15.41456596 -3.32892211
v 3.50252105 15.73160807 -3.13778570
v 3.08554500 15.12329087 -3.62745376
v 3.48523504 15.26638618 -3.44882732
v 3.19944320 15.23517272 -3.48417473
v 3.12238660 15.08255724 -3.69949495
v 3.43706316 15.32024440 -3.37797942
v 3.16035248 15.19480738 -3.78787891
v 3.51292816 15.29286102 -3.50821542
v 3.30078427 15.33205554 -3.70150135
v 3.15039659 15.10933499 -3.75956255
v 3.51039425 15.39034947 -3.53523844
v 3.36000657 15.16762892 -3.59329964
v 3.61438231 15.97002899 -3.11697745
v 3.68100633 15.57984178 -3.25985313
v 3.64078686 15.91258426 -3.19909332
v 3.59546575 15.86925694 -3.10190190
v 3.68039554 15.68061383 -3.28403443
v 3.63507444 15.63728651 -3.18684301
v 3.69291319 13.33910052 -4.61510669
v 2.98534901 13.33910052 -4.94504929
v 3.45458716 13.11125905 -4.10401487
v 2.74702298 13.11125905 -4.43395747
v 3.20557666 12.80774063 -4.49366956
v 3.35287024 12.94855440 -4.80954168
v 3.08706593 13.50180516 -4.23952248
v 3.23435951 13.64261894 -4.55539460
v 2.61091480 13.43965752 -4.71292548
v 2.68415846 13.01070205 -4.86999701
v 3.75577771 13.43965752 -4.17906714
v 3.82902137 13.01070205 -4.33613867
v 3.36005261 13.35910164 -4.82494431
v 3.07988356 13.09125793 -4.22411984
v 3.34941465 12.91285428 -4.25921773
v 2.93351885 12.91285428 -4.45315312
v 3.57607617 13.12954439 -4.74529494
v 3.16018038 13.12954439 -4.93923033
v 3.28962694 12.81721889 -4.67391598
v 3.27975579 13.32081517 -4.10983382
v 2.86386000 13.32081517 -4.30376922
v 3.50641732 13.53750529 -4.59591103
v 3.09052152 13.53750529 -4.78984643
v 3.15030923 13.63314068 -4.37514817
v 2.72406991 13.41820756 -4.88244076
v 2.58398539 13.28428571 -4.58202852
v 2.78385762 13.51384295 -4.46774250
v 2.87043462 13.59661121 -4.65340748
v 2.76712146 13.16607386 -4.97476509
v 2.62703693 13.03215201 -4.67435285
v 2.89656802 12.85374836 -4.70945074
v 2.98314502 12.93651662 -4.89511571
v 2.54703455 13.22517978 -4.83832614
v 3.81289924 13.41820756 -4.37471130
v 3.67281471 13.28428571 -4.07429907
v 3.45679115 13.51384295 -4.15394844
v 3.54336815 13.59661121 -4.33961342
v 3.85595078 13.16607386 -4.46703563
v 3.71586626 13.03215201 -4.16662340
v 3.56950155 12.85374836 -4.39565668
v 3.65607855 12.93651662 -4.58132165
v 3.89290162 13.22517978 -4.21073802
v 3.53861097 13.35400436 -4.72776072
v 3.17083055 13.35400436 -4.89925954
v 3.26910562 13.09635521 -4.14980461
v 2.90132520 13.09635521 -4.32130344
v 3.40920352 13.00362388 -4.16804793
v 3.27977188 12.84585992 -4.37058413
v 3.21437538 12.99057366 -4.22711201
v 2.82524719 13.00362388 -4.44035123
v 3.06359598 12.84585992 -4.47138861
v 2.99572602 12.99057366 -4.32906988
v 3.13742690 12.89678131 -4.34752193
v 3.65089653 13.23468421 -4.68636026
v 3.47414770 13.03168466 -4.78742442
v 3.48083198 13.24530817 -4.79853004
v 3.06694020 13.23468421 -4.95866357
v 3.25797180 13.03168466 -4.88822890
v 3.26218262 13.24530817 -4.90048791
v 3.37575293 13.12462278 -4.85861376
v 3.24869520 12.79615019 -4.58613758
v 3.32525603 12.86934291 -4.75032279
v 3.37299597 13.21567536 -4.09040059
v 3.18196438 13.41867491 -4.16083525
v 3.17775355 13.20505140 -4.14857624
v 2.78903964 13.21567536 -4.36270390
v 2.96578847 13.41867491 -4.26163974
v 2.95910419 13.20505140 -4.25053412
v 3.06418324 13.32573678 -4.19045040
v 3.61468898 13.44673569 -4.60871292
v 3.37634019 13.60449965 -4.57767554
v 3.44421015 13.45978591 -4.71999427
v 3.03073265 13.44673569 -4.88101623
v 3.16016429 13.60449965 -4.67848002
v 3.22556079 13.45978591 -4.82195214
v 3.30250927 13.55357826 -4.70154222
v 3.11468015 13.58101666 -4.29874136
v 3.19124097 13.65420938 -4.46292658
v 2.84025703 13.38472666 -4.92914527
v 2.64563219 13.43699456 -4.80849107
v 2.89120490 13.49085973 -4.85217981
v 2.64356535 13.19668793 -4.50733858
v 2.57281852 13.36738414 -4.65234164
v 2.69839509 13.30653211 -4.43869784
v 2.92420453 13.51900763 -4.34687040
v 2.67670887 13.48670429 -4.59293762
v 2.80347414 13.42721749 -4.37861413
v 2.95406942 13.59141673 -4.41614027
v 2.65633535 13.40801281 -4.52490370
v 3.04576667 13.63522195 -4.60756126
v 2.72171020 13.52972589 -4.68944327
v 2.96815338 13.58465208 -4.73176989
v 2.99958564 13.63493058 -4.51375012
v 2.77549837 13.52193355 -4.78044961
v 2.80693063 13.57221205 -4.56242984
v 2.86263453 13.25367164 -4.97713396
v 2.70608056 13.08297542 -4.93812300
v 2.95046027 13.14382746 -4.97925335
v 2.72118343 13.29558667 -4.94939731
v 2.66594284 13.06563291 -4.55532727
v 2.63326688 13.01336501 -4.78197358
v 2.75765046 12.95949984 -4.56577138
v 2.57388984 13.15477290 -4.63352519
v 3.04438953 12.81513762 -4.60460797
v 2.77336479 12.92063368 -4.80021689
v 2.89935134 12.86570749 -4.58422343
v 3.08656844 12.81542899 -4.70028534
v 2.73822425 12.92842602 -4.70051501
v 3.16595168 12.93135194 -4.86529884
v 2.81836611 12.96365528 -4.89672254
v 3.06403057 13.02314208 -4.93737920
v 3.13208466 12.85894284 -4.79789519
v 2.85738727 13.04234675 -4.95606092
v 2.92544136 12.87814752 -4.81657692
v 2.55361207 13.33666184 -4.78556100
v 2.59168294 13.11369773 -4.86720424
v 2.60547689 13.32666049 -4.87766711
v 2.53183010 13.25625361 -4.71973105
v 2.62811043 13.19410596 -4.92620488
v 2.55446364 13.12369908 -4.76826882
v 3.77399333 13.38472666 -4.49373688
v 3.80666929 13.43699456 -4.26709058
v 3.68228571 13.49085973 -4.48329277
v 3.57730164 13.19668793 -4.07193020
v 3.73385562 13.36738414 -4.11094116
v 3.48947590 13.30653211 -4.06981080
v 3.27398449 13.51900763 -4.18376532
v 3.62157006 13.48670429 -4.15234161
v 3.37590560 13.42721749 -4.11168496
v 3.30785151 13.59141673 -4.25116897
v 3.58254890 13.40801281 -4.09300323
v 3.39554664 13.63522195 -4.44445619
v 3.66657138 13.52972589 -4.24884726
v 3.54058483 13.58465208 -4.46484072
v 3.35336773 13.63493058 -4.34877882
v 3.70171192 13.52193355 -4.34854914
v 3.51449482 13.57221205 -4.23248724
v 3.79637082 13.25367164 -4.54172557
v 3.86711765 13.08297542 -4.39672251
v 3.74154108 13.14382746 -4.61036631
v 3.86604633 13.29558667 -4.41553897
v 3.59967914 13.06563291 -4.11991889
v 3.79430398 13.01336501 -4.24057309
v 3.54873127 12.95949984 -4.19688434
v 3.71875274 13.15477290 -4.09966685
v 3.39416950 12.81513762 -4.44150289
v 3.71822597 12.92063368 -4.35962089
v 3.47178279 12.86570749 -4.31729426
v 3.44035053 12.81542899 -4.53531404
v 3.66443780 12.92842602 -4.26861454
v 3.51573164 12.93135194 -4.70219376
v 3.76322730 12.96365528 -4.45612654
v 3.63646203 13.02314208 -4.67045003
v 3.48586675 12.85894284 -4.63292389
v 3.78360082 13.04234675 -4.52416045
v 3.63300554 12.87814752 -4.48663432
v 3.84825323 13.33666184 -4.18185991
v 3.88632410 13.11369773 -4.26350316
v 3.88547254 13.32666049 -4.28079534
v 3.81182574 13.25625361 -4.12285928
v 3.90810607 13.19410596 -4.32933311
v 3.83445928 13.12369908 -4.17139705
v 3.61958285 13.34772410 -4.67285181
v 3.45154594 13.35782120 -4.77878344
v 3.07672017 13.34772410 -4.92599283
v 3.26588056 13.35782120 -4.86536063
v 3.36321600 13.10263547 -4.12307133
v 3.17405561 13.09253837 -4.18370352
v 2.82035332 13.10263547 -4.37621235
v 2.98839023 13.09253837 -4.27028071
v 3.43394116 13.05582222 -4.13228104
v 3.38084727 12.95566219 -4.21063159
v 3.34072244 13.04768495 -4.15411679
v 3.24289346 12.82295455 -4.43123482
v 3.31550672 12.87601873 -4.31287727
v 3.14622153 13.03861892 -4.22188990
v 3.28266694 12.94830518 -4.23965759
v 3.24196574 13.04158455 -4.18498156
v 3.31273936 12.99473923 -4.19419758
v 2.78194711 13.05582222 -4.43631086
v 2.87609521 12.95566219 -4.44600134
v 2.85859411 13.04768495 -4.37893693
v 3.13376209 12.82295455 -4.48212361
v 2.99642005 12.87601873 -4.46166983
v 3.17104876 12.84087003 -4.41962425
v 3.03553410 13.03861892 -4.27350429
v 2.96143952 12.94830518 -4.38944840
v 2.94571748 13.04158455 -4.32312439
v 3.10350348 12.98741499 -4.27477293
v 2.90728496 12.99473923 -4.38326408
v 3.24371311 12.90082444 -4.30061302
v 3.03317312 12.90082444 -4.39878943
v 3.20848178 12.86765987 -4.35734112
v 3.17530783 12.93988742 -4.28412318
v 3.09927563 12.86765987 -4.40826478
v 3.06451124 12.93988742 -4.33578848
v 3.67626760 13.28748810 -4.65195175
v 3.61728515 13.18169857 -4.71767425
v 3.59968399 13.29525413 -4.70946162
v 3.41537730 12.98785040 -4.80112761
v 3.52805762 13.07921898 -4.76869414
v 3.42294123 13.30316503 -4.81531722
v 3.53229939 13.18695568 -4.77499612
v 3.51271904 13.30042674 -4.76561388
v 3.56944262 13.24014947 -4.74469951
v 3.02427355 13.28748810 -4.95598157
v 3.11253309 13.18169857 -4.95304400
v 3.11755565 13.29525413 -4.93428175
v 3.30624593 12.98785040 -4.85201640
v 3.20897094 13.07921898 -4.91748670
v 3.36798156 13.02913926 -4.84194799
v 3.31225381 13.30316503 -4.86693162
v 3.21107197 13.18695568 -4.92478692
v 3.21647078 13.30042674 -4.90375671
v 3.37354758 13.24557917 -4.85388437
v 3.16398822 13.24014947 -4.93376600
v 3.47910496 13.12586081 -4.80541245
v 3.26856496 13.12586081 -4.90358886
v 3.42707090 13.07663271 -4.82610700
v 3.43109727 13.18442404 -4.83266540
v 3.31786475 13.07663271 -4.87703066
v 3.32030068 13.18442404 -4.88433070
v 3.22720512 12.79785975 -4.54005195
v 3.26963595 12.80264463 -4.63104516
v 3.34021281 12.90589595 -4.78239772
v 3.30828590 12.83959427 -4.71393025
v 3.41566263 13.16287146 -4.09308259
v 3.32740308 13.26866099 -4.09602015
v 3.32238052 13.15510544 -4.11478241
v 3.13369024 13.46250917 -4.19704775
v 3.23096523 13.37114059 -4.13157745
v 3.12768236 13.14719453 -4.18213254
v 3.22886420 13.26340389 -4.12427723
v 3.22346539 13.14993283 -4.14530744
v 3.27594795 13.21021010 -4.11529816
v 2.76366858 13.16287146 -4.39711241
v 2.82265102 13.26866099 -4.33138990
v 2.84025218 13.15510544 -4.33960254
v 3.02455887 13.46250917 -4.24793655
v 2.91187855 13.37114059 -4.28037001
v 3.07195461 13.42122030 -4.20711616
v 3.01699494 13.14719453 -4.23374693
v 2.90763678 13.26340389 -4.27406804
v 2.92721713 13.14993283 -4.28345027
v 3.06638859 13.20478039 -4.19517979
v 2.87049355 13.21021010 -4.30436465
v 3.17137121 13.32449876 -4.14547529
v 2.96083121 13.32449876 -4.24365171
v 3.12207142 13.37372686 -4.17203350
v 3.11963549 13.26593552 -4.16473345
v 3.01286527 13.37372686 -4.22295716
v 3.00883890 13.26593552 -4.21639875
v 3.65798906 13.39453735 -4.61275330
v 3.56384096 13.49469738 -4.60306282
v 3.58134206 13.40267462 -4.67012723
v 3.30617408 13.62740502 -4.56694054
v 3.44351612 13.57434084 -4.58739432
v 3.40440207 13.41174065 -4.77555986
v 3.47849665 13.50205438 -4.65961576
v 3.49421869 13.40877501 -4.72593976
v 3.53265122 13.45562034 -4.66580008
v 3.00599501 13.39453735 -4.91678312
v 3.05908890 13.49469738 -4.83843257
v 3.09921373 13.40267462 -4.89494736
v 3.19704271 13.62740502 -4.61782934
v 3.12442945 13.57434084 -4.73618688
v 3.26888741 13.60948953 -4.62943991
v 3.29371464 13.41174065 -4.82717426
v 3.15726923 13.50205438 -4.80940656
v 3.19797043 13.40877501 -4.86408260
v 3.33643269 13.46294457 -4.77429122
v 3.12719681 13.45562034 -4.85486657
v 3.40676305 13.54953513 -4.65027473
v 3.19622306 13.54953513 -4.74845114
v 3.34066054 13.58269970 -4.64079938
v 3.37542493 13.51047215 -4.71327568
v 3.23145439 13.58269970 -4.69172304
v 3.26462834 13.51047215 -4.76494098
v 3.09972336 13.54446362 -4.26666644
v 3.13165027 13.61076530 -4.33513391
v 3.21273105 13.65249982 -4.50901220
v 3.17030022 13.64771494 -4.41801899
v 2.90983783 13.36323354 -4.94107994
v 2.77793716 13.40316888 -4.90947348
v 2.93175265 13.41823784 -4.91008680
v 2.62256162 13.44038363 -4.76298818
v 2.67968535 13.42955512 -4.84856402
v 2.98800739 13.51778496 -4.82470879
v 2.80249765 13.45739257 -4.87158306
v 2.95828938 13.47131798 -4.87013676
v 2.86206631 13.43999272 -4.89445023
v 2.69022927 13.15328610 -4.47012786
v 2.60792354 13.24063458 -4.54487808
v 2.70967687 13.20593173 -4.43384374
v 2.58580334 13.40524243 -4.68415978
v 2.57220865 13.32680659 -4.61807950
v 2.77565734 13.31477673 -4.36932265
v 2.63397570 13.29628432 -4.51018657
v 2.73879046 13.26147537 -4.39941981
v 2.66530083 13.25188344 -4.47248529
v 3.00356618 13.51315981 -4.29096326
v 2.85049853 13.51923680 -4.40617482
v 2.94137930 13.47204659 -4.30135736
v 3.01680446 13.55428525 -4.32015221
v 2.63824996 13.46547843 -4.65417104
v 2.72555612 13.50292921 -4.53039613
v 2.61693389 13.42969970 -4.62393022
v 2.82885178 13.37587160 -4.33890631
v 2.78835197 13.47358855 -4.42191493
v 2.88116218 13.42499213 -4.31801232
v 2.74461969 13.36878254 -4.40709586
v 2.86015511 13.47567747 -4.36106851
v 3.05009794 13.61710394 -4.39403762
v 2.86458820 13.55671155 -4.44091188
v 3.03245478 13.58995169 -4.35571222
v 2.93623172 13.55862643 -4.38002569
v 2.61268369 13.34765716 -4.55382678
v 2.71386552 13.46386651 -4.49597147
v 2.60831404 13.38937977 -4.58928570
v 2.67005978 13.35905092 -4.48122545
v 2.66079660 13.44965704 -4.55927642
v 2.72330668 13.42020605 -4.45077912
v 3.13929174 13.64291445 -4.58202765
v 2.95557273 13.61968853 -4.63150717
v 3.10142633 13.62505276 -4.64457934
v 3.11716908 13.65023458 -4.53538483
v 2.66096783 13.48719688 -4.70288967
v 2.79198037 13.56643130 -4.67284340
v 2.67661631 13.48675654 -4.75191957
v 2.69235905 13.51193837 -4.64272506
v 3.02696122 13.56526571 -4.76375337
v 2.91554606 13.59518705 -4.69468353
v 3.06254696 13.59839734 -4.70699323
v 2.92577078 13.54196434 -4.79557562
v 3.00475642 13.61391741 -4.67116701
v 3.07313973 13.63913207 -4.44345090
v 2.93145809 13.62063966 -4.58431482
v 3.09412476 13.64890865 -4.48796392
v 2.97355395 13.61839749 -4.46414293
v 3.02063513 13.63931673 -4.56102940
v 2.74392324 13.47312315 -4.83527090
v 2.81801782 13.56343689 -4.71932679
v 2.70529541 13.48209468 -4.79726291
v 2.82814635 13.51018286 -4.82024319
v 2.74372793 13.52894000 -4.73712322
v 2.86713859 13.55771043 -4.75922765
v 2.79010176 13.54698951 -4.51496843
v 2.83392985 13.58888950 -4.60895808
v 2.73687321 13.53260599 -4.57823359
v 2.87592952 13.58661601 -4.48881050
v 2.75960664 13.55433933 -4.62698560
v 2.89899404 13.60866587 -4.53827252
v 2.92113459 13.29707346 -4.96530591
v 2.81096749 13.20972498 -4.98030724
v 2.96143051 13.24442784 -4.97373117
v 2.84659794 13.32043595 -4.95877786
v 2.69005293 13.04511714 -4.90772375
v 2.73193486 13.12355298 -4.96061347
v 3.05326797 13.13558284 -4.96466055
v 2.85428874 13.15407525 -4.98264940
v 3.00651462 13.18888420 -4.97355614
v 2.90330500 13.19847612 -4.98288688
v 2.71642725 13.35853899 -4.92079772
v 2.73822134 13.23090070 -4.96753530
v 2.77617612 13.34134612 -4.94356185
v 2.78748062 13.27514072 -4.96780442
v 2.70152602 13.08712603 -4.49435383
v 2.64095386 13.04719068 -4.61571184
v 2.73935473 13.03212173 -4.49748811
v 2.64731881 13.12992361 -4.53142239
v 2.65329464 13.00997594 -4.82889535
v 2.62445817 13.02080445 -4.73012895
v 2.84091792 12.93257460 -4.50927441
v 2.68576679 12.99296700 -4.62125291
v 2.78701570 12.97904158 -4.50283919
v 2.70653951 13.01036685 -4.56092193
v 2.57094709 13.21945887 -4.60881451
v 2.59274118 13.09182058 -4.65555209
v 2.60240419 13.17521885 -4.57090673
v 2.61370868 13.10901344 -4.59514930
v 3.12406616 12.80744511 -4.54937630
v 2.96807035 12.83067104 -4.65830840
v 3.05180938 12.82530681 -4.53817544
v 3.14557646 12.80012499 -4.59630467
v 2.72401980 12.96316269 -4.83810506
v 2.83124982 12.88392827 -4.75705701
v 2.69651937 12.96360303 -4.79460182
v 2.91265152 12.88509386 -4.51861543
v 2.89394580 12.85517252 -4.64836163
v 2.97900638 12.85196223 -4.52783989
v 2.82323030 12.90839523 -4.57567686
v 2.96930381 12.83644216 -4.59513866
v 3.18770042 12.81122750 -4.68912710
v 2.98872120 12.82971991 -4.70711595
v 3.16709039 12.80145091 -4.64443922
v 3.06388076 12.81104284 -4.65376995
v 2.67593261 12.97723642 -4.68946452
v 2.81237803 12.88692268 -4.70723222
v 2.68021893 12.96826489 -4.74348623
v 2.74158207 12.94017671 -4.63460551
v 2.75099255 12.92141956 -4.75270225
v 2.81338642 12.89264914 -4.64395575
v 3.25979172 12.93719976 -4.84044070
v 3.07314455 12.93112276 -4.88364075
v 3.21185641 12.97831298 -4.88139741
v 3.24594109 12.89607432 -4.81153729
v 2.74673767 12.98488114 -4.88682369
v 2.89767407 12.94743035 -4.89950428
v 2.75620179 13.02065986 -4.92259118
v 2.79028646 12.93842120 -4.85273106
v 3.11076096 13.07448797 -4.94346249
v 3.02113989 12.97677102 -4.92113024
v 3.16039116 13.02536743 -4.91682080
v 3.00438138 13.08157703 -4.96415662
v 3.11390512 12.97468209 -4.90523716
v 3.21074222 12.83325563 -4.73854038
v 3.05559109 12.89364802 -4.85051889
v 3.22876037 12.86040787 -4.77669092
v 3.10783690 12.83196208 -4.75211365
v 3.14828418 12.89173314 -4.83477366
v 2.80717216 13.10270241 -4.97090864
v 2.91653032 12.98649305 -4.93058753
v 2.77720029 13.06097980 -4.95146343
v 2.89966864 13.09130865 -4.97362324
v 2.83392388 13.00070253 -4.93054905
v 2.95721833 13.03015352 -4.95240428
v 2.90715342 12.86147007 -4.76598653
v 2.95098152 12.90337005 -4.85997619
v 2.84556950 12.89602024 -4.81133354
v 3.00312416 12.84169370 -4.76158027
v 2.86830294 12.91775358 -4.86008555
v 3.02618868 12.86374355 -4.81104230
v 2.57610741 13.38973299 -4.75141247
v 2.54385895 13.28145890 -4.81471807
v 2.59146160 13.38895466 -4.80061064
v 2.55457584 13.35369159 -4.72150887
v 2.63230196 13.06062657 -4.87192206
v 2.56307815 13.16890066 -4.85593376
v 2.64136922 13.09666798 -4.90763787
v 2.60448345 13.06140491 -4.82853610
v 2.65785283 13.37426957 -4.88448556
v 2.56823177 13.27655262 -4.86215330
v 2.61940521 13.38344808 -4.84637452
v 2.65583575 13.31228070 -4.91876959
v 2.57291917 13.33276274 -4.83479088
v 2.54965508 13.27083171 -4.65245472
v 2.53094936 13.24091036 -4.78220092
v 2.54541740 13.31271517 -4.68770714
v 2.54387822 13.20524847 -4.67867589
v 2.53571483 13.29719511 -4.75500591
v 2.69110476 13.17952786 -4.95579454
v 2.57968960 13.20944920 -4.88672470
v 2.66137591 13.13764439 -4.93638097
v 2.66730488 13.24511110 -4.94336523
v 2.60358537 13.15316446 -4.90055476
v 2.60867270 13.26085720 -4.90701725
v 2.58290700 13.07609000 -4.72376371
v 2.54240720 13.17380694 -4.80677232
v 2.58738810 13.06691149 -4.77771359
v 2.55534735 13.13807886 -4.70327153
v 2.56638103 13.11759683 -4.82076979
v 2.53403434 13.18950237 -4.74695478
v 3.73841015 13.36323354 -4.55471032
v 3.79898231 13.40316888 -4.43335231
v 3.70058144 13.41823784 -4.55157604
v 3.78664153 13.44038363 -4.22016881
v 3.81547800 13.42955512 -4.31893520
v 3.59901825 13.51778496 -4.53978975
v 3.75416938 13.45739257 -4.42781124
v 3.65292047 13.47131798 -4.54622497
v 3.73339666 13.43999272 -4.48814222
v 3.51880158 13.15328610 -4.08375824
v 3.62896868 13.24063458 -4.06875691
v 3.47850566 13.20593173 -4.07533299
v 3.74988324 13.40524243 -4.14134041
v 3.70800131 13.32680659 -4.08845069
v 3.38666820 13.31477673 -4.08440360
v 3.58564743 13.29628432 -4.06641475
v 3.43342155 13.26147537 -4.07550801
v 3.53663117 13.25188344 -4.06617728
v 3.18014445 13.51315981 -4.20862346
v 3.36679162 13.51923680 -4.16542340
v 3.22807976 13.47204659 -4.16766674
v 3.19399509 13.55428525 -4.23752686
v 3.69319850 13.46547843 -4.16224046
v 3.54226210 13.50292921 -4.14955988
v 3.68373439 13.42969970 -4.12647298
v 3.32917521 13.37587160 -4.10560166
v 3.41879628 13.47358855 -4.12793392
v 3.27954501 13.42499213 -4.13224335
v 3.43555479 13.36878254 -4.08490754
v 3.32603105 13.47567747 -4.14382699
v 3.22919395 13.61710394 -4.31052377
v 3.38434508 13.55671155 -4.19854527
v 3.21117580 13.58995169 -4.27237324
v 3.29165199 13.55862643 -4.21429049
v 3.63276401 13.34765716 -4.07815551
v 3.52340585 13.46386651 -4.11847662
v 3.66273588 13.38937977 -4.09760073
v 3.54026753 13.35905092 -4.07544091
v 3.60601229 13.44965704 -4.11851510
v 3.48271784 13.42020605 -4.09665988
v 3.31587001 13.64291445 -4.49968785
v 3.47186582 13.61968853 -4.39075575
v 3.38812679 13.62505276 -4.51088872
v 3.29435971 13.65023458 -4.45275949
v 3.71591637 13.48719688 -4.21095909
v 3.60868635 13.56643130 -4.29200714
v 3.74341680 13.48675654 -4.25446233
v 3.64964971 13.51193837 -4.19633310
v 3.52728465 13.56526571 -4.53044872
v 3.54599037 13.59518705 -4.40070252
v 3.46092979 13.59839734 -4.52122426
v 3.61670587 13.54196434 -4.47338730
v 3.47063236 13.61391741 -4.45392549
v 3.25223575 13.63913207 -4.35993706
v 3.45121497 13.62063966 -4.34194821
v 3.27284578 13.64890865 -4.40462494
v 3.33209927 13.61839749 -4.29695051
v 3.37605541 13.63931673 -4.39529420
v 3.76400356 13.47312315 -4.35959963
v 3.62755814 13.56343689 -4.34183194
v 3.75971724 13.48209468 -4.30557793
v 3.69835410 13.51018286 -4.41445865
v 3.68894362 13.52894000 -4.29636191
v 3.62654975 13.55771043 -4.40510841
v 3.48895465 13.54698951 -4.18908797
v 3.53278275 13.58888950 -4.28307762
v 3.57163323 13.53260599 -4.18897860
v 3.41374749 13.58661601 -4.23802186
v 3.59436667 13.55433933 -4.23773061
v 3.43681201 13.60866587 -4.28748388
v 3.74970690 13.29707346 -4.57893630
v 3.83201263 13.20972498 -4.50418607
v 3.73025930 13.24442784 -4.61522042
v 3.79261736 13.32043595 -4.51764176
v 3.85413283 13.04511714 -4.36490437
v 3.86772752 13.12355298 -4.43098466
v 3.66427883 13.13558284 -4.67974151
v 3.80596047 13.15407525 -4.53887759
v 3.70114571 13.18888420 -4.64964434
v 3.77463534 13.19847612 -4.57657886
v 3.84719499 13.35853899 -4.39351206
v 3.86898908 13.23090070 -4.44024964
v 3.82622749 13.34134612 -4.45391485
v 3.83753198 13.27514072 -4.47815743
v 3.53009834 13.08712603 -4.10798421
v 3.66199901 13.04719068 -4.13959067
v 3.50818352 13.03212173 -4.13897736
v 3.59333823 13.12992361 -4.09028629
v 3.81737455 13.00997594 -4.28607598
v 3.76025082 13.02080445 -4.20050014
v 3.45192878 12.93257460 -4.22435536
v 3.63743852 12.99296700 -4.17748110
v 3.48164679 12.97904158 -4.17892739
v 3.57786986 13.01036685 -4.15461392
v 3.70171483 13.21945887 -4.08152885
v 3.72350892 13.09182058 -4.12826644
v 3.65245555 13.17521885 -4.08125973
v 3.66376005 13.10901344 -4.10550231
v 3.30064443 12.80744511 -4.46703650
v 3.48436344 12.83067104 -4.41755698
v 3.33850984 12.82530681 -4.40448482
v 3.32276709 12.80012499 -4.51367932
v 3.77896834 12.96316269 -4.34617448
v 3.64795580 12.88392827 -4.37622076
v 3.76331986 12.96360303 -4.29714459
v 3.41297495 12.88509386 -4.28531078
v 3.52439011 12.85517252 -4.35438062
v 3.37738921 12.85196223 -4.34207093
v 3.51416539 12.90839523 -4.25348853
v 3.43517975 12.83644216 -4.37789714
v 3.36679644 12.81122750 -4.60561325
v 3.50847808 12.82971991 -4.46474933
v 3.34581141 12.80145091 -4.56110024
v 3.41930104 12.81104284 -4.48803476
v 3.69601293 12.97723642 -4.21379326
v 3.62191835 12.88692268 -4.32973736
v 3.73464077 12.96826489 -4.25180125
v 3.61178983 12.94017671 -4.22882097
v 3.69620824 12.92141956 -4.31194093
v 3.57279758 12.89264914 -4.28983651
v 3.43636999 12.93719976 -4.75810090
v 3.58943764 12.93112276 -4.64288933
v 3.49855687 12.97831298 -4.74770679
v 3.42313171 12.89607432 -4.72891195
v 3.80168621 12.98488114 -4.39489311
v 3.71438006 12.94743035 -4.51866803
v 3.82300228 13.02065986 -4.42513394
v 3.74757712 12.93842120 -4.40633909
v 3.61108439 13.07448797 -4.71015784
v 3.65158420 12.97677102 -4.62714923
v 3.55877399 13.02536743 -4.73105184
v 3.69531648 13.08157703 -4.64196829
v 3.57978106 12.97468209 -4.68799564
v 3.38983823 12.83325563 -4.65502654
v 3.57534797 12.89364802 -4.60815227
v 3.40748139 12.86040787 -4.69335193
v 3.46638222 12.83196208 -4.58492122
v 3.50370445 12.89173314 -4.66903846
v 3.82725248 13.10270241 -4.49523738
v 3.72607065 12.98649305 -4.55309268
v 3.83162213 13.06097980 -4.45977845
v 3.76987639 13.09130865 -4.56783871
v 3.77913957 13.00070253 -4.48978774
v 3.71662949 13.03015352 -4.59828504
v 3.60600632 12.86147007 -4.44010607
v 3.64983442 12.90337005 -4.53409573
v 3.68032953 12.89602024 -4.42207855
v 3.54094213 12.84169370 -4.51079164
v 3.70306296 12.91775358 -4.47083056
v 3.56400665 12.86374355 -4.56025366
v 3.80763421 13.38973299 -4.17714209
v 3.87685802 13.28145890 -4.19313040
v 3.83545272 13.38895466 -4.22052805
v 3.79856696 13.35369159 -4.14142628
v 3.86382876 13.06062657 -4.29765168
v 3.89607722 13.16890066 -4.23434609
v 3.88536033 13.09666798 -4.32755529
v 3.84847457 13.06140491 -4.24845352
v 3.85702917 13.37426957 -4.32530045
v 3.89752898 13.27655262 -4.24229183
v 3.85254807 13.38344808 -4.27135056
v 3.88458882 13.31228070 -4.34579263
v 3.87355514 13.33276274 -4.22829437
v 3.74883141 13.27083171 -4.09326962
v 3.86024657 13.24091036 -4.16233946
v 3.77856026 13.31271517 -4.11268318
v 3.77263129 13.20524847 -4.10569893
v 3.83635080 13.29719511 -4.14850940
v 3.89028109 13.17952786 -4.39660943
v 3.90898681 13.20944920 -4.26686323
v 3.89451877 13.13764439 -4.36135702
v 3.89605795 13.24511110 -4.37038826
v 3.90422134 13.15316446 -4.29405825
v 3.90590183 13.26085720 -4.30210937
v 3.78208334 13.07609000 -4.16457860
v 3.87170440 13.17380694 -4.18691086
v 3.82053096 13.06691149 -4.20268964
v 3.78410042 13.13807886 -4.13029457
v 3.86701700 13.11759683 -4.21427328
v 3.83126347 13.18950237 -4.14204691
v 2.50980008 17.96880171 -2.78861374
v 3.17472555 14.07462952 -4.21455101
v 2.61951664 18.07369155 -3.02390165
v 3.28444210 14.17951936 -4.44983891
v 2.34666468 17.96880171 -2.86468503
v 3.01159015 14.07462952 -4.29062229
v 2.45638123 18.07369155 -3.09997293
v 3.12130670 14.17951936 -4.52591020
v 2.09507988 17.83927664 -3.07008833
v 1.95880826 17.83927664 -3.13363283
v 2.04374812 17.79020309 -2.96000702
v 1.90747650 17.79020309 -3.02355152
v 2.01504349 17.62605917 -3.07633970
v 2.04676826 17.65638829 -3.14437369
v 1.95578812 17.97309144 -2.94926616
v 1.98751289 18.00342056 -3.01730015
v 1.87272122 17.92197873 -3.05896062
v 1.90934305 17.70750100 -3.13749639
v 2.09321333 17.92197873 -2.95614346
v 2.12983516 17.70750100 -3.03467923
v 2.03145024 17.84358457 -3.11152410
v 1.97110614 17.78589516 -2.98211575
v 2.03433243 17.68941378 -3.01314386
v 1.95423398 17.68941378 -3.05049438
v 2.08315183 17.73608550 -3.11783742
v 2.00305338 17.73608550 -3.15518794
v 2.03610762 17.61075942 -3.12151188
v 1.99950300 17.89339423 -2.93845191
v 1.91940455 17.89339423 -2.97580243
v 2.04832240 17.94006595 -3.04314546
v 1.96822395 17.94006595 -3.08049598
v 1.96644876 18.01872031 -2.97212797
v 1.90075110 17.89219564 -3.10498339
v 1.87057905 17.86335093 -3.04027922
v 1.89897591 17.97085001 -2.99661538
v 1.91762326 17.98867702 -3.03660476
v 1.92227687 17.76612879 -3.15114556
v 1.89210482 17.73728408 -3.08644139
v 1.95533111 17.64080271 -3.11746950
v 1.97397846 17.65862972 -3.15745888
v 1.87167618 17.81473986 -3.10725434
v 2.11045156 17.89219564 -3.00719846
v 2.08027951 17.86335093 -2.94249429
v 2.02857792 17.97085001 -2.93618097
v 2.04722527 17.98867702 -2.97617035
v 2.13197733 17.76612879 -3.05336063
v 2.10180528 17.73728408 -2.98865645
v 2.08493312 17.64080271 -3.05703509
v 2.10358047 17.65862972 -3.09702447
v 2.13088020 17.81473986 -2.98638551
v 3.09812045 17.06044220 -2.94956225
v 2.96184883 17.06044220 -3.01310675
v 3.04678869 17.01136865 -2.83948094
v 2.91051707 17.01136865 -2.90302544
v 3.01808405 16.84722473 -2.95581362
v 3.04980883 16.87755385 -3.02384761
v 2.95882869 17.19425700 -2.82874008
v 2.99055346 17.22458612 -2.89677407
v 2.87576179 17.14314429 -2.93843454
v 2.91238362 16.92866656 -3.01697031
v 3.09625390 17.14314429 -2.83561738
v 3.13287573 16.92866656 -2.91415315
v 3.03449081 17.06475013 -2.99099802
v 2.97414671 17.00706072 -2.86158967
v 3.03737300 16.91057934 -2.89261778
v 2.95727455 16.91057934 -2.92996831
v 3.08619240 16.95725106 -2.99731134
v 3.00609395 16.95725106 -3.03466186
v 3.03914819 16.83192498 -3.00098580
v 3.00254357 17.11455979 -2.81792583
v 2.92244512 17.11455979 -2.85527635
v 3.05136297 17.16123151 -2.92261939
v 2.97126452 17.16123151 -2.95996991
v 2.96948933 17.23988587 -2.85160189
v 2.90379167 17.11336120 -2.98445732
v 2.87361962 17.08451650 -2.91975314
v 2.90201648 17.19201557 -2.87608930
v 2.92066383 17.20984258 -2.91607868
v 2.92531744 16.98729435 -3.03061948
v 2.89514539 16.95844965 -2.96591531
v 2.95837168 16.86196827 -2.99694342
v 2.97701903 16.87979528 -3.03693280
v 2.87471675 17.03590543 -2.98672826
v 3.11349213 17.11336120 -2.88667238
v 3.08332008 17.08451650 -2.82196821
v 3.03161849 17.19201557 -2.81565489
v 3.05026584 17.20984258 -2.85564427
v 3.13501790 16.98729435 -2.93283455
v 3.10484585 16.95844965 -2.86813038
v 3.08797369 16.86196827 -2.93650901
v 3.10662104 16.87979528 -2.97649839
v 3.13392077 17.03590543 -2.86585943
v 2.36105007 16.28160776 -3.64046324
v 2.22477845 16.28160776 -3.70400774
v 2.30971831 16.23253421 -3.53038192
v 2.17344669 16.23253421 -3.59392642
v 2.28101367 16.06839029 -3.64671460
v 2.31273845 16.09871942 -3.71474860
v 2.22175831 16.41542256 -3.51964106
v 2.25348308 16.44575168 -3.58767506
v 2.13869140 16.36430986 -3.62933553
v 2.17531323 16.14983212 -3.70787129
v 2.35918352 16.36430986 -3.52651837
v 2.39580535 16.14983212 -3.60505413
v 2.29742043 16.28591570 -3.68189900
v 2.23707633 16.22822628 -3.55249066
v 2.30030261 16.13174491 -3.58351877
v 2.22020416 16.13174491 -3.62086929
v 2.34912202 16.17841662 -3.68821232
v 2.26902357 16.17841662 -3.72556284
v 2.30207781 16.05309054 -3.69188678
v 2.26547318 16.33572535 -3.50882682
v 2.18537473 16.33572535 -3.54617734
v 2.31429259 16.38239707 -3.61352037
v 2.23419414 16.38239707 -3.65087089
v 2.23241895 16.46105144 -3.54250288
v 2.16672129 16.33452677 -3.67535830
v 2.13654923 16.30568206 -3.61065413
v 2.16494609 16.41318113 -3.56699029
v 2.18359345 16.43100814 -3.60697967
v 2.18824706 16.20845992 -3.72152047
v 2.15807501 16.17961521 -3.65681629
v 2.22130129 16.08313383 -3.68784440
v 2.23994865 16.10096084 -3.72783378
v 2.13764636 16.25707099 -3.67762924
v 2.37642175 16.33452677 -3.57757337
v 2.34624970 16.30568206 -3.51286919
v 2.29454811 16.41318113 -3.50655588
v 2.31319546 16.43100814 -3.54654525
v 2.39794752 16.20845992 -3.62373553
v 2.36777547 16.17961521 -3.55903136
v 2.35090331 16.08313383 -3.62740999
v 2.36955066 16.10096084 -3.66739937
v 2.39685039 16.25707099 -3.55676042
v 3.36409064 15.50277332 -3.51993716
v 3.22781902 15.50277332 -3.58348166
v 3.31275888 15.45369978 -3.40985584
v 3.17648725 15.45369978 -3.47340034
v 3.28405424 15.28955586 -3.52618852
v 3.31577901 15.31988498 -3.59422252
v 3.22479888 15.63658812 -3.39911498
v 3.25652365 15.66691724 -3.46714898
v 3.14173197 15.58547542 -3.50880945
v 3.17835380 15.37099768 -3.58734522
v 3.36222409 15.58547542 -3.40599229
v 3.39884592 15.37099768 -3.48452805
v 3.30046100 15.50708126 -3.56137293
v 3.24011689 15.44939184 -3.43196458
v 3.30334318 15.35291047 -3.46299269
v 3.22324473 15.35291047 -3.50034321
v 3.35216259 15.39958219 -3.56768624
v 3.27206414 15.39958219 -3.60503676
v 3.30511838 15.27425610 -3.57136070
v 3.26851375 15.55689092 -3.38830074
v 3.18841530 15.55689092 -3.42565126
v 3.31733316 15.60356263 -3.49299429
v 3.23723471 15.60356263 -3.53034481
v 3.23545952 15.68221700 -3.42197680
v 3.16976185 15.55569233 -3.55483222
v 3.13958980 15.52684762 -3.49012805
v 3.16798666 15.63434669 -3.44646421
v 3.18663402 15.65217370 -3.48645359
v 3.19128763 15.42962548 -3.60099439
v 3.16111557 15.40078077 -3.53629021
v 3.22434186 15.30429940 -3.56731833
v 3.24298922 15.32212641 -3.60730771
v 3.14068693 15.47823655 -3.55710316
v 3.37946232 15.55569233 -3.45704729
v 3.34929027 15.52684762 -3.39234312
v 3.29758868 15.63434669 -3.38602980
v 3.31623603 15.65217370 -3.42601918
v 3.40098809 15.42962548 -3.50320946
v 3.37081604 15.40078077 -3.43850528
v 3.35394388 15.30429940 -3.50688391
v 3.37259123 15.32212641 -3.54687329
v 3.39989096 15.47823655 -3.43623434
v 2.62702025 14.72393889 -4.21083814
v 2.49074863 14.72393889 -4.27438264
v 2.57568849 14.67486534 -4.10075683
v 2.43941687 14.67486534 -4.16430133
v 2.54698386 14.51072142 -4.21708951
v 2.57870863 14.54105054 -4.28512350
v 2.48772850 14.85775369 -4.09001597
v 2.51945327 14.88808281 -4.15804996
v 2.40466159 14.80664098 -4.19971043
v 2.44128342 14.59216324 -4.27824620
v 2.62515371 14.80664098 -4.09689327
v 2.66177554 14.59216324 -4.17542904
v 2.56339062 14.72824682 -4.25227391
v 2.50304651 14.67055740 -4.12286556
v 2.56627280 14.57407603 -4.15389368
v 2.48617435 14.57407603 -4.19124420
v 2.61509221 14.62074775 -4.25858723
v 2.53499376 14.62074775 -4.29593775
v 2.56804799 14.49542166 -4.26226169
v 2.53144337 14.77805648 -4.07920172
v 2.45134492 14.77805648 -4.11655224
v 2.58026278 14.82472820 -4.18389528
v 2.50016433 14.82472820 -4.22124580
v 2.49838913 14.90338256 -4.11287778
v 2.43269147 14.77685789 -4.24573321
v 2.40251942 14.74801318 -4.18102903
v 2.43091628 14.85551226 -4.13736519
v 2.44956363 14.87333927 -4.17735457
v 2.45421724 14.65079104 -4.29189537
v 2.42404519 14.62194633 -4.22719120
v 2.48727148 14.52546496 -4.25821931
v 2.50591883 14.54329197 -4.29820869
v 2.40361655 14.69940211 -4.24800415
v 2.64239194 14.77685789 -4.14794827
v 2.61221988 14.74801318 -4.08324410
v 2.56051829 14.85551226 -4.07693078
v 2.57916565 14.87333927 -4.11692016
v 2.66391771 14.65079104 -4.19411044
v 2.63374565 14.62194633 -4.12940627
v 2.61687349 14.52546496 -4.19778490
v 2.63552085 14.54329197 -4.23777428
v 2.66282058 14.69940211 -4.12713532
v 3.63006082 13.94510445 -4.09031207
v 3.49378920 13.94510445 -4.15385657
v 3.57872906 13.89603090 -3.98023075
v 3.44245744 13.89603090 -4.04377525
v 3.55002443 13.73188698 -4.09656343
v 3.58174920 13.76221610 -4.16459742
v 3.49076906 14.07891925 -3.96948989
v 3.52249384 14.10924837 -4.03752389
v 3.40770216 14.02780654 -4.07918436
v 3.44432399 13.81332881 -4.15772012
v 3.62819428 14.02780654 -3.97636719
v 3.66481610 13.81332881 -4.05490296
v 3.56643118 13.94941238 -4.13174783
v 3.50608708 13.89172297 -4.00233948
v 3.56931337 13.79524159 -4.03336760
v 3.48921492 13.79524159 -4.07071812
v 3.61813277 13.84191331 -4.13806115
v 3.53803433 13.84191331 -4.17541167
v 3.57108856 13.71658723 -4.14173561
v 3.53448394 13.99922204 -3.95867565
v 3.45438549 13.99922204 -3.99602617
v 3.58330335 14.04589376 -4.06336920
v 3.50320490 14.04589376 -4.10071972
v 3.50142970 14.12454812 -3.99235171
v 3.43573204 13.99802345 -4.12520713
v 3.40555999 13.96917875 -4.06050295
v 3.43395685 14.07667782 -4.01683912
v 3.45260420 14.09450483 -4.05682849
v 3.45725781 13.87195660 -4.17136929
v 3.42708576 13.84311190 -4.10666512
v 3.49031205 13.74663052 -4.13769323
v 3.50895940 13.76445753 -4.17768261
v 3.40665712 13.92056767 -4.12747807
v 3.64543250 13.99802345 -4.02742220
v 3.61526045 13.96917875 -3.96271802
v 3.56355886 14.07667782 -3.95640470
v 3.58220622 14.09450483 -3.99639408
v 3.66695828 13.87195660 -4.07358436
v 3.63678622 13.84311190 -4.00888019
v 3.61991406 13.74663052 -4.07725882
v 3.63856142 13.76445753 -4.11724820
v 3.66586115 13.92056767 -4.00660925
f 2 1 27
f 2 27 3
f 3 27 28
f 3 28 4
f 4 28 29
f 4 29 5
f 5 29 30
f 5 30 6
f 6 30 31
f 6 31 7
f 7 31 32
f 7 32 8
f 8 32 33
f 8 33 9
f 9 33 34
f 9 34 10
f 10 34 35
f 10 35 11
f 11 35 36
f 11 36 12
f 12 36 37
f 12 37 13
f 13 37 38
f 13 38 14
f 14 38 39
f 14 39 15
f 15 39 40
f 15 40 16
f 16 40 41
f 16 41 17
f 17 41 42
f 17 42 18
f 18 42 43
f 18 43 19
f 19 43 44
f 19 44 20
f 20 44 45
f 20 45 21
f 21 45 46
f 21 46 22
f 22 46 47
f 22 47 23
f 23 47 48
f 23 48 24
f 24 48 49
f 24 49 25
f 25 49 50
f 25 50 26
f 27 1 51
f 27 51 28
f 28 51 52
f 28 52 29
f 29 52 53
f 29 53 30
f 30 53 54
f 30 54 31
f 31 54 55
f 31 55 32
f 32 55 56
f 32 56 33
f 33 56 57
f 33 57 34
f 34 57 58
f 34 58 35
f 35 58 59
f 35 59 36
f 36 59 60
f 36 60 37
f 37 60 61
f 37 61 38
f 38 61 62
f 38 62 39
f 39 62 63
f 39 63 40
f 40 63 64
f 40 64 41
f 41 64 65
f 41 65 42
f 42 65 66
f 42 66 43
f 43 66 67
f 43 67 44
f 44 67 68
f 44 68 45
f 45 68 69
f 45 69 46
f 46 69 70
f 46 70 47
f 47 70 71
f 47 71 48
f 48 71 72
f 48 72 49
f 49 72 73
f 49 73 50
f 50 73 74
f 50 74 26
f 51 1 75
f 51 75 52
f 52 75 76
f 52 76 53
f 53 76 77
f 53 77 54
f 54 77 78
f 54 78 55
f 55 78 79
f 55 79 56
f 56 79 80
f 56 80 57
f 57 80 81
f 57 81 58
f 58 81 82
f 58 82 59
f 59 82 83
f 59 83 60
f 60 83 84
f 60 84 61
f 61 84 85
f 61 85 62
f 62 85 86
f 62 86 63
f 63 86 87
f 63 87 64
f 64 87 88
f 64 88 65
f 65 88 89
f 65 89 66
f 66 89 90
f 66 90 67
f 67 90 91
f 67 91 68
f 68 91 92
f 68 92 69
f 69 92 93
f 69 93 70
f 70 93 94
f 70 94 71
f 71 94 95
f 71 95 72
f 72 95 96
f 72 96 73
f 73 96 97
f 73 97 74
f 74 97 98
f 74 98 26
f 75 1 99
f 75 99 76
f 76 99 100
f 76 100 77
f 77 100 101
f 77 101 78
f 78 101 102
f 78 102 79
f 79 102 103
f 79 103 80
f 80 103 104
f 80 104 81
f 81 104 105
f 81 105 82
f 82 105 106
f 82 106 83
f 83 106 107
f 83 107 84
f 84 107 108
f 84 108 85
f 85 108 109
f 85 109 86
f 86 109 110
f 86 110 87
f 87 110 111
f 87 111 88
f 88 111 112
f 88 112 89
f 89 112 113
f 89 113 90
f 90 113 114
f 90 114 91
f 91 114 115
f 91 115 92
f 92 115 116
f 92 116 93
f 93 116 117
f 93 117 94
f 94 117 118
f 94 118 95
f 95 118 119
f 95 119 96
f 96 119 120
f 96 120 97
f 97 120 121
f 97 121 98
f 98 121 122
f 98 122 26
f 99 1 123
f 99 123 100
f 100 123 124
f 100 124 101
f 101 124 125
f 101 125 102
f 102 125 126
f 102 126 103
f 103 126 127
f 103 127 104
f 104 127 128
f 104 128 105
f 105 128 129
f 105 129 106
f 106 129 130
f 106 130 107
f 107 130 131
f 107 131 108
f 108 131 132
f 108 132 109
f 109 132 133
f 109 133 110
f 110 133 134
f 110 134 111
f 111 134 135
f 111 135 112
f 112 135 136
f 112 136 113
f 113 136 137
f 113 137 114
f 114 137 138
f 114 138 115
f 115 138 139
f 115 139 116
f 116 139 140
f 116 140 117
f 117 140 141
f 117 141 118
f 118 141 142
f 118 142 119
f 119 142 143
f 119 143 120
f 120 143 144
f 120 144 121
f 121 144 145
f 121 145 122
f 122 145 146
f 122 146 26
f 123 1 147
f 123 147 124
f 124 147 148
f 124 148 125
f 125 148 149
f 125 149 126
f 126 149 150
f 126 150 127
f 127 150 151
f 127 151 128
f 128 151 152
f 128 152 129
f 129 152 153
f 129 153 130
f 130 153 154
f 130 154 131
f 131 154 155
f 131 155 132
f 132 155 156
f 132 156 133
f 133 156 157
f 133 157 134
f 134 157 158
f 134 158 135
f 135 158 159
f 135 159 136
f 136 159 160
f 136 160 137
f 137 160 161
f 137 161 138
f 138 161 162
f 138 162 139
f 139 162 163
f 139 163 140
f 140 163 164
f 140 164 141
f 141 164 165
f 141 165 142
f 142 165 166
f 142 166 143
f 143 166 167
f 143 167 144
f 144 167 168
f 144 168 145
f 145 168 169
f 145 169 146
f 146 169 170
f 146 170 26
f 147 1 171
f 147 171 148
f 148 171 172
f 148 172 149
f 149 172 173
f 149 173 150
f 150 173 174
f 150 174 151
f 151 174 175
f 151 175 152
f 152 175 176
f 152 176 153
f 153 176 177
f 153 177 154
f 154 177 178
f 154 178 155
f 155 178 179
f 155 179 156
f 156 179 180
f 156 180 157
f 157 180 181
f 157 181 158
f 158 181 182
f 158 182 159
f 159 182 183
f 159 183 160
f 160 183 184
f 160 184 161
f 161 184 185
f 161 185 162
f 162 185 186
f 162 186 163
f 163 186 187
f 163 187 164
f 164 187 188
f 164 188 165
f 165 188 189
f 165 189 166
f 166 189 190
f 166 190 167
f 167 190 191
f 167 191 168
f 168 191 192
f 168 192 169
f 169 192 193
f 169 193 170
f 170 193 194
f 170 194 26
f 171 1 195
f 171 195 172
f 172 195 196
f 172 196 173
f 173 196 197
f 173 197 174
f 174 197 198
f 174 198 175
f 175 198 199
f 175 199 176
f 176 199 200
f 176 200 177
f 177 200 201
f 177 201 178
f 178 201 202
f 178 202 179
f 179 202 203
f 179 203 180
f 180 203 204
f 180 204 181
f 181 204 205
f 181 205 182
f 182 205 206
f 182 206 183
f 183 206 207
f 183 207 184
f 184 207 208
f 184 208 185
f 185 208 209
f 185 209 186
f 186 209 210
f 186 210 187
f 187 210 211
f 187 211 188
f 188 211 212
f 188 212 189
f 189 212 213
f 189 213 190
f 190 213 214
f 190 214 191
f 191 214 215
f 191 215 192
f 192 215 216
f 192 216 193
f 193 216 217
f 193 217 194
f 194 217 218
f 194 218 26
f 195 1 219
f 195 219 196
f 196 219 220
f 196 220 197
f 197 220 221
f 197 221 198
f 198 221 222
f 198 222 199
f 199 222 223
f 199 223 200
f 200 223 224
f 200 224 201
f 201 224 225
f 201 225 202
f 202 225 226
f 202 226 203
f 203 226 227
f 203 227 204
f 204 227 228
f 204 228 205
f 205 228 229
f 205 229 206
f 206 229 230
f 206 230 207
f 207 230 231
f 207 231 208
f 208 231 232
f 208 232 209
f 209 232 233
f 209 233 210
f 210 233 234
f 210 234 211
f 211 234 235
f 211 235 212
f 212 235 236
f 212 236 213
f 213 236 237
f 213 237 214
f 214 237 238
f 214 238 215
f 215 238 239
f 215 239 216
f 216 239 240
f 216 240 217
f 217 240 241
f 217 241 218
f 218 241 242
f 218 242 26
f 219 1 243
f 219 243 220
f 220 243 244
f 220 244 221
f 221 244 245
f 221 245 222
f 222 245 246
f 222 246 223
f 223 246 247
f 223 247 224
f 224 247 248
f 224 248 225
f 225 248 249
f 225 249 226
f 226 249 250
f 226 250 227
f 227 250 251
f 227 251 228
f 228 251 252
f 228 252 229
f 229 252 253
f 229 253 230
f 230 253 254
f 230 254 231
f 231 254 255
f 231 255 232
f 232 255 256
f 232 256 233
f 233 256 257
f 233 257 234
f 234 257 258
f 234 258 235
f 235 258 259
f 235 259 236
f 236 259 260
f 236 260 237
f 237 260 261
f 237 261 238
f 238 261 262
f 238 262 239
f 239 262 263
f 239 263 240
f 240 263 264
f 240 264 241
f 241 264 265
f 241 265 242
f 242 265 266
f 242 266 26
f 243 1 267
f 243 267 244
f 244 267 268
f 244 268 245
f 245 268 269
f 245 269 246
f 246 269 270
f 246 270 247
f 247 270 271
f 247 271 248
f 248 271 272
f 248 272 249
f 249 272 273
f 249 273 250
f 250 273 274
f 250 274 251
f 251 274 275
f 251 275 252
f 252 275 276
f 252 276 253
f 253 276 277
f 253 277 254
f 254 277 278
f 254 278 255
f 255 278 279
f 255 279 256
f 256 279 280
f 256 280 257
f 257 280 281
f 257 281 258
f 258 281 282
f 258 282 259
f 259 282 283
f 259 283 260
f 260 283 284
f 260 284 261
f 261 284 285
f 261 285 262
f 262 285 286
f 262 286 263
f 263 286 287
f 263 287 264
f 264 287 288
f 264 288 265
f 265 288 289
f 265 289 266
f 266 289 290
f 266 290 26
f 267 1 2
f 267 2 268
f 268 2 3
f 268 3 269
f 269 3 4
f 269 4 270
f 270 4 5
f 270 5 271
f 271 5 6
f 271 6 272
f 272 6 7
f 272 7 273
f 273 7 8
f 273 8 274
f 274 8 9
f 274 9 275
f 275 9 10
f 275 10 276
f 276 10 11
f 276 11 277
f 277 11 12
f 277 12 278
f 278 12 13
f 278 13 279
f 279 13 14
f 279 14 280
f 280 14 15
f 280 15 281
f 281 15 16
f 281 16 282
f 282 16 17
f 282 17 283
f 283 17 18
f 283 18 284
f 284 18 19
f 284 19 285
f 285 19 20
f 285 20 286
f 286 20 21
f 286 21 287
f 287 21 22
f 287 22 288
f 288 22 23
f 288 23 289
f 289 23 24
f 289 24 290
f 290 24 25
f 290 25 26
f 291 428 344
f 428 328 430
f 344 430 307
f 428 430 344
f 328 429 445
f 429 302 442
f 445 442 331
f 429 442 445
f 307 443 345
f 443 331 441
f 345 441 296
f 443 441 345
f 328 445 430
f 445 331 443
f 430 443 307
f 445 443 430
f 291 344 333
f 344 307 346
f 333 346 303
f 344 346 333
f 307 345 350
f 345 296 348
f 350 348 308
f 345 348 350
f 303 349 334
f 349 308 347
f 334 347 292
f 349 347 334
f 307 350 346
f 350 308 349
f 346 349 303
f 350 349 346
f 291 333 360
f 333 303 362
f 360 362 312
f 333 362 360
f 303 334 365
f 334 292 363
f 365 363 313
f 334 363 365
f 312 366 361
f 366 313 364
f 361 364 298
f 366 364 361
f 303 365 362
f 365 313 366
f 362 366 312
f 365 366 362
f 291 360 411
f 360 312 413
f 411 413 324
f 360 413 411
f 312 361 424
f 361 298 422
f 424 422 327
f 361 422 424
f 324 426 412
f 426 327 423
f 412 423 301
f 426 423 412
f 312 424 413
f 424 327 426
f 413 426 324
f 424 426 413
f 291 411 428
f 411 324 431
f 428 431 328
f 411 431 428
f 324 412 449
f 412 301 447
f 449 447 332
f 412 447 449
f 328 451 429
f 451 332 448
f 429 448 302
f 451 448 429
f 324 449 431
f 449 332 451
f 431 451 328
f 449 451 431
f 292 347 386
f 347 308 388
f 386 388 319
f 347 388 386
f 308 348 401
f 348 296 399
f 401 399 322
f 348 399 401
f 319 403 387
f 403 322 400
f 387 400 300
f 403 400 387
f 308 401 388
f 401 322 403
f 388 403 319
f 401 403 388
f 296 441 352
f 441 331 444
f 352 444 309
f 441 444 352
f 331 442 446
f 442 302 437
f 446 437 330
f 442 437 446
f 309 439 351
f 439 330 436
f 351 436 295
f 439 436 351
f 331 446 444
f 446 330 439
f 444 439 309
f 446 439 444
f 302 448 433
f 448 332 452
f 433 452 329
f 448 452 433
f 332 447 450
f 447 301 415
f 450 415 325
f 447 415 450
f 329 435 432
f 435 325 414
f 432 414 293
f 435 414 432
f 332 450 452
f 450 325 435
f 452 435 329
f 450 435 452
f 301 423 418
f 423 327 427
f 418 427 326
f 423 427 418
f 327 422 425
f 422 298 368
f 425 368 314
f 422 368 425
f 326 420 417
f 420 314 367
f 417 367 297
f 420 367 417
f 327 425 427
f 425 314 420
f 427 420 326
f 425 420 427
f 298 364 380
f 364 313 382
f 380 382 318
f 364 382 380
f 313 363 371
f 363 292 369
f 371 369 315
f 363 369 371
f 318 384 381
f 384 315 370
f 381 370 299
f 384 370 381
f 313 371 382
f 371 315 384
f 382 384 318
f 371 384 382
f 294 390 340
f 390 320 392
f 340 392 306
f 390 392 340
f 320 391 398
f 391 300 395
f 398 395 321
f 391 395 398
f 306 396 341
f 396 321 394
f 341 394 295
f 396 394 341
f 320 398 392
f 398 321 396
f 392 396 306
f 398 396 392
f 294 340 336
f 340 306 342
f 336 342 304
f 340 342 336
f 306 341 343
f 341 295 338
f 343 338 305
f 341 338 343
f 304 339 335
f 339 305 337
f 335 337 293
f 339 337 335
f 306 343 342
f 343 305 339
f 342 339 304
f 343 339 342
f 294 336 356
f 336 304 358
f 356 358 311
f 336 358 356
f 304 335 355
f 335 293 353
f 355 353 310
f 335 353 355
f 311 359 357
f 359 310 354
f 357 354 297
f 359 354 357
f 304 355 358
f 355 310 359
f 358 359 311
f 355 359 358
f 294 356 372
f 356 311 374
f 372 374 316
f 356 374 372
f 311 357 377
f 357 297 375
f 377 375 317
f 357 375 377
f 316 379 373
f 379 317 376
f 373 376 299
f 379 376 373
f 311 377 374
f 377 317 379
f 374 379 316
f 377 379 374
f 294 372 390
f 372 316 393
f 390 393 320
f 372 393 390
f 316 373 408
f 373 299 405
f 408 405 323
f 373 405 408
f 320 410 391
f 410 323 406
f 391 406 300
f 410 406 391
f 316 408 393
f 408 323 410
f 393 410 320
f 408 410 393
f 295 394 351
f 394 321 397
f 351 397 309
f 394 397 351
f 321 395 404
f 395 300 400
f 404 400 322
f 395 400 404
f 309 402 352
f 402 322 399
f 352 399 296
f 402 399 352
f 321 404 397
f 404 322 402
f 397 402 309
f 404 402 397
f 293 337 432
f 337 305 434
f 432 434 329
f 337 434 432
f 305 338 438
f 338 295 436
f 438 436 330
f 338 436 438
f 329 440 433
f 440 330 437
f 433 437 302
f 440 437 433
f 305 438 434
f 438 330 440
f 434 440 329
f 438 440 434
f 297 354 417
f 354 310 419
f 417 419 326
f 354 419 417
f 310 353 416
f 353 293 414
f 416 414 325
f 353 414 416
f 326 421 418
f 421 325 415
f 418 415 301
f 421 415 418
f 310 416 419
f 416 325 421
f 419 421 326
f 416 421 419
f 299 376 381
f 376 317 385
f 381 385 318
f 376 385 381
f 317 375 378
f 375 297 367
f 378 367 314
f 375 367 378
f 318 383 380
f 383 314 368
f 380 368 298
f 383 368 380
f 317 378 385
f 378 314 383
f 385 383 318
f 378 383 385
f 300 406 387
f 406 323 409
f 387 409 319
f 406 409 387
f 323 405 407
f 405 299 370
f 407 370 315
f 405 370 407
f 319 389 386
f 389 315 369
f 386 369 292
f 389 369 386
f 323 407 409
f 407 315 389
f 409 389 319
f 407 389 409
f 453 985 649
f 985 590 987
f 649 987 506
f 985 987 649
f 590 986 994
f 986 490 992
f 994 992 592
f 986 992 994
f 506 993 650
f 993 592 991
f 650 991 469
f 993 991 650
f 590 994 987
f 994 592 993
f 987 993 506
f 994 993 987
f 490 990 1053
f 990 591 1055
f 1053 1055 607
f 990 1055 1053
f 591 989 1041
f 989 464 1039
f 1041 1039 604
f 989 1039 1041
f 607 1057 1054
f 1057 604 1040
f 1054 1040 493
f 1057 1040 1054
f 591 1041 1055
f 1041 604 1057
f 1055 1057 607
f 1041 1057 1055
f 469 1043 653
f 1043 605 1045
f 653 1045 507
f 1043 1045 653
f 605 1044 1047
f 1044 493 1036
f 1047 1036 603
f 1044 1036 1047
f 507 1037 652
f 1037 603 1035
f 652 1035 458
f 1037 1035 652
f 605 1047 1045
f 1047 603 1037
f 1045 1037 507
f 1047 1037 1045
f 490 1053 992
f 1053 607 1056
f 992 1056 592
f 1053 1056 992
f 607 1054 1058
f 1054 493 1044
f 1058 1044 605
f 1054 1044 1058
f 592 1046 991
f 1046 605 1043
f 991 1043 469
f 1046 1043 991
f 607 1058 1056
f 1058 605 1046
f 1056 1046 592
f 1058 1046 1056
f 453 649 615
f 649 506 651
f 615 651 495
f 649 651 615
f 506 650 657
f 650 469 655
f 657 655 508
f 650 655 657
f 495 656 616
f 656 508 654
f 616 654 465
f 656 654 616
f 506 657 651
f 657 508 656
f 651 656 495
f 657 656 651
f 469 653 669
f 653 507 671
f 669 671 512
f 653 671 669
f 507 652 663
f 652 458 661
f 663 661 510
f 652 661 663
f 512 673 670
f 673 510 662
f 670 662 470
f 673 662 670
f 507 663 671
f 663 510 673
f 671 673 512
f 663 673 671
f 465 664 618
f 664 511 666
f 618 666 496
f 664 666 618
f 511 665 668
f 665 470 659
f 668 659 509
f 665 659 668
f 496 660 617
f 660 509 658
f 617 658 454
f 660 658 617
f 511 668 666
f 668 509 660
f 666 660 496
f 668 660 666
f 469 669 655
f 669 512 672
f 655 672 508
f 669 672 655
f 512 670 674
f 670 470 665
f 674 665 511
f 670 665 674
f 508 667 654
f 667 511 664
f 654 664 465
f 667 664 654
f 512 674 672
f 674 511 667
f 672 667 508
f 674 667 672
f 453 615 705
f 615 495 707
f 705 707 522
f 615 707 705
f 495 616 712
f 616 465 710
f 712 710 524
f 616 710 712
f 522 713 706
f 713 524 711
f 706 711 474
f 713 711 706
f 495 712 707
f 712 524 713
f 707 713 522
f 712 713 707
f 465 618 720
f 618 496 722
f 720 722 527
f 618 722 720
f 496 617 716
f 617 454 714
f 716 714 525
f 617 714 716
f 527 724 721
f 724 525 715
f 721 715 475
f 724 715 721
f 496 716 722
f 716 525 724
f 722 724 527
f 716 724 722
f 474 725 709
f 725 528 727
f 709 727 523
f 725 727 709
f 528 726 729
f 726 475 718
f 729 718 526
f 726 718 729
f 523 719 708
f 719 526 717
f 708 717 460
f 719 717 708
f 528 729 727
f 729 526 719
f 727 719 523
f 729 719 727
f 465 720 710
f 720 527 723
f 710 723 524
f 720 723 710
f 527 721 730
f 721 475 726
f 730 726 528
f 721 726 730
f 524 728 711
f 728 528 725
f 711 725 474
f 728 725 711
f 527 730 723
f 730 528 728
f 723 728 524
f 730 728 723
f 453 705 915
f 705 522 917
f 915 917 573
f 705 917 915
f 522 706 922
f 706 474 920
f 922 920 575
f 706 920 922
f 573 923 916
f 923 575 921
f 916 921 486
f 923 921 916
f 522 922 917
f 922 575 923
f 917 923 573
f 922 923 917
f 474 709 963
f 709 523 965
f 963 965 586
f 709 965 963
f 523 708 957
f 708 460 955
f 957 955 584
f 708 955 957
f 586 967 964
f 967 584 956
f 964 956 489
f 967 956 964
f 523 957 965
f 957 584 967
f 965 967 586
f 957 967 965
f 486 973 919
f 973 588 975
f 919 975 574
f 973 975 919
f 588 974 977
f 974 489 960
f 977 960 585
f 974 960 977
f 574 961 918
f 961 585 959
f 918 959 463
f 961 959 918
f 588 977 975
f 977 585 961
f 975 961 574
f 977 961 975
f 474 963 920
f 963 586 966
f 920 966 575
f 963 966 920
f 586 964 978
f 964 489 974
f 978 974 588
f 964 974 978
f 575 976 921
f 976 588 973
f 921 973 486
f 976 973 921
f 586 978 966
f 978 588 976
f 966 976 575
f 978 976 966
f 453 915 985
f 915 573 988
f 985 988 590
f 915 988 985
f 573 916 997
f 916 486 995
f 997 995 593
f 916 995 997
f 590 998 986
f 998 593 996
f 986 996 490
f 998 996 986
f 573 997 988
f 997 593 998
f 988 998 590
f 997 998 988
f 486 919 1073
f 919 574 1075
f 1073 1075 611
f 919 1075 1073
f 574 918 1067
f 918 463 1065
f 1067 1065 609
f 918 1065 1067
f 611 1077 1074
f 1077 609 1066
f 1074 1066 494
f 1077 1066 1074
f 574 1067 1075
f 1067 609 1077
f 1075 1077 611
f 1067 1077 1075
f 490 1083 990
f 1083 613 1085
f 990 1085 591
f 1083 1085 990
f 613 1084 1087
f 1084 494 1070
f 1087 1070 610
f 1084 1070 1087
f 591 1071 989
f 1071 610 1069
f 989 1069 464
f 1071 1069 989
f 613 1087 1085
f 1087 610 1071
f 1085 1071 591
f 1087 1071 1085
f 486 1073 995
f 1073 611 1076
f 995 1076 593
f 1073 1076 995
f 611 1074 1088
f 1074 494 1084
f 1088 1084 613
f 1074 1084 1088
f 593 1086 996
f 1086 613 1083
f 996 1083 490
f 1086 1083 996
f 611 1088 1076
f 1088 613 1086
f 1076 1086 593
f 1088 1086 1076
f 454 658 805
f 658 509 807
f 805 807 548
f 658 807 805
f 509 659 813
f 659 470 811
f 813 811 550
f 659 811 813
f 548 814 806
f 814 550 812
f 806 812 481
f 814 812 806
f 509 813 807
f 813 550 814
f 807 814 548
f 813 814 807
f 470 662 863
f 662 510 865
f 863 865 563
f 662 865 863
f 510 661 857
f 661 458 855
f 857 855 561
f 661 855 857
f 563 867 864
f 867 561 856
f 864 856 484
f 867 856 864
f 510 857 865
f 857 561 867
f 865 867 563
f 857 867 865
f 481 873 810
f 873 565 875
f 810 875 549
f 873 875 810
f 565 874 877
f 874 484 860
f 877 860 562
f 874 860 877
f 549 861 809
f 861 562 859
f 809 859 462
f 861 859 809
f 565 877 875
f 877 562 861
f 875 861 549
f 877 861 875
f 470 863 811
f 863 563 866
f 811 866 550
f 863 866 811
f 563 864 878
f 864 484 874
f 878 874 565
f 864 874 878
f 550 876 812
f 876 565 873
f 812 873 481
f 876 873 812
f 563 878 866
f 878 565 876
f 866 876 550
f 878 876 866
f 458 1035 677
f 1035 603 1038
f 677 1038 514
f 1035 1038 677
f 603 1036 1052
f 1036 493 1049
f 1052 1049 606
f 1036 1049 1052
f 514 1050 678
f 1050 606 1048
f 678 1048 471
f 1050 1048 678
f 603 1052 1038
f 1052 606 1050
f 1038 1050 514
f 1052 1050 1038
f 493 1040 1060
f 1040 604 1063
f 1060 1063 608
f 1040 1063 1060
f 604 1039 1042
f 1039 464 1017
f 1042 1017 599
f 1039 1017 1042
f 608 1061 1059
f 1061 599 1018
f 1059 1018 492
f 1061 1018 1059
f 604 1042 1063
f 1042 599 1061
f 1063 1061 608
f 1042 1061 1063
f 471 1025 676
f 1025 601 1027
f 676 1027 513
f 1025 1027 676
f 601 1026 1028
f 1026 492 1014
f 1028 1014 598
f 1026 1014 1028
f 513 1016 675
f 1016 598 1013
f 675 1013 457
f 1016 1013 675
f 601 1028 1027
f 1028 598 1016
f 1027 1016 513
f 1028 1016 1027
f 493 1060 1049
f 1060 608 1064
f 1049 1064 606
f 1060 1064 1049
f 608 1059 1062
f 1059 492 1026
f 1062 1026 601
f 1059 1026 1062
f 606 1051 1048
f 1051 601 1025
f 1048 1025 471
f 1051 1025 1048
f 608 1062 1064
f 1062 601 1051
f 1064 1051 606
f 1062 1051 1064
f 464 1069 1003
f 1069 610 1072
f 1003 1072 595
f 1069 1072 1003
f 610 1070 1093
f 1070 494 1090
f 1093 1090 614
f 1070 1090 1093
f 595 1091 1004
f 1091 614 1089
f 1004 1089 491
f 1091 1089 1004
f 610 1093 1072
f 1093 614 1091
f 1072 1091 595
f 1093 1091 1072
f 494 1066 1079
f 1066 609 1082
f 1079 1082 612
f 1066 1082 1079
f 609 1065 1068
f 1065 463 927
f 1068 927 577
f 1065 927 1068
f 612 1080 1078
f 1080 577 928
f 1078 928 487
f 1080 928 1078
f 609 1068 1082
f 1068 577 1080
f 1082 1080 612
f 1068 1080 1082
f 491 1010 1000
f 1010 597 1012
f 1000 1012 594
f 1010 1012 1000
f 597 1009 1011
f 1009 487 925
f 1011 925 576
f 1009 925 1011
f 594 1002 999
f 1002 576 924
f 999 924 455
f 1002 924 999
f 597 1011 1012
f 1011 576 1002
f 1012 1002 594
f 1011 1002 1012
f 494 1079 1090
f 1079 612 1094
f 1090 1094 614
f 1079 1094 1090
f 612 1078 1081
f 1078 487 1009
f 1081 1009 597
f 1078 1009 1081
f 614 1092 1089
f 1092 597 1010
f 1089 1010 491
f 1092 1010 1089
f 612 1081 1094
f 1081 597 1092
f 1094 1092 614
f 1081 1092 1094
f 463 959 937
f 959 585 962
f 937 962 580
f 959 962 937
f 585 960 983
f 960 489 980
f 983 980 589
f 960 980 983
f 580 981 938
f 981 589 979
f 938 979 488
f 981 979 938
f 585 983 962
f 983 589 981
f 962 981 580
f 983 981 962
f 489 956 969
f 956 584 972
f 969 972 587
f 956 972 969
f 584 955 958
f 955 460 733
f 958 733 530
f 955 733 958
f 587 970 968
f 970 530 734
f 968 734 476
f 970 734 968
f 584 958 972
f 958 530 970
f 972 970 587
f 958 970 972
f 488 946 934
f 946 582 948
f 934 948 579
f 946 948 934
f 582 945 947
f 945 476 732
f 947 732 529
f 945 732 947
f 579 936 933
f 936 529 731
f 933 731 459
f 936 731 933
f 582 947 948
f 947 529 936
f 948 936 579
f 947 936 948
f 489 969 980
f 969 587 984
f 980 984 589
f 969 984 980
f 587 968 971
f 968 476 945
f 971 945 582
f 968 945 971
f 589 982 979
f 982 582 946
f 979 946 488
f 982 946 979
f 587 971 984
f 971 582 982
f 984 982 589
f 971 982 984
f 460 717 775
f 717 526 777
f 775 777 542
f 717 777 775
f 526 718 785
f 718 475 783
f 785 783 544
f 718 783 785
f 542 787 776
f 787 544 784
f 776 784 480
f 787 784 776
f 526 785 777
f 785 544 787
f 777 787 542
f 785 787 777
f 475 715 740
f 715 525 742
f 740 742 533
f 715 742 740
f 525 714 737
f 714 454 735
f 737 735 531
f 714 735 737
f 533 743 741
f 743 531 736
f 741 736 477
f 743 736 741
f 525 737 742
f 737 531 743
f 742 743 533
f 737 743 742
f 480 794 780
f 794 546 797
f 780 797 543
f 794 797 780
f 546 793 795
f 793 477 739
f 795 739 532
f 793 739 795
f 543 781 779
f 781 532 738
f 779 738 461
f 781 738 779
f 546 795 797
f 795 532 781
f 797 781 543
f 795 781 797
f 475 740 783
f 740 533 786
f 783 786 544
f 740 786 783
f 533 741 796
f 741 477 793
f 796 793 546
f 741 793 796
f 544 798 784
f 798 546 794
f 784 794 480
f 798 794 784
f 533 796 786
f 796 546 798
f 786 798 544
f 796 798 786
f 456 819 632
f 819 552 821
f 632 821 502
f 819 821 632
f 552 820 828
f 820 482 826
f 828 826 554
f 820 826 828
f 502 827 633
f 827 554 825
f 633 825 468
f 827 825 633
f 552 828 821
f 828 554 827
f 821 827 502
f 828 827 821
f 482 824 849
f 824 553 851
f 849 851 560
f 824 851 849
f 553 823 839
f 823 462 837
f 839 837 557
f 823 837 839
f 560 853 850
f 853 557 838
f 850 838 483
f 853 838 850
f 553 839 851
f 839 557 853
f 851 853 560
f 839 853 851
f 468 840 636
f 840 558 842
f 636 842 503
f 840 842 636
f 558 841 844
f 841 483 834
f 844 834 556
f 841 834 844
f 503 835 635
f 835 556 833
f 635 833 457
f 835 833 635
f 558 844 842
f 844 556 835
f 842 835 503
f 844 835 842
f 482 849 826
f 849 560 852
f 826 852 554
f 849 852 826
f 560 850 854
f 850 483 841
f 854 841 558
f 850 841 854
f 554 843 825
f 843 558 840
f 825 840 468
f 843 840 825
f 560 854 852
f 854 558 843
f 852 843 554
f 854 843 852
f 456 632 621
f 632 502 634
f 621 634 498
f 632 634 621
f 502 633 642
f 633 468 639
f 642 639 504
f 633 639 642
f 498 640 622
f 640 504 638
f 622 638 466
f 640 638 622
f 502 642 634
f 642 504 640
f 634 640 498
f 642 640 634
f 468 636 644
f 636 503 647
f 644 647 505
f 636 647 644
f 503 635 637
f 635 457 626
f 637 626 500
f 635 626 637
f 505 645 643
f 645 500 627
f 643 627 467
f 645 627 643
f 503 637 647
f 637 500 645
f 647 645 505
f 637 645 647
f 466 628 620
f 628 501 630
f 620 630 497
f 628 630 620
f 501 629 631
f 629 467 624
f 631 624 499
f 629 624 631
f 497 625 619
f 625 499 623
f 619 623 455
f 625 623 619
f 501 631 630
f 631 499 625
f 630 625 497
f 631 625 630
f 468 644 639
f 644 505 648
f 639 648 504
f 644 648 639
f 505 643 646
f 643 467 629
f 646 629 501
f 643 629 646
f 504 641 638
f 641 501 628
f 638 628 466
f 641 628 638
f 505 646 648
f 646 501 641
f 648 641 504
f 646 641 648
f 456 621 688
f 621 498 690
f 688 690 518
f 621 690 688
f 498 622 696
f 622 466 694
f 696 694 520
f 622 694 696
f 518 698 689
f 698 520 695
f 689 695 473
f 698 695 689
f 498 696 690
f 696 520 698
f 690 698 518
f 696 698 690
f 466 620 684
f 620 497 686
f 684 686 517
f 620 686 684
f 497 619 681
f 619 455 679
f 681 679 515
f 619 679 681
f 517 687 685
f 687 515 680
f 685 680 472
f 687 680 685
f 497 681 686
f 681 515 687
f 686 687 517
f 681 687 686
f 473 700 692
f 700 521 703
f 692 703 519
f 700 703 692
f 521 699 701
f 699 472 683
f 701 683 516
f 699 683 701
f 519 693 691
f 693 516 682
f 691 682 459
f 693 682 691
f 521 701 703
f 701 516 693
f 703 693 519
f 701 693 703
f 466 684 694
f 684 517 697
f 694 697 520
f 684 697 694
f 517 685 702
f 685 472 699
f 702 699 521
f 685 699 702
f 520 704 695
f 704 521 700
f 695 700 473
f 704 700 695
f 517 702 697
f 702 521 704
f 697 704 520
f 702 704 697
f 456 688 744
f 688 518 746
f 744 746 534
f 688 746 744
f 518 689 751
f 689 473 749
f 751 749 536
f 689 749 751
f 534 752 745
f 752 536 750
f 745 750 478
f 752 750 745
f 518 751 746
f 751 536 752
f 746 752 534
f 751 752 746
f 473 692 760
f 692 519 762
f 760 762 539
f 692 762 760
f 519 691 755
f 691 459 753
f 755 753 537
f 691 753 755
f 539 764 761
f 764 537 754
f 761 754 479
f 764 754 761
f 519 755 762
f 755 537 764
f 762 764 539
f 755 764 762
f 478 769 748
f 769 541 771
f 748 771 535
f 769 771 748
f 541 770 773
f 770 479 758
f 773 758 538
f 770 758 773
f 535 759 747
f 759 538 757
f 747 757 461
f 759 757 747
f 541 773 771
f 773 538 759
f 771 759 535
f 773 759 771
f 473 760 749
f 760 539 763
f 749 763 536
f 760 763 749
f 539 761 774
f 761 479 770
f 774 770 541
f 761 770 774
f 536 772 750
f 772 541 769
f 750 769 478
f 772 769 750
f 539 774 763
f 774 541 772
f 763 772 536
f 774 772 763
f 456 744 819
f 744 534 822
f 819 822 552
f 744 822 819
f 534 745 831
f 745 478 829
f 831 829 555
f 745 829 831
f 552 832 820
f 832 555 830
f 820 830 482
f 832 830 820
f 534 831 822
f 831 555 832
f 822 832 552
f 831 832 822
f 478 748 898
f 748 535 900
f 898 900 570
f 748 900 898
f 535 747 888
f 747 461 885
f 888 885 567
f 747 885 888
f 570 902 899
f 902 567 886
f 899 886 485
f 902 886 899
f 535 888 900
f 888 567 902
f 900 902 570
f 888 902 900
f 482 909 824
f 909 572 911
f 824 911 553
f 909 911 824
f 572 910 913
f 910 485 890
f 913 890 568
f 910 890 913
f 553 892 823
f 892 568 889
f 823 889 462
f 892 889 823
f 572 913 911
f 913 568 892
f 911 892 553
f 913 892 911
f 478 898 829
f 898 570 901
f 829 901 555
f 898 901 829
f 570 899 914
f 899 485 910
f 914 910 572
f 899 910 914
f 555 912 830
f 912 572 909
f 830 909 482
f 912 909 830
f 570 914 901
f 914 572 912
f 901 912 555
f 914 912 901
f 457 833 675
f 833 556 836
f 675 836 513
f 833 836 675
f 556 834 848
f 834 483 846
f 848 846 559
f 834 846 848
f 513 847 676
f 847 559 845
f 676 845 471
f 847 845 676
f 556 848 836
f 848 559 847
f 836 847 513
f 848 847 836
f 483 838 879
f 838 557 881
f 879 881 566
f 838 881 879
f 557 837 862
f 837 462 859
f 862 859 562
f 837 859 862
f 566 883 880
f 883 562 860
f 880 860 484
f 883 860 880
f 557 862 881
f 862 562 883
f 881 883 566
f 862 883 881
f 471 868 678
f 868 564 870
f 678 870 514
f 868 870 678
f 564 869 872
f 869 484 856
f 872 856 561
f 869 856 872
f 514 858 677
f 858 561 855
f 677 855 458
f 858 855 677
f 564 872 870
f 872 561 858
f 870 858 514
f 872 858 870
f 483 879 846
f 879 566 882
f 846 882 559
f 879 882 846
f 566 880 884
f 880 484 869
f 884 869 564
f 880 869 884
f 559 871 845
f 871 564 868
f 845 868 471
f 871 868 845
f 566 884 882
f 884 564 871
f 882 871 559
f 884 871 882
f 455 623 999
f 623 499 1001
f 999 1001 594
f 623 1001 999
f 499 624 1007
f 624 467 1005
f 1007 1005 596
f 624 1005 1007
f 594 1008 1000
f 1008 596 1006
f 1000 1006 491
f 1008 1006 1000
f 499 1007 1001
f 1007 596 1008
f 1001 1008 594
f 1007 1008 1001
f 467 627 1020
f 627 500 1022
f 1020 1022 600
f 627 1022 1020
f 500 626 1015
f 626 457 1013
f 1015 1013 598
f 626 1013 1015
f 600 1024 1021
f 1024 598 1014
f 1021 1014 492
f 1024 1014 1021
f 500 1015 1022
f 1015 598 1024
f 1022 1024 600
f 1015 1024 1022
f 491 1029 1004
f 1029 602 1031
f 1004 1031 595
f 1029 1031 1004
f 602 1030 1033
f 1030 492 1018
f 1033 1018 599
f 1030 1018 1033
f 595 1019 1003
f 1019 599 1017
f 1003 1017 464
f 1019 1017 1003
f 602 1033 1031
f 1033 599 1019
f 1031 1019 595
f 1033 1019 1031
f 467 1020 1005
f 1020 600 1023
f 1005 1023 596
f 1020 1023 1005
f 600 1021 1034
f 1021 492 1030
f 1034 1030 602
f 1021 1030 1034
f 596 1032 1006
f 1032 602 1029
f 1006 1029 491
f 1032 1029 1006
f 600 1034 1023
f 1034 602 1032
f 1023 1032 596
f 1034 1032 1023
f 459 682 933
f 682 516 935
f 933 935 579
f 682 935 933
f 516 683 942
f 683 472 940
f 942 940 581
f 683 940 942
f 579 944 934
f 944 581 941
f 934 941 488
f 944 941 934
f 516 942 935
f 942 581 944
f 935 944 579
f 942 944 935
f 472 680 929
f 680 515 931
f 929 931 578
f 680 931 929
f 515 679 926
f 679 455 924
f 926 924 576
f 679 924 926
f 578 932 930
f 932 576 925
f 930 925 487
f 932 925 930
f 515 926 931
f 926 576 932
f 931 932 578
f 926 932 931
f 488 950 938
f 950 583 953
f 938 953 580
f 950 953 938
f 583 949 951
f 949 487 928
f 951 928 577
f 949 928 951
f 580 939 937
f 939 577 927
f 937 927 463
f 939 927 937
f 583 951 953
f 951 577 939
f 953 939 580
f 951 939 953
f 472 929 940
f 929 578 943
f 940 943 581
f 929 943 940
f 578 930 952
f 930 487 949
f 952 949 583
f 930 949 952
f 581 954 941
f 954 583 950
f 941 950 488
f 954 950 941
f 578 952 943
f 952 583 954
f 943 954 581
f 952 954 943
f 461 757 779
f 757 538 782
f 779 782 543
f 757 782 779
f 538 758 801
f 758 479 799
f 801 799 547
f 758 799 801
f 543 803 780
f 803 547 800
f 780 800 480
f 803 800 780
f 538 801 782
f 801 547 803
f 782 803 543
f 801 803 782
f 479 754 766
f 754 537 768
f 766 768 540
f 754 768 766
f 537 753 756
f 753 459 731
f 756 731 529
f 753 731 756
f 540 767 765
f 767 529 732
f 765 732 476
f 767 732 765
f 537 756 768
f 756 529 767
f 768 767 540
f 756 767 768
f 480 789 776
f 789 545 792
f 776 792 542
f 789 792 776
f 545 788 790
f 788 476 734
f 790 734 530
f 788 734 790
f 542 778 775
f 778 530 733
f 775 733 460
f 778 733 775
f 545 790 792
f 790 530 778
f 792 778 542
f 790 778 792
f 479 766 799
f 766 540 802
f 799 802 547
f 766 802 799
f 540 765 791
f 765 476 788
f 791 788 545
f 765 788 791
f 547 804 800
f 804 545 789
f 800 789 480
f 804 789 800
f 540 791 802
f 791 545 804
f 802 804 547
f 791 804 802
f 462 889 809
f 889 568 891
f 809 891 549
f 889 891 809
f 568 890 907
f 890 485 904
f 907 904 571
f 890 904 907
f 549 905 810
f 905 571 903
f 810 903 481
f 905 903 810
f 568 907 891
f 907 571 905
f 891 905 549
f 907 905 891
f 485 886 894
f 886 567 897
f 894 897 569
f 886 897 894
f 567 885 887
f 885 461 738
f 887 738 532
f 885 738 887
f 569 895 893
f 895 532 739
f 893 739 477
f 895 739 893
f 567 887 897
f 887 532 895
f 897 895 569
f 887 895 897
f 481 816 806
f 816 551 818
f 806 818 548
f 816 818 806
f 551 815 817
f 815 477 736
f 817 736 531
f 815 736 817
f 548 808 805
f 808 531 735
f 805 735 454
f 808 735 805
f 551 817 818
f 817 531 808
f 818 808 548
f 817 808 818
f 485 894 904
f 894 569 908
f 904 908 571
f 894 908 904
f 569 893 896
f 893 477 815
f 896 815 551
f 893 815 896
f 571 906 903
f 906 551 816
f 903 816 481
f 906 816 903
f 569 896 908
f 896 551 906
f 908 906 571
f 896 906 908
f 1096 1098 1095
f 1099 1096 1095
f 1095 1098 1097
f 1097 1099 1095
f 1096 1102 1098
f 1100 1096 1099
f 1100 1102 1096
f 1098 1102 1097
f 1101 1099 1097
f 1097 1102 1101
f 1101 1100 1099
f 1102 1100 1101
f 1103 1140 1119
f 1140 1114 1143
f 1119 1143 1108
f 1140 1143 1119
f 1103 1119 1115
f 1119 1108 1120
f 1115 1120 1104
f 1119 1120 1115
f 1103 1115 1124
f 1115 1104 1125
f 1124 1125 1110
f 1115 1125 1124
f 1103 1124 1136
f 1124 1110 1139
f 1136 1139 1113
f 1124 1139 1136
f 1103 1136 1140
f 1136 1113 1144
f 1140 1144 1114
f 1136 1144 1140
f 1104 1120 1131
f 1120 1108 1134
f 1131 1134 1112
f 1120 1134 1131
f 1108 1143 1121
f 1143 1114 1142
f 1121 1142 1107
f 1143 1142 1121
f 1114 1144 1141
f 1144 1113 1137
f 1141 1137 1105
f 1144 1137 1141
f 1113 1139 1138
f 1139 1110 1126
f 1138 1126 1109
f 1139 1126 1138
f 1110 1125 1130
f 1125 1104 1127
f 1130 1127 1111
f 1125 1127 1130
f 1106 1132 1118
f 1132 1112 1133
f 1118 1133 1107
f 1132 1133 1118
f 1106 1118 1116
f 1118 1107 1117
f 1116 1117 1105
f 1118 1117 1116
f 1106 1116 1123
f 1116 1105 1122
f 1123 1122 1109
f 1116 1122 1123
f 1106 1123 1128
f 1123 1109 1129
f 1128 1129 1111
f 1123 1129 1128
f 1106 1128 1132
f 1128 1111 1135
f 1132 1135 1112
f 1128 1135 1132
f 1107 1133 1121
f 1133 1112 1134
f 1121 1134 1108
f 1133 1134 1121
f 1105 1117 1141
f 1117 1107 1142
f 1141 1142 1114
f 1117 1142 1141
f 1109 1122 1138
f 1122 1105 1137
f 1138 1137 1113
f 1122 1137 1138
f 1111 1129 1130
f 1129 1109 1126
f 1130 1126 1110
f 1129 1126 1130
f 1112 1135 1131
f 1135 1111 1127
f 1131 1127 1104
f 1135 1127 1131
f 1145 1182 1161
f 1182 1156 1185
f 1161 1185 1150
f 1182 1185 1161
f 1145 1161 1157
f 1161 1150 1162
f 1157 1162 1146
f 1161 1162 1157
f 1145 1157 1166
f 1157 1146 1167
f 1166 1167 1152
f 1157 1167 1166
f 1145 1166 1178
f 1166 1152 1181
f 1178 1181 1155
f 1166 1181 1178
f 1145 1178 1182
f 1178 1155 1186
f 1182 1186 1156
f 1178 1186 1182
f 1146 1162 1173
f 1162 1150 1176
f 1173 1176 1154
f 1162 1176 1173
f 1150 1185 1163
f 1185 1156 1184
f 1163 1184 1149
f 1185 1184 1163
f 1156 1186 1183
f 1186 1155 1179
f 1183 1179 1147
f 1186 1179 1183
f 1155 1181 1180
f 1181 1152 1168
f 1180 1168 1151
f 1181 1168 1180
f 1152 1167 1172
f 1167 1146 1169
f 1172 1169 1153
f 1167 1169 1172
f 1148 1174 1160
f 1174 1154 1175
f 1160 1175 1149
f 1174 1175 1160
f 1148 1160 1158
f 1160 1149 1159
f 1158 1159 1147
f 1160 1159 1158
f 1148 1158 1165
f 1158 1147 1164
f 1165 1164 1151
f 1158 1164 1165
f 1148 1165 1170
f 1165 1151 1171
f 1170 1171 1153
f 1165 1171 1170
f 1148 1170 1174
f 1170 1153 1177
f 1174 1177 1154
f 1170 1177 1174
f 1149 1175 1163
f 1175 1154 1176
f 1163 1176 1150
f 1175 1176 1163
f 1147 1159 1183
f 1159 1149 1184
f 1183 1184 1156
f 1159 1184 1183
f 1151 1164 1180
f 1164 1147 1179
f 1180 1179 1155
f 1164 1179 1180
f 1153 1171 1172
f 1171 1151 1168
f 1172 1168 1152
f 1171 1168 1172
f 1154 1177 1173
f 1177 1153 1169
f 1173 1169 1146
f 1177 1169 1173
f 1187 1224 1203
f 1224 1198 1227
f 1203 1227 1192
f 1224 1227 1203
f 1187 1203 1199
f 1203 1192 1204
f 1199 1204 1188
f 1203 1204 1199
f 1187 1199 1208
f 1199 1188 1209
f 1208 1209 1194
f 1199 1209 1208
f 1187 1208 1220
f 1208 1194 1223
f 1220 1223 1197
f 1208 1223 1220
f 1187 1220 1224
f 1220 1197 1228
f 1224 1228 1198
f 1220 1228 1224
f 1188 1204 1215
f 1204 1192 1218
f 1215 1218 1196
f 1204 1218 1215
f 1192 1227 1205
f 1227 1198 1226
f 1205 1226 1191
f 1227 1226 1205
f 1198 1228 1225
f 1228 1197 1221
f 1225 1221 1189
f 1228 1221 1225
f 1197 1223 1222
f 1223 1194 1210
f 1222 1210 1193
f 1223 1210 1222
f 1194 1209 1214
f 1209 1188 1211
f 1214 1211 1195
f 1209 1211 1214
f 1190 1216 1202
f 1216 1196 1217
f 1202 1217 1191
f 1216 1217 1202
f 1190 1202 1200
f 1202 1191 1201
f 1200 1201 1189
f 1202 1201 1200
f 1190 1200 1207
f 1200 1189 1206
f 1207 1206 1193
f 1200 1206 1207
f 1190 1207 1212
f 1207 1193 1213
f 1212 1213 1195
f 1207 1213 1212
f 1190 1212 1216
f 1212 1195 1219
f 1216 1219 1196
f 1212 1219 1216
f 1191 1217 1205
f 1217 1196 1218
f 1205 1218 1192
f 1217 1218 1205
f 1189 1201 1225
f 1201 1191 1226
f 1225 1226 1198
f 1201 1226 1225
f 1193 1206 1222
f 1206 1189 1221
f 1222 1221 1197
f 1206 1221 1222
f 1195 1213 1214
f 1213 1193 1210
f 1214 1210 1194
f 1213 1210 1214
f 1196 1219 1215
f 1219 1195 1211
f 1215 1211 1188
f 1219 1211 1215
f 1229 1266 1245
f 1266 1240 1269
f 1245 1269 1234
f 1266 1269 1245
f 1229 1245 1241
f 1245 1234 1246
f 1241 1246 1230
f 1245 1246 1241
f 1229 1241 1250
f 1241 1230 1251
f 1250 1251 1236
f 1241 1251 1250
f 1229 1250 1262
f 1250 1236 1265
f 1262 1265 1239
f 1250 1265 1262
f 1229 1262 1266
f 1262 1239 1270
f 1266 1270 1240
f 1262 1270 1266
f 1230 1246 1257
f 1246 1234 1260
f 1257 1260 1238
f 1246 1260 1257
f 1234 1269 1247
f 1269 1240 1268
f 1247 1268 1233
f 1269 1268 1247
f 1240 1270 1267
f 1270 1239 1263
f 1267 1263 1231
f 1270 1263 1267
f 1239 1265 1264
f 1265 1236 1252
f 1264 1252 1235
f 1265 1252 1264
f 1236 1251 1256
f 1251 1230 1253
f 1256 1253 1237
f 1251 1253 1256
f 1232 1258 1244
f 1258 1238 1259
f 1244 1259 1233
f 1258 1259 1244
f 1232 1244 1242
f 1244 1233 1243
f 1242 1243 1231
f 1244 1243 1242
f 1232 1242 1249
f 1242 1231 1248
f 1249 1248 1235
f 1242 1248 1249
f 1232 1249 1254
f 1249 1235 1255
f 1254 1255 1237
f 1249 1255 1254
f 1232 1254 1258
f 1254 1237 1261
f 1258 1261 1238
f 1254 1261 1258
f 1233 1259 1247
f 1259 1238 1260
f 1247 1260 1234
f 1259 1260 1247
f 1231 1243 1267
f 1243 1233 1268
f 1267 1268 1240
f 1243 1268 1267
f 1235 1248 1264
f 1248 1231 1263
f 1264 1263 1239
f 1248 1263 1264
f 1237 1255 1256
f 1255 1235 1252
f 1256 1252 1236
f 1255 1252 1256
f 1238 1261 1257
f 1261 1237 1253
f 1257 1253 1230
f 1261 1253 1257
f 1271 1308 1287
f 1308 1282 1311
f 1287 1311 1276
f 1308 1311 1287
f 1271 1287 1283
f 1287 1276 1288
f 1283 1288 1272
f 1287 1288 1283
f 1271 1283 1292
f 1283 1272 1293
f 1292 1293 1278
f 1283 1293 1292
f 1271 1292 1304
f 1292 1278 1307
f 1304 1307 1281
f 1292 1307 1304
f 1271 1304 1308
f 1304 1281 1312
f 1308 1312 1282
f 1304 1312 1308
f 1272 1288 1299
f 1288 1276 1302
f 1299 1302 1280
f 1288 1302 1299
f 1276 1311 1289
f 1311 1282 1310
f 1289 1310 1275
f 1311 1310 1289
f 1282 1312 1309
f 1312 1281 1305
f 1309 1305 1273
f 1312 1305 1309
f 1281 1307 1306
f 1307 1278 1294
f 1306 1294 1277
f 1307 1294 1306
f 1278 1293 1298
f 1293 1272 1295
f 1298 1295 1279
f 1293 1295 1298
f 1274 1300 1286
f 1300 1280 1301
f 1286 1301 1275
f 1300 1301 1286
f 1274 1286 1284
f 1286 1275 1285
f 1284 1285 1273
f 1286 1285 1284
f 1274 1284 1291
f 1284 1273 1290
f 1291 1290 1277
f 1284 1290 1291
f 1274 1291 1296
f 1291 1277 1297
f 1296 1297 1279
f 1291 1297 1296
f 1274 1296 1300
f 1296 1279 1303
f 1300 1303 1280
f 1296 1303 1300
f 1275 1301 1289
f 1301 1280 1302
f 1289 1302 1276
f 1301 1302 1289
f 1273 1285 1309
f 1285 1275 1310
f 1309 1310 1282
f 1285 1310 1309
f 1277 1290 1306
f 1290 1273 1305
f 1306 1305 1281
f 1290 1305 1306
f 1279 1297 1298
f 1297 1277 1294
f 1298 1294 1278
f 1297 1294 1298
f 1280 1303 1299
f 1303 1279 1295
f 1299 1295 1272
f 1303 1295 1299
f 1313 1350 1329
f 1350 1324 1353
f 1329 1353 1318
f 1350 1353 1329
f 1313 1329 1325
f 1329 1318 1330
f 1325 1330 1314
f 1329 1330 1325
f 1313 1325 1334
f 1325 1314 1335
f 1334 1335 1320
f 1325 1335 1334
f 1313 1334 1346
f 1334 1320 1349
f 1346 1349 1323
f 1334 1349 1346
f 1313 1346 1350
f 1346 1323 1354
f 1350 1354 1324
f 1346 1354 1350
f 1314 1330 1341
f 1330 1318 1344
f 1341 1344 1322
f 1330 1344 1341
f 1318 1353 1331
f 1353 1324 1352
f 1331 1352 1317
f 1353 1352 1331
f 1324 1354 1351
f 1354 1323 1347
f 1351 1347 1315
f 1354 1347 1351
f 1323 1349 1348
f 1349 1320 1336
f 1348 1336 1319
f 1349 1336 1348
f 1320 1335 1340
f 1335 1314 1337
f 1340 1337 1321
f 1335 1337 1340
f 1316 1342 1328
f 1342 1322 1343
f 1328 1343 1317
f 1342 1343 1328
f 1316 1328 1326
f 1328 1317 1327
f 1326 1327 1315
f 1328 1327 1326
f 1316 1326 1333
f 1326 1315 1332
f 1333 1332 1319
f 1326 1332 1333
f 1316 1333 1338
f 1333 1319 1339
f 1338 1339 1321
f 1333 1339 1338
f 1316 1338 1342
f 1338 1321 1345
f 1342 1345 1322
f 1338 1345 1342
f 1317 1343 1331
f 1343 1322 1344
f 1331 1344 1318
f 1343 1344 1331
f 1315 1327 1351
f 1327 1317 1352
f 1351 1352 1324
f 1327 1352 1351
f 1319 1332 1348
f 1332 1315 1347
f 1348 1347 1323
f 1332 1347 1348
f 1321 1339 1340
f 1339 1319 1336
f 1340 1336 1320
f 1339 1336 1340
f 1322 1345 1341
f 1345 1321 1337
f 1341 1337 1314
f 1345 1337 1341
f 1356 1355 1381
f 1356 1381 1357
f 1357 1381 1382
f 1357 1382 1358
f 1358 1382 1383
f 1358 1383 1359
f 1359 1383 1384
f 1359 1384 1360
f 1360 1384 1385
f 1360 1385 1361
f 1361 1385 1386
f 1361 1386 1362
f 1362 1386 1387
f 1362 1387 1363
f 1363 1387 1388
f 1363 1388 1364
f 1364 1388 1389
f 1364 1389 1365
f 1365 1389 1390
f 1365 1390 1366
f 1366 1390 1391
f 1366 1391 1367
f 1367 1391 1392
f 1367 1392 1368
f 1368 1392 1393
f 1368 1393 1369
f 1369 1393 1394
f 1369 1394 1370
f 1370 1394 1395
f 1370 1395 1371
f 1371 1395 1396
f 1371 1396 1372
f 1372 1396 1397
f 1372 1397 1373
f 1373 1397 1398
f 1373 1398 1374
f 1374 1398 1399
f 1374 1399 1375
f 1375 1399 1400
f 1375 1400 1376
f 1376 1400 1401
f 1376 1401 1377
f 1377 1401 1402
f 1377 1402 1378
f 1378 1402 1403
f 1378 1403 1379
f 1379 1403 1404
f 1379 1404 1380
f 1381 1355 1405
f 1381 1405 1382
f 1382 1405 1406
f 1382 1406 1383
f 1383 1406 1407
f 1383 1407 1384
f 1384 1407 1408
f 1384 1408 1385
f 1385 1408 1409
f 1385 1409 1386
f 1386 1409 1410
f 1386 1410 1387
f 1387 1410 1411
f 1387 1411 1388
f 1388 1411 1412
f 1388 1412 1389
f 1389 1412 1413
f 1389 1413 1390
f 1390 1413 1414
f 1390 1414 1391
f 1391 1414 1415
f 1391 1415 1392
f 1392 1415 1416
f 1392 1416 1393
f 1393 1416 1417
f 1393 1417 1394
f 1394 1417 1418
f 1394 1418 1395
f 1395 1418 1419
f 1395 1419 1396
f 1396 1419 1420
f 1396 1420 1397
f 1397 1420 1421
f 1397 1421 1398
f 1398 1421 1422
f 1398 1422 1399
f 1399 1422 1423
f 1399 1423 1400
f 1400 1423 1424
f 1400 1424 1401
f 1401 1424 1425
f 1401 1425 1402
f 1402 1425 1426
f 1402 1426 1403
f 1403 1426 1427
f 1403 1427 1404
f 1404 1427 1428
f 1404 1428 1380
f 1405 1355 1429
f 1405 1429 1406
f 1406 1429 1430
f 1406 1430 1407
f 1407 1430 1431
f 1407 1431 1408
f 1408 1431 1432
f 1408 1432 1409
f 1409 1432 1433
f 1409 1433 1410
f 1410 1433 1434
f 1410 1434 1411
f 1411 1434 1435
f 1411 1435 1412
f 1412 1435 1436
f 1412 1436 1413
f 1413 1436 1437
f 1413 1437 1414
f 1414 1437 1438
f 1414 1438 1415
f 1415 1438 1439
f 1415 1439 1416
f 1416 1439 1440
f 1416 1440 1417
f 1417 1440 1441
f 1417 1441 1418
f 1418 1441 1442
f 1418 1442 1419
f 1419 1442 1443
f 1419 1443 1420
f 1420 1443 1444
f 1420 1444 1421
f 1421 1444 1445
f 1421 1445 1422
f 1422 1445 1446
f 1422 1446 1423
f 1423 1446 1447
f 1423 1447 1424
f 1424 1447 1448
f 1424 1448 1425
f 1425 1448 1449
f 1425 1449 1426
f 1426 1449 1450
f 1426 1450 1427
f 1427 1450 1451
f 1427 1451 1428
f 1428 1451 1452
f 1428 1452 1380
f 1429 1355 1453
f 1429 1453 1430
f 1430 1453 1454
f 1430 1454 1431
f 1431 1454 1455
f 1431 1455 1432
f 1432 1455 1456
f 1432 1456 1433
f 1433 1456 1457
f 1433 1457 1434
f 1434 1457 1458
f 1434 1458 1435
f 1435 1458 1459
f 1435 1459 1436
f 1436 1459 1460
f 1436 1460 1437
f 1437 1460 1461
f 1437 1461 1438
f 1438 1461 1462
f 1438 1462 1439
f 1439 1462 1463
f 1439 1463 1440
f 1440 1463 1464
f 1440 1464 1441
f 1441 1464 1465
f 1441 1465 1442
f 1442 1465 1466
f 1442 1466 1443
f 1443 1466 1467
f 1443 1467 1444
f 1444 1467 1468
f 1444 1468 1445
f 1445 1468 1469
f 1445 1469 1446
f 1446 1469 1470
f 1446 1470 1447
f 1447 1470 1471
f 1447 1471 1448
f 1448 1471 1472
f 1448 1472 1449
f 1449 1472 1473
f 1449 1473 1450
f 1450 1473 1474
f 1450 1474 1451
f 1451 1474 1475
f 1451 1475 1452
f 1452 1475 1476
f 1452 1476 1380
f 1453 1355 1477
f 1453 1477 1454
f 1454 1477 1478
f 1454 1478 1455
f 1455 1478 1479
f 1455 1479 1456
f 1456 1479 1480
f 1456 1480 1457
f 1457 1480 1481
f 1457 1481 1458
f 1458 1481 1482
f 1458 1482 1459
f 1459 1482 1483
f 1459 1483 1460
f 1460 1483 1484
f 1460 1484 1461
f 1461 1484 1485
f 1461 1485 1462
f 1462 1485 1486
f 1462 1486 1463
f 1463 1486 1487
f 1463 1487 1464
f 1464 1487 1488
f 1464 1488 1465
f 1465 1488 1489
f 1465 1489 1466
f 1466 1489 1490
f 1466 1490 1467
f 1467 1490 1491
f 1467 1491 1468
f 1468 1491 1492
f 1468 1492 1469
f 1469 1492 1493
f 1469 1493 1470
f 1470 1493 1494
f 1470 1494 1471
f 1471 1494 1495
f 1471 1495 1472
f 1472 1495 1496
f 1472 1496 1473
f 1473 1496 1497
f 1473 1497 1474
f 1474 1497 1498
f 1474 1498 1475
f 1475 1498 1499
f 1475 1499 1476
f 1476 1499 1500
f 1476 1500 1380
f 1477 1355 1501
f 1477 1501 1478
f 1478 1501 1502
f 1478 1502 1479
f 1479 1502 1503
f 1479 1503 1480
f 1480 1503 1504
f 1480 1504 1481
f 1481 1504 1505
f 1481 1505 1482
f 1482 1505 1506
f 1482 1506 1483
f 1483 1506 1507
f 1483 1507 1484
f 1484 1507 1508
f 1484 1508 1485
f 1485 1508 1509
f 1485 1509 1486
f 1486 1509 1510
f 1486 1510 1487
f 1487 1510 1511
f 1487 1511 1488
f 1488 1511 1512
f 1488 1512 1489
f 1489 1512 1513
f 1489 1513 1490
f 1490 1513 1514
f 1490 1514 1491
f 1491 1514 1515
f 1491 1515 1492
f 1492 1515 1516
f 1492 1516 1493
f 1493 1516 1517
f 1493 1517 1494
f 1494 1517 1518
f 1494 1518 1495
f 1495 1518 1519
f 1495 1519 1496
f 1496 1519 1520
f 1496 1520 1497
f 1497 1520 1521
f 1497 1521 1498
f 1498 1521 1522
f 1498 1522 1499
f 1499 1522 1523
f 1499 1523 1500
f 1500 1523 1524
f 1500 1524 1380
f 1501 1355 1525
f 1501 1525 1502
f 1502 1525 1526
f 1502 1526 1503
f 1503 1526 1527
f 1503 1527 1504
f 1504 1527 1528
f 1504 1528 1505
f 1505 1528 1529
f 1505 1529 1506
f 1506 1529 1530
f 1506 1530 1507
f 1507 1530 1531
f 1507 1531 1508
f 1508 1531 1532
f 1508 1532 1509
f 1509 1532 1533
f 1509 1533 1510
f 1510 1533 1534
f 1510 1534 1511
f 1511 1534 1535
f 1511 1535 1512
f 1512 1535 1536
f 1512 1536 1513
f 1513 1536 1537
f 1513 1537 1514
f 1514 1537 1538
f 1514 1538 1515
f 1515 1538 1539
f 1515 1539 1516
f 1516 1539 1540
f 1516 1540 1517
f 1517 1540 1541
f 1517 1541 1518
f 1518 1541 1542
f 1518 1542 1519
f 1519 1542 1543
f 1519 1543 1520
f 1520 1543 1544
f 1520 1544 1521
f 1521 1544 1545
f 1521 1545 1522
f 1522 1545 1546
f 1522 1546 1523
f 1523 1546 1547
f 1523 1547 1524
f 1524 1547 1548
f 1524 1548 1380
f 1525 1355 1549
f 1525 1549 1526
f 1526 1549 1550
f 1526 1550 1527
f 1527 1550 1551
f 1527 1551 1528
f 1528 1551 1552
f 1528 1552 1529
f 1529 1552 1553
f 1529 1553 1530
f 1530 1553 1554
f 1530 1554 1531
f 1531 1554 1555
f 1531 1555 1532
f 1532 1555 1556
f 1532 1556 1533
f 1533 1556 1557
f 1533 1557 1534
f 1534 1557 1558
f 1534 1558 1535
f 1535 1558 1559
f 1535 1559 1536
f 1536 1559 1560
f 1536 1560 1537
f 1537 1560 1561
f 1537 1561 1538
f 1538 1561 1562
f 1538 1562 1539
f 1539 1562 1563
f 1539 1563 1540
f 1540 1563 1564
f 1540 1564 1541
f 1541 1564 1565
f 1541 1565 1542
f 1542 1565 1566
f 1542 1566 1543
f 1543 1566 1567
f 1543 1567 1544
f 1544 1567 1568
f 1544 1568 1545
f 1545 1568 1569
f 1545 1569 1546
f 1546 1569 1570
f 1546 1570 1547
f 1547 1570 1571
f 1547 1571 1548
f 1548 1571 1572
f 1548 1572 1380
f 1549 1355 1573
f 1549 1573 1550
f 1550 1573 1574
f 1550 1574 1551
f 1551 1574 1575
f 1551 1575 1552
f 1552 1575 1576
f 1552 1576 1553
f 1553 1576 1577
f 1553 1577 1554
f 1554 1577 1578
f 1554 1578 1555
f 1555 1578 1579
f 1555 1579 1556
f 1556 1579 1580
f 1556 1580 1557
f 1557 1580 1581
f 1557 1581 1558
f 1558 1581 1582
f 1558 1582 1559
f 1559 1582 1583
f 1559 1583 1560
f 1560 1583 1584
f 1560 1584 1561
f 1561 1584 1585
f 1561 1585 1562
f 1562 1585 1586
f 1562 1586 1563
f 1563 1586 1587
f 1563 1587 1564
f 1564 1587 1588
f 1564 1588 1565
f 1565 1588 1589
f 1565 1589 1566
f 1566 1589 1590
f 1566 1590 1567
f 1567 1590 1591
f 1567 1591 1568
f 1568 1591 1592
f 1568 1592 1569
f 1569 1592 1593
f 1569 1593 1570
f 1570 1593 1594
f 1570 1594 1571
f 1571 1594 1595
f 1571 1595 1572
f 1572 1595 1596
f 1572 1596 1380
f 1573 1355 1597
f 1573 1597 1574
f 1574 1597 1598
f 1574 1598 1575
f 1575 1598 1599
f 1575 1599 1576
f 1576 1599 1600
f 1576 1600 1577
f 1577 1600 1601
f 1577 1601 1578
f 1578 1601 1602
f 1578 1602 1579
f 1579 1602 1603
f 1579 1603 1580
f 1580 1603 1604
f 1580 1604 1581
f 1581 1604 1605
f 1581 1605 1582
f 1582 1605 1606
f 1582 1606 1583
f 1583 1606 1607
f 1583 1607 1584
f 1584 1607 1608
f 1584 1608 1585
f 1585 1608 1609
f 1585 1609 1586
f 1586 1609 1610
f 1586 1610 1587
f 1587 1610 1611
f 1587 1611 1588
f 1588 1611 1612
f 1588 1612 1589
f 1589 1612 1613
f 1589 1613 1590
f 1590 1613 1614
f 1590 1614 1591
f 1591 1614 1615
f 1591 1615 1592
f 1592 1615 1616
f 1592 1616 1593
f 1593 1616 1617
f 1593 1617 1594
f 1594 1617 1618
f 1594 1618 1595
f 1595 1618 1619
f 1595 1619 1596
f 1596 1619 1620
f 1596 1620 1380
f 1597 1355 1621
f 1597 1621 1598
f 1598 1621 1622
f 1598 1622 1599
f 1599 1622 1623
f 1599 1623 1600
f 1600 1623 1624
f 1600 1624 1601
f 1601 1624 1625
f 1601 1625 1602
f 1602 1625 1626
f 1602 1626 1603
f 1603 1626 1627
f 1603 1627 1604
f 1604 1627 1628
f 1604 1628 1605
f 1605 1628 1629
f 1605 1629 1606
f 1606 1629 1630
f 1606 1630 1607
f 1607 1630 1631
f 1607 1631 1608
f 1608 1631 1632
f 1608 1632 1609
f 1609 1632 1633
f 1609 1633 1610
f 1610 1633 1634
f 1610 1634 1611
f 1611 1634 1635
f 1611 1635 1612
f 1612 1635 1636
f 1612 1636 1613
f 1613 1636 1637
f 1613 1637 1614
f 1614 1637 1638
f 1614 1638 1615
f 1615 1638 1639
f 1615 1639 1616
f 1616 1639 1640
f 1616 1640 1617
f 1617 1640 1641
f 1617 1641 1618
f 1618 1641 1642
f 1618 1642 1619
f 1619 1642 1643
f 1619 1643 1620
f 1620 1643 1644
f 1620 1644 1380
f 1621 1355 1356
f 1621 1356 1622
f 1622 1356 1357
f 1622 1357 1623
f 1623 1357 1358
f 1623 1358 1624
f 1624 1358 1359
f 1624 1359 1625
f 1625 1359 1360
f 1625 1360 1626
f 1626 1360 1361
f 1626 1361 1627
f 1627 1361 1362
f 1627 1362 1628
f 1628 1362 1363
f 1628 1363 1629
f 1629 1363 1364
f 1629 1364 1630
f 1630 1364 1365
f 1630 1365 1631
f 1631 1365 1366
f 1631 1366 1632
f 1632 1366 1367
f 1632 1367 1633
f 1633 1367 1368
f 1633 1368 1634
f 1634 1368 1369
f 1634 1369 1635
f 1635 1369 1370
f 1635 1370 1636
f 1636 1370 1371
f 1636 1371 1637
f 1637 1371 1372
f 1637 1372 1638
f 1638 1372 1373
f 1638 1373 1639
f 1639 1373 1374
f 1639 1374 1640
f 1640 1374 1375
f 1640 1375 1641
f 1641 1375 1376
f 1641 1376 1642
f 1642 1376 1377
f 1642 1377 1643
f 1643 1377 1378
f 1643 1378 1644
f 1644 1378 1379
f 1644 1379 1380
f 1645 1782 1698
f 1782 1682 1784
f 1698 1784 1661
f 1782 1784 1698
f 1682 1783 1799
f 1783 1656 1796
f 1799 1796 1685
f 1783 1796 1799
f 1661 1797 1699
f 1797 1685 1795
f 1699 1795 1650
f 1797 1795 1699
f 1682 1799 1784
f 1799 1685 1797
f 1784 1797 1661
f 1799 1797 1784
f 1645 1698 1687
f 1698 1661 1700
f 1687 1700 1657
f 1698 1700 1687
f 1661 1699 1704
f 1699 1650 1702
f 1704 1702 1662
f 1699 1702 1704
f 1657 1703 1688
f 1703 1662 1701
f 1688 1701 1646
f 1703 1701 1688
f 1661 1704 1700
f 1704 1662 1703
f 1700 1703 1657
f 1704 1703 1700
f 1645 1687 1714
f 1687 1657 1716
f 1714 1716 1666
f 1687 1716 1714
f 1657 1688 1719
f 1688 1646 1717
f 1719 1717 1667
f 1688 1717 1719
f 1666 1720 1715
f 1720 1667 1718
f 1715 1718 1652
f 1720 1718 1715
f 1657 1719 1716
f 1719 1667 1720
f 1716 1720 1666
f 1719 1720 1716
f 1645 1714 1765
f 1714 1666 1767
f 1765 1767 1678
f 1714 1767 1765
f 1666 1715 1778
f 1715 1652 1776
f 1778 1776 1681
f 1715 1776 1778
f 1678 1780 1766
f 1780 1681 1777
f 1766 1777 1655
f 1780 1777 1766
f 1666 1778 1767
f 1778 1681 1780
f 1767 1780 1678
f 1778 1780 1767
f 1645 1765 1782
f 1765 1678 1785
f 1782 1785 1682
f 1765 1785 1782
f 1678 1766 1803
f 1766 1655 1801
f 1803 1801 1686
f 1766 1801 1803
f 1682 1805 1783
f 1805 1686 1802
f 1783 1802 1656
f 1805 1802 1783
f 1678 1803 1785
f 1803 1686 1805
f 1785 1805 1682
f 1803 1805 1785
f 1646 1701 1740
f 1701 1662 1742
f 1740 1742 1673
f 1701 1742 1740
f 1662 1702 1755
f 1702 1650 1753
f 1755 1753 1676
f 1702 1753 1755
f 1673 1757 1741
f 1757 1676 1754
f 1741 1754 1654
f 1757 1754 1741
f 1662 1755 1742
f 1755 1676 1757
f 1742 1757 1673
f 1755 1757 1742
f 1650 1795 1706
f 1795 1685 1798
f 1706 1798 1663
f 1795 1798 1706
f 1685 1796 1800
f 1796 1656 1791
f 1800 1791 1684
f 1796 1791 1800
f 1663 1793 1705
f 1793 1684 1790
f 1705 1790 1649
f 1793 1790 1705
f 1685 1800 1798
f 1800 1684 1793
f 1798 1793 1663
f 1800 1793 1798
f 1656 1802 1787
f 1802 1686 1806
f 1787 1806 1683
f 1802 1806 1787
f 1686 1801 1804
f 1801 1655 1769
f 1804 1769 1679
f 1801 1769 1804
f 1683 1789 1786
f 1789 1679 1768
f 1786 1768 1647
f 1789 1768 1786
f 1686 1804 1806
f 1804 1679 1789
f 1806 1789 1683
f 1804 1789 1806
f 1655 1777 1772
f 1777 1681 1781
f 1772 1781 1680
f 1777 1781 1772
f 1681 1776 1779
f 1776 1652 1722
f 1779 1722 1668
f 1776 1722 1779
f 1680 1774 1771
f 1774 1668 1721
f 1771 1721 1651
f 1774 1721 1771
f 1681 1779 1781
f 1779 1668 1774
f 1781 1774 1680
f 1779 1774 1781
f 1652 1718 1734
f 1718 1667 1736
f 1734 1736 1672
f 1718 1736 1734
f 1667 1717 1725
f 1717 1646 1723
f 1725 1723 1669
f 1717 1723 1725
f 1672 1738 1735
f 1738 1669 1724
f 1735 1724 1653
f 1738 1724 1735
f 1667 1725 1736
f 1725 1669 1738
f 1736 1738 1672
f 1725 1738 1736
f 1648 1744 1694
f 1744 1674 1746
f 1694 1746 1660
f 1744 1746 1694
f 1674 1745 1752
f 1745 1654 1749
f 1752 1749 1675
f 1745 1749 1752
f 1660 1750 1695
f 1750 1675 1748
f 1695 1748 1649
f 1750 1748 1695
f 1674 1752 1746
f 1752 1675 1750
f 1746 1750 1660
f 1752 1750 1746
f 1648 1694 1690
f 1694 1660 1696
f 1690 1696 1658
f 1694 1696 1690
f 1660 1695 1697
f 1695 1649 1692
f 1697 1692 1659
f 1695 1692 1697
f 1658 1693 1689
f 1693 1659 1691
f 1689 1691 1647
f 1693 1691 1689
f 1660 1697 1696
f 1697 1659 1693
f 1696 1693 1658
f 1697 1693 1696
f 1648 1690 1710
f 1690 1658 1712
f 1710 1712 1665
f 1690 1712 1710
f 1658 1689 1709
f 1689 1647 1707
f 1709 1707 1664
f 1689 1707 1709
f 1665 1713 1711
f 1713 1664 1708
f 1711 1708 1651
f 1713 1708 1711
f 1658 1709 1712
f 1709 1664 1713
f 1712 1713 1665
f 1709 1713 1712
f 1648 1710 1726
f 1710 1665 1728
f 1726 1728 1670
f 1710 1728 1726
f 1665 1711 1731
f 1711 1651 1729
f 1731 1729 1671
f 1711 1729 1731
f 1670 1733 1727
f 1733 1671 1730
f 1727 1730 1653
f 1733 1730 1727
f 1665 1731 1728
f 1731 1671 1733
f 1728 1733 1670
f 1731 1733 1728
f 1648 1726 1744
f 1726 1670 1747
f 1744 1747 1674
f 1726 1747 1744
f 1670 1727 1762
f 1727 1653 1759
f 1762 1759 1677
f 1727 1759 1762
f 1674 1764 1745
f 1764 1677 1760
f 1745 1760 1654
f 1764 1760 1745
f 1670 1762 1747
f 1762 1677 1764
f 1747 1764 1674
f 1762 1764 1747
f 1649 1748 1705
f 1748 1675 1751
f 1705 1751 1663
f 1748 1751 1705
f 1675 1749 1758
f 1749 1654 1754
f 1758 1754 1676
f 1749 1754 1758
f 1663 1756 1706
f 1756 1676 1753
f 1706 1753 1650
f 1756 1753 1706
f 1675 1758 1751
f 1758 1676 1756
f 1751 1756 1663
f 1758 1756 1751
f 1647 1691 1786
f 1691 1659 1788
f 1786 1788 1683
f 1691 1788 1786
f 1659 1692 1792
f 1692 1649 1790
f 1792 1790 1684
f 1692 1790 1792
f 1683 1794 1787
f 1794 1684 1791
f 1787 1791 1656
f 1794 1791 1787
f 1659 1792 1788
f 1792 1684 1794
f 1788 1794 1683
f 1792 1794 1788
f 1651 1708 1771
f 1708 1664 1773
f 1771 1773 1680
f 1708 1773 1771
f 1664 1707 1770
f 1707 1647 1768
f 1770 1768 1679
f 1707 1768 1770
f 1680 1775 1772
f 1775 1679 1769
f 1772 1769 1655
f 1775 1769 1772
f 1664 1770 1773
f 1770 1679 1775
f 1773 1775 1680
f 1770 1775 1773
f 1653 1730 1735
f 1730 1671 1739
f 1735 1739 1672
f 1730 1739 1735
f 1671 1729 1732
f 1729 1651 1721
f 1732 1721 1668
f 1729 1721 1732
f 1672 1737 1734
f 1737 1668 1722
f 1734 1722 1652
f 1737 1722 1734
f 1671 1732 1739
f 1732 1668 1737
f 1739 1737 1672
f 1732 1737 1739
f 1654 1760 1741
f 1760 1677 1763
f 1741 1763 1673
f 1760 1763 1741
f 1677 1759 1761
f 1759 1653 1724
f 1761 1724 1669
f 1759 1724 1761
f 1673 1743 1740
f 1743 1669 1723
f 1740 1723 1646
f 1743 1723 1740
f 1677 1761 1763
f 1761 1669 1743
f 1763 1743 1673
f 1761 1743 1763
f 1807 2339 2003
f 2339 1944 2341
f 2003 2341 1860
f 2339 2341 2003
f 1944 2340 2348
f 2340 1844 2346
f 2348 2346 1946
f 2340 2346 2348
f 1860 2347 2004
f 2347 1946 2345
f 2004 2345 1823
f 2347 2345 2004
f 1944 2348 2341
f 2348 1946 2347
f 2341 2347 1860
f 2348 2347 2341
f 1844 2344 2407
f 2344 1945 2409
f 2407 2409 1961
f 2344 2409 2407
f 1945 2343 2395
f 2343 1818 2393
f 2395 2393 1958
f 2343 2393 2395
f 1961 2411 2408
f 2411 1958 2394
f 2408 2394 1847
f 2411 2394 2408
f 1945 2395 2409
f 2395 1958 2411
f 2409 2411 1961
f 2395 2411 2409
f 1823 2397 2007
f 2397 1959 2399
f 2007 2399 1861
f 2397 2399 2007
f 1959 2398 2401
f 2398 1847 2390
f 2401 2390 1957
f 2398 2390 2401
f 1861 2391 2006
f 2391 1957 2389
f 2006 2389 1812
f 2391 2389 2006
f 1959 2401 2399
f 2401 1957 2391
f 2399 2391 1861
f 2401 2391 2399
f 1844 2407 2346
f 2407 1961 2410
f 2346 2410 1946
f 2407 2410 2346
f 1961 2408 2412
f 2408 1847 2398
f 2412 2398 1959
f 2408 2398 2412
f 1946 2400 2345
f 2400 1959 2397
f 2345 2397 1823
f 2400 2397 2345
f 1961 2412 2410
f 2412 1959 2400
f 2410 2400 1946
f 2412 2400 2410
f 1807 2003 1969
f 2003 1860 2005
f 1969 2005 1849
f 2003 2005 1969
f 1860 2004 2011
f 2004 1823 2009
f 2011 2009 1862
f 2004 2009 2011
f 1849 2010 1970
f 2010 1862 2008
f 1970 2008 1819
f 2010 2008 1970
f 1860 2011 2005
f 2011 1862 2010
f 2005 2010 1849
f 2011 2010 2005
f 1823 2007 2023
f 2007 1861 2025
f 2023 2025 1866
f 2007 2025 2023
f 1861 2006 2017
f 2006 1812 2015
f 2017 2015 1864
f 2006 2015 2017
f 1866 2027 2024
f 2027 1864 2016
f 2024 2016 1824
f 2027 2016 2024
f 1861 2017 2025
f 2017 1864 2027
f 2025 2027 1866
f 2017 2027 2025
f 1819 2018 1972
f 2018 1865 2020
f 1972 2020 1850
f 2018 2020 1972
f 1865 2019 2022
f 2019 1824 2013
f 2022 2013 1863
f 2019 2013 2022
f 1850 2014 1971
f 2014 1863 2012
f 1971 2012 1808
f 2014 2012 1971
f 1865 2022 2020
f 2022 1863 2014
f 2020 2014 1850
f 2022 2014 2020
f 1823 2023 2009
f 2023 1866 2026
f 2009 2026 1862
f 2023 2026 2009
f 1866 2024 2028
f 2024 1824 2019
f 2028 2019 1865
f 2024 2019 2028
f 1862 2021 2008
f 2021 1865 2018
f 2008 2018 1819
f 2021 2018 2008
f 1866 2028 2026
f 2028 1865 2021
f 2026 2021 1862
f 2028 2021 2026
f 1807 1969 2059
f 1969 1849 2061
f 2059 2061 1876
f 1969 2061 2059
f 1849 1970 2066
f 1970 1819 2064
f 2066 2064 1878
f 1970 2064 2066
f 1876 2067 2060
f 2067 1878 2065
f 2060 2065 1828
f 2067 2065 2060
f 1849 2066 2061
f 2066 1878 2067
f 2061 2067 1876
f 2066 2067 2061
f 1819 1972 2074
f 1972 1850 2076
f 2074 2076 1881
f 1972 2076 2074
f 1850 1971 2070
f 1971 1808 2068
f 2070 2068 1879
f 1971 2068 2070
f 1881 2078 2075
f 2078 1879 2069
f 2075 2069 1829
f 2078 2069 2075
f 1850 2070 2076
f 2070 1879 2078
f 2076 2078 1881
f 2070 2078 2076
f 1828 2079 2063
f 2079 1882 2081
f 2063 2081 1877
f 2079 2081 2063
f 1882 2080 2083
f 2080 1829 2072
f 2083 2072 1880
f 2080 2072 2083
f 1877 2073 2062
f 2073 1880 2071
f 2062 2071 1814
f 2073 2071 2062
f 1882 2083 2081
f 2083 1880 2073
f 2081 2073 1877
f 2083 2073 2081
f 1819 2074 2064
f 2074 1881 2077
f 2064 2077 1878
f 2074 2077 2064
f 1881 2075 2084
f 2075 1829 2080
f 2084 2080 1882
f 2075 2080 2084
f 1878 2082 2065
f 2082 1882 2079
f 2065 2079 1828
f 2082 2079 2065
f 1881 2084 2077
f 2084 1882 2082
f 2077 2082 1878
f 2084 2082 2077
f 1807 2059 2269
f 2059 1876 2271
f 2269 2271 1927
f 2059 2271 2269
f 1876 2060 2276
f 2060 1828 2274
f 2276 2274 1929
f 2060 2274 2276
f 1927 2277 2270
f 2277 1929 2275
f 2270 2275 1840
f 2277 2275 2270
f 1876 2276 2271
f 2276 1929 2277
f 2271 2277 1927
f 2276 2277 2271
f 1828 2063 2317
f 2063 1877 2319
f 2317 2319 1940
f 2063 2319 2317
f 1877 2062 2311
f 2062 1814 2309
f 2311 2309 1938
f 2062 2309 2311
f 1940 2321 2318
f 2321 1938 2310
f 2318 2310 1843
f 2321 2310 2318
f 1877 2311 2319
f 2311 1938 2321
f 2319 2321 1940
f 2311 2321 2319
f 1840 2327 2273
f 2327 1942 2329
f 2273 2329 1928
f 2327 2329 2273
f 1942 2328 2331
f 2328 1843 2314
f 2331 2314 1939
f 2328 2314 2331
f 1928 2315 2272
f 2315 1939 2313
f 2272 2313 1817
f 2315 2313 2272
f 1942 2331 2329
f 2331 1939 2315
f 2329 2315 1928
f 2331 2315 2329
f 1828 2317 2274
f 2317 1940 2320
f 2274 2320 1929
f 2317 2320 2274
f 1940 2318 2332
f 2318 1843 2328
f 2332 2328 1942
f 2318 2328 2332
f 1929 2330 2275
f 2330 1942 2327
f 2275 2327 1840
f 2330 2327 2275
f 1940 2332 2320
f 2332 1942 2330
f 2320 2330 1929
f 2332 2330 2320
f 1807 2269 2339
f 2269 1927 2342
f 2339 2342 1944
f 2269 2342 2339
f 1927 2270 2351
f 2270 1840 2349
f 2351 2349 1947
f 2270 2349 2351
f 1944 2352 2340
f 2352 1947 2350
f 2340 2350 1844
f 2352 2350 2340
f 1927 2351 2342
f 2351 1947 2352
f 2342 2352 1944
f 2351 2352 2342
f 1840 2273 2427
f 2273 1928 2429
f 2427 2429 1965
f 2273 2429 2427
f 1928 2272 2421
f 2272 1817 2419
f 2421 2419 1963
f 2272 2419 2421
f 1965 2431 2428
f 2431 1963 2420
f 2428 2420 1848
f 2431 2420 2428
f 1928 2421 2429
f 2421 1963 2431
f 2429 2431 1965
f 2421 2431 2429
f 1844 2437 2344
f 2437 1967 2439
f 2344 2439 1945
f 2437 2439 2344
f 1967 2438 2441
f 2438 1848 2424
f 2441 2424 1964
f 2438 2424 2441
f 1945 2425 2343
f 2425 1964 2423
f 2343 2423 1818
f 2425 2423 2343
f 1967 2441 2439
f 2441 1964 2425
f 2439 2425 1945
f 2441 2425 2439
f 1840 2427 2349
f 2427 1965 2430
f 2349 2430 1947
f 2427 2430 2349
f 1965 2428 2442
f 2428 1848 2438
f 2442 2438 1967
f 2428 2438 2442
f 1947 2440 2350
f 2440 1967 2437
f 2350 2437 1844
f 2440 2437 2350
f 1965 2442 2430
f 2442 1967 2440
f 2430 2440 1947
f 2442 2440 2430
f 1808 2012 2159
f 2012 1863 2161
f 2159 2161 1902
f 2012 2161 2159
f 1863 2013 2167
f 2013 1824 2165
f 2167 2165 1904
f 2013 2165 2167
f 1902 2168 2160
f 2168 1904 2166
f 2160 2166 1835
f 2168 2166 2160
f 1863 2167 2161
f 2167 1904 2168
f 2161 2168 1902
f 2167 2168 2161
f 1824 2016 2217
f 2016 1864 2219
f 2217 2219 1917
f 2016 2219 2217
f 1864 2015 2211
f 2015 1812 2209
f 2211 2209 1915
f 2015 2209 2211
f 1917 2221 2218
f 2221 1915 2210
f 2218 2210 1838
f 2221 2210 2218
f 1864 2211 2219
f 2211 1915 2221
f 2219 2221 1917
f 2211 2221 2219
f 1835 2227 2164
f 2227 1919 2229
f 2164 2229 1903
f 2227 2229 2164
f 1919 2228 2231
f 2228 1838 2214
f 2231 2214 1916
f 2228 2214 2231
f 1903 2215 2163
f 2215 1916 2213
f 2163 2213 1816
f 2215 2213 2163
f 1919 2231 2229
f 2231 1916 2215
f 2229 2215 1903
f 2231 2215 2229
f 1824 2217 2165
f 2217 1917 2220
f 2165 2220 1904
f 2217 2220 2165
f 1917 2218 2232
f 2218 1838 2228
f 2232 2228 1919
f 2218 2228 2232
f 1904 2230 2166
f 2230 1919 2227
f 2166 2227 1835
f 2230 2227 2166
f 1917 2232 2220
f 2232 1919 2230
f 2220 2230 1904
f 2232 2230 2220
f 1812 2389 2031
f 2389 1957 2392
f 2031 2392 1868
f 2389 2392 2031
f 1957 2390 2406
f 2390 1847 2403
f 2406 2403 1960
f 2390 2403 2406
f 1868 2404 2032
f 2404 1960 2402
f 2032 2402 1825
f 2404 2402 2032
f 1957 2406 2392
f 2406 1960 2404
f 2392 2404 1868
f 2406 2404 2392
f 1847 2394 2414
f 2394 1958 2417
f 2414 2417 1962
f 2394 2417 2414
f 1958 2393 2396
f 2393 1818 2371
f 2396 2371 1953
f 2393 2371 2396
f 1962 2415 2413
f 2415 1953 2372
f 2413 2372 1846
f 2415 2372 2413
f 1958 2396 2417
f 2396 1953 2415
f 2417 2415 1962
f 2396 2415 2417
f 1825 2379 2030
f 2379 1955 2381
f 2030 2381 1867
f 2379 2381 2030
f 1955 2380 2382
f 2380 1846 2368
f 2382 2368 1952
f 2380 2368 2382
f 1867 2370 2029
f 2370 1952 2367
f 2029 2367 1811
f 2370 2367 2029
f 1955 2382 2381
f 2382 1952 2370
f 2381 2370 1867
f 2382 2370 2381
f 1847 2414 2403
f 2414 1962 2418
f 2403 2418 1960
f 2414 2418 2403
f 1962 2413 2416
f 2413 1846 2380
f 2416 2380 1955
f 2413 2380 2416
f 1960 2405 2402
f 2405 1955 2379
f 2402 2379 1825
f 2405 2379 2402
f 1962 2416 2418
f 2416 1955 2405
f 2418 2405 1960
f 2416 2405 2418
f 1818 2423 2357
f 2423 1964 2426
f 2357 2426 1949
f 2423 2426 2357
f 1964 2424 2447
f 2424 1848 2444
f 2447 2444 1968
f 2424 2444 2447
f 1949 2445 2358
f 2445 1968 2443
f 2358 2443 1845
f 2445 2443 2358
f 1964 2447 2426
f 2447 1968 2445
f 2426 2445 1949
f 2447 2445 2426
f 1848 2420 2433
f 2420 1963 2436
f 2433 2436 1966
f 2420 2436 2433
f 1963 2419 2422
f 2419 1817 2281
f 2422 2281 1931
f 2419 2281 2422
f 1966 2434 2432
f 2434 1931 2282
f 2432 2282 1841
f 2434 2282 2432
f 1963 2422 2436
f 2422 1931 2434
f 2436 2434 1966
f 2422 2434 2436
f 1845 2364 2354
f 2364 1951 2366
f 2354 2366 1948
f 2364 2366 2354
f 1951 2363 2365
f 2363 1841 2279
f 2365 2279 1930
f 2363 2279 2365
f 1948 2356 2353
f 2356 1930 2278
f 2353 2278 1809
f 2356 2278 2353
f 1951 2365 2366
f 2365 1930 2356
f 2366 2356 1948
f 2365 2356 2366
f 1848 2433 2444
f 2433 1966 2448
f 2444 2448 1968
f 2433 2448 2444
f 1966 2432 2435
f 2432 1841 2363
f 2435 2363 1951
f 2432 2363 2435
f 1968 2446 2443
f 2446 1951 2364
f 2443 2364 1845
f 2446 2364 2443
f 1966 2435 2448
f 2435 1951 2446
f 2448 2446 1968
f 2435 2446 2448
f 1817 2313 2291
f 2313 1939 2316
f 2291 2316 1934
f 2313 2316 2291
f 1939 2314 2337
f 2314 1843 2334
f 2337 2334 1943
f 2314 2334 2337
f 1934 2335 2292
f 2335 1943 2333
f 2292 2333 1842
f 2335 2333 2292
f 1939 2337 2316
f 2337 1943 2335
f 2316 2335 1934
f 2337 2335 2316
f 1843 2310 2323
f 2310 1938 2326
f 2323 2326 1941
f 2310 2326 2323
f 1938 2309 2312
f 2309 1814 2087
f 2312 2087 1884
f 2309 2087 2312
f 1941 2324 2322
f 2324 1884 2088
f 2322 2088 1830
f 2324 2088 2322
f 1938 2312 2326
f 2312 1884 2324
f 2326 2324 1941
f 2312 2324 2326
f 1842 2300 2288
f 2300 1936 2302
f 2288 2302 1933
f 2300 2302 2288
f 1936 2299 2301
f 2299 1830 2086
f 2301 2086 1883
f 2299 2086 2301
f 1933 2290 2287
f 2290 1883 2085
f 2287 2085 1813
f 2290 2085 2287
f 1936 2301 2302
f 2301 1883 2290
f 2302 2290 1933
f 2301 2290 2302
f 1843 2323 2334
f 2323 1941 2338
f 2334 2338 1943
f 2323 2338 2334
f 1941 2322 2325
f 2322 1830 2299
f 2325 2299 1936
f 2322 2299 2325
f 1943 2336 2333
f 2336 1936 2300
f 2333 2300 1842
f 2336 2300 2333
f 1941 2325 2338
f 2325 1936 2336
f 2338 2336 1943
f 2325 2336 2338
f 1814 2071 2129
f 2071 1880 2131
f 2129 2131 1896
f 2071 2131 2129
f 1880 2072 2139
f 2072 1829 2137
f 2139 2137 1898
f 2072 2137 2139
f 1896 2141 2130
f 2141 1898 2138
f 2130 2138 1834
f 2141 2138 2130
f 1880 2139 2131
f 2139 1898 2141
f 2131 2141 1896
f 2139 2141 2131
f 1829 2069 2094
f 2069 1879 2096
f 2094 2096 1887
f 2069 2096 2094
f 1879 2068 2091
f 2068 1808 2089
f 2091 2089 1885
f 2068 2089 2091
f 1887 2097 2095
f 2097 1885 2090
f 2095 2090 1831
f 2097 2090 2095
f 1879 2091 2096
f 2091 1885 2097
f 2096 2097 1887
f 2091 2097 2096
f 1834 2148 2134
f 2148 1900 2151
f 2134 2151 1897
f 2148 2151 2134
f 1900 2147 2149
f 2147 1831 2093
f 2149 2093 1886
f 2147 2093 2149
f 1897 2135 2133
f 2135 1886 2092
f 2133 2092 1815
f 2135 2092 2133
f 1900 2149 2151
f 2149 1886 2135
f 2151 2135 1897
f 2149 2135 2151
f 1829 2094 2137
f 2094 1887 2140
f 2137 2140 1898
f 2094 2140 2137
f 1887 2095 2150
f 2095 1831 2147
f 2150 2147 1900
f 2095 2147 2150
f 1898 2152 2138
f 2152 1900 2148
f 2138 2148 1834
f 2152 2148 2138
f 1887 2150 2140
f 2150 1900 2152
f 2140 2152 1898
f 2150 2152 2140
f 1810 2173 1986
f 2173 1906 2175
f 1986 2175 1856
f 2173 2175 1986
f 1906 2174 2182
f 2174 1836 2180
f 2182 2180 1908
f 2174 2180 2182
f 1856 2181 1987
f 2181 1908 2179
f 1987 2179 1822
f 2181 2179 1987
f 1906 2182 2175
f 2182 1908 2181
f 2175 2181 1856
f 2182 2181 2175
f 1836 2178 2203
f 2178 1907 2205
f 2203 2205 1914
f 2178 2205 2203
f 1907 2177 2193
f 2177 1816 2191
f 2193 2191 1911
f 2177 2191 2193
f 1914 2207 2204
f 2207 1911 2192
f 2204 2192 1837
f 2207 2192 2204
f 1907 2193 2205
f 2193 1911 2207
f 2205 2207 1914
f 2193 2207 2205
f 1822 2194 1990
f 2194 1912 2196
f 1990 2196 1857
f 2194 2196 1990
f 1912 2195 2198
f 2195 1837 2188
f 2198 2188 1910
f 2195 2188 2198
f 1857 2189 1989
f 2189 1910 2187
f 1989 2187 1811
f 2189 2187 1989
f 1912 2198 2196
f 2198 1910 2189
f 2196 2189 1857
f 2198 2189 2196
f 1836 2203 2180
f 2203 1914 2206
f 2180 2206 1908
f 2203 2206 2180
f 1914 2204 2208
f 2204 1837 2195
f 2208 2195 1912
f 2204 2195 2208
f 1908 2197 2179
f 2197 1912 2194
f 2179 2194 1822
f 2197 2194 2179
f 1914 2208 2206
f 2208 1912 2197
f 2206 2197 1908
f 2208 2197 2206
f 1810 1986 1975
f 1986 1856 1988
f 1975 1988 1852
f 1986 1988 1975
f 1856 1987 1996
f 1987 1822 1993
f 1996 1993 1858
f 1987 1993 1996
f 1852 1994 1976
f 1994 1858 1992
f 1976 1992 1820
f 1994 1992 1976
f 1856 1996 1988
f 1996 1858 1994
f 1988 1994 1852
f 1996 1994 1988
f 1822 1990 1998
f 1990 1857 2001
f 1998 2001 1859
f 1990 2001 1998
f 1857 1989 1991
f 1989 1811 1980
f 1991 1980 1854
f 1989 1980 1991
f 1859 1999 1997
f 1999 1854 1981
f 1997 1981 1821
f 1999 1981 1997
f 1857 1991 2001
f 1991 1854 1999
f 2001 1999 1859
f 1991 1999 2001
f 1820 1982 1974
f 1982 1855 1984
f 1974 1984 1851
f 1982 1984 1974
f 1855 1983 1985
f 1983 1821 1978
f 1985 1978 1853
f 1983 1978 1985
f 1851 1979 1973
f 1979 1853 1977
f 1973 1977 1809
f 1979 1977 1973
f 1855 1985 1984
f 1985 1853 1979
f 1984 1979 1851
f 1985 1979 1984
f 1822 1998 1993
f 1998 1859 2002
f 1993 2002 1858
f 1998 2002 1993
f 1859 1997 2000
f 1997 1821 1983
f 2000 1983 1855
f 1997 1983 2000
f 1858 1995 1992
f 1995 1855 1982
f 1992 1982 1820
f 1995 1982 1992
f 1859 2000 2002
f 2000 1855 1995
f 2002 1995 1858
f 2000 1995 2002
f 1810 1975 2042
f 1975 1852 2044
f 2042 2044 1872
f 1975 2044 2042
f 1852 1976 2050
f 1976 1820 2048
f 2050 2048 1874
f 1976 2048 2050
f 1872 2052 2043
f 2052 1874 2049
f 2043 2049 1827
f 2052 2049 2043
f 1852 2050 2044
f 2050 1874 2052
f 2044 2052 1872
f 2050 2052 2044
f 1820 1974 2038
f 1974 1851 2040
f 2038 2040 1871
f 1974 2040 2038
f 1851 1973 2035
f 1973 1809 2033
f 2035 2033 1869
f 1973 2033 2035
f 1871 2041 2039
f 2041 1869 2034
f 2039 2034 1826
f 2041 2034 2039
f 1851 2035 2040
f 2035 1869 2041
f 2040 2041 1871
f 2035 2041 2040
f 1827 2054 2046
f 2054 1875 2057
f 2046 2057 1873
f 2054 2057 2046
f 1875 2053 2055
f 2053 1826 2037
f 2055 2037 1870
f 2053 2037 2055
f 1873 2047 2045
f 2047 1870 2036
f 2045 2036 1813
f 2047 2036 2045
f 1875 2055 2057
f 2055 1870 2047
f 2057 2047 1873
f 2055 2047 2057
f 1820 2038 2048
f 2038 1871 2051
f 2048 2051 1874
f 2038 2051 2048
f 1871 2039 2056
f 2039 1826 2053
f 2056 2053 1875
f 2039 2053 2056
f 1874 2058 2049
f 2058 1875 2054
f 2049 2054 1827
f 2058 2054 2049
f 1871 2056 2051
f 2056 1875 2058
f 2051 2058 1874
f 2056 2058 2051
f 1810 2042 2098
f 2042 1872 2100
f 2098 2100 1888
f 2042 2100 2098
f 1872 2043 2105
f 2043 1827 2103
f 2105 2103 1890
f 2043 2103 2105
f 1888 2106 2099
f 2106 1890 2104
f 2099 2104 1832
f 2106 2104 2099
f 1872 2105 2100
f 2105 1890 2106
f 2100 2106 1888
f 2105 2106 2100
f 1827 2046 2114
f 2046 1873 2116
f 2114 2116 1893
f 2046 2116 2114
f 1873 2045 2109
f 2045 1813 2107
f 2109 2107 1891
f 2045 2107 2109
f 1893 2118 2115
f 2118 1891 2108
f 2115 2108 1833
f 2118 2108 2115
f 1873 2109 2116
f 2109 1891 2118
f 2116 2118 1893
f 2109 2118 2116
f 1832 2123 2102
f 2123 1895 2125
f 2102 2125 1889
f 2123 2125 2102
f 1895 2124 2127
f 2124 1833 2112
f 2127 2112 1892
f 2124 2112 2127
f 1889 2113 2101
f 2113 1892 2111
f 2101 2111 1815
f 2113 2111 2101
f 1895 2127 2125
f 2127 1892 2113
f 2125 2113 1889
f 2127 2113 2125
f 1827 2114 2103
f 2114 1893 2117
f 2103 2117 1890
f 2114 2117 2103
f 1893 2115 2128
f 2115 1833 2124
f 2128 2124 1895
f 2115 2124 2128
f 1890 2126 2104
f 2126 1895 2123
f 2104 2123 1832
f 2126 2123 2104
f 1893 2128 2117
f 2128 1895 2126
f 2117 2126 1890
f 2128 2126 2117
f 1810 2098 2173
f 2098 1888 2176
f 2173 2176 1906
f 2098 2176 2173
f 1888 2099 2185
f 2099 1832 2183
f 2185 2183 1909
f 2099 2183 2185
f 1906 2186 2174
f 2186 1909 2184
f 2174 2184 1836
f 2186 2184 2174
f 1888 2185 2176
f 2185 1909 2186
f 2176 2186 1906
f 2185 2186 2176
f 1832 2102 2252
f 2102 1889 2254
f 2252 2254 1924
f 2102 2254 2252
f 1889 2101 2242
f 2101 1815 2239
f 2242 2239 1921
f 2101 2239 2242
f 1924 2256 2253
f 2256 1921 2240
f 2253 2240 1839
f 2256 2240 2253
f 1889 2242 2254
f 2242 1921 2256
f 2254 2256 1924
f 2242 2256 2254
f 1836 2263 2178
f 2263 1926 2265
f 2178 2265 1907
f 2263 2265 2178
f 1926 2264 2267
f 2264 1839 2244
f 2267 2244 1922
f 2264 2244 2267
f 1907 2246 2177
f 2246 1922 2243
f 2177 2243 1816
f 2246 2243 2177
f 1926 2267 2265
f 2267 1922 2246
f 2265 2246 1907
f 2267 2246 2265
f 1832 2252 2183
f 2252 1924 2255
f 2183 2255 1909
f 2252 2255 2183
f 1924 2253 2268
f 2253 1839 2264
f 2268 2264 1926
f 2253 2264 2268
f 1909 2266 2184
f 2266 1926 2263
f 2184 2263 1836
f 2266 2263 2184
f 1924 2268 2255
f 2268 1926 2266
f 2255 2266 1909
f 2268 2266 2255
f 1811 2187 2029
f 2187 1910 2190
f 2029 2190 1867
f 2187 2190 2029
f 1910 2188 2202
f 2188 1837 2200
f 2202 2200 1913
f 2188 2200 2202
f 1867 2201 2030
f 2201 1913 2199
f 2030 2199 1825
f 2201 2199 2030
f 1910 2202 2190
f 2202 1913 2201
f 2190 2201 1867
f 2202 2201 2190
f 1837 2192 2233
f 2192 1911 2235
f 2233 2235 1920
f 2192 2235 2233
f 1911 2191 2216
f 2191 1816 2213
f 2216 2213 1916
f 2191 2213 2216
f 1920 2237 2234
f 2237 1916 2214
f 2234 2214 1838
f 2237 2214 2234
f 1911 2216 2235
f 2216 1916 2237
f 2235 2237 1920
f 2216 2237 2235
f 1825 2222 2032
f 2222 1918 2224
f 2032 2224 1868
f 2222 2224 2032
f 1918 2223 2226
f 2223 1838 2210
f 2226 2210 1915
f 2223 2210 2226
f 1868 2212 2031
f 2212 1915 2209
f 2031 2209 1812
f 2212 2209 2031
f 1918 2226 2224
f 2226 1915 2212
f 2224 2212 1868
f 2226 2212 2224
f 1837 2233 2200
f 2233 1920 2236
f 2200 2236 1913
f 2233 2236 2200
f 1920 2234 2238
f 2234 1838 2223
f 2238 2223 1918
f 2234 2223 2238
f 1913 2225 2199
f 2225 1918 2222
f 2199 2222 1825
f 2225 2222 2199
f 1920 2238 2236
f 2238 1918 2225
f 2236 2225 1913
f 2238 2225 2236
f 1809 1977 2353
f 1977 1853 2355
f 2353 2355 1948
f 1977 2355 2353
f 1853 1978 2361
f 1978 1821 2359
f 2361 2359 1950
f 1978 2359 2361
f 1948 2362 2354
f 2362 1950 2360
f 2354 2360 1845
f 2362 2360 2354
f 1853 2361 2355
f 2361 1950 2362
f 2355 2362 1948
f 2361 2362 2355
f 1821 1981 2374
f 1981 1854 2376
f 2374 2376 1954
f 1981 2376 2374
f 1854 1980 2369
f 1980 1811 2367
f 2369 2367 1952
f 1980 2367 2369
f 1954 2378 2375
f 2378 1952 2368
f 2375 2368 1846
f 2378 2368 2375
f 1854 2369 2376
f 2369 1952 2378
f 2376 2378 1954
f 2369 2378 2376
f 1845 2383 2358
f 2383 1956 2385
f 2358 2385 1949
f 2383 2385 2358
f 1956 2384 2387
f 2384 1846 2372
f 2387 2372 1953
f 2384 2372 2387
f 1949 2373 2357
f 2373 1953 2371
f 2357 2371 1818
f 2373 2371 2357
f 1956 2387 2385
f 2387 1953 2373
f 2385 2373 1949
f 2387 2373 2385
f 1821 2374 2359
f 2374 1954 2377
f 2359 2377 1950
f 2374 2377 2359
f 1954 2375 2388
f 2375 1846 2384
f 2388 2384 1956
f 2375 2384 2388
f 1950 2386 2360
f 2386 1956 2383
f 2360 2383 1845
f 2386 2383 2360
f 1954 2388 2377
f 2388 1956 2386
f 2377 2386 1950
f 2388 2386 2377
f 1813 2036 2287
f 2036 1870 2289
f 2287 2289 1933
f 2036 2289 2287
f 1870 2037 2296
f 2037 1826 2294
f 2296 2294 1935
f 2037 2294 2296
f 1933 2298 2288
f 2298 1935 2295
f 2288 2295 1842
f 2298 2295 2288
f 1870 2296 2289
f 2296 1935 2298
f 2289 2298 1933
f 2296 2298 2289
f 1826 2034 2283
f 2034 1869 2285
f 2283 2285 1932
f 2034 2285 2283
f 1869 2033 2280
f 2033 1809 2278
f 2280 2278 1930
f 2033 2278 2280
f 1932 2286 2284
f 2286 1930 2279
f 2284 2279 1841
f 2286 2279 2284
f 1869 2280 2285
f 2280 1930 2286
f 2285 2286 1932
f 2280 2286 2285
f 1842 2304 2292
f 2304 1937 2307
f 2292 2307 1934
f 2304 2307 2292
f 1937 2303 2305
f 2303 1841 2282
f 2305 2282 1931
f 2303 2282 2305
f 1934 2293 2291
f 2293 1931 2281
f 2291 2281 1817
f 2293 2281 2291
f 1937 2305 2307
f 2305 1931 2293
f 2307 2293 1934
f 2305 2293 2307
f 1826 2283 2294
f 2283 1932 2297
f 2294 2297 1935
f 2283 2297 2294
f 1932 2284 2306
f 2284 1841 2303
f 2306 2303 1937
f 2284 2303 2306
f 1935 2308 2295
f 2308 1937 2304
f 2295 2304 1842
f 2308 2304 2295
f 1932 2306 2297
f 2306 1937 2308
f 2297 2308 1935
f 2306 2308 2297
f 1815 2111 2133
f 2111 1892 2136
f 2133 2136 1897
f 2111 2136 2133
f 1892 2112 2155
f 2112 1833 2153
f 2155 2153 1901
f 2112 2153 2155
f 1897 2157 2134
f 2157 1901 2154
f 2134 2154 1834
f 2157 2154 2134
f 1892 2155 2136
f 2155 1901 2157
f 2136 2157 1897
f 2155 2157 2136
f 1833 2108 2120
f 2108 1891 2122
f 2120 2122 1894
f 2108 2122 2120
f 1891 2107 2110
f 2107 1813 2085
f 2110 2085 1883
f 2107 2085 2110
f 1894 2121 2119
f 2121 1883 2086
f 2119 2086 1830
f 2121 2086 2119
f 1891 2110 2122
f 2110 1883 2121
f 2122 2121 1894
f 2110 2121 2122
f 1834 2143 2130
f 2143 1899 2146
f 2130 2146 1896
f 2143 2146 2130
f 1899 2142 2144
f 2142 1830 2088
f 2144 2088 1884
f 2142 2088 2144
f 1896 2132 2129
f 2132 1884 2087
f 2129 2087 1814
f 2132 2087 2129
f 1899 2144 2146
f 2144 1884 2132
f 2146 2132 1896
f 2144 2132 2146
f 1833 2120 2153
f 2120 1894 2156
f 2153 2156 1901
f 2120 2156 2153
f 1894 2119 2145
f 2119 1830 2142
f 2145 2142 1899
f 2119 2142 2145
f 1901 2158 2154
f 2158 1899 2143
f 2154 2143 1834
f 2158 2143 2154
f 1894 2145 2156
f 2145 1899 2158
f 2156 2158 1901
f 2145 2158 2156
f 1816 2243 2163
f 2243 1922 2245
f 2163 2245 1903
f 2243 2245 2163
f 1922 2244 2261
f 2244 1839 2258
f 2261 2258 1925
f 2244 2258 2261
f 1903 2259 2164
f 2259 1925 2257
f 2164 2257 1835
f 2259 2257 2164
f 1922 2261 2245
f 2261 1925 2259
f 2245 2259 1903
f 2261 2259 2245
f 1839 2240 2248
f 2240 1921 2251
f 2248 2251 1923
f 2240 2251 2248
f 1921 2239 2241
f 2239 1815 2092
f 2241 2092 1886
f 2239 2092 2241
f 1923 2249 2247
f 2249 1886 2093
f 2247 2093 1831
f 2249 2093 2247
f 1921 2241 2251
f 2241 1886 2249
f 2251 2249 1923
f 2241 2249 2251
f 1835 2170 2160
f 2170 1905 2172
f 2160 2172 1902
f 2170 2172 2160
f 1905 2169 2171
f 2169 1831 2090
f 2171 2090 1885
f 2169 2090 2171
f 1902 2162 2159
f 2162 1885 2089
f 2159 2089 1808
f 2162 2089 2159
f 1905 2171 2172
f 2171 1885 2162
f 2172 2162 1902
f 2171 2162 2172
f 1839 2248 2258
f 2248 1923 2262
f 2258 2262 1925
f 2248 2262 2258
f 1923 2247 2250
f 2247 1831 2169
f 2250 2169 1905
f 2247 2169 2250
f 1925 2260 2257
f 2260 1905 2170
f 2257 2170 1835
f 2260 2170 2257
f 1923 2250 2262
f 2250 1905 2260
f 2262 2260 1925
f 2250 2260 2262
f 2450 2452 2449
f 2453 2450 2449
f 2449 2452 2451
f 2451 2453 2449
f 2450 2456 2452
f 2454 2450 2453
f 2454 2456 2450
f 2452 2456 2451
f 2455 2453 2451
f 2451 2456 2455
f 2455 2454 2453
f 2456 2454 2455
f 2457 2494 2473
f 2494 2468 2497
f 2473 2497 2462
f 2494 2497 2473
f 2457 2473 2469
f 2473 2462 2474
f 2469 2474 2458
f 2473 2474 2469
f 2457 2469 2478
f 2469 2458 2479
f 2478 2479 2464
f 2469 2479 2478
f 2457 2478 2490
f 2478 2464 2493
f 2490 2493 2467
f 2478 2493 2490
f 2457 2490 2494
f 2490 2467 2498
f 2494 2498 2468
f 2490 2498 2494
f 2458 2474 2485
f 2474 2462 2488
f 2485 2488 2466
f 2474 2488 2485
f 2462 2497 2475
f 2497 2468 2496
f 2475 2496 2461
f 2497 2496 2475
f 2468 2498 2495
f 2498 2467 2491
f 2495 2491 2459
f 2498 2491 2495
f 2467 2493 2492
f 2493 2464 2480
f 2492 2480 2463
f 2493 2480 2492
f 2464 2479 2484
f 2479 2458 2481
f 2484 2481 2465
f 2479 2481 2484
f 2460 2486 2472
f 2486 2466 2487
f 2472 2487 2461
f 2486 2487 2472
f 2460 2472 2470
f 2472 2461 2471
f 2470 2471 2459
f 2472 2471 2470
f 2460 2470 2477
f 2470 2459 2476
f 2477 2476 2463
f 2470 2476 2477
f 2460 2477 2482
f 2477 2463 2483
f 2482 2483 2465
f 2477 2483 2482
f 2460 2482 2486
f 2482 2465 2489
f 2486 2489 2466
f 2482 2489 2486
f 2461 2487 2475
f 2487 2466 2488
f 2475 2488 2462
f 2487 2488 2475
f 2459 2471 2495
f 2471 2461 2496
f 2495 2496 2468
f 2471 2496 2495
f 2463 2476 2492
f 2476 2459 2491
f 2492 2491 2467
f 2476 2491 2492
f 2465 2483 2484
f 2483 2463 2480
f 2484 2480 2464
f 2483 2480 2484
f 2466 2489 2485
f 2489 2465 2481
f 2485 2481 2458
f 2489 2481 2485
f 2499 2536 2515
f 2536 2510 2539
f 2515 2539 2504
f 2536 2539 2515
f 2499 2515 2511
f 2515 2504 2516
f 2511 2516 2500
f 2515 2516 2511
f 2499 2511 2520
f 2511 2500 2521
f 2520 2521 2506
f 2511 2521 2520
f 2499 2520 2532
f 2520 2506 2535
f 2532 2535 2509
f 2520 2535 2532
f 2499 2532 2536
f 2532 2509 2540
f 2536 2540 2510
f 2532 2540 2536
f 2500 2516 2527
f 2516 2504 2530
f 2527 2530 2508
f 2516 2530 2527
f 2504 2539 2517
f 2539 2510 2538
f 2517 2538 2503
f 2539 2538 2517
f 2510 2540 2537
f 2540 2509 2533
f 2537 2533 2501
f 2540 2533 2537
f 2509 2535 2534
f 2535 2506 2522
f 2534 2522 2505
f 2535 2522 2534
f 2506 2521 2526
f 2521 2500 2523
f 2526 2523 2507
f 2521 2523 2526
f 2502 2528 2514
f 2528 2508 2529
f 2514 2529 2503
f 2528 2529 2514
f 2502 2514 2512
f 2514 2503 2513
f 2512 2513 2501
f 2514 2513 2512
f 2502 2512 2519
f 2512 2501 2518
f 2519 2518 2505
f 2512 2518 2519
f 2502 2519 2524
f 2519 2505 2525
f 2524 2525 2507
f 2519 2525 2524
f 2502 2524 2528
f 2524 2507 2531
f 2528 2531 2508
f 2524 2531 2528
f 2503 2529 2517
f 2529 2508 2530
f 2517 2530 2504
f 2529 2530 2517
f 2501 2513 2537
f 2513 2503 2538
f 2537 2538 2510
f 2513 2538 2537
f 2505 2518 2534
f 2518 2501 2533
f 2534 2533 2509
f 2518 2533 2534
f 2507 2525 2526
f 2525 2505 2522
f 2526 2522 2506
f 2525 2522 2526
f 2508 2531 2527
f 2531 2507 2523
f 2527 2523 2500
f 2531 2523 2527
f 2541 2578 2557
f 2578 2552 2581
f 2557 2581 2546
f 2578 2581 2557
f 2541 2557 2553
f 2557 2546 2558
f 2553 2558 2542
f 2557 2558 2553
f 2541 2553 2562
f 2553 2542 2563
f 2562 2563 2548
f 2553 2563 2562
f 2541 2562 2574
f 2562 2548 2577
f 2574 2577 2551
f 2562 2577 2574
f 2541 2574 2578
f 2574 2551 2582
f 2578 2582 2552
f 2574 2582 2578
f 2542 2558 2569
f 2558 2546 2572
f 2569 2572 2550
f 2558 2572 2569
f 2546 2581 2559
f 2581 2552 2580
f 2559 2580 2545
f 2581 2580 2559
f 2552 2582 2579
f 2582 2551 2575
f 2579 2575 2543
f 2582 2575 2579
f 2551 2577 2576
f 2577 2548 2564
f 2576 2564 2547
f 2577 2564 2576
f 2548 2563 2568
f 2563 2542 2565
f 2568 2565 2549
f 2563 2565 2568
f 2544 2570 2556
f 2570 2550 2571
f 2556 2571 2545
f 2570 2571 2556
f 2544 2556 2554
f 2556 2545 2555
f 2554 2555 2543
f 2556 2555 2554
f 2544 2554 2561
f 2554 2543 2560
f 2561 2560 2547
f 2554 2560 2561
f 2544 2561 2566
f 2561 2547 2567
f 2566 2567 2549
f 2561 2567 2566
f 2544 2566 2570
f 2566 2549 2573
f 2570 2573 2550
f 2566 2573 2570
f 2545 2571 2559
f 2571 2550 2572
f 2559 2572 2546
f 2571 2572 2559
f 2543 2555 2579
f 2555 2545 2580
f 2579 2580 2552
f 2555 2580 2579
f 2547 2560 2576
f 2560 2543 2575
f 2576 2575 2551
f 2560 2575 2576
f 2549 2567 2568
f 2567 2547 2564
f 2568 2564 2548
f 2567 2564 2568
f 2550 2573 2569
f 2573 2549 2565
f 2569 2565 2542
f 2573 2565 2569
f 2583 2620 2599
f 2620 2594 2623
f 2599 2623 2588
f 2620 2623 2599
f 2583 2599 2595
f 2599 2588 2600
f 2595 2600 2584
f 2599 2600 2595
f 2583 2595 2604
f 2595 2584 2605
f 2604 2605 2590
f 2595 2605 2604
f 2583 2604 2616
f 2604 2590 2619
f 2616 2619 2593
f 2604 2619 2616
f 2583 2616 2620
f 2616 2593 2624
f 2620 2624 2594
f 2616 2624 2620
f 2584 2600 2611
f 2600 2588 2614
f 2611 2614 2592
f 2600 2614 2611
f 2588 2623 2601
f 2623 2594 2622
f 2601 2622 2587
f 2623 2622 2601
f 2594 2624 2621
f 2624 2593 2617
f 2621 2617 2585
f 2624 2617 2621
f 2593 2619 2618
f 2619 2590 2606
f 2618 2606 2589
f 2619 2606 2618
f 2590 2605 2610
f 2605 2584 2607
f 2610 2607 2591
f 2605 2607 2610
f 2586 2612 2598
f 2612 2592 2613
f 2598 2613 2587
f 2612 2613 2598
f 2586 2598 2596
f 2598 2587 2597
f 2596 2597 2585
f 2598 2597 2596
f 2586 2596 2603
f 2596 2585 2602
f 2603 2602 2589
f 2596 2602 2603
f 2586 2603 2608
f 2603 2589 2609
f 2608 2609 2591
f 2603 2609 2608
f 2586 2608 2612
f 2608 2591 2615
f 2612 2615 2592
f 2608 2615 2612
f 2587 2613 2601
f 2613 2592 2614
f 2601 2614 2588
f 2613 2614 2601
f 2585 2597 2621
f 2597 2587 2622
f 2621 2622 2594
f 2597 2622 2621
f 2589 2602 2618
f 2602 2585 2617
f 2618 2617 2593
f 2602 2617 2618
f 2591 2609 2610
f 2609 2589 2606
f 2610 2606 2590
f 2609 2606 2610
f 2592 2615 2611
f 2615 2591 2607
f 2611 2607 2584
f 2615 2607 2611
f 2625 2662 2641
f 2662 2636 2665
f 2641 2665 2630
f 2662 2665 2641
f 2625 2641 2637
f 2641 2630 2642
f 2637 2642 2626
f 2641 2642 2637
f 2625 2637 2646
f 2637 2626 2647
f 2646 2647 2632
f 2637 2647 2646
f 2625 2646 2658
f 2646 2632 2661
f 2658 2661 2635
f 2646 2661 2658
f 2625 2658 2662
f 2658 2635 2666
f 2662 2666 2636
f 2658 2666 2662
f 2626 2642 2653
f 2642 2630 2656
f 2653 2656 2634
f 2642 2656 2653
f 2630 2665 2643
f 2665 2636 2664
f 2643 2664 2629
f 2665 2664 2643
f 2636 2666 2663
f 2666 2635 2659
f 2663 2659 2627
f 2666 2659 2663
f 2635 2661 2660
f 2661 2632 2648
f 2660 2648 2631
f 2661 2648 2660
f 2632 2647 2652
f 2647 2626 2649
f 2652 2649 2633
f 2647 2649 2652
f 2628 2654 2640
f 2654 2634 2655
f 2640 2655 2629
f 2654 2655 2640
f 2628 2640 2638
f 2640 2629 2639
f 2638 2639 2627
f 2640 2639 2638
f 2628 2638 2645
f 2638 2627 2644
f 2645 2644 2631
f 2638 2644 2645
f 2628 2645 2650
f 2645 2631 2651
f 2650 2651 2633
f 2645 2651 2650
f 2628 2650 2654
f 2650 2633 2657
f 2654 2657 2634
f 2650 2657 2654
f 2629 2655 2643
f 2655 2634 2656
f 2643 2656 2630
f 2655 2656 2643
f 2627 2639 2663
f 2639 2629 2664
f 2663 2664 2636
f 2639 2664 2663
f 2631 2644 2660
f 2644 2627 2659
f 2660 2659 2635
f 2644 2659 2660
f 2633 2651 2652
f 2651 2631 2648
f 2652 2648 2632
f 2651 2648 2652
f 2634 2657 2653
f 2657 2633 2649
f 2653 2649 2626
f 2657 2649 2653
f 2667 2704 2683
f 2704 2678 2707
f 2683 2707 2672
f 2704 2707 2683
f 2667 2683 2679
f 2683 2672 2684
f 2679 2684 2668
f 2683 2684 2679
f 2667 2679 2688
f 2679 2668 2689
f 2688 2689 2674
f 2679 2689 2688
f 2667 2688 2700
f 2688 2674 2703
f 2700 2703 2677
f 2688 2703 2700
f 2667 2700 2704
f 2700 2677 2708
f 2704 2708 2678
f 2700 2708 2704
f 2668 2684 2695
f 2684 2672 2698
f 2695 2698 2676
f 2684 2698 2695
f 2672 2707 2685
f 2707 2678 2706
f 2685 2706 2671
f 2707 2706 2685
f 2678 2708 2705
f 2708 2677 2701
f 2705 2701 2669
f 2708 2701 2705
f 2677 2703 2702
f 2703 2674 2690
f 2702 2690 2673
f 2703 2690 2702
f 2674 2689 2694
f 2689 2668 2691
f 2694 2691 2675
f 2689 2691 2694
f 2670 2696 2682
f 2696 2676 2697
f 2682 2697 2671
f 2696 2697 2682
f 2670 2682 2680
f 2682 2671 2681
f 2680 2681 2669
f 2682 2681 2680
f 2670 2680 2687
f 2680 2669 2686
f 2687 2686 2673
f 2680 2686 2687
f 2670 2687 2692
f 2687 2673 2693
f 2692 2693 2675
f 2687 2693 2692
f 2670 2692 2696
f 2692 2675 2699
f 2696 2699 2676
f 2692 2699 2696
f 2671 2697 2685
f 2697 2676 2698
f 2685 2698 2672
f 2697 2698 2685
f 2669 2681 2705
f 2681 2671 2706
f 2705 2706 2678
f 2681 2706 2705
f 2673 2686 2702
f 2686 2669 2701
f 2702 2701 2677
f 2686 2701 2702
f 2675 2693 2694
f 2693 2673 2690
f 2694 2690 2674
f 2693 2690 2694
f 2676 2699 2695
f 2699 2675 2691
f 2695 2691 2668
f 2699 2691 2695
f 2710 2709 2735
f 2710 2735 2711
f 2711 2735 2736
f 2711 2736 2712
f 2712 2736 2737
f 2712 2737 2713
f 2713 2737 2738
f 2713 2738 2714
f 2714 2738 2739
f 2714 2739 2715
f 2715 2739 2740
f 2715 2740 2716
f 2716 2740 2741
f 2716 2741 2717
f 2717 2741 2742
f 2717 2742 2718
f 2718 2742 2743
f 2718 2743 2719
f 2719 2743 2744
f 2719 2744 2720
f 2720 2744 2745
f 2720 2745 2721
f 2721 2745 2746
f 2721 2746 2722
f 2722 2746 2747
f 2722 2747 2723
f 2723 2747 2748
f 2723 2748 2724
f 2724 2748 2749
f 2724 2749 2725
f 2725 2749 2750
f 2725 2750 2726
f 2726 2750 2751
f 2726 2751 2727
f 2727 2751 2752
f 2727 2752 2728
f 2728 2752 2753
f 2728 2753 2729
f 2729 2753 2754
f 2729 2754 2730
f 2730 2754 2755
f 2730 2755 2731
f 2731 2755 2756
f 2731 2756 2732
f 2732 2756 2757
f 2732 2757 2733
f 2733 2757 2758
f 2733 2758 2734
f 2735 2709 2759
f 2735 2759 2736
f 2736 2759 2760
f 2736 2760 2737
f 2737 2760 2761
f 2737 2761 2738
f 2738 2761 2762
f 2738 2762 2739
f 2739 2762 2763
f 2739 2763 2740
f 2740 2763 2764
f 2740 2764 2741
f 2741 2764 2765
f 2741 2765 2742
f 2742 2765 2766
f 2742 2766 2743
f 2743 2766 2767
f 2743 2767 2744
f 2744 2767 2768
f 2744 2768 2745
f 2745 2768 2769
f 2745 2769 2746
f 2746 2769 2770
f 2746 2770 2747
f 2747 2770 2771
f 2747 2771 2748
f 2748 2771 2772
f 2748 2772 2749
f 2749 2772 2773
f 2749 2773 2750
f 2750 2773 2774
f 2750 2774 2751
f 2751 2774 2775
f 2751 2775 2752
f 2752 2775 2776
f 2752 2776 2753
f 2753 2776 2777
f 2753 2777 2754
f 2754 2777 2778
f 2754 2778 2755
f 2755 2778 2779
f 2755 2779 2756
f 2756 2779 2780
f 2756 2780 2757
f 2757 2780 2781
f 2757 2781 2758
f 2758 2781 2782
f 2758 2782 2734
f 2759 2709 2783
f 2759 2783 2760
f 2760 2783 2784
f 2760 2784 2761
f 2761 2784 2785
f 2761 2785 2762
f 2762 2785 2786
f 2762 2786 2763
f 2763 2786 2787
f 2763 2787 2764
f 2764 2787 2788
f 2764 2788 2765
f 2765 2788 2789
f 2765 2789 2766
f 2766 2789 2790
f 2766 2790 2767
f 2767 2790 2791
f 2767 2791 2768
f 2768 2791 2792
f 2768 2792 2769
f 2769 2792 2793
f 2769 2793 2770
f 2770 2793 2794
f 2770 2794 2771
f 2771 2794 2795
f 2771 2795 2772
f 2772 2795 2796
f 2772 2796 2773
f 2773 2796 2797
f 2773 2797 2774
f 2774 2797 2798
f 2774 2798 2775
f 2775 2798 2799
f 2775 2799 2776
f 2776 2799 2800
f 2776 2800 2777
f 2777 2800 2801
f 2777 2801 2778
f 2778 2801 2802
f 2778 2802 2779
f 2779 2802 2803
f 2779 2803 2780
f 2780 2803 2804
f 2780 2804 2781
f 2781 2804 2805
f 2781 2805 2782
f 2782 2805 2806
f 2782 2806 2734
f 2783 2709 2807
f 2783 2807 2784
f 2784 2807 2808
f 2784 2808 2785
f 2785 2808 2809
f 2785 2809 2786
f 2786 2809 2810
f 2786 2810 2787
f 2787 2810 2811
f 2787 2811 2788
f 2788 2811 2812
f 2788 2812 2789
f 2789 2812 2813
f 2789 2813 2790
f 2790 2813 2814
f 2790 2814 2791
f 2791 2814 2815
f 2791 2815 2792
f 2792 2815 2816
f 2792 2816 2793
f 2793 2816 2817
f 2793 2817 2794
f 2794 2817 2818
f 2794 2818 2795
f 2795 2818 2819
f 2795 2819 2796
f 2796 2819 2820
f 2796 2820 2797
f 2797 2820 2821
f 2797 2821 2798
f 2798 2821 2822
f 2798 2822 2799
f 2799 2822 2823
f 2799 2823 2800
f 2800 2823 2824
f 2800 2824 2801
f 2801 2824 2825
f 2801 2825 2802
f 2802 2825 2826
f 2802 2826 2803
f 2803 2826 2827
f 2803 2827 2804
f 2804 2827 2828
f 2804 2828 2805
f 2805 2828 2829
f 2805 2829 2806
f 2806 2829 2830
f 2806 2830 2734
f 2807 2709 2831
f 2807 2831 2808
f 2808 2831 2832
f 2808 2832 2809
f 2809 2832 2833
f 2809 2833 2810
f 2810 2833 2834
f 2810 2834 2811
f 2811 2834 2835
f 2811 2835 2812
f 2812 2835 2836
f 2812 2836 2813
f 2813 2836 2837
f 2813 2837 2814
f 2814 2837 2838
f 2814 2838 2815
f 2815 2838 2839
f 2815 2839 2816
f 2816 2839 2840
f 2816 2840 2817
f 2817 2840 2841
f 2817 2841 2818
f 2818 2841 2842
f 2818 2842 2819
f 2819 2842 2843
f 2819 2843 2820
f 2820 2843 2844
f 2820 2844 2821
f 2821 2844 2845
f 2821 2845 2822
f 2822 2845 2846
f 2822 2846 2823
f 2823 2846 2847
f 2823 2847 2824
f 2824 2847 2848
f 2824 2848 2825
f 2825 2848 2849
f 2825 2849 2826
f 2826 2849 2850
f 2826 2850 2827
f 2827 2850 2851
f 2827 2851 2828
f 2828 2851 2852
f 2828 2852 2829
f 2829 2852 2853
f 2829 2853 2830
f 2830 2853 2854
f 2830 2854 2734
f 2831 2709 2855
f 2831 2855 2832
f 2832 2855 2856
f 2832 2856 2833
f 2833 2856 2857
f 2833 2857 2834
f 2834 2857 2858
f 2834 2858 2835
f 2835 2858 2859
f 2835 2859 2836
f 2836 2859 2860
f 2836 2860 2837
f 2837 2860 2861
f 2837 2861 2838
f 2838 2861 2862
f 2838 2862 2839
f 2839 2862 2863
f 2839 2863 2840
f 2840 2863 2864
f 2840 2864 2841
f 2841 2864 2865
f 2841 2865 2842
f 2842 2865 2866
f 2842 2866 2843
f 2843 2866 2867
f 2843 2867 2844
f 2844 2867 2868
f 2844 2868 2845
f 2845 2868 2869
f 2845 2869 2846
f 2846 2869 2870
f 2846 2870 2847
f 2847 2870 2871
f 2847 2871 2848
f 2848 2871 2872
f 2848 2872 2849
f 2849 2872 2873
f 2849 2873 2850
f 2850 2873 2874
f 2850 2874 2851
f 2851 2874 2875
f 2851 2875 2852
f 2852 2875 2876
f 2852 2876 2853
f 2853 2876 2877
f 2853 2877 2854
f 2854 2877 2878
f 2854 2878 2734
f 2855 2709 2879
f 2855 2879 2856
f 2856 2879 2880
f 2856 2880 2857
f 2857 2880 2881
f 2857 2881 2858
f 2858 2881 2882
f 2858 2882 2859
f 2859 2882 2883
f 2859 2883 2860
f 2860 2883 2884
f 2860 2884 2861
f 2861 2884 2885
f 2861 2885 2862
f 2862 2885 2886
f 2862 2886 2863
f 2863 2886 2887
f 2863 2887 2864
f 2864 2887 2888
f 2864 2888 2865
f 2865 2888 2889
f 2865 2889 2866
f 2866 2889 2890
f 2866 2890 2867
f 2867 2890 2891
f 2867 2891 2868
f 2868 2891 2892
f 2868 2892 2869
f 2869 2892 2893
f 2869 2893 2870
f 2870 2893 2894
f 2870 2894 2871
f 2871 2894 2895
f 2871 2895 2872
f 2872 2895 2896
f 2872 2896 2873
f 2873 2896 2897
f 2873 2897 2874
f 2874 2897 2898
f 2874 2898 2875
f 2875 2898 2899
f 2875 2899 2876
f 2876 2899 2900
f 2876 2900 2877
f 2877 2900 2901
f 2877 2901 2878
f 2878 2901 2902
f 2878 2902 2734
f 2879 2709 2903
f 2879 2903 2880
f 2880 2903 2904
f 2880 2904 2881
f 2881 2904 2905
f 2881 2905 2882
f 2882 2905 2906
f 2882 2906 2883
f 2883 2906 2907
f 2883 2907 2884
f 2884 2907 2908
f 2884 2908 2885
f 2885 2908 2909
f 2885 2909 2886
f 2886 2909 2910
f 2886 2910 2887
f 2887 2910 2911
f 2887 2911 2888
f 2888 2911 2912
f 2888 2912 2889
f 2889 2912 2913
f 2889 2913 2890
f 2890 2913 2914
f 2890 2914 2891
f 2891 2914 2915
f 2891 2915 2892
f 2892 2915 2916
f 2892 2916 2893
f 2893 2916 2917
f 2893 2917 2894
f 2894 2917 2918
f 2894 2918 2895
f 2895 2918 2919
f 2895 2919 2896
f 2896 2919 2920
f 2896 2920 2897
f 2897 2920 2921
f 2897 2921 2898
f 2898 2921 2922
f 2898 2922 2899
f 2899 2922 2923
f 2899 2923 2900
f 2900 2923 2924
f 2900 2924 2901
f 2901 2924 2925
f 2901 2925 2902
f 2902 2925 2926
f 2902 2926 2734
f 2903 2709 2927
f 2903 2927 2904
f 2904 2927 2928
f 2904 2928 2905
f 2905 2928 2929
f 2905 2929 2906
f 2906 2929 2930
f 2906 2930 2907
f 2907 2930 2931
f 2907 2931 2908
f 2908 2931 2932
f 2908 2932 2909
f 2909 2932 2933
f 2909 2933 2910
f 2910 2933 2934
f 2910 2934 2911
f 2911 2934 2935
f 2911 2935 2912
f 2912 2935 2936
f 2912 2936 2913
f 2913 2936 2937
f 2913 2937 2914
f 2914 2937 2938
f 2914 2938 2915
f 2915 2938 2939
f 2915 2939 2916
f 2916 2939 2940
f 2916 2940 2917
f 2917 2940 2941
f 2917 2941 2918
f 2918 2941 2942
f 2918 2942 2919
f 2919 2942 2943
f 2919 2943 2920
f 2920 2943 2944
f 2920 2944 2921
f 2921 2944 2945
f 2921 2945 2922
f 2922 2945 2946
f 2922 2946 2923
f 2923 2946 2947
f 2923 2947 2924
f 2924 2947 2948
f 2924 2948 2925
f 2925 2948 2949
f 2925 2949 2926
f 2926 2949 2950
f 2926 2950 2734
f 2927 2709 2951
f 2927 2951 2928
f 2928 2951 2952
f 2928 2952 2929
f 2929 2952 2953
f 2929 2953 2930
f 2930 2953 2954
f 2930 2954 2931
f 2931 2954 2955
f 2931 2955 2932
f 2932 2955 2956
f 2932 2956 2933
f 2933 2956 2957
f 2933 2957 2934
f 2934 2957 2958
f 2934 2958 2935
f 2935 2958 2959
f 2935 2959 2936
f 2936 2959 2960
f 2936 2960 2937
f 2937 2960 2961
f 2937 2961 2938
f 2938 2961 2962
f 2938 2962 2939
f 2939 2962 2963
f 2939 2963 2940
f 2940 2963 2964
f 2940 2964 2941
f 2941 2964 2965
f 2941 2965 2942
f 2942 2965 2966
f 2942 2966 2943
f 2943 2966 2967
f 2943 2967 2944
f 2944 2967 2968
f 2944 2968 2945
f 2945 2968 2969
f 2945 2969 2946
f 2946 2969 2970
f 2946 2970 2947
f 2947 2970 2971
f 2947 2971 2948
f 2948 2971 2972
f 2948 2972 2949
f 2949 2972 2973
f 2949 2973 2950
f 2950 2973 2974
f 2950 2974 2734
f 2951 2709 2975
f 2951 2975 2952
f 2952 2975 2976
f 2952 2976 2953
f 2953 2976 2977
f 2953 2977 2954
f 2954 2977 2978
f 2954 2978 2955
f 2955 2978 2979
f 2955 2979 2956
f 2956 2979 2980
f 2956 2980 2957
f 2957 2980 2981
f 2957 2981 2958
f 2958 2981 2982
f 2958 2982 2959
f 2959 2982 2983
f 2959 2983 2960
f 2960 2983 2984
f 2960 2984 2961
f 2961 2984 2985
f 2961 2985 2962
f 2962 2985 2986
f 2962 2986 2963
f 2963 2986 2987
f 2963 2987 2964
f 2964 2987 2988
f 2964 2988 2965
f 2965 2988 2989
f 2965 2989 2966
f 2966 2989 2990
f 2966 2990 2967
f 2967 2990 2991
f 2967 2991 2968
f 2968 2991 2992
f 2968 2992 2969
f 2969 2992 2993
f 2969 2993 2970
f 2970 2993 2994
f 2970 2994 2971
f 2971 2994 2995
f 2971 2995 2972
f 2972 2995 2996
f 2972 2996 2973
f 2973 2996 2997
f 2973 2997 2974
f 2974 2997 2998
f 2974 2998 2734
f 2975 2709 2710
f 2975 2710 2976
f 2976 2710 2711
f 2976 2711 2977
f 2977 2711 2712
f 2977 2712 2978
f 2978 2712 2713
f 2978 2713 2979
f 2979 2713 2714
f 2979 2714 2980
f 2980 2714 2715
f 2980 2715 2981
f 2981 2715 2716
f 2981 2716 2982
f 2982 2716 2717
f 2982 2717 2983
f 2983 2717 2718
f 2983 2718 2984
f 2984 2718 2719
f 2984 2719 2985
f 2985 2719 2720
f 2985 2720 2986
f 2986 2720 2721
f 2986 2721 2987
f 2987 2721 2722
f 2987 2722 2988
f 2988 2722 2723
f 2988 2723 2989
f 2989 2723 2724
f 2989 2724 2990
f 2990 2724 2725
f 2990 2725 2991
f 2991 2725 2726
f 2991 2726 2992
f 2992 2726 2727
f 2992 2727 2993
f 2993 2727 2728
f 2993 2728 2994
f 2994 2728 2729
f 2994 2729 2995
f 2995 2729 2730
f 2995 2730 2996
f 2996 2730 2731
f 2996 2731 2997
f 2997 2731 2732
f 2997 2732 2998
f 2998 2732 2733
f 2998 2733 2734
f 2999 3136 3052
f 3136 3036 3138
f 3052 3138 3015
f 3136 3138 3052
f 3036 3137 3153
f 3137 3010 3150
f 3153 3150 3039
f 3137 3150 3153
f 3015 3151 3053
f 3151 3039 3149
f 3053 3149 3004
f 3151 3149 3053
f 3036 3153 3138
f 3153 3039 3151
f 3138 3151 3015
f 3153 3151 3138
f 2999 3052 3041
f 3052 3015 3054
f 3041 3054 3011
f 3052 3054 3041
f 3015 3053 3058
f 3053 3004 3056
f 3058 3056 3016
f 3053 3056 3058
f 3011 3057 3042
f 3057 3016 3055
f 3042 3055 3000
f 3057 3055 3042
f 3015 3058 3054
f 3058 3016 3057
f 3054 3057 3011
f 3058 3057 3054
f 2999 3041 3068
f 3041 3011 3070
f 3068 3070 3020
f 3041 3070 3068
f 3011 3042 3073
f 3042 3000 3071
f 3073 3071 3021
f 3042 3071 3073
f 3020 3074 3069
f 3074 3021 3072
f 3069 3072 3006
f 3074 3072 3069
f 3011 3073 3070
f 3073 3021 3074
f 3070 3074 3020
f 3073 3074 3070
f 2999 3068 3119
f 3068 3020 3121
f 3119 3121 3032
f 3068 3121 3119
f 3020 3069 3132
f 3069 3006 3130
f 3132 3130 3035
f 3069 3130 3132
f 3032 3134 3120
f 3134 3035 3131
f 3120 3131 3009
f 3134 3131 3120
f 3020 3132 3121
f 3132 3035 3134
f 3121 3134 3032
f 3132 3134 3121
f 2999 3119 3136
f 3119 3032 3139
f 3136 3139 3036
f 3119 3139 3136
f 3032 3120 3157
f 3120 3009 3155
f 3157 3155 3040
f 3120 3155 3157
f 3036 3159 3137
f 3159 3040 3156
f 3137 3156 3010
f 3159 3156 3137
f 3032 3157 3139
f 3157 3040 3159
f 3139 3159 3036
f 3157 3159 3139
f 3000 3055 3094
f 3055 3016 3096
f 3094 3096 3027
f 3055 3096 3094
f 3016 3056 3109
f 3056 3004 3107
f 3109 3107 3030
f 3056 3107 3109
f 3027 3111 3095
f 3111 3030 3108
f 3095 3108 3008
f 3111 3108 3095
f 3016 3109 3096
f 3109 3030 3111
f 3096 3111 3027
f 3109 3111 3096
f 3004 3149 3060
f 3149 3039 3152
f 3060 3152 3017
f 3149 3152 3060
f 3039 3150 3154
f 3150 3010 3145
f 3154 3145 3038
f 3150 3145 3154
f 3017 3147 3059
f 3147 3038 3144
f 3059 3144 3003
f 3147 3144 3059
f 3039 3154 3152
f 3154 3038 3147
f 3152 3147 3017
f 3154 3147 3152
f 3010 3156 3141
f 3156 3040 3160
f 3141 3160 3037
f 3156 3160 3141
f 3040 3155 3158
f 3155 3009 3123
f 3158 3123 3033
f 3155 3123 3158
f 3037 3143 3140
f 3143 3033 3122
f 3140 3122 3001
f 3143 3122 3140
f 3040 3158 3160
f 3158 3033 3143
f 3160 3143 3037
f 3158 3143 3160
f 3009 3131 3126
f 3131 3035 3135
f 3126 3135 3034
f 3131 3135 3126
f 3035 3130 3133
f 3130 3006 3076
f 3133 3076 3022
f 3130 3076 3133
f 3034 3128 3125
f 3128 3022 3075
f 3125 3075 3005
f 3128 3075 3125
f 3035 3133 3135
f 3133 3022 3128
f 3135 3128 3034
f 3133 3128 3135
f 3006 3072 3088
f 3072 3021 3090
f 3088 3090 3026
f 3072 3090 3088
f 3021 3071 3079
f 3071 3000 3077
f 3079 3077 3023
f 3071 3077 3079
f 3026 3092 3089
f 3092 3023 3078
f 3089 3078 3007
f 3092 3078 3089
f 3021 3079 3090
f 3079 3023 3092
f 3090 3092 3026
f 3079 3092 3090
f 3002 3098 3048
f 3098 3028 3100
f 3048 3100 3014
f 3098 3100 3048
f 3028 3099 3106
f 3099 3008 3103
f 3106 3103 3029
f 3099 3103 3106
f 3014 3104 3049
f 3104 3029 3102
f 3049 3102 3003
f 3104 3102 3049
f 3028 3106 3100
f 3106 3029 3104
f 3100 3104 3014
f 3106 3104 3100
f 3002 3048 3044
f 3048 3014 3050
f 3044 3050 3012
f 3048 3050 3044
f 3014 3049 3051
f 3049 3003 3046
f 3051 3046 3013
f 3049 3046 3051
f 3012 3047 3043
f 3047 3013 3045
f 3043 3045 3001
f 3047 3045 3043
f 3014 3051 3050
f 3051 3013 3047
f 3050 3047 3012
f 3051 3047 3050
f 3002 3044 3064
f 3044 3012 3066
f 3064 3066 3019
f 3044 3066 3064
f 3012 3043 3063
f 3043 3001 3061
f 3063 3061 3018
f 3043 3061 3063
f 3019 3067 3065
f 3067 3018 3062
f 3065 3062 3005
f 3067 3062 3065
f 3012 3063 3066
f 3063 3018 3067
f 3066 3067 3019
f 3063 3067 3066
f 3002 3064 3080
f 3064 3019 3082
f 3080 3082 3024
f 3064 3082 3080
f 3019 3065 3085
f 3065 3005 3083
f 3085 3083 3025
f 3065 3083 3085
f 3024 3087 3081
f 3087 3025 3084
f 3081 3084 3007
f 3087 3084 3081
f 3019 3085 3082
f 3085 3025 3087
f 3082 3087 3024
f 3085 3087 3082
f 3002 3080 3098
f 3080 3024 3101
f 3098 3101 3028
f 3080 3101 3098
f 3024 3081 3116
f 3081 3007 3113
f 3116 3113 3031
f 3081 3113 3116
f 3028 3118 3099
f 3118 3031 3114
f 3099 3114 3008
f 3118 3114 3099
f 3024 3116 3101
f 3116 3031 3118
f 3101 3118 3028
f 3116 3118 3101
f 3003 3102 3059
f 3102 3029 3105
f 3059 3105 3017
f 3102 3105 3059
f 3029 3103 3112
f 3103 3008 3108
f 3112 3108 3030
f 3103 3108 3112
f 3017 3110 3060
f 3110 3030 3107
f 3060 3107 3004
f 3110 3107 3060
f 3029 3112 3105
f 3112 3030 3110
f 3105 3110 3017
f 3112 3110 3105
f 3001 3045 3140
f 3045 3013 3142
f 3140 3142 3037
f 3045 3142 3140
f 3013 3046 3146
f 3046 3003 3144
f 3146 3144 3038
f 3046 3144 3146
f 3037 3148 3141
f 3148 3038 3145
f 3141 3145 3010
f 3148 3145 3141
f 3013 3146 3142
f 3146 3038 3148
f 3142 3148 3037
f 3146 3148 3142
f 3005 3062 3125
f 3062 3018 3127
f 3125 3127 3034
f 3062 3127 3125
f 3018 3061 3124
f 3061 3001 3122
f 3124 3122 3033
f 3061 3122 3124
f 3034 3129 3126
f 3129 3033 3123
f 3126 3123 3009
f 3129 3123 3126
f 3018 3124 3127
f 3124 3033 3129
f 3127 3129 3034
f 3124 3129 3127
f 3007 3084 3089
f 3084 3025 3093
f 3089 3093 3026
f 3084 3093 3089
f 3025 3083 3086
f 3083 3005 3075
f 3086 3075 3022
f 3083 3075 3086
f 3026 3091 3088
f 3091 3022 3076
f 3088 3076 3006
f 3091 3076 3088
f 3025 3086 3093
f 3086 3022 3091
f 3093 3091 3026
f 3086 3091 3093
f 3008 3114 3095
f 3114 3031 3117
f 3095 3117 3027
f 3114 3117 3095
f 3031 3113 3115
f 3113 3007 3078
f 3115 3078 3023
f 3113 3078 3115
f 3027 3097 3094
f 3097 3023 3077
f 3094 3077 3000
f 3097 3077 3094
f 3031 3115 3117
f 3115 3023 3097
f 3117 3097 3027
f 3115 3097 3117
f 3161 3693 3357
f 3693 3298 3695
f 3357 3695 3214
f 3693 3695 3357
f 3298 3694 3702
f 3694 3198 3700
f 3702 3700 3300
f 3694 3700 3702
f 3214 3701 3358
f 3701 3300 3699
f 3358 3699 3177
f 3701 3699 3358
f 3298 3702 3695
f 3702 3300 3701
f 3695 3701 3214
f 3702 3701 3695
f 3198 3698 3761
f 3698 3299 3763
f 3761 3763 3315
f 3698 3763 3761
f 3299 3697 3749
f 3697 3172 3747
f 3749 3747 3312
f 3697 3747 3749
f 3315 3765 3762
f 3765 3312 3748
f 3762 3748 3201
f 3765 3748 3762
f 3299 3749 3763
f 3749 3312 3765
f 3763 3765 3315
f 3749 3765 3763
f 3177 3751 3361
f 3751 3313 3753
f 3361 3753 3215
f 3751 3753 3361
f 3313 3752 3755
f 3752 3201 3744
f 3755 3744 3311
f 3752 3744 3755
f 3215 3745 3360
f 3745 3311 3743
f 3360 3743 3166
f 3745 3743 3360
f 3313 3755 3753
f 3755 3311 3745
f 3753 3745 3215
f 3755 3745 3753
f 3198 3761 3700
f 3761 3315 3764
f 3700 3764 3300
f 3761 3764 3700
f 3315 3762 3766
f 3762 3201 3752
f 3766 3752 3313
f 3762 3752 3766
f 3300 3754 3699
f 3754 3313 3751
f 3699 3751 3177
f 3754 3751 3699
f 3315 3766 3764
f 3766 3313 3754
f 3764 3754 3300
f 3766 3754 3764
f 3161 3357 3323
f 3357 3214 3359
f 3323 3359 3203
f 3357 3359 3323
f 3214 3358 3365
f 3358 3177 3363
f 3365 3363 3216
f 3358 3363 3365
f 3203 3364 3324
f 3364 3216 3362
f 3324 3362 3173
f 3364 3362 3324
f 3214 3365 3359
f 3365 3216 3364
f 3359 3364 3203
f 3365 3364 3359
f 3177 3361 3377
f 3361 3215 3379
f 3377 3379 3220
f 3361 3379 3377
f 3215 3360 3371
f 3360 3166 3369
f 3371 3369 3218
f 3360 3369 3371
f 3220 3381 3378
f 3381 3218 3370
f 3378 3370 3178
f 3381 3370 3378
f 3215 3371 3379
f 3371 3218 3381
f 3379 3381 3220
f 3371 3381 3379
f 3173 3372 3326
f 3372 3219 3374
f 3326 3374 3204
f 3372 3374 3326
f 3219 3373 3376
f 3373 3178 3367
f 3376 3367 3217
f 3373 3367 3376
f 3204 3368 3325
f 3368 3217 3366
f 3325 3366 3162
f 3368 3366 3325
f 3219 3376 3374
f 3376 3217 3368
f 3374 3368 3204
f 3376 3368 3374
f 3177 3377 3363
f 3377 3220 3380
f 3363 3380 3216
f 3377 3380 3363
f 3220 3378 3382
f 3378 3178 3373
f 3382 3373 3219
f 3378 3373 3382
f 3216 3375 3362
f 3375 3219 3372
f 3362 3372 3173
f 3375 3372 3362
f 3220 3382 3380
f 3382 3219 3375
f 3380 3375 3216
f 3382 3375 3380
f 3161 3323 3413
f 3323 3203 3415
f 3413 3415 3230
f 3323 3415 3413
f 3203 3324 3420
f 3324 3173 3418
f 3420 3418 3232
f 3324 3418 3420
f 3230 3421 3414
f 3421 3232 3419
f 3414 3419 3182
f 3421 3419 3414
f 3203 3420 3415
f 3420 3232 3421
f 3415 3421 3230
f 3420 3421 3415
f 3173 3326 3428
f 3326 3204 3430
f 3428 3430 3235
f 3326 3430 3428
f 3204 3325 3424
f 3325 3162 3422
f 3424 3422 3233
f 3325 3422 3424
f 3235 3432 3429
f 3432 3233 3423
f 3429 3423 3183
f 3432 3423 3429
f 3204 3424 3430
f 3424 3233 3432
f 3430 3432 3235
f 3424 3432 3430
f 3182 3433 3417
f 3433 3236 3435
f 3417 3435 3231
f 3433 3435 3417
f 3236 3434 3437
f 3434 3183 3426
f 3437 3426 3234
f 3434 3426 3437
f 3231 3427 3416
f 3427 3234 3425
f 3416 3425 3168
f 3427 3425 3416
f 3236 3437 3435
f 3437 3234 3427
f 3435 3427 3231
f 3437 3427 3435
f 3173 3428 3418
f 3428 3235 3431
f 3418 3431 3232
f 3428 3431 3418
f 3235 3429 3438
f 3429 3183 3434
f 3438 3434 3236
f 3429 3434 3438
f 3232 3436 3419
f 3436 3236 3433
f 3419 3433 3182
f 3436 3433 3419
f 3235 3438 3431
f 3438 3236 3436
f 3431 3436 3232
f 3438 3436 3431
f 3161 3413 3623
f 3413 3230 3625
f 3623 3625 3281
f 3413 3625 3623
f 3230 3414 3630
f 3414 3182 3628
f 3630 3628 3283
f 3414 3628 3630
f 3281 3631 3624
f 3631 3283 3629
f 3624 3629 3194
f 3631 3629 3624
f 3230 3630 3625
f 3630 3283 3631
f 3625 3631 3281
f 3630 3631 3625
f 3182 3417 3671
f 3417 3231 3673
f 3671 3673 3294
f 3417 3673 3671
f 3231 3416 3665
f 3416 3168 3663
f 3665 3663 3292
f 3416 3663 3665
f 3294 3675 3672
f 3675 3292 3664
f 3672 3664 3197
f 3675 3664 3672
f 3231 3665 3673
f 3665 3292 3675
f 3673 3675 3294
f 3665 3675 3673
f 3194 3681 3627
f 3681 3296 3683
f 3627 3683 3282
f 3681 3683 3627
f 3296 3682 3685
f 3682 3197 3668
f 3685 3668 3293
f 3682 3668 3685
f 3282 3669 3626
f 3669 3293 3667
f 3626 3667 3171
f 3669 3667 3626
f 3296 3685 3683
f 3685 3293 3669
f 3683 3669 3282
f 3685 3669 3683
f 3182 3671 3628
f 3671 3294 3674
f 3628 3674 3283
f 3671 3674 3628
f 3294 3672 3686
f 3672 3197 3682
f 3686 3682 3296
f 3672 3682 3686
f 3283 3684 3629
f 3684 3296 3681
f 3629 3681 3194
f 3684 3681 3629
f 3294 3686 3674
f 3686 3296 3684
f 3674 3684 3283
f 3686 3684 3674
f 3161 3623 3693
f 3623 3281 3696
f 3693 3696 3298
f 3623 3696 3693
f 3281 3624 3705
f 3624 3194 3703
f 3705 3703 3301
f 3624 3703 3705
f 3298 3706 3694
f 3706 3301 3704
f 3694 3704 3198
f 3706 3704 3694
f 3281 3705 3696
f 3705 3301 3706
f 3696 3706 3298
f 3705 3706 3696
f 3194 3627 3781
f 3627 3282 3783
f 3781 3783 3319
f 3627 3783 3781
f 3282 3626 3775
f 3626 3171 3773
f 3775 3773 3317
f 3626 3773 3775
f 3319 3785 3782
f 3785 3317 3774
f 3782 3774 3202
f 3785 3774 3782
f 3282 3775 3783
f 3775 3317 3785
f 3783 3785 3319
f 3775 3785 3783
f 3198 3791 3698
f 3791 3321 3793
f 3698 3793 3299
f 3791 3793 3698
f 3321 3792 3795
f 3792 3202 3778
f 3795 3778 3318
f 3792 3778 3795
f 3299 3779 3697
f 3779 3318 3777
f 3697 3777 3172
f 3779 3777 3697
f 3321 3795 3793
f 3795 3318 3779
f 3793 3779 3299
f 3795 3779 3793
f 3194 3781 3703
f 3781 3319 3784
f 3703 3784 3301
f 3781 3784 3703
f 3319 3782 3796
f 3782 3202 3792
f 3796 3792 3321
f 3782 3792 3796
f 3301 3794 3704
f 3794 3321 3791
f 3704 3791 3198
f 3794 3791 3704
f 3319 3796 3784
f 3796 3321 3794
f 3784 3794 3301
f 3796 3794 3784
f 3162 3366 3513
f 3366 3217 3515
f 3513 3515 3256
f 3366 3515 3513
f 3217 3367 3521
f 3367 3178 3519
f 3521 3519 3258
f 3367 3519 3521
f 3256 3522 3514
f 3522 3258 3520
f 3514 3520 3189
f 3522 3520 3514
f 3217 3521 3515
f 3521 3258 3522
f 3515 3522 3256
f 3521 3522 3515
f 3178 3370 3571
f 3370 3218 3573
f 3571 3573 3271
f 3370 3573 3571
f 3218 3369 3565
f 3369 3166 3563
f 3565 3563 3269
f 3369 3563 3565
f 3271 3575 3572
f 3575 3269 3564
f 3572 3564 3192
f 3575 3564 3572
f 3218 3565 3573
f 3565 3269 3575
f 3573 3575 3271
f 3565 3575 3573
f 3189 3581 3518
f 3581 3273 3583
f 3518 3583 3257
f 3581 3583 3518
f 3273 3582 3585
f 3582 3192 3568
f 3585 3568 3270
f 3582 3568 3585
f 3257 3569 3517
f 3569 3270 3567
f 3517 3567 3170
f 3569 3567 3517
f 3273 3585 3583
f 3585 3270 3569
f 3583 3569 3257
f 3585 3569 3583
f 3178 3571 3519
f 3571 3271 3574
f 3519 3574 3258
f 3571 3574 3519
f 3271 3572 3586
f 3572 3192 3582
f 3586 3582 3273
f 3572 3582 3586
f 3258 3584 3520
f 3584 3273 3581
f 3520 3581 3189
f 3584 3581 3520
f 3271 3586 3574
f 3586 3273 3584
f 3574 3584 3258
f 3586 3584 3574
f 3166 3743 3385
f 3743 3311 3746
f 3385 3746 3222
f 3743 3746 3385
f 3311 3744 3760
f 3744 3201 3757
f 3760 3757 3314
f 3744 3757 3760
f 3222 3758 3386
f 3758 3314 3756
f 3386 3756 3179
f 3758 3756 3386
f 3311 3760 3746
f 3760 3314 3758
f 3746 3758 3222
f 3760 3758 3746
f 3201 3748 3768
f 3748 3312 3771
f 3768 3771 3316
f 3748 3771 3768
f 3312 3747 3750
f 3747 3172 3725
f 3750 3725 3307
f 3747 3725 3750
f 3316 3769 3767
f 3769 3307 3726
f 3767 3726 3200
f 3769 3726 3767
f 3312 3750 3771
f 3750 3307 3769
f 3771 3769 3316
f 3750 3769 3771
f 3179 3733 3384
f 3733 3309 3735
f 3384 3735 3221
f 3733 3735 3384
f 3309 3734 3736
f 3734 3200 3722
f 3736 3722 3306
f 3734 3722 3736
f 3221 3724 3383
f 3724 3306 3721
f 3383 3721 3165
f 3724 3721 3383
f 3309 3736 3735
f 3736 3306 3724
f 3735 3724 3221
f 3736 3724 3735
f 3201 3768 3757
f 3768 3316 3772
f 3757 3772 3314
f 3768 3772 3757
f 3316 3767 3770
f 3767 3200 3734
f 3770 3734 3309
f 3767 3734 3770
f 3314 3759 3756
f 3759 3309 3733
f 3756 3733 3179
f 3759 3733 3756
f 3316 3770 3772
f 3770 3309 3759
f 3772 3759 3314
f 3770 3759 3772
f 3172 3777 3711
f 3777 3318 3780
f 3711 3780 3303
f 3777 3780 3711
f 3318 3778 3801
f 3778 3202 3798
f 3801 3798 3322
f 3778 3798 3801
f 3303 3799 3712
f 3799 3322 3797
f 3712 3797 3199
f 3799 3797 3712
f 3318 3801 3780
f 3801 3322 3799
f 3780 3799 3303
f 3801 3799 3780
f 3202 3774 3787
f 3774 3317 3790
f 3787 3790 3320
f 3774 3790 3787
f 3317 3773 3776
f 3773 3171 3635
f 3776 3635 3285
f 3773 3635 3776
f 3320 3788 3786
f 3788 3285 3636
f 3786 3636 3195
f 3788 3636 3786
f 3317 3776 3790
f 3776 3285 3788
f 3790 3788 3320
f 3776 3788 3790
f 3199 3718 3708
f 3718 3305 3720
f 3708 3720 3302
f 3718 3720 3708
f 3305 3717 3719
f 3717 3195 3633
f 3719 3633 3284
f 3717 3633 3719
f 3302 3710 3707
f 3710 3284 3632
f 3707 3632 3163
f 3710 3632 3707
f 3305 3719 3720
f 3719 3284 3710
f 3720 3710 3302
f 3719 3710 3720
f 3202 3787 3798
f 3787 3320 3802
f 3798 3802 3322
f 3787 3802 3798
f 3320 3786 3789
f 3786 3195 3717
f 3789 3717 3305
f 3786 3717 3789
f 3322 3800 3797
f 3800 3305 3718
f 3797 3718 3199
f 3800 3718 3797
f 3320 3789 3802
f 3789 3305 3800
f 3802 3800 3322
f 3789 3800 3802
f 3171 3667 3645
f 3667 3293 3670
f 3645 3670 3288
f 3667 3670 3645
f 3293 3668 3691
f 3668 3197 3688
f 3691 3688 3297
f 3668 3688 3691
f 3288 3689 3646
f 3689 3297 3687
f 3646 3687 3196
f 3689 3687 3646
f 3293 3691 3670
f 3691 3297 3689
f 3670 3689 3288
f 3691 3689 3670
f 3197 3664 3677
f 3664 3292 3680
f 3677 3680 3295
f 3664 3680 3677
f 3292 3663 3666
f 3663 3168 3441
f 3666 3441 3238
f 3663 3441 3666
f 3295 3678 3676
f 3678 3238 3442
f 3676 3442 3184
f 3678 3442 3676
f 3292 3666 3680
f 3666 3238 3678
f 3680 3678 3295
f 3666 3678 3680
f 3196 3654 3642
f 3654 3290 3656
f 3642 3656 3287
f 3654 3656 3642
f 3290 3653 3655
f 3653 3184 3440
f 3655 3440 3237
f 3653 3440 3655
f 3287 3644 3641
f 3644 3237 3439
f 3641 3439 3167
f 3644 3439 3641
f 3290 3655 3656
f 3655 3237 3644
f 3656 3644 3287
f 3655 3644 3656
f 3197 3677 3688
f 3677 3295 3692
f 3688 3692 3297
f 3677 3692 3688
f 3295 3676 3679
f 3676 3184 3653
f 3679 3653 3290
f 3676 3653 3679
f 3297 3690 3687
f 3690 3290 3654
f 3687 3654 3196
f 3690 3654 3687
f 3295 3679 3692
f 3679 3290 3690
f 3692 3690 3297
f 3679 3690 3692
f 3168 3425 3483
f 3425 3234 3485
f 3483 3485 3250
f 3425 3485 3483
f 3234 3426 3493
f 3426 3183 3491
f 3493 3491 3252
f 3426 3491 3493
f 3250 3495 3484
f 3495 3252 3492
f 3484 3492 3188
f 3495 3492 3484
f 3234 3493 3485
f 3493 3252 3495
f 3485 3495 3250
f 3493 3495 3485
f 3183 3423 3448
f 3423 3233 3450
f 3448 3450 3241
f 3423 3450 3448
f 3233 3422 3445
f 3422 3162 3443
f 3445 3443 3239
f 3422 3443 3445
f 3241 3451 3449
f 3451 3239 3444
f 3449 3444 3185
f 3451 3444 3449
f 3233 3445 3450
f 3445 3239 3451
f 3450 3451 3241
f 3445 3451 3450
f 3188 3502 3488
f 3502 3254 3505
f 3488 3505 3251
f 3502 3505 3488
f 3254 3501 3503
f 3501 3185 3447
f 3503 3447 3240
f 3501 3447 3503
f 3251 3489 3487
f 3489 3240 3446
f 3487 3446 3169
f 3489 3446 3487
f 3254 3503 3505
f 3503 3240 3489
f 3505 3489 3251
f 3503 3489 3505
f 3183 3448 3491
f 3448 3241 3494
f 3491 3494 3252
f 3448 3494 3491
f 3241 3449 3504
f 3449 3185 3501
f 3504 3501 3254
f 3449 3501 3504
f 3252 3506 3492
f 3506 3254 3502
f 3492 3502 3188
f 3506 3502 3492
f 3241 3504 3494
f 3504 3254 3506
f 3494 3506 3252
f 3504 3506 3494
f 3164 3527 3340
f 3527 3260 3529
f 3340 3529 3210
f 3527 3529 3340
f 3260 3528 3536
f 3528 3190 3534
f 3536 3534 3262
f 3528 3534 3536
f 3210 3535 3341
f 3535 3262 3533
f 3341 3533 3176
f 3535 3533 3341
f 3260 3536 3529
f 3536 3262 3535
f 3529 3535 3210
f 3536 3535 3529
f 3190 3532 3557
f 3532 3261 3559
f 3557 3559 3268
f 3532 3559 3557
f 3261 3531 3547
f 3531 3170 3545
f 3547 3545 3265
f 3531 3545 3547
f 3268 3561 3558
f 3561 3265 3546
f 3558 3546 3191
f 3561 3546 3558
f 3261 3547 3559
f 3547 3265 3561
f 3559 3561 3268
f 3547 3561 3559
f 3176 3548 3344
f 3548 3266 3550
f 3344 3550 3211
f 3548 3550 3344
f 3266 3549 3552
f 3549 3191 3542
f 3552 3542 3264
f 3549 3542 3552
f 3211 3543 3343
f 3543 3264 3541
f 3343 3541 3165
f 3543 3541 3343
f 3266 3552 3550
f 3552 3264 3543
f 3550 3543 3211
f 3552 3543 3550
f 3190 3557 3534
f 3557 3268 3560
f 3534 3560 3262
f 3557 3560 3534
f 3268 3558 3562
f 3558 3191 3549
f 3562 3549 3266
f 3558 3549 3562
f 3262 3551 3533
f 3551 3266 3548
f 3533 3548 3176
f 3551 3548 3533
f 3268 3562 3560
f 3562 3266 3551
f 3560 3551 3262
f 3562 3551 3560
f 3164 3340 3329
f 3340 3210 3342
f 3329 3342 3206
f 3340 3342 3329
f 3210 3341 3350
f 3341 3176 3347
f 3350 3347 3212
f 3341 3347 3350
f 3206 3348 3330
f 3348 3212 3346
f 3330 3346 3174
f 3348 3346 3330
f 3210 3350 3342
f 3350 3212 3348
f 3342 3348 3206
f 3350 3348 3342
f 3176 3344 3352
f 3344 3211 3355
f 3352 3355 3213
f 3344 3355 3352
f 3211 3343 3345
f 3343 3165 3334
f 3345 3334 3208
f 3343 3334 3345
f 3213 3353 3351
f 3353 3208 3335
f 3351 3335 3175
f 3353 3335 3351
f 3211 3345 3355
f 3345 3208 3353
f 3355 3353 3213
f 3345 3353 3355
f 3174 3336 3328
f 3336 3209 3338
f 3328 3338 3205
f 3336 3338 3328
f 3209 3337 3339
f 3337 3175 3332
f 3339 3332 3207
f 3337 3332 3339
f 3205 3333 3327
f 3333 3207 3331
f 3327 3331 3163
f 3333 3331 3327
f 3209 3339 3338
f 3339 3207 3333
f 3338 3333 3205
f 3339 3333 3338
f 3176 3352 3347
f 3352 3213 3356
f 3347 3356 3212
f 3352 3356 3347
f 3213 3351 3354
f 3351 3175 3337
f 3354 3337 3209
f 3351 3337 3354
f 3212 3349 3346
f 3349 3209 3336
f 3346 3336 3174
f 3349 3336 3346
f 3213 3354 3356
f 3354 3209 3349
f 3356 3349 3212
f 3354 3349 3356
f 3164 3329 3396
f 3329 3206 3398
f 3396 3398 3226
f 3329 3398 3396
f 3206 3330 3404
f 3330 3174 3402
f 3404 3402 3228
f 3330 3402 3404
f 3226 3406 3397
f 3406 3228 3403
f 3397 3403 3181
f 3406 3403 3397
f 3206 3404 3398
f 3404 3228 3406
f 3398 3406 3226
f 3404 3406 3398
f 3174 3328 3392
f 3328 3205 3394
f 3392 3394 3225
f 3328 3394 3392
f 3205 3327 3389
f 3327 3163 3387
f 3389 3387 3223
f 3327 3387 3389
f 3225 3395 3393
f 3395 3223 3388
f 3393 3388 3180
f 3395 3388 3393
f 3205 3389 3394
f 3389 3223 3395
f 3394 3395 3225
f 3389 3395 3394
f 3181 3408 3400
f 3408 3229 3411
f 3400 3411 3227
f 3408 3411 3400
f 3229 3407 3409
f 3407 3180 3391
f 3409 3391 3224
f 3407 3391 3409
f 3227 3401 3399
f 3401 3224 3390
f 3399 3390 3167
f 3401 3390 3399
f 3229 3409 3411
f 3409 3224 3401
f 3411 3401 3227
f 3409 3401 3411
f 3174 3392 3402
f 3392 3225 3405
f 3402 3405 3228
f 3392 3405 3402
f 3225 3393 3410
f 3393 3180 3407
f 3410 3407 3229
f 3393 3407 3410
f 3228 3412 3403
f 3412 3229 3408
f 3403 3408 3181
f 3412 3408 3403
f 3225 3410 3405
f 3410 3229 3412
f 3405 3412 3228
f 3410 3412 3405
f 3164 3396 3452
f 3396 3226 3454
f 3452 3454 3242
f 3396 3454 3452
f 3226 3397 3459
f 3397 3181 3457
f 3459 3457 3244
f 3397 3457 3459
f 3242 3460 3453
f 3460 3244 3458
f 3453 3458 3186
f 3460 3458 3453
f 3226 3459 3454
f 3459 3244 3460
f 3454 3460 3242
f 3459 3460 3454
f 3181 3400 3468
f 3400 3227 3470
f 3468 3470 3247
f 3400 3470 3468
f 3227 3399 3463
f 3399 3167 3461
f 3463 3461 3245
f 3399 3461 3463
f 3247 3472 3469
f 3472 3245 3462
f 3469 3462 3187
f 3472 3462 3469
f 3227 3463 3470
f 3463 3245 3472
f 3470 3472 3247
f 3463 3472 3470
f 3186 3477 3456
f 3477 3249 3479
f 3456 3479 3243
f 3477 3479 3456
f 3249 3478 3481
f 3478 3187 3466
f 3481 3466 3246
f 3478 3466 3481
f 3243 3467 3455
f 3467 3246 3465
f 3455 3465 3169
f 3467 3465 3455
f 3249 3481 3479
f 3481 3246 3467
f 3479 3467 3243
f 3481 3467 3479
f 3181 3468 3457
f 3468 3247 3471
f 3457 3471 3244
f 3468 3471 3457
f 3247 3469 3482
f 3469 3187 3478
f 3482 3478 3249
f 3469 3478 3482
f 3244 3480 3458
f 3480 3249 3477
f 3458 3477 3186
f 3480 3477 3458
f 3247 3482 3471
f 3482 3249 3480
f 3471 3480 3244
f 3482 3480 3471
f 3164 3452 3527
f 3452 3242 3530
f 3527 3530 3260
f 3452 3530 3527
f 3242 3453 3539
f 3453 3186 3537
f 3539 3537 3263
f 3453 3537 3539
f 3260 3540 3528
f 3540 3263 3538
f 3528 3538 3190
f 3540 3538 3528
f 3242 3539 3530
f 3539 3263 3540
f 3530 3540 3260
f 3539 3540 3530
f 3186 3456 3606
f 3456 3243 3608
f 3606 3608 3278
f 3456 3608 3606
f 3243 3455 3596
f 3455 3169 3593
f 3596 3593 3275
f 3455 3593 3596
f 3278 3610 3607
f 3610 3275 3594
f 3607 3594 3193
f 3610 3594 3607
f 3243 3596 3608
f 3596 3275 3610
f 3608 3610 3278
f 3596 3610 3608
f 3190 3617 3532
f 3617 3280 3619
f 3532 3619 3261
f 3617 3619 3532
f 3280 3618 3621
f 3618 3193 3598
f 3621 3598 3276
f 3618 3598 3621
f 3261 3600 3531
f 3600 3276 3597
f 3531 3597 3170
f 3600 3597 3531
f 3280 3621 3619
f 3621 3276 3600
f 3619 3600 3261
f 3621 3600 3619
f 3186 3606 3537
f 3606 3278 3609
f 3537 3609 3263
f 3606 3609 3537
f 3278 3607 3622
f 3607 3193 3618
f 3622 3618 3280
f 3607 3618 3622
f 3263 3620 3538
f 3620 3280 3617
f 3538 3617 3190
f 3620 3617 3538
f 3278 3622 3609
f 3622 3280 3620
f 3609 3620 3263
f 3622 3620 3609
f 3165 3541 3383
f 3541 3264 3544
f 3383 3544 3221
f 3541 3544 3383
f 3264 3542 3556
f 3542 3191 3554
f 3556 3554 3267
f 3542 3554 3556
f 3221 3555 3384
f 3555 3267 3553
f 3384 3553 3179
f 3555 3553 3384
f 3264 3556 3544
f 3556 3267 3555
f 3544 3555 3221
f 3556 3555 3544
f 3191 3546 3587
f 3546 3265 3589
f 3587 3589 3274
f 3546 3589 3587
f 3265 3545 3570
f 3545 3170 3567
f 3570 3567 3270
f 3545 3567 3570
f 3274 3591 3588
f 3591 3270 3568
f 3588 3568 3192
f 3591 3568 3588
f 3265 3570 3589
f 3570 3270 3591
f 3589 3591 3274
f 3570 3591 3589
f 3179 3576 3386
f 3576 3272 3578
f 3386 3578 3222
f 3576 3578 3386
f 3272 3577 3580
f 3577 3192 3564
f 3580 3564 3269
f 3577 3564 3580
f 3222 3566 3385
f 3566 3269 3563
f 3385 3563 3166
f 3566 3563 3385
f 3272 3580 3578
f 3580 3269 3566
f 3578 3566 3222
f 3580 3566 3578
f 3191 3587 3554
f 3587 3274 3590
f 3554 3590 3267
f 3587 3590 3554
f 3274 3588 3592
f 3588 3192 3577
f 3592 3577 3272
f 3588 3577 3592
f 3267 3579 3553
f 3579 3272 3576
f 3553 3576 3179
f 3579 3576 3553
f 3274 3592 3590
f 3592 3272 3579
f 3590 3579 3267
f 3592 3579 3590
f 3163 3331 3707
f 3331 3207 3709
f 3707 3709 3302
f 3331 3709 3707
f 3207 3332 3715
f 3332 3175 3713
f 3715 3713 3304
f 3332 3713 3715
f 3302 3716 3708
f 3716 3304 3714
f 3708 3714 3199
f 3716 3714 3708
f 3207 3715 3709
f 3715 3304 3716
f 3709 3716 3302
f 3715 3716 3709
f 3175 3335 3728
f 3335 3208 3730
f 3728 3730 3308
f 3335 3730 3728
f 3208 3334 3723
f 3334 3165 3721
f 3723 3721 3306
f 3334 3721 3723
f 3308 3732 3729
f 3732 3306 3722
f 3729 3722 3200
f 3732 3722 3729
f 3208 3723 3730
f 3723 3306 3732
f 3730 3732 3308
f 3723 3732 3730
f 3199 3737 3712
f 3737 3310 3739
f 3712 3739 3303
f 3737 3739 3712
f 3310 3738 3741
f 3738 3200 3726
f 3741 3726 3307
f 3738 3726 3741
f 3303 3727 3711
f 3727 3307 3725
f 3711 3725 3172
f 3727 3725 3711
f 3310 3741 3739
f 3741 3307 3727
f 3739 3727 3303
f 3741 3727 3739
f 3175 3728 3713
f 3728 3308 3731
f 3713 3731 3304
f 3728 3731 3713
f 3308 3729 3742
f 3729 3200 3738
f 3742 3738 3310
f 3729 3738 3742
f 3304 3740 3714
f 3740 3310 3737
f 3714 3737 3199
f 3740 3737 3714
f 3308 3742 3731
f 3742 3310 3740
f 3731 3740 3304
f 3742 3740 3731
f 3167 3390 3641
f 3390 3224 3643
f 3641 3643 3287
f 3390 3643 3641
f 3224 3391 3650
f 3391 3180 3648
f 3650 3648 3289
f 3391 3648 3650
f 3287 3652 3642
f 3652 3289 3649
f 3642 3649 3196
f 3652 3649 3642
f 3224 3650 3643
f 3650 3289 3652
f 3643 3652 3287
f 3650 3652 3643
f 3180 3388 3637
f 3388 3223 3639
f 3637 3639 3286
f 3388 3639 3637
f 3223 3387 3634
f 3387 3163 3632
f 3634 3632 3284
f 3387 3632 3634
f 3286 3640 3638
f 3640 3284 3633
f 3638 3633 3195
f 3640 3633 3638
f 3223 3634 3639
f 3634 3284 3640
f 3639 3640 3286
f 3634 3640 3639
f 3196 3658 3646
f 3658 3291 3661
f 3646 3661 3288
f 3658 3661 3646
f 3291 3657 3659
f 3657 3195 3636
f 3659 3636 3285
f 3657 3636 3659
f 3288 3647 3645
f 3647 3285 3635
f 3645 3635 3171
f 3647 3635 3645
f 3291 3659 3661
f 3659 3285 3647
f 3661 3647 3288
f 3659 3647 3661
f 3180 3637 3648
f 3637 3286 3651
f 3648 3651 3289
f 3637 3651 3648
f 3286 3638 3660
f 3638 3195 3657
f 3660 3657 3291
f 3638 3657 3660
f 3289 3662 3649
f 3662 3291 3658
f 3649 3658 3196
f 3662 3658 3649
f 3286 3660 3651
f 3660 3291 3662
f 3651 3662 3289
f 3660 3662 3651
f 3169 3465 3487
f 3465 3246 3490
f 3487 3490 3251
f 3465 3490 3487
f 3246 3466 3509
f 3466 3187 3507
f 3509 3507 3255
f 3466 3507 3509
f 3251 3511 3488
f 3511 3255 3508
f 3488 3508 3188
f 3511 3508 3488
f 3246 3509 3490
f 3509 3255 3511
f 3490 3511 3251
f 3509 3511 3490
f 3187 3462 3474
f 3462 3245 3476
f 3474 3476 3248
f 3462 3476 3474
f 3245 3461 3464
f 3461 3167 3439
f 3464 3439 3237
f 3461 3439 3464
f 3248 3475 3473
f 3475 3237 3440
f 3473 3440 3184
f 3475 3440 3473
f 3245 3464 3476
f 3464 3237 3475
f 3476 3475 3248
f 3464 3475 3476
f 3188 3497 3484
f 3497 3253 3500
f 3484 3500 3250
f 3497 3500 3484
f 3253 3496 3498
f 3496 3184 3442
f 3498 3442 3238
f 3496 3442 3498
f 3250 3486 3483
f 3486 3238 3441
f 3483 3441 3168
f 3486 3441 3483
f 3253 3498 3500
f 3498 3238 3486
f 3500 3486 3250
f 3498 3486 3500
f 3187 3474 3507
f 3474 3248 3510
f 3507 3510 3255
f 3474 3510 3507
f 3248 3473 3499
f 3473 3184 3496
f 3499 3496 3253
f 3473 3496 3499
f 3255 3512 3508
f 3512 3253 3497
f 3508 3497 3188
f 3512 3497 3508
f 3248 3499 3510
f 3499 3253 3512
f 3510 3512 3255
f 3499 3512 3510
f 3170 3597 3517
f 3597 3276 3599
f 3517 3599 3257
f 3597 3599 3517
f 3276 3598 3615
f 3598 3193 3612
f 3615 3612 3279
f 3598 3612 3615
f 3257 3613 3518
f 3613 3279 3611
f 3518 3611 3189
f 3613 3611 3518
f 3276 3615 3599
f 3615 3279 3613
f 3599 3613 3257
f 3615 3613 3599
f 3193 3594 3602
f 3594 3275 3605
f 3602 3605 3277
f 3594 3605 3602
f 3275 3593 3595
f 3593 3169 3446
f 3595 3446 3240
f 3593 3446 3595
f 3277 3603 3601
f 3603 3240 3447
f 3601 3447 3185
f 3603 3447 3601
f 3275 3595 3605
f 3595 3240 3603
f 3605 3603 3277
f 3595 3603 3605
f 3189 3524 3514
f 3524 3259 3526
f 3514 3526 3256
f 3524 3526 3514
f 3259 3523 3525
f 3523 3185 3444
f 3525 3444 3239
f 3523 3444 3525
f 3256 3516 3513
f 3516 3239 3443
f 3513 3443 3162
f 3516 3443 3513
f 3259 3525 3526
f 3525 3239 3516
f 3526 3516 3256
f 3525 3516 3526
f 3193 3602 3612
f 3602 3277 3616
f 3612 3616 3279
f 3602 3616 3612
f 3277 3601 3604
f 3601 3185 3523
f 3604 3523 3259
f 3601 3523 3604
f 3279 3614 3611
f 3614 3259 3524
f 3611 3524 3189
f 3614 3524 3611
f 3277 3604 3616
f 3604 3259 3614
f 3616 3614 3279
f 3604 3614 3616
f 3804 3806 3803
f 3807 3804 3803
f 3803 3806 3805
f 3805 3807 3803
f 3804 3810 3806
f 3808 3804 3807
f 3808 3810 3804
f 3806 3810 3805
f 3809 3807 3805
f 3805 3810 3809
f 3809 3808 3807
f 3810 3808 3809
f 3811 3848 3827
f 3848 3822 3851
f 3827 3851 3816
f 3848 3851 3827
f 3811 3827 3823
f 3827 3816 3828
f 3823 3828 3812
f 3827 3828 3823
f 3811 3823 3832
f 3823 3812 3833
f 3832 3833 3818
f 3823 3833 3832
f 3811 3832 3844
f 3832 3818 3847
f 3844 3847 3821
f 3832 3847 3844
f 3811 3844 3848
f 3844 3821 3852
f 3848 3852 3822
f 3844 3852 3848
f 3812 3828 3839
f 3828 3816 3842
f 3839 3842 3820
f 3828 3842 3839
f 3816 3851 3829
f 3851 3822 3850
f 3829 3850 3815
f 3851 3850 3829
f 3822 3852 3849
f 3852 3821 3845
f 3849 3845 3813
f 3852 3845 3849
f 3821 3847 3846
f 3847 3818 3834
f 3846 3834 3817
f 3847 3834 3846
f 3818 3833 3838
f 3833 3812 3835
f 3838 3835 3819
f 3833 3835 3838
f 3814 3840 3826
f 3840 3820 3841
f 3826 3841 3815
f 3840 3841 3826
f 3814 3826 3824
f 3826 3815 3825
f 3824 3825 3813
f 3826 3825 3824
f 3814 3824 3831
f 3824 3813 3830
f 3831 3830 3817
f 3824 3830 3831
f 3814 3831 3836
f 3831 3817 3837
f 3836 3837 3819
f 3831 3837 3836
f 3814 3836 3840
f 3836 3819 3843
f 3840 3843 3820
f 3836 3843 3840
f 3815 3841 3829
f 3841 3820 3842
f 3829 3842 3816
f 3841 3842 3829
f 3813 3825 3849
f 3825 3815 3850
f 3849 3850 3822
f 3825 3850 3849
f 3817 3830 3846
f 3830 3813 3845
f 3846 3845 3821
f 3830 3845 3846
f 3819 3837 3838
f 3837 3817 3834
f 3838 3834 3818
f 3837 3834 3838
f 3820 3843 3839
f 3843 3819 3835
f 3839 3835 3812
f 3843 3835 3839
f 3853 3890 3869
f 3890 3864 3893
f 3869 3893 3858
f 3890 3893 3869
f 3853 3869 3865
f 3869 3858 3870
f 3865 3870 3854
f 3869 3870 3865
f 3853 3865 3874
f 3865 3854 3875
f 3874 3875 3860
f 3865 3875 3874
f 3853 3874 3886
f 3874 3860 3889
f 3886 3889 3863
f 3874 3889 3886
f 3853 3886 3890
f 3886 3863 3894
f 3890 3894 3864
f 3886 3894 3890
f 3854 3870 3881
f 3870 3858 3884
f 3881 3884 3862
f 3870 3884 3881
f 3858 3893 3871
f 3893 3864 3892
f 3871 3892 3857
f 3893 3892 3871
f 3864 3894 3891
f 3894 3863 3887
f 3891 3887 3855
f 3894 3887 3891
f 3863 3889 3888
f 3889 3860 3876
f 3888 3876 3859
f 3889 3876 3888
f 3860 3875 3880
f 3875 3854 3877
f 3880 3877 3861
f 3875 3877 3880
f 3856 3882 3868
f 3882 3862 3883
f 3868 3883 3857
f 3882 3883 3868
f 3856 3868 3866
f 3868 3857 3867
f 3866 3867 3855
f 3868 3867 3866
f 3856 3866 3873
f 3866 3855 3872
f 3873 3872 3859
f 3866 3872 3873
f 3856 3873 3878
f 3873 3859 3879
f 3878 3879 3861
f 3873 3879 3878
f 3856 3878 3882
f 3878 3861 3885
f 3882 3885 3862
f 3878 3885 3882
f 3857 3883 3871
f 3883 3862 3884
f 3871 3884 3858
f 3883 3884 3871
f 3855 3867 3891
f 3867 3857 3892
f 3891 3892 3864
f 3867 3892 3891
f 3859 3872 3888
f 3872 3855 3887
f 3888 3887 3863
f 3872 3887 3888
f 3861 3879 3880
f 3879 3859 3876
f 3880 3876 3860
f 3879 3876 3880
f 3862 3885 3881
f 3885 3861 3877
f 3881 3877 3854
f 3885 3877 3881
f 3895 3932 3911
f 3932 3906 3935
f 3911 3935 3900
f 3932 3935 3911
f 3895 3911 3907
f 3911 3900 3912
f 3907 3912 3896
f 3911 3912 3907
f 3895 3907 3916
f 3907 3896 3917
f 3916 3917 3902
f 3907 3917 3916
f 3895 3916 3928
f 3916 3902 3931
f 3928 3931 3905
f 3916 3931 3928
f 3895 3928 3932
f 3928 3905 3936
f 3932 3936 3906
f 3928 3936 3932
f 3896 3912 3923
f 3912 3900 3926
f 3923 3926 3904
f 3912 3926 3923
f 3900 3935 3913
f 3935 3906 3934
f 3913 3934 3899
f 3935 3934 3913
f 3906 3936 3933
f 3936 3905 3929
f 3933 3929 3897
f 3936 3929 3933
f 3905 3931 3930
f 3931 3902 3918
f 3930 3918 3901
f 3931 3918 3930
f 3902 3917 3922
f 3917 3896 3919
f 3922 3919 3903
f 3917 3919 3922
f 3898 3924 3910
f 3924 3904 3925
f 3910 3925 3899
f 3924 3925 3910
f 3898 3910 3908
f 3910 3899 3909
f 3908 3909 3897
f 3910 3909 3908
f 3898 3908 3915
f 3908 3897 3914
f 3915 3914 3901
f 3908 3914 3915
f 3898 3915 3920
f 3915 3901 3921
f 3920 3921 3903
f 3915 3921 3920
f 3898 3920 3924
f 3920 3903 3927
f 3924 3927 3904
f 3920 3927 3924
f 3899 3925 3913
f 3925 3904 3926
f 3913 3926 3900
f 3925 3926 3913
f 3897 3909 3933
f 3909 3899 3934
f 3933 3934 3906
f 3909 3934 3933
f 3901 3914 3930
f 3914 3897 3929
f 3930 3929 3905
f 3914 3929 3930
f 3903 3921 3922
f 3921 3901 3918
f 3922 3918 3902
f 3921 3918 3922
f 3904 3927 3923
f 3927 3903 3919
f 3923 3919 3896
f 3927 3919 3923
f 3937 3974 3953
f 3974 3948 3977
f 3953 3977 3942
f 3974 3977 3953
f 3937 3953 3949
f 3953 3942 3954
f 3949 3954 3938
f 3953 3954 3949
f 3937 3949 3958
f 3949 3938 3959
f 3958 3959 3944
f 3949 3959 3958
f 3937 3958 3970
f 3958 3944 3973
f 3970 3973 3947
f 3958 3973 3970
f 3937 3970 3974
f 3970 3947 3978
f 3974 3978 3948
f 3970 3978 3974
f 3938 3954 3965
f 3954 3942 3968
f 3965 3968 3946
f 3954 3968 3965
f 3942 3977 3955
f 3977 3948 3976
f 3955 3976 3941
f 3977 3976 3955
f 3948 3978 3975
f 3978 3947 3971
f 3975 3971 3939
f 3978 3971 3975
f 3947 3973 3972
f 3973 3944 3960
f 3972 3960 3943
f 3973 3960 3972
f 3944 3959 3964
f 3959 3938 3961
f 3964 3961 3945
f 3959 3961 3964
f 3940 3966 3952
f 3966 3946 3967
f 3952 3967 3941
f 3966 3967 3952
f 3940 3952 3950
f 3952 3941 3951
f 3950 3951 3939
f 3952 3951 3950
f 3940 3950 3957
f 3950 3939 3956
f 3957 3956 3943
f 3950 3956 3957
f 3940 3957 3962
f 3957 3943 3963
f 3962 3963 3945
f 3957 3963 3962
f 3940 3962 3966
f 3962 3945 3969
f 3966 3969 3946
f 3962 3969 3966
f 3941 3967 3955
f 3967 3946 3968
f 3955 3968 3942
f 3967 3968 3955
f 3939 3951 3975
f 3951 3941 3976
f 3975 3976 3948
f 3951 3976 3975
f 3943 3956 3972
f 3956 3939 3971
f 3972 3971 3947
f 3956 3971 3972
f 3945 3963 3964
f 3963 3943 3960
f 3964 3960 3944
f 3963 3960 3964
f 3946 3969 3965
f 3969 3945 3961
f 3965 3961 3938
f 3969 3961 3965
f 3979 4016 3995
f 4016 3990 4019
f 3995 4019 3984
f 4016 4019 3995
f 3979 3995 3991
f 3995 3984 3996
f 3991 3996 3980
f 3995 3996 3991
f 3979 3991 4000
f 3991 3980 4001
f 4000 4001 3986
f 3991 4001 4000
f 3979 4000 4012
f 4000 3986 4015
f 4012 4015 3989
f 4000 4015 4012
f 3979 4012 4016
f 4012 3989 4020
f 4016 4020 3990
f 4012 4020 4016
f 3980 3996 4007
f 3996 3984 4010
f 4007 4010 3988
f 3996 4010 4007
f 3984 4019 3997
f 4019 3990 4018
f 3997 4018 3983
f 4019 4018 3997
f 3990 4020 4017
f 4020 3989 4013
f 4017 4013 3981
f 4020 4013 4017
f 3989 4015 4014
f 4015 3986 4002
f 4014 4002 3985
f 4015 4002 4014
f 3986 4001 4006
f 4001 3980 4003
f 4006 4003 3987
f 4001 4003 4006
f 3982 4008 3994
f 4008 3988 4009
f 3994 4009 3983
f 4008 4009 3994
f 3982 3994 3992
f 3994 3983 3993
f 3992 3993 3981
f 3994 3993 3992
f 3982 3992 3999
f 3992 3981 3998
f 3999 3998 3985
f 3992 3998 3999
f 3982 3999 4004
f 3999 3985 4005
f 4004 4005 3987
f 3999 4005 4004
f 3982 4004 4008
f 4004 3987 4011
f 4008 4011 3988
f 4004 4011 4008
f 3983 4009 3997
f 4009 3988 4010
f 3997 4010 3984
f 4009 4010 3997
f 3981 3993 4017
f 3993 3983 4018
f 4017 4018 3990
f 3993 4018 4017
f 3985 3998 4014
f 3998 3981 4013
f 4014 4013 3989
f 3998 4013 4014
f 3987 4005 4006
f 4005 3985 4002
f 4006 4002 3986
f 4005 4002 4006
f 3988 4011 4007
f 4011 3987 4003
f 4007 4003 3980
f 4011 4003 4007
f 4021 4058 4037
f 4058 4032 4061
f 4037 4061 4026
f 4058 4061 4037
f 4021 4037 4033
f 4037 4026 4038
f 4033 4038 4022
f 4037 4038 4033
f 4021 4033 4042
f 4033 4022 4043
f 4042 4043 4028
f 4033 4043 4042
f 4021 4042 4054
f 4042 4028 4057
f 4054 4057 4031
f 4042 4057 4054
f 4021 4054 4058
f 4054 4031 4062
f 4058 4062 4032
f 4054 4062 4058
f 4022 4038 4049
f 4038 4026 4052
f 4049 4052 4030
f 4038 4052 4049
f 4026 4061 4039
f 4061 4032 4060
f 4039 4060 4025
f 4061 4060 4039
f 4032 4062 4059
f 4062 4031 4055
f 4059 4055 4023
f 4062 4055 4059
f 4031 4057 4056
f 4057 4028 4044
f 4056 4044 4027
f 4057 4044 4056
f 4028 4043 4048
f 4043 4022 4045
f 4048 4045 4029
f 4043 4045 4048
f 4024 4050 4036
f 4050 4030 4051
f 4036 4051 4025
f 4050 4051 4036
f 4024 4036 4034
f 4036 4025 4035
f 4034 4035 4023
f 4036 4035 4034
f 4024 4034 4041
f 4034 4023 4040
f 4041 4040 4027
f 4034 4040 4041
f 4024 4041 4046
f 4041 4027 4047
f 4046 4047 4029
f 4041 4047 4046
f 4024 4046 4050
f 4046 4029 4053
f 4050 4053 4030
f 4046 4053 4050
f 4025 4051 4039
f 4051 4030 4052
f 4039 4052 4026
f 4051 4052 4039
f 4023 4035 4059
f 4035 4025 4060
f 4059 4060 4032
f 4035 4060 4059
f 4027 4040 4056
f 4040 4023 4055
f 4056 4055 4031
f 4040 4055 4056
f 4029 4047 4048
f 4047 4027 4044
f 4048 4044 4028
f 4047 4044 4048
f 4030 4053 4049
f 4053 4029 4045
f 4049 4045 4022
f 4053 4045 4049
f 4064 4063 4089
f 4064 4089 4065
f 4065 4089 4090
f 4065 4090 4066
f 4066 4090 4091
f 4066 4091 4067
f 4067 4091 4092
f 4067 4092 4068
f 4068 4092 4093
f 4068 4093 4069
f 4069 4093 4094
f 4069 4094 4070
f 4070 4094 4095
f 4070 4095 4071
f 4071 4095 4096
f 4071 4096 4072
f 4072 4096 4097
f 4072 4097 4073
f 4073 4097 4098
f 4073 4098 4074
f 4074 4098 4099
f 4074 4099 4075
f 4075 4099 4100
f 4075 4100 4076
f 4076 4100 4101
f 4076 4101 4077
f 4077 4101 4102
f 4077 4102 4078
f 4078 4102 4103
f 4078 4103 4079
f 4079 4103 4104
f 4079 4104 4080
f 4080 4104 4105
f 4080 4105 4081
f 4081 4105 4106
f 4081 4106 4082
f 4082 4106 4107
f 4082 4107 4083
f 4083 4107 4108
f 4083 4108 4084
f 4084 4108 4109
f 4084 4109 4085
f 4085 4109 4110
f 4085 4110 4086
f 4086 4110 4111
f 4086 4111 4087
f 4087 4111 4112
f 4087 4112 4088
f 4089 4063 4113
f 4089 4113 4090
f 4090 4113 4114
f 4090 4114 4091
f 4091 4114 4115
f 4091 4115 4092
f 4092 4115 4116
f 4092 4116 4093
f 4093 4116 4117
f 4093 4117 4094
f 4094 4117 4118
f 4094 4118 4095
f 4095 4118 4119
f 4095 4119 4096
f 4096 4119 4120
f 4096 4120 4097
f 4097 4120 4121
f 4097 4121 4098
f 4098 4121 4122
f 4098 4122 4099
f 4099 4122 4123
f 4099 4123 4100
f 4100 4123 4124
f 4100 4124 4101
f 4101 4124 4125
f 4101 4125 4102
f 4102 4125 4126
f 4102 4126 4103
f 4103 4126 4127
f 4103 4127 4104
f 4104 4127 4128
f 4104 4128 4105
f 4105 4128 4129
f 4105 4129 4106
f 4106 4129 4130
f 4106 4130 4107
f 4107 4130 4131
f 4107 4131 4108
f 4108 4131 4132
f 4108 4132 4109
f 4109 4132 4133
f 4109 4133 4110
f 4110 4133 4134
f 4110 4134 4111
f 4111 4134 4135
f 4111 4135 4112
f 4112 4135 4136
f 4112 4136 4088
f 4113 4063 4137
f 4113 4137 4114
f 4114 4137 4138
f 4114 4138 4115
f 4115 4138 4139
f 4115 4139 4116
f 4116 4139 4140
f 4116 4140 4117
f 4117 4140 4141
f 4117 4141 4118
f 4118 4141 4142
f 4118 4142 4119
f 4119 4142 4143
f 4119 4143 4120
f 4120 4143 4144
f 4120 4144 4121
f 4121 4144 4145
f 4121 4145 4122
f 4122 4145 4146
f 4122 4146 4123
f 4123 4146 4147
f 4123 4147 4124
f 4124 4147 4148
f 4124 4148 4125
f 4125 4148 4149
f 4125 4149 4126
f 4126 4149 4150
f 4126 4150 4127
f 4127 4150 4151
f 4127 4151 4128
f 4128 4151 4152
f 4128 4152 4129
f 4129 4152 4153
f 4129 4153 4130
f 4130 4153 4154
f 4130 4154 4131
f 4131 4154 4155
f 4131 4155 4132
f 4132 4155 4156
f 4132 4156 4133
f 4133 4156 4157
f 4133 4157 4134
f 4134 4157 4158
f 4134 4158 4135
f 4135 4158 4159
f 4135 4159 4136
f 4136 4159 4160
f 4136 4160 4088
f 4137 4063 4161
f 4137 4161 4138
f 4138 4161 4162
f 4138 4162 4139
f 4139 4162 4163
f 4139 4163 4140
f 4140 4163 4164
f 4140 4164 4141
f 4141 4164 4165
f 4141 4165 4142
f 4142 4165 4166
f 4142 4166 4143
f 4143 4166 4167
f 4143 4167 4144
f 4144 4167 4168
f 4144 4168 4145
f 4145 4168 4169
f 4145 4169 4146
f 4146 4169 4170
f 4146 4170 4147
f 4147 4170 4171
f 4147 4171 4148
f 4148 4171 4172
f 4148 4172 4149
f 4149 4172 4173
f 4149 4173 4150
f 4150 4173 4174
f 4150 4174 4151
f 4151 4174 4175
f 4151 4175 4152
f 4152 4175 4176
f 4152 4176 4153
f 4153 4176 4177
f 4153 4177 4154
f 4154 4177 4178
f 4154 4178 4155
f 4155 4178 4179
f 4155 4179 4156
f 4156 4179 4180
f 4156 4180 4157
f 4157 4180 4181
f 4157 4181 4158
f 4158 4181 4182
f 4158 4182 4159
f 4159 4182 4183
f 4159 4183 4160
f 4160 4183 4184
f 4160 4184 4088
f 4161 4063 4185
f 4161 4185 4162
f 4162 4185 4186
f 4162 4186 4163
f 4163 4186 4187
f 4163 4187 4164
f 4164 4187 4188
f 4164 4188 4165
f 4165 4188 4189
f 4165 4189 4166
f 4166 4189 4190
f 4166 4190 4167
f 4167 4190 4191
f 4167 4191 4168
f 4168 4191 4192
f 4168 4192 4169
f 4169 4192 4193
f 4169 4193 4170
f 4170 4193 4194
f 4170 4194 4171
f 4171 4194 4195
f 4171 4195 4172
f 4172 4195 4196
f 4172 4196 4173
f 4173 4196 4197
f 4173 4197 4174
f 4174 4197 4198
f 4174 4198 4175
f 4175 4198 4199
f 4175 4199 4176
f 4176 4199 4200
f 4176 4200 4177
f 4177 4200 4201
f 4177 4201 4178
f 4178 4201 4202
f 4178 4202 4179
f 4179 4202 4203
f 4179 4203 4180
f 4180 4203 4204
f 4180 4204 4181
f 4181 4204 4205
f 4181 4205 4182
f 4182 4205 4206
f 4182 4206 4183
f 4183 4206 4207
f 4183 4207 4184
f 4184 4207 4208
f 4184 4208 4088
f 4185 4063 4209
f 4185 4209 4186
f 4186 4209 4210
f 4186 4210 4187
f 4187 4210 4211
f 4187 4211 4188
f 4188 4211 4212
f 4188 4212 4189
f 4189 4212 4213
f 4189 4213 4190
f 4190 4213 4214
f 4190 4214 4191
f 4191 4214 4215
f 4191 4215 4192
f 4192 4215 4216
f 4192 4216 4193
f 4193 4216 4217
f 4193 4217 4194
f 4194 4217 4218
f 4194 4218 4195
f 4195 4218 4219
f 4195 4219 4196
f 4196 4219 4220
f 4196 4220 4197
f 4197 4220 4221
f 4197 4221 4198
f 4198 4221 4222
f 4198 4222 4199
f 4199 4222 4223
f 4199 4223 4200
f 4200 4223 4224
f 4200 4224 4201
f 4201 4224 4225
f 4201 4225 4202
f 4202 4225 4226
f 4202 4226 4203
f 4203 4226 4227
f 4203 4227 4204
f 4204 4227 4228
f 4204 4228 4205
f 4205 4228 4229
f 4205 4229 4206
f 4206 4229 4230
f 4206 4230 4207
f 4207 4230 4231
f 4207 4231 4208
f 4208 4231 4232
f 4208 4232 4088
f 4209 4063 4233
f 4209 4233 4210
f 4210 4233 4234
f 4210 4234 4211
f 4211 4234 4235
f 4211 4235 4212
f 4212 4235 4236
f 4212 4236 4213
f 4213 4236 4237
f 4213 4237 4214
f 4214 4237 4238
f 4214 4238 4215
f 4215 4238 4239
f 4215 4239 4216
f 4216 4239 4240
f 4216 4240 4217
f 4217 4240 4241
f 4217 4241 4218
f 4218 4241 4242
f 4218 4242 4219
f 4219 4242 4243
f 4219 4243 4220
f 4220 4243 4244
f 4220 4244 4221
f 4221 4244 4245
f 4221 4245 4222
f 4222 4245 4246
f 4222 4246 4223
f 4223 4246 4247
f 4223 4247 4224
f 4224 4247 4248
f 4224 4248 4225
f 4225 4248 4249
f 4225 4249 4226
f 4226 4249 4250
f 4226 4250 4227
f 4227 4250 4251
f 4227 4251 4228
f 4228 4251 4252
f 4228 4252 4229
f 4229 4252 4253
f 4229 4253 4230
f 4230 4253 4254
f 4230 4254 4231
f 4231 4254 4255
f 4231 4255 4232
f 4232 4255 4256
f 4232 4256 4088
f 4233 4063 4257
f 4233 4257 4234
f 4234 4257 4258
f 4234 4258 4235
f 4235 4258 4259
f 4235 4259 4236
f 4236 4259 4260
f 4236 4260 4237
f 4237 4260 4261
f 4237 4261 4238
f 4238 4261 4262
f 4238 4262 4239
f 4239 4262 4263
f 4239 4263 4240
f 4240 4263 4264
f 4240 4264 4241
f 4241 4264 4265
f 4241 4265 4242
f 4242 4265 4266
f 4242 4266 4243
f 4243 4266 4267
f 4243 4267 4244
f 4244 4267 4268
f 4244 4268 4245
f 4245 4268 4269
f 4245 4269 4246
f 4246 4269 4270
f 4246 4270 4247
f 4247 4270 4271
f 4247 4271 4248
f 4248 4271 4272
f 4248 4272 4249
f 4249 4272 4273
f 4249 4273 4250
f 4250 4273 4274
f 4250 4274 4251
f 4251 4274 4275
f 4251 4275 4252
f 4252 4275 4276
f 4252 4276 4253
f 4253 4276 4277
f 4253 4277 4254
f 4254 4277 4278
f 4254 4278 4255
f 4255 4278 4279
f 4255 4279 4256
f 4256 4279 4280
f 4256 4280 4088
f 4257 4063 4281
f 4257 4281 4258
f 4258 4281 4282
f 4258 4282 4259
f 4259 4282 4283
f 4259 4283 4260
f 4260 4283 4284
f 4260 4284 4261
f 4261 4284 4285
f 4261 4285 4262
f 4262 4285 4286
f 4262 4286 4263
f 4263 4286 4287
f 4263 4287 4264
f 4264 4287 4288
f 4264 4288 4265
f 4265 4288 4289
f 4265 4289 4266
f 4266 4289 4290
f 4266 4290 4267
f 4267 4290 4291
f 4267 4291 4268
f 4268 4291 4292
f 4268 4292 4269
f 4269 4292 4293
f 4269 4293 4270
f 4270 4293 4294
f 4270 4294 4271
f 4271 4294 4295
f 4271 4295 4272
f 4272 4295 4296
f 4272 4296 4273
f 4273 4296 4297
f 4273 4297 4274
f 4274 4297 4298
f 4274 4298 4275
f 4275 4298 4299
f 4275 4299 4276
f 4276 4299 4300
f 4276 4300 4277
f 4277 4300 4301
f 4277 4301 4278
f 4278 4301 4302
f 4278 4302 4279
f 4279 4302 4303
f 4279 4303 4280
f 4280 4303 4304
f 4280 4304 4088
f 4281 4063 4305
f 4281 4305 4282
f 4282 4305 4306
f 4282 4306 4283
f 4283 4306 4307
f 4283 4307 4284
f 4284 4307 4308
f 4284 4308 4285
f 4285 4308 4309
f 4285 4309 4286
f 4286 4309 4310
f 4286 4310 4287
f 4287 4310 4311
f 4287 4311 4288
f 4288 4311 4312
f 4288 4312 4289
f 4289 4312 4313
f 4289 4313 4290
f 4290 4313 4314
f 4290 4314 4291
f 4291 4314 4315
f 4291 4315 4292
f 4292 4315 4316
f 4292 4316 4293
f 4293 4316 4317
f 4293 4317 4294
f 4294 4317 4318
f 4294 4318 4295
f 4295 4318 4319
f 4295 4319 4296
f 4296 4319 4320
f 4296 4320 4297
f 4297 4320 4321
f 4297 4321 4298
f 4298 4321 4322
f 4298 4322 4299
f 4299 4322 4323
f 4299 4323 4300
f 4300 4323 4324
f 4300 4324 4301
f 4301 4324 4325
f 4301 4325 4302
f 4302 4325 4326
f 4302 4326 4303
f 4303 4326 4327
f 4303 4327 4304
f 4304 4327 4328
f 4304 4328 4088
f 4305 4063 4329
f 4305 4329 4306
f 4306 4329 4330
f 4306 4330 4307
f 4307 4330 4331
f 4307 4331 4308
f 4308 4331 4332
f 4308 4332 4309
f 4309 4332 4333
f 4309 4333 4310
f 4310 4333 4334
f 4310 4334 4311
f 4311 4334 4335
f 4311 4335 4312
f 4312 4335 4336
f 4312 4336 4313
f 4313 4336 4337
f 4313 4337 4314
f 4314 4337 4338
f 4314 4338 4315
f 4315 4338 4339
f 4315 4339 4316
f 4316 4339 4340
f 4316 4340 4317
f 4317 4340 4341
f 4317 4341 4318
f 4318 4341 4342
f 4318 4342 4319
f 4319 4342 4343
f 4319 4343 4320
f 4320 4343 4344
f 4320 4344 4321
f 4321 4344 4345
f 4321 4345 4322
f 4322 4345 4346
f 4322 4346 4323
f 4323 4346 4347
f 4323 4347 4324
f 4324 4347 4348
f 4324 4348 4325
f 4325 4348 4349
f 4325 4349 4326
f 4326 4349 4350
f 4326 4350 4327
f 4327 4350 4351
f 4327 4351 4328
f 4328 4351 4352
f 4328 4352 4088
f 4329 4063 4064
f 4329 4064 4330
f 4330 4064 4065
f 4330 4065 4331
f 4331 4065 4066
f 4331 4066 4332
f 4332 4066 4067
f 4332 4067 4333
f 4333 4067 4068
f 4333 4068 4334
f 4334 4068 4069
f 4334 4069 4335
f 4335 4069 4070
f 4335 4070 4336
f 4336 4070 4071
f 4336 4071 4337
f 4337 4071 4072
f 4337 4072 4338
f 4338 4072 4073
f 4338 4073 4339
f 4339 4073 4074
f 4339 4074 4340
f 4340 4074 4075
f 4340 4075 4341
f 4341 4075 4076
f 4341 4076 4342
f 4342 4076 4077
f 4342 4077 4343
f 4343 4077 4078
f 4343 4078 4344
f 4344 4078 4079
f 4344 4079 4345
f 4345 4079 4080
f 4345 4080 4346
f 4346 4080 4081
f 4346 4081 4347
f 4347 4081 4082
f 4347 4082 4348
f 4348 4082 4083
f 4348 4083 4349
f 4349 4083 4084
f 4349 4084 4350
f 4350 4084 4085
f 4350 4085 4351
f 4351 4085 4086
f 4351 4086 4352
f 4352 4086 4087
f 4352 4087 4088
f 4353 4490 4406
f 4490 4390 4492
f 4406 4492 4369
f 4490 4492 4406
f 4390 4491 4507
f 4491 4364 4504
f 4507 4504 4393
f 4491 4504 4507
f 4369 4505 4407
f 4505 4393 4503
f 4407 4503 4358
f 4505 4503 4407
f 4390 4507 4492
f 4507 4393 4505
f 4492 4505 4369
f 4507 4505 4492
f 4353 4406 4395
f 4406 4369 4408
f 4395 4408 4365
f 4406 4408 4395
f 4369 4407 4412
f 4407 4358 4410
f 4412 4410 4370
f 4407 4410 4412
f 4365 4411 4396
f 4411 4370 4409
f 4396 4409 4354
f 4411 4409 4396
f 4369 4412 4408
f 4412 4370 4411
f 4408 4411 4365
f 4412 4411 4408
f 4353 4395 4422
f 4395 4365 4424
f 4422 4424 4374
f 4395 4424 4422
f 4365 4396 4427
f 4396 4354 4425
f 4427 4425 4375
f 4396 4425 4427
f 4374 4428 4423
f 4428 4375 4426
f 4423 4426 4360
f 4428 4426 4423
f 4365 4427 4424
f 4427 4375 4428
f 4424 4428 4374
f 4427 4428 4424
f 4353 4422 4473
f 4422 4374 4475
f 4473 4475 4386
f 4422 4475 4473
f 4374 4423 4486
f 4423 4360 4484
f 4486 4484 4389
f 4423 4484 4486
f 4386 4488 4474
f 4488 4389 4485
f 4474 4485 4363
f 4488 4485 4474
f 4374 4486 4475
f 4486 4389 4488
f 4475 4488 4386
f 4486 4488 4475
f 4353 4473 4490
f 4473 4386 4493
f 4490 4493 4390
f 4473 4493 4490
f 4386 4474 4511
f 4474 4363 4509
f 4511 4509 4394
f 4474 4509 4511
f 4390 4513 4491
f 4513 4394 4510
f 4491 4510 4364
f 4513 4510 4491
f 4386 4511 4493
f 4511 4394 4513
f 4493 4513 4390
f 4511 4513 4493
f 4354 4409 4448
f 4409 4370 4450
f 4448 4450 4381
f 4409 4450 4448
f 4370 4410 4463
f 4410 4358 4461
f 4463 4461 4384
f 4410 4461 4463
f 4381 4465 4449
f 4465 4384 4462
f 4449 4462 4362
f 4465 4462 4449
f 4370 4463 4450
f 4463 4384 4465
f 4450 4465 4381
f 4463 4465 4450
f 4358 4503 4414
f 4503 4393 4506
f 4414 4506 4371
f 4503 4506 4414
f 4393 4504 4508
f 4504 4364 4499
f 4508 4499 4392
f 4504 4499 4508
f 4371 4501 4413
f 4501 4392 4498
f 4413 4498 4357
f 4501 4498 4413
f 4393 4508 4506
f 4508 4392 4501
f 4506 4501 4371
f 4508 4501 4506
f 4364 4510 4495
f 4510 4394 4514
f 4495 4514 4391
f 4510 4514 4495
f 4394 4509 4512
f 4509 4363 4477
f 4512 4477 4387
f 4509 4477 4512
f 4391 4497 4494
f 4497 4387 4476
f 4494 4476 4355
f 4497 4476 4494
f 4394 4512 4514
f 4512 4387 4497
f 4514 4497 4391
f 4512 4497 4514
f 4363 4485 4480
f 4485 4389 4489
f 4480 4489 4388
f 4485 4489 4480
f 4389 4484 4487
f 4484 4360 4430
f 4487 4430 4376
f 4484 4430 4487
f 4388 4482 4479
f 4482 4376 4429
f 4479 4429 4359
f 4482 4429 4479
f 4389 4487 4489
f 4487 4376 4482
f 4489 4482 4388
f 4487 4482 4489
f 4360 4426 4442
f 4426 4375 4444
f 4442 4444 4380
f 4426 4444 4442
f 4375 4425 4433
f 4425 4354 4431
f 4433 4431 4377
f 4425 4431 4433
f 4380 4446 4443
f 4446 4377 4432
f 4443 4432 4361
f 4446 4432 4443
f 4375 4433 4444
f 4433 4377 4446
f 4444 4446 4380
f 4433 4446 4444
f 4356 4452 4402
f 4452 4382 4454
f 4402 4454 4368
f 4452 4454 4402
f 4382 4453 4460
f 4453 4362 4457
f 4460 4457 4383
f 4453 4457 4460
f 4368 4458 4403
f 4458 4383 4456
f 4403 4456 4357
f 4458 4456 4403
f 4382 4460 4454
f 4460 4383 4458
f 4454 4458 4368
f 4460 4458 4454
f 4356 4402 4398
f 4402 4368 4404
f 4398 4404 4366
f 4402 4404 4398
f 4368 4403 4405
f 4403 4357 4400
f 4405 4400 4367
f 4403 4400 4405
f 4366 4401 4397
f 4401 4367 4399
f 4397 4399 4355
f 4401 4399 4397
f 4368 4405 4404
f 4405 4367 4401
f 4404 4401 4366
f 4405 4401 4404
f 4356 4398 4418
f 4398 4366 4420
f 4418 4420 4373
f 4398 4420 4418
f 4366 4397 4417
f 4397 4355 4415
f 4417 4415 4372
f 4397 4415 4417
f 4373 4421 4419
f 4421 4372 4416
f 4419 4416 4359
f 4421 4416 4419
f 4366 4417 4420
f 4417 4372 4421
f 4420 4421 4373
f 4417 4421 4420
f 4356 4418 4434
f 4418 4373 4436
f 4434 4436 4378
f 4418 4436 4434
f 4373 4419 4439
f 4419 4359 4437
f 4439 4437 4379
f 4419 4437 4439
f 4378 4441 4435
f 4441 4379 4438
f 4435 4438 4361
f 4441 4438 4435
f 4373 4439 4436
f 4439 4379 4441
f 4436 4441 4378
f 4439 4441 4436
f 4356 4434 4452
f 4434 4378 4455
f 4452 4455 4382
f 4434 4455 4452
f 4378 4435 4470
f 4435 4361 4467
f 4470 4467 4385
f 4435 4467 4470
f 4382 4472 4453
f 4472 4385 4468
f 4453 4468 4362
f 4472 4468 4453
f 4378 4470 4455
f 4470 4385 4472
f 4455 4472 4382
f 4470 4472 4455
f 4357 4456 4413
f 4456 4383 4459
f 4413 4459 4371
f 4456 4459 4413
f 4383 4457 4466
f 4457 4362 4462
f 4466 4462 4384
f 4457 4462 4466
f 4371 4464 4414
f 4464 4384 4461
f 4414 4461 4358
f 4464 4461 4414
f 4383 4466 4459
f 4466 4384 4464
f 4459 4464 4371
f 4466 4464 4459
f 4355 4399 4494
f 4399 4367 4496
f 4494 4496 4391
f 4399 4496 4494
f 4367 4400 4500
f 4400 4357 4498
f 4500 4498 4392
f 4400 4498 4500
f 4391 4502 4495
f 4502 4392 4499
f 4495 4499 4364
f 4502 4499 4495
f 4367 4500 4496
f 4500 4392 4502
f 4496 4502 4391
f 4500 4502 4496
f 4359 4416 4479
f 4416 4372 4481
f 4479 4481 4388
f 4416 4481 4479
f 4372 4415 4478
f 4415 4355 4476
f 4478 4476 4387
f 4415 4476 4478
f 4388 4483 4480
f 4483 4387 4477
f 4480 4477 4363
f 4483 4477 4480
f 4372 4478 4481
f 4478 4387 4483
f 4481 4483 4388
f 4478 4483 4481
f 4361 4438 4443
f 4438 4379 4447
f 4443 4447 4380
f 4438 4447 4443
f 4379 4437 4440
f 4437 4359 4429
f 4440 4429 4376
f 4437 4429 4440
f 4380 4445 4442
f 4445 4376 4430
f 4442 4430 4360
f 4445 4430 4442
f 4379 4440 4447
f 4440 4376 4445
f 4447 4445 4380
f 4440 4445 4447
f 4362 4468 4449
f 4468 4385 4471
f 4449 4471 4381
f 4468 4471 4449
f 4385 4467 4469
f 4467 4361 4432
f 4469 4432 4377
f 4467 4432 4469
f 4381 4451 4448
f 4451 4377 4431
f 4448 4431 4354
f 4451 4431 4448
f 4385 4469 4471
f 4469 4377 4451
f 4471 4451 4381
f 4469 4451 4471
f 4515 5047 4711
f 5047 4652 5049
f 4711 5049 4568
f 5047 5049 4711
f 4652 5048 5056
f 5048 4552 5054
f 5056 5054 4654
f 5048 5054 5056
f 4568 5055 4712
f 5055 4654 5053
f 4712 5053 4531
f 5055 5053 4712
f 4652 5056 5049
f 5056 4654 5055
f 5049 5055 4568
f 5056 5055 5049
f 4552 5052 5115
f 5052 4653 5117
f 5115 5117 4669
f 5052 5117 5115
f 4653 5051 5103
f 5051 4526 5101
f 5103 5101 4666
f 5051 5101 5103
f 4669 5119 5116
f 5119 4666 5102
f 5116 5102 4555
f 5119 5102 5116
f 4653 5103 5117
f 5103 4666 5119
f 5117 5119 4669
f 5103 5119 5117
f 4531 5105 4715
f 5105 4667 5107
f 4715 5107 4569
f 5105 5107 4715
f 4667 5106 5109
f 5106 4555 5098
f 5109 5098 4665
f 5106 5098 5109
f 4569 5099 4714
f 5099 4665 5097
f 4714 5097 4520
f 5099 5097 4714
f 4667 5109 5107
f 5109 4665 5099
f 5107 5099 4569
f 5109 5099 5107
f 4552 5115 5054
f 5115 4669 5118
f 5054 5118 4654
f 5115 5118 5054
f 4669 5116 5120
f 5116 4555 5106
f 5120 5106 4667
f 5116 5106 5120
f 4654 5108 5053
f 5108 4667 5105
f 5053 5105 4531
f 5108 5105 5053
f 4669 5120 5118
f 5120 4667 5108
f 5118 5108 4654
f 5120 5108 5118
f 4515 4711 4677
f 4711 4568 4713
f 4677 4713 4557
f 4711 4713 4677
f 4568 4712 4719
f 4712 4531 4717
f 4719 4717 4570
f 4712 4717 4719
f 4557 4718 4678
f 4718 4570 4716
f 4678 4716 4527
f 4718 4716 4678
f 4568 4719 4713
f 4719 4570 4718
f 4713 4718 4557
f 4719 4718 4713
f 4531 4715 4731
f 4715 4569 4733
f 4731 4733 4574
f 4715 4733 4731
f 4569 4714 4725
f 4714 4520 4723
f 4725 4723 4572
f 4714 4723 4725
f 4574 4735 4732
f 4735 4572 4724
f 4732 4724 4532
f 4735 4724 4732
f 4569 4725 4733
f 4725 4572 4735
f 4733 4735 4574
f 4725 4735 4733
f 4527 4726 4680
f 4726 4573 4728
f 4680 4728 4558
f 4726 4728 4680
f 4573 4727 4730
f 4727 4532 4721
f 4730 4721 4571
f 4727 4721 4730
f 4558 4722 4679
f 4722 4571 4720
f 4679 4720 4516
f 4722 4720 4679
f 4573 4730 4728
f 4730 4571 4722
f 4728 4722 4558
f 4730 4722 4728
f 4531 4731 4717
f 4731 4574 4734
f 4717 4734 4570
f 4731 4734 4717
f 4574 4732 4736
f 4732 4532 4727
f 4736 4727 4573
f 4732 4727 4736
f 4570 4729 4716
f 4729 4573 4726
f 4716 4726 4527
f 4729 4726 4716
f 4574 4736 4734
f 4736 4573 4729
f 4734 4729 4570
f 4736 4729 4734
f 4515 4677 4767
f 4677 4557 4769
f 4767 4769 4584
f 4677 4769 4767
f 4557 4678 4774
f 4678 4527 4772
f 4774 4772 4586
f 4678 4772 4774
f 4584 4775 4768
f 4775 4586 4773
f 4768 4773 4536
f 4775 4773 4768
f 4557 4774 4769
f 4774 4586 4775
f 4769 4775 4584
f 4774 4775 4769
f 4527 4680 4782
f 4680 4558 4784
f 4782 4784 4589
f 4680 4784 4782
f 4558 4679 4778
f 4679 4516 4776
f 4778 4776 4587
f 4679 4776 4778
f 4589 4786 4783
f 4786 4587 4777
f 4783 4777 4537
f 4786 4777 4783
f 4558 4778 4784
f 4778 4587 4786
f 4784 4786 4589
f 4778 4786 4784
f 4536 4787 4771
f 4787 4590 4789
f 4771 4789 4585
f 4787 4789 4771
f 4590 4788 4791
f 4788 4537 4780
f 4791 4780 4588
f 4788 4780 4791
f 4585 4781 4770
f 4781 4588 4779
f 4770 4779 4522
f 4781 4779 4770
f 4590 4791 4789
f 4791 4588 4781
f 4789 4781 4585
f 4791 4781 4789
f 4527 4782 4772
f 4782 4589 4785
f 4772 4785 4586
f 4782 4785 4772
f 4589 4783 4792
f 4783 4537 4788
f 4792 4788 4590
f 4783 4788 4792
f 4586 4790 4773
f 4790 4590 4787
f 4773 4787 4536
f 4790 4787 4773
f 4589 4792 4785
f 4792 4590 4790
f 4785 4790 4586
f 4792 4790 4785
f 4515 4767 4977
f 4767 4584 4979
f 4977 4979 4635
f 4767 4979 4977
f 4584 4768 4984
f 4768 4536 4982
f 4984 4982 4637
f 4768 4982 4984
f 4635 4985 4978
f 4985 4637 4983
f 4978 4983 4548
f 4985 4983 4978
f 4584 4984 4979
f 4984 4637 4985
f 4979 4985 4635
f 4984 4985 4979
f 4536 4771 5025
f 4771 4585 5027
f 5025 5027 4648
f 4771 5027 5025
f 4585 4770 5019
f 4770 4522 5017
f 5019 5017 4646
f 4770 5017 5019
f 4648 5029 5026
f 5029 4646 5018
f 5026 5018 4551
f 5029 5018 5026
f 4585 5019 5027
f 5019 4646 5029
f 5027 5029 4648
f 5019 5029 5027
f 4548 5035 4981
f 5035 4650 5037
f 4981 5037 4636
f 5035 5037 4981
f 4650 5036 5039
f 5036 4551 5022
f 5039 5022 4647
f 5036 5022 5039
f 4636 5023 4980
f 5023 4647 5021
f 4980 5021 4525
f 5023 5021 4980
f 4650 5039 5037
f 5039 4647 5023
f 5037 5023 4636
f 5039 5023 5037
f 4536 5025 4982
f 5025 4648 5028
f 4982 5028 4637
f 5025 5028 4982
f 4648 5026 5040
f 5026 4551 5036
f 5040 5036 4650
f 5026 5036 5040
f 4637 5038 4983
f 5038 4650 5035
f 4983 5035 4548
f 5038 5035 4983
f 4648 5040 5028
f 5040 4650 5038
f 5028 5038 4637
f 5040 5038 5028
f 4515 4977 5047
f 4977 4635 5050
f 5047 5050 4652
f 4977 5050 5047
f 4635 4978 5059
f 4978 4548 5057
f 5059 5057 4655
f 4978 5057 5059
f 4652 5060 5048
f 5060 4655 5058
f 5048 5058 4552
f 5060 5058 5048
f 4635 5059 5050
f 5059 4655 5060
f 5050 5060 4652
f 5059 5060 5050
f 4548 4981 5135
f 4981 4636 5137
f 5135 5137 4673
f 4981 5137 5135
f 4636 4980 5129
f 4980 4525 5127
f 5129 5127 4671
f 4980 5127 5129
f 4673 5139 5136
f 5139 4671 5128
f 5136 5128 4556
f 5139 5128 5136
f 4636 5129 5137
f 5129 4671 5139
f 5137 5139 4673
f 5129 5139 5137
f 4552 5145 5052
f 5145 4675 5147
f 5052 5147 4653
f 5145 5147 5052
f 4675 5146 5149
f 5146 4556 5132
f 5149 5132 4672
f 5146 5132 5149
f 4653 5133 5051
f 5133 4672 5131
f 5051 5131 4526
f 5133 5131 5051
f 4675 5149 5147
f 5149 4672 5133
f 5147 5133 4653
f 5149 5133 5147
f 4548 5135 5057
f 5135 4673 5138
f 5057 5138 4655
f 5135 5138 5057
f 4673 5136 5150
f 5136 4556 5146
f 5150 5146 4675
f 5136 5146 5150
f 4655 5148 5058
f 5148 4675 5145
f 5058 5145 4552
f 5148 5145 5058
f 4673 5150 5138
f 5150 4675 5148
f 5138 5148 4655
f 5150 5148 5138
f 4516 4720 4867
f 4720 4571 4869
f 4867 4869 4610
f 4720 4869 4867
f 4571 4721 4875
f 4721 4532 4873
f 4875 4873 4612
f 4721 4873 4875
f 4610 4876 4868
f 4876 4612 4874
f 4868 4874 4543
f 4876 4874 4868
f 4571 4875 4869
f 4875 4612 4876
f 4869 4876 4610
f 4875 4876 4869
f 4532 4724 4925
f 4724 4572 4927
f 4925 4927 4625
f 4724 4927 4925
f 4572 4723 4919
f 4723 4520 4917
f 4919 4917 4623
f 4723 4917 4919
f 4625 4929 4926
f 4929 4623 4918
f 4926 4918 4546
f 4929 4918 4926
f 4572 4919 4927
f 4919 4623 4929
f 4927 4929 4625
f 4919 4929 4927
f 4543 4935 4872
f 4935 4627 4937
f 4872 4937 4611
f 4935 4937 4872
f 4627 4936 4939
f 4936 4546 4922
f 4939 4922 4624
f 4936 4922 4939
f 4611 4923 4871
f 4923 4624 4921
f 4871 4921 4524
f 4923 4921 4871
f 4627 4939 4937
f 4939 4624 4923
f 4937 4923 4611
f 4939 4923 4937
f 4532 4925 4873
f 4925 4625 4928
f 4873 4928 4612
f 4925 4928 4873
f 4625 4926 4940
f 4926 4546 4936
f 4940 4936 4627
f 4926 4936 4940
f 4612 4938 4874
f 4938 4627 4935
f 4874 4935 4543
f 4938 4935 4874
f 4625 4940 4928
f 4940 4627 4938
f 4928 4938 4612
f 4940 4938 4928
f 4520 5097 4739
f 5097 4665 5100
f 4739 5100 4576
f 5097 5100 4739
f 4665 5098 5114
f 5098 4555 5111
f 5114 5111 4668
f 5098 5111 5114
f 4576 5112 4740
f 5112 4668 5110
f 4740 5110 4533
f 5112 5110 4740
f 4665 5114 5100
f 5114 4668 5112
f 5100 5112 4576
f 5114 5112 5100
f 4555 5102 5122
f 5102 4666 5125
f 5122 5125 4670
f 5102 5125 5122
f 4666 5101 5104
f 5101 4526 5079
f 5104 5079 4661
f 5101 5079 5104
f 4670 5123 5121
f 5123 4661 5080
f 5121 5080 4554
f 5123 5080 5121
f 4666 5104 5125
f 5104 4661 5123
f 5125 5123 4670
f 5104 5123 5125
f 4533 5087 4738
f 5087 4663 5089
f 4738 5089 4575
f 5087 5089 4738
f 4663 5088 5090
f 5088 4554 5076
f 5090 5076 4660
f 5088 5076 5090
f 4575 5078 4737
f 5078 4660 5075
f 4737 5075 4519
f 5078 5075 4737
f 4663 5090 5089
f 5090 4660 5078
f 5089 5078 4575
f 5090 5078 5089
f 4555 5122 5111
f 5122 4670 5126
f 5111 5126 4668
f 5122 5126 5111
f 4670 5121 5124
f 5121 4554 5088
f 5124 5088 4663
f 5121 5088 5124
f 4668 5113 5110
f 5113 4663 5087
f 5110 5087 4533
f 5113 5087 5110
f 4670 5124 5126
f 5124 4663 5113
f 5126 5113 4668
f 5124 5113 5126
f 4526 5131 5065
f 5131 4672 5134
f 5065 5134 4657
f 5131 5134 5065
f 4672 5132 5155
f 5132 4556 5152
f 5155 5152 4676
f 5132 5152 5155
f 4657 5153 5066
f 5153 4676 5151
f 5066 5151 4553
f 5153 5151 5066
f 4672 5155 5134
f 5155 4676 5153
f 5134 5153 4657
f 5155 5153 5134
f 4556 5128 5141
f 5128 4671 5144
f 5141 5144 4674
f 5128 5144 5141
f 4671 5127 5130
f 5127 4525 4989
f 5130 4989 4639
f 5127 4989 5130
f 4674 5142 5140
f 5142 4639 4990
f 5140 4990 4549
f 5142 4990 5140
f 4671 5130 5144
f 5130 4639 5142
f 5144 5142 4674
f 5130 5142 5144
f 4553 5072 5062
f 5072 4659 5074
f 5062 5074 4656
f 5072 5074 5062
f 4659 5071 5073
f 5071 4549 4987
f 5073 4987 4638
f 5071 4987 5073
f 4656 5064 5061
f 5064 4638 4986
f 5061 4986 4517
f 5064 4986 5061
f 4659 5073 5074
f 5073 4638 5064
f 5074 5064 4656
f 5073 5064 5074
f 4556 5141 5152
f 5141 4674 5156
f 5152 5156 4676
f 5141 5156 5152
f 4674 5140 5143
f 5140 4549 5071
f 5143 5071 4659
f 5140 5071 5143
f 4676 5154 5151
f 5154 4659 5072
f 5151 5072 4553
f 5154 5072 5151
f 4674 5143 5156
f 5143 4659 5154
f 5156 5154 4676
f 5143 5154 5156
f 4525 5021 4999
f 5021 4647 5024
f 4999 5024 4642
f 5021 5024 4999
f 4647 5022 5045
f 5022 4551 5042
f 5045 5042 4651
f 5022 5042 5045
f 4642 5043 5000
f 5043 4651 5041
f 5000 5041 4550
f 5043 5041 5000
f 4647 5045 5024
f 5045 4651 5043
f 5024 5043 4642
f 5045 5043 5024
f 4551 5018 5031
f 5018 4646 5034
f 5031 5034 4649
f 5018 5034 5031
f 4646 5017 5020
f 5017 4522 4795
f 5020 4795 4592
f 5017 4795 5020
f 4649 5032 5030
f 5032 4592 4796
f 5030 4796 4538
f 5032 4796 5030
f 4646 5020 5034
f 5020 4592 5032
f 5034 5032 4649
f 5020 5032 5034
f 4550 5008 4996
f 5008 4644 5010
f 4996 5010 4641
f 5008 5010 4996
f 4644 5007 5009
f 5007 4538 4794
f 5009 4794 4591
f 5007 4794 5009
f 4641 4998 4995
f 4998 4591 4793
f 4995 4793 4521
f 4998 4793 4995
f 4644 5009 5010
f 5009 4591 4998
f 5010 4998 4641
f 5009 4998 5010
f 4551 5031 5042
f 5031 4649 5046
f 5042 5046 4651
f 5031 5046 5042
f 4649 5030 5033
f 5030 4538 5007
f 5033 5007 4644
f 5030 5007 5033
f 4651 5044 5041
f 5044 4644 5008
f 5041 5008 4550
f 5044 5008 5041
f 4649 5033 5046
f 5033 4644 5044
f 5046 5044 4651
f 5033 5044 5046
f 4522 4779 4837
f 4779 4588 4839
f 4837 4839 4604
f 4779 4839 4837
f 4588 4780 4847
f 4780 4537 4845
f 4847 4845 4606
f 4780 4845 4847
f 4604 4849 4838
f 4849 4606 4846
f 4838 4846 4542
f 4849 4846 4838
f 4588 4847 4839
f 4847 4606 4849
f 4839 4849 4604
f 4847 4849 4839
f 4537 4777 4802
f 4777 4587 4804
f 4802 4804 4595
f 4777 4804 4802
f 4587 4776 4799
f 4776 4516 4797
f 4799 4797 4593
f 4776 4797 4799
f 4595 4805 4803
f 4805 4593 4798
f 4803 4798 4539
f 4805 4798 4803
f 4587 4799 4804
f 4799 4593 4805
f 4804 4805 4595
f 4799 4805 4804
f 4542 4856 4842
f 4856 4608 4859
f 4842 4859 4605
f 4856 4859 4842
f 4608 4855 4857
f 4855 4539 4801
f 4857 4801 4594
f 4855 4801 4857
f 4605 4843 4841
f 4843 4594 4800
f 4841 4800 4523
f 4843 4800 4841
f 4608 4857 4859
f 4857 4594 4843
f 4859 4843 4605
f 4857 4843 4859
f 4537 4802 4845
f 4802 4595 4848
f 4845 4848 4606
f 4802 4848 4845
f 4595 4803 4858
f 4803 4539 4855
f 4858 4855 4608
f 4803 4855 4858
f 4606 4860 4846
f 4860 4608 4856
f 4846 4856 4542
f 4860 4856 4846
f 4595 4858 4848
f 4858 4608 4860
f 4848 4860 4606
f 4858 4860 4848
f 4518 4881 4694
f 4881 4614 4883
f 4694 4883 4564
f 4881 4883 4694
f 4614 4882 4890
f 4882 4544 4888
f 4890 4888 4616
f 4882 4888 4890
f 4564 4889 4695
f 4889 4616 4887
f 4695 4887 4530
f 4889 4887 4695
f 4614 4890 4883
f 4890 4616 4889
f 4883 4889 4564
f 4890 4889 4883
f 4544 4886 4911
f 4886 4615 4913
f 4911 4913 4622
f 4886 4913 4911
f 4615 4885 4901
f 4885 4524 4899
f 4901 4899 4619
f 4885 4899 4901
f 4622 4915 4912
f 4915 4619 4900
f 4912 4900 4545
f 4915 4900 4912
f 4615 4901 4913
f 4901 4619 4915
f 4913 4915 4622
f 4901 4915 4913
f 4530 4902 4698
f 4902 4620 4904
f 4698 4904 4565
f 4902 4904 4698
f 4620 4903 4906
f 4903 4545 4896
f 4906 4896 4618
f 4903 4896 4906
f 4565 4897 4697
f 4897 4618 4895
f 4697 4895 4519
f 4897 4895 4697
f 4620 4906 4904
f 4906 4618 4897
f 4904 4897 4565
f 4906 4897 4904
f 4544 4911 4888
f 4911 4622 4914
f 4888 4914 4616
f 4911 4914 4888
f 4622 4912 4916
f 4912 4545 4903
f 4916 4903 4620
f 4912 4903 4916
f 4616 4905 4887
f 4905 4620 4902
f 4887 4902 4530
f 4905 4902 4887
f 4622 4916 4914
f 4916 4620 4905
f 4914 4905 4616
f 4916 4905 4914
f 4518 4694 4683
f 4694 4564 4696
f 4683 4696 4560
f 4694 4696 4683
f 4564 4695 4704
f 4695 4530 4701
f 4704 4701 4566
f 4695 4701 4704
f 4560 4702 4684
f 4702 4566 4700
f 4684 4700 4528
f 4702 4700 4684
f 4564 4704 4696
f 4704 4566 4702
f 4696 4702 4560
f 4704 4702 4696
f 4530 4698 4706
f 4698 4565 4709
f 4706 4709 4567
f 4698 4709 4706
f 4565 4697 4699
f 4697 4519 4688
f 4699 4688 4562
f 4697 4688 4699
f 4567 4707 4705
f 4707 4562 4689
f 4705 4689 4529
f 4707 4689 4705
f 4565 4699 4709
f 4699 4562 4707
f 4709 4707 4567
f 4699 4707 4709
f 4528 4690 4682
f 4690 4563 4692
f 4682 4692 4559
f 4690 4692 4682
f 4563 4691 4693
f 4691 4529 4686
f 4693 4686 4561
f 4691 4686 4693
f 4559 4687 4681
f 4687 4561 4685
f 4681 4685 4517
f 4687 4685 4681
f 4563 4693 4692
f 4693 4561 4687
f 4692 4687 4559
f 4693 4687 4692
f 4530 4706 4701
f 4706 4567 4710
f 4701 4710 4566
f 4706 4710 4701
f 4567 4705 4708
f 4705 4529 4691
f 4708 4691 4563
f 4705 4691 4708
f 4566 4703 4700
f 4703 4563 4690
f 4700 4690 4528
f 4703 4690 4700
f 4567 4708 4710
f 4708 4563 4703
f 4710 4703 4566
f 4708 4703 4710
f 4518 4683 4750
f 4683 4560 4752
f 4750 4752 4580
f 4683 4752 4750
f 4560 4684 4758
f 4684 4528 4756
f 4758 4756 4582
f 4684 4756 4758
f 4580 4760 4751
f 4760 4582 4757
f 4751 4757 4535
f 4760 4757 4751
f 4560 4758 4752
f 4758 4582 4760
f 4752 4760 4580
f 4758 4760 4752
f 4528 4682 4746
f 4682 4559 4748
f 4746 4748 4579
f 4682 4748 4746
f 4559 4681 4743
f 4681 4517 4741
f 4743 4741 4577
f 4681 4741 4743
f 4579 4749 4747
f 4749 4577 4742
f 4747 4742 4534
f 4749 4742 4747
f 4559 4743 4748
f 4743 4577 4749
f 4748 4749 4579
f 4743 4749 4748
f 4535 4762 4754
f 4762 4583 4765
f 4754 4765 4581
f 4762 4765 4754
f 4583 4761 4763
f 4761 4534 4745
f 4763 4745 4578
f 4761 4745 4763
f 4581 4755 4753
f 4755 4578 4744
f 4753 4744 4521
f 4755 4744 4753
f 4583 4763 4765
f 4763 4578 4755
f 4765 4755 4581
f 4763 4755 4765
f 4528 4746 4756
f 4746 4579 4759
f 4756 4759 4582
f 4746 4759 4756
f 4579 4747 4764
f 4747 4534 4761
f 4764 4761 4583
f 4747 4761 4764
f 4582 4766 4757
f 4766 4583 4762
f 4757 4762 4535
f 4766 4762 4757
f 4579 4764 4759
f 4764 4583 4766
f 4759 4766 4582
f 4764 4766 4759
f 4518 4750 4806
f 4750 4580 4808
f 4806 4808 4596
f 4750 4808 4806
f 4580 4751 4813
f 4751 4535 4811
f 4813 4811 4598
f 4751 4811 4813
f 4596 4814 4807
f 4814 4598 4812
f 4807 4812 4540
f 4814 4812 4807
f 4580 4813 4808
f 4813 4598 4814
f 4808 4814 4596
f 4813 4814 4808
f 4535 4754 4822
f 4754 4581 4824
f 4822 4824 4601
f 4754 4824 4822
f 4581 4753 4817
f 4753 4521 4815
f 4817 4815 4599
f 4753 4815 4817
f 4601 4826 4823
f 4826 4599 4816
f 4823 4816 4541
f 4826 4816 4823
f 4581 4817 4824
f 4817 4599 4826
f 4824 4826 4601
f 4817 4826 4824
f 4540 4831 4810
f 4831 4603 4833
f 4810 4833 4597
f 4831 4833 4810
f 4603 4832 4835
f 4832 4541 4820
f 4835 4820 4600
f 4832 4820 4835
f 4597 4821 4809
f 4821 4600 4819
f 4809 4819 4523
f 4821 4819 4809
f 4603 4835 4833
f 4835 4600 4821
f 4833 4821 4597
f 4835 4821 4833
f 4535 4822 4811
f 4822 4601 4825
f 4811 4825 4598
f 4822 4825 4811
f 4601 4823 4836
f 4823 4541 4832
f 4836 4832 4603
f 4823 4832 4836
f 4598 4834 4812
f 4834 4603 4831
f 4812 4831 4540
f 4834 4831 4812
f 4601 4836 4825
f 4836 4603 4834
f 4825 4834 4598
f 4836 4834 4825
f 4518 4806 4881
f 4806 4596 4884
f 4881 4884 4614
f 4806 4884 4881
f 4596 4807 4893
f 4807 4540 4891
f 4893 4891 4617
f 4807 4891 4893
f 4614 4894 4882
f 4894 4617 4892
f 4882 4892 4544
f 4894 4892 4882
f 4596 4893 4884
f 4893 4617 4894
f 4884 4894 4614
f 4893 4894 4884
f 4540 4810 4960
f 4810 4597 4962
f 4960 4962 4632
f 4810 4962 4960
f 4597 4809 4950
f 4809 4523 4947
f 4950 4947 4629
f 4809 4947 4950
f 4632 4964 4961
f 4964 4629 4948
f 4961 4948 4547
f 4964 4948 4961
f 4597 4950 4962
f 4950 4629 4964
f 4962 4964 4632
f 4950 4964 4962
f 4544 4971 4886
f 4971 4634 4973
f 4886 4973 4615
f 4971 4973 4886
f 4634 4972 4975
f 4972 4547 4952
f 4975 4952 4630
f 4972 4952 4975
f 4615 4954 4885
f 4954 4630 4951
f 4885 4951 4524
f 4954 4951 4885
f 4634 4975 4973
f 4975 4630 4954
f 4973 4954 4615
f 4975 4954 4973
f 4540 4960 4891
f 4960 4632 4963
f 4891 4963 4617
f 4960 4963 4891
f 4632 4961 4976
f 4961 4547 4972
f 4976 4972 4634
f 4961 4972 4976
f 4617 4974 4892
f 4974 4634 4971
f 4892 4971 4544
f 4974 4971 4892
f 4632 4976 4963
f 4976 4634 4974
f 4963 4974 4617
f 4976 4974 4963
f 4519 4895 4737
f 4895 4618 4898
f 4737 4898 4575
f 4895 4898 4737
f 4618 4896 4910
f 4896 4545 4908
f 4910 4908 4621
f 4896 4908 4910
f 4575 4909 4738
f 4909 4621 4907
f 4738 4907 4533
f 4909 4907 4738
f 4618 4910 4898
f 4910 4621 4909
f 4898 4909 4575
f 4910 4909 4898
f 4545 4900 4941
f 4900 4619 4943
f 4941 4943 4628
f 4900 4943 4941
f 4619 4899 4924
f 4899 4524 4921
f 4924 4921 4624
f 4899 4921 4924
f 4628 4945 4942
f 4945 4624 4922
f 4942 4922 4546
f 4945 4922 4942
f 4619 4924 4943
f 4924 4624 4945
f 4943 4945 4628
f 4924 4945 4943
f 4533 4930 4740
f 4930 4626 4932
f 4740 4932 4576
f 4930 4932 4740
f 4626 4931 4934
f 4931 4546 4918
f 4934 4918 4623
f 4931 4918 4934
f 4576 4920 4739
f 4920 4623 4917
f 4739 4917 4520
f 4920 4917 4739
f 4626 4934 4932
f 4934 4623 4920
f 4932 4920 4576
f 4934 4920 4932
f 4545 4941 4908
f 4941 4628 4944
f 4908 4944 4621
f 4941 4944 4908
f 4628 4942 4946
f 4942 4546 4931
f 4946 4931 4626
f 4942 4931 4946
f 4621 4933 4907
f 4933 4626 4930
f 4907 4930 4533
f 4933 4930 4907
f 4628 4946 4944
f 4946 4626 4933
f 4944 4933 4621
f 4946 4933 4944
f 4517 4685 5061
f 4685 4561 5063
f 5061 5063 4656
f 4685 5063 5061
f 4561 4686 5069
f 4686 4529 5067
f 5069 5067 4658
f 4686 5067 5069
f 4656 5070 5062
f 5070 4658 5068
f 5062 5068 4553
f 5070 5068 5062
f 4561 5069 5063
f 5069 4658 5070
f 5063 5070 4656
f 5069 5070 5063
f 4529 4689 5082
f 4689 4562 5084
f 5082 5084 4662
f 4689 5084 5082
f 4562 4688 5077
f 4688 4519 5075
f 5077 5075 4660
f 4688 5075 5077
f 4662 5086 5083
f 5086 4660 5076
f 5083 5076 4554
f 5086 5076 5083
f 4562 5077 5084
f 5077 4660 5086
f 5084 5086 4662
f 5077 5086 5084
f 4553 5091 5066
f 5091 4664 5093
f 5066 5093 4657
f 5091 5093 5066
f 4664 5092 5095
f 5092 4554 5080
f 5095 5080 4661
f 5092 5080 5095
f 4657 5081 5065
f 5081 4661 5079
f 5065 5079 4526
f 5081 5079 5065
f 4664 5095 5093
f 5095 4661 5081
f 5093 5081 4657
f 5095 5081 5093
f 4529 5082 5067
f 5082 4662 5085
f 5067 5085 4658
f 5082 5085 5067
f 4662 5083 5096
f 5083 4554 5092
f 5096 5092 4664
f 5083 5092 5096
f 4658 5094 5068
f 5094 4664 5091
f 5068 5091 4553
f 5094 5091 5068
f 4662 5096 5085
f 5096 4664 5094
f 5085 5094 4658
f 5096 5094 5085
f 4521 4744 4995
f 4744 4578 4997
f 4995 4997 4641
f 4744 4997 4995
f 4578 4745 5004
f 4745 4534 5002
f 5004 5002 4643
f 4745 5002 5004
f 4641 5006 4996
f 5006 4643 5003
f 4996 5003 4550
f 5006 5003 4996
f 4578 5004 4997
f 5004 4643 5006
f 4997 5006 4641
f 5004 5006 4997
f 4534 4742 4991
f 4742 4577 4993
f 4991 4993 4640
f 4742 4993 4991
f 4577 4741 4988
f 4741 4517 4986
f 4988 4986 4638
f 4741 4986 4988
f 4640 4994 4992
f 4994 4638 4987
f 4992 4987 4549
f 4994 4987 4992
f 4577 4988 4993
f 4988 4638 4994
f 4993 4994 4640
f 4988 4994 4993
f 4550 5012 5000
f 5012 4645 5015
f 5000 5015 4642
f 5012 5015 5000
f 4645 5011 5013
f 5011 4549 4990
f 5013 4990 4639
f 5011 4990 5013
f 4642 5001 4999
f 5001 4639 4989
f 4999 4989 4525
f 5001 4989 4999
f 4645 5013 5015
f 5013 4639 5001
f 5015 5001 4642
f 5013 5001 5015
f 4534 4991 5002
f 4991 4640 5005
f 5002 5005 4643
f 4991 5005 5002
f 4640 4992 5014
f 4992 4549 5011
f 5014 5011 4645
f 4992 5011 5014
f 4643 5016 5003
f 5016 4645 5012
f 5003 5012 4550
f 5016 5012 5003
f 4640 5014 5005
f 5014 4645 5016
f 5005 5016 4643
f 5014 5016 5005
f 4523 4819 4841
f 4819 4600 4844
f 4841 4844 4605
f 4819 4844 4841
f 4600 4820 4863
f 4820 4541 4861
f 4863 4861 4609
f 4820 4861 4863
f 4605 4865 4842
f 4865 4609 4862
f 4842 4862 4542
f 4865 4862 4842
f 4600 4863 4844
f 4863 4609 4865
f 4844 4865 4605
f 4863 4865 4844
f 4541 4816 4828
f 4816 4599 4830
f 4828 4830 4602
f 4816 4830 4828
f 4599 4815 4818
f 4815 4521 4793
f 4818 4793 4591
f 4815 4793 4818
f 4602 4829 4827
f 4829 4591 4794
f 4827 4794 4538
f 4829 4794 4827
f 4599 4818 4830
f 4818 4591 4829
f 4830 4829 4602
f 4818 4829 4830
f 4542 4851 4838
f 4851 4607 4854
f 4838 4854 4604
f 4851 4854 4838
f 4607 4850 4852
f 4850 4538 4796
f 4852 4796 4592
f 4850 4796 4852
f 4604 4840 4837
f 4840 4592 4795
f 4837 4795 4522
f 4840 4795 4837
f 4607 4852 4854
f 4852 4592 4840
f 4854 4840 4604
f 4852 4840 4854
f 4541 4828 4861
f 4828 4602 4864
f 4861 4864 4609
f 4828 4864 4861
f 4602 4827 4853
f 4827 4538 4850
f 4853 4850 4607
f 4827 4850 4853
f 4609 4866 4862
f 4866 4607 4851
f 4862 4851 4542
f 4866 4851 4862
f 4602 4853 4864
f 4853 4607 4866
f 4864 4866 4609
f 4853 4866 4864
f 4524 4951 4871
f 4951 4630 4953
f 4871 4953 4611
f 4951 4953 4871
f 4630 4952 4969
f 4952 4547 4966
f 4969 4966 4633
f 4952 4966 4969
f 4611 4967 4872
f 4967 4633 4965
f 4872 4965 4543
f 4967 4965 4872
f 4630 4969 4953
f 4969 4633 4967
f 4953 4967 4611
f 4969 4967 4953
f 4547 4948 4956
f 4948 4629 4959
f 4956 4959 4631
f 4948 4959 4956
f 4629 4947 4949
f 4947 4523 4800
f 4949 4800 4594
f 4947 4800 4949
f 4631 4957 4955
f 4957 4594 4801
f 4955 4801 4539
f 4957 4801 4955
f 4629 4949 4959
f 4949 4594 4957
f 4959 4957 4631
f 4949 4957 4959
f 4543 4878 4868
f 4878 4613 4880
f 4868 4880 4610
f 4878 4880 4868
f 4613 4877 4879
f 4877 4539 4798
f 4879 4798 4593
f 4877 4798 4879
f 4610 4870 4867
f 4870 4593 4797
f 4867 4797 4516
f 4870 4797 4867
f 4613 4879 4880
f 4879 4593 4870
f 4880 4870 4610
f 4879 4870 4880
f 4547 4956 4966
f 4956 4631 4970
f 4966 4970 4633
f 4956 4970 4966
f 4631 4955 4958
f 4955 4539 4877
f 4958 4877 4613
f 4955 4877 4958
f 4633 4968 4965
f 4968 4613 4878
f 4965 4878 4543
f 4968 4878 4965
f 4631 4958 4970
f 4958 4613 4968
f 4970 4968 4633
f 4958 4968 4970
f 5158 5160 5157
f 5161 5158 5157
f 5157 5160 5159
f 5159 5161 5157
f 5158 5164 5160
f 5162 5158 5161
f 5162 5164 5158
f 5160 5164 5159
f 5163 5161 5159
f 5159 5164 5163
f 5163 5162 5161
f 5164 5162 5163
f 5165 5202 5181
f 5202 5176 5205
f 5181 5205 5170
f 5202 5205 5181
f 5165 5181 5177
f 5181 5170 5182
f 5177 5182 5166
f 5181 5182 5177
f 5165 5177 5186
f 5177 5166 5187
f 5186 5187 5172
f 5177 5187 5186
f 5165 5186 5198
f 5186 5172 5201
f 5198 5201 5175
f 5186 5201 5198
f 5165 5198 5202
f 5198 5175 5206
f 5202 5206 5176
f 5198 5206 5202
f 5166 5182 5193
f 5182 5170 5196
f 5193 5196 5174
f 5182 5196 5193
f 5170 5205 5183
f 5205 5176 5204
f 5183 5204 5169
f 5205 5204 5183
f 5176 5206 5203
f 5206 5175 5199
f 5203 5199 5167
f 5206 5199 5203
f 5175 5201 5200
f 5201 5172 5188
f 5200 5188 5171
f 5201 5188 5200
f 5172 5187 5192
f 5187 5166 5189
f 5192 5189 5173
f 5187 5189 5192
f 5168 5194 5180
f 5194 5174 5195
f 5180 5195 5169
f 5194 5195 5180
f 5168 5180 5178
f 5180 5169 5179
f 5178 5179 5167
f 5180 5179 5178
f 5168 5178 5185
f 5178 5167 5184
f 5185 5184 5171
f 5178 5184 5185
f 5168 5185 5190
f 5185 5171 5191
f 5190 5191 5173
f 5185 5191 5190
f 5168 5190 5194
f 5190 5173 5197
f 5194 5197 5174
f 5190 5197 5194
f 5169 5195 5183
f 5195 5174 5196
f 5183 5196 5170
f 5195 5196 5183
f 5167 5179 5203
f 5179 5169 5204
f 5203 5204 5176
f 5179 5204 5203
f 5171 5184 5200
f 5184 5167 5199
f 5200 5199 5175
f 5184 5199 5200
f 5173 5191 5192
f 5191 5171 5188
f 5192 5188 5172
f 5191 5188 5192
f 5174 5197 5193
f 5197 5173 5189
f 5193 5189 5166
f 5197 5189 5193
f 5207 5244 5223
f 5244 5218 5247
f 5223 5247 5212
f 5244 5247 5223
f 5207 5223 5219
f 5223 5212 5224
f 5219 5224 5208
f 5223 5224 5219
f 5207 5219 5228
f 5219 5208 5229
f 5228 5229 5214
f 5219 5229 5228
f 5207 5228 5240
f 5228 5214 5243
f 5240 5243 5217
f 5228 5243 5240
f 5207 5240 5244
f 5240 5217 5248
f 5244 5248 5218
f 5240 5248 5244
f 5208 5224 5235
f 5224 5212 5238
f 5235 5238 5216
f 5224 5238 5235
f 5212 5247 5225
f 5247 5218 5246
f 5225 5246 5211
f 5247 5246 5225
f 5218 5248 5245
f 5248 5217 5241
f 5245 5241 5209
f 5248 5241 5245
f 5217 5243 5242
f 5243 5214 5230
f 5242 5230 5213
f 5243 5230 5242
f 5214 5229 5234
f 5229 5208 5231
f 5234 5231 5215
f 5229 5231 5234
f 5210 5236 5222
f 5236 5216 5237
f 5222 5237 5211
f 5236 5237 5222
f 5210 5222 5220
f 5222 5211 5221
f 5220 5221 5209
f 5222 5221 5220
f 5210 5220 5227
f 5220 5209 5226
f 5227 5226 5213
f 5220 5226 5227
f 5210 5227 5232
f 5227 5213 5233
f 5232 5233 5215
f 5227 5233 5232
f 5210 5232 5236
f 5232 5215 5239
f 5236 5239 5216
f 5232 5239 5236
f 5211 5237 5225
f 5237 5216 5238
f 5225 5238 5212
f 5237 5238 5225
f 5209 5221 5245
f 5221 5211 5246
f 5245 5246 5218
f 5221 5246 5245
f 5213 5226 5242
f 5226 5209 5241
f 5242 5241 5217
f 5226 5241 5242
f 5215 5233 5234
f 5233 5213 5230
f 5234 5230 5214
f 5233 5230 5234
f 5216 5239 5235
f 5239 5215 5231
f 5235 5231 5208
f 5239 5231 5235
f 5249 5286 5265
f 5286 5260 5289
f 5265 5289 5254
f 5286 5289 5265
f 5249 5265 5261
f 5265 5254 5266
f 5261 5266 5250
f 5265 5266 5261
f 5249 5261 5270
f 5261 5250 5271
f 5270 5271 5256
f 5261 5271 5270
f 5249 5270 5282
f 5270 5256 5285
f 5282 5285 5259
f 5270 5285 5282
f 5249 5282 5286
f 5282 5259 5290
f 5286 5290 5260
f 5282 5290 5286
f 5250 5266 5277
f 5266 5254 5280
f 5277 5280 5258
f 5266 5280 5277
f 5254 5289 5267
f 5289 5260 5288
f 5267 5288 5253
f 5289 5288 5267
f 5260 5290 5287
f 5290 5259 5283
f 5287 5283 5251
f 5290 5283 5287
f 5259 5285 5284
f 5285 5256 5272
f 5284 5272 5255
f 5285 5272 5284
f 5256 5271 5276
f 5271 5250 5273
f 5276 5273 5257
f 5271 5273 5276
f 5252 5278 5264
f 5278 5258 5279
f 5264 5279 5253
f 5278 5279 5264
f 5252 5264 5262
f 5264 5253 5263
f 5262 5263 5251
f 5264 5263 5262
f 5252 5262 5269
f 5262 5251 5268
f 5269 5268 5255
f 5262 5268 5269
f 5252 5269 5274
f 5269 5255 5275
f 5274 5275 5257
f 5269 5275 5274
f 5252 5274 5278
f 5274 5257 5281
f 5278 5281 5258
f 5274 5281 5278
f 5253 5279 5267
f 5279 5258 5280
f 5267 5280 5254
f 5279 5280 5267
f 5251 5263 5287
f 5263 5253 5288
f 5287 5288 5260
f 5263 5288 5287
f 5255 5268 5284
f 5268 5251 5283
f 5284 5283 5259
f 5268 5283 5284
f 5257 5275 5276
f 5275 5255 5272
f 5276 5272 5256
f 5275 5272 5276
f 5258 5281 5277
f 5281 5257 5273
f 5277 5273 5250
f 5281 5273 5277
f 5291 5328 5307
f 5328 5302 5331
f 5307 5331 5296
f 5328 5331 5307
f 5291 5307 5303
f 5307 5296 5308
f 5303 5308 5292
f 5307 5308 5303
f 5291 5303 5312
f 5303 5292 5313
f 5312 5313 5298
f 5303 5313 5312
f 5291 5312 5324
f 5312 5298 5327
f 5324 5327 5301
f 5312 5327 5324
f 5291 5324 5328
f 5324 5301 5332
f 5328 5332 5302
f 5324 5332 5328
f 5292 5308 5319
f 5308 5296 5322
f 5319 5322 5300
f 5308 5322 5319
f 5296 5331 5309
f 5331 5302 5330
f 5309 5330 5295
f 5331 5330 5309
f 5302 5332 5329
f 5332 5301 5325
f 5329 5325 5293
f 5332 5325 5329
f 5301 5327 5326
f 5327 5298 5314
f 5326 5314 5297
f 5327 5314 5326
f 5298 5313 5318
f 5313 5292 5315
f 5318 5315 5299
f 5313 5315 5318
f 5294 5320 5306
f 5320 5300 5321
f 5306 5321 5295
f 5320 5321 5306
f 5294 5306 5304
f 5306 5295 5305
f 5304 5305 5293
f 5306 5305 5304
f 5294 5304 5311
f 5304 5293 5310
f 5311 5310 5297
f 5304 5310 5311
f 5294 5311 5316
f 5311 5297 5317
f 5316 5317 5299
f 5311 5317 5316
f 5294 5316 5320
f 5316 5299 5323
f 5320 5323 5300
f 5316 5323 5320
f 5295 5321 5309
f 5321 5300 5322
f 5309 5322 5296
f 5321 5322 5309
f 5293 5305 5329
f 5305 5295 5330
f 5329 5330 5302
f 5305 5330 5329
f 5297 5310 5326
f 5310 5293 5325
f 5326 5325 5301
f 5310 5325 5326
f 5299 5317 5318
f 5317 5297 5314
f 5318 5314 5298
f 5317 5314 5318
f 5300 5323 5319
f 5323 5299 5315
f 5319 5315 5292
f 5323 5315 5319
f 5333 5370 5349
f 5370 5344 5373
f 5349 5373 5338
f 5370 5373 5349
f 5333 5349 5345
f 5349 5338 5350
f 5345 5350 5334
f 5349 5350 5345
f 5333 5345 5354
f 5345 5334 5355
f 5354 5355 5340
f 5345 5355 5354
f 5333 5354 5366
f 5354 5340 5369
f 5366 5369 5343
f 5354 5369 5366
f 5333 5366 5370
f 5366 5343 5374
f 5370 5374 5344
f 5366 5374 5370
f 5334 5350 5361
f 5350 5338 5364
f 5361 5364 5342
f 5350 5364 5361
f 5338 5373 5351
f 5373 5344 5372
f 5351 5372 5337
f 5373 5372 5351
f 5344 5374 5371
f 5374 5343 5367
f 5371 5367 5335
f 5374 5367 5371
f 5343 5369 5368
f 5369 5340 5356
f 5368 5356 5339
f 5369 5356 5368
f 5340 5355 5360
f 5355 5334 5357
f 5360 5357 5341
f 5355 5357 5360
f 5336 5362 5348
f 5362 5342 5363
f 5348 5363 5337
f 5362 5363 5348
f 5336 5348 5346
f 5348 5337 5347
f 5346 5347 5335
f 5348 5347 5346
f 5336 5346 5353
f 5346 5335 5352
f 5353 5352 5339
f 5346 5352 5353
f 5336 5353 5358
f 5353 5339 5359
f 5358 5359 5341
f 5353 5359 5358
f 5336 5358 5362
f 5358 5341 5365
f 5362 5365 5342
f 5358 5365 5362
f 5337 5363 5351
f 5363 5342 5364
f 5351 5364 5338
f 5363 5364 5351
f 5335 5347 5371
f 5347 5337 5372
f 5371 5372 5344
f 5347 5372 5371
f 5339 5352 5368
f 5352 5335 5367
f 5368 5367 5343
f 5352 5367 5368
f 5341 5359 5360
f 5359 5339 5356
f 5360 5356 5340
f 5359 5356 5360
f 5342 5365 5361
f 5365 5341 5357
f 5361 5357 5334
f 5365 5357 5361
f 5375 5412 5391
f 5412 5386 5415
f 5391 5415 5380
f 5412 5415 5391
f 5375 5391 5387
f 5391 5380 5392
f 5387 5392 5376
f 5391 5392 5387
f 5375 5387 5396
f 5387 5376 5397
f 5396 5397 5382
f 5387 5397 5396
f 5375 5396 5408
f 5396 5382 5411
f 5408 5411 5385
f 5396 5411 5408
f 5375 5408 5412
f 5408 5385 5416
f 5412 5416 5386
f 5408 5416 5412
f 5376 5392 5403
f 5392 5380 5406
f 5403 5406 5384
f 5392 5406 5403
f 5380 5415 5393
f 5415 5386 5414
f 5393 5414 5379
f 5415 5414 5393
f 5386 5416 5413
f 5416 5385 5409
f 5413 5409 5377
f 5416 5409 5413
f 5385 5411 5410
f 5411 5382 5398
f 5410 5398 5381
f 5411 5398 5410
f 5382 5397 5402
f 5397 5376 5399
f 5402 5399 5383
f 5397 5399 5402
f 5378 5404 5390
f 5404 5384 5405
f 5390 5405 5379
f 5404 5405 5390
f 5378 5390 5388
f 5390 5379 5389
f 5388 5389 5377
f 5390 5389 5388
f 5378 5388 5395
f 5388 5377 5394
f 5395 5394 5381
f 5388 5394 5395
f 5378 5395 5400
f 5395 5381 5401
f 5400 5401 5383
f 5395 5401 5400
f 5378 5400 5404
f 5400 5383 5407
f 5404 5407 5384
f 5400 5407 5404
f 5379 5405 5393
f 5405 5384 5406
f 5393 5406 5380
f 5405 5406 5393
f 5377 5389 5413
f 5389 5379 5414
f 5413 5414 5386
f 5389 5414 5413
f 5381 5394 5410
f 5394 5377 5409
f 5410 5409 5385
f 5394 5409 5410
f 5383 5401 5402
f 5401 5381 5398
f 5402 5398 5382
f 5401 5398 5402
f 5384 5407 5403
f 5407 5383 5399
f 5403 5399 5376
f 5407 5399 5403

