# https://github.com/mikedh/trimesh
v -3.49095297 15.08232851 -2.93412185
v -3.42862415 14.86620229 -1.23358917
v -3.59811831 14.86566883 -0.89716494
v -3.88997793 14.87931609 -0.21133010
v -3.75264168 14.87002289 -0.55376887
v -3.44282651 14.83152297 -0.34193930
v -4.41624689 15.08202022 -2.07879925
v -4.79560566 15.07051933 -1.39038169
v -4.40240097 15.01678762 -1.53922391
v -4.61660862 15.07419127 -1.74039614
v -3.55299020 14.98975232 -2.33094931
v -3.76292825 14.97515449 -2.01099825
v -3.96910191 14.96618596 -1.67513347
v -4.15429592 14.96136835 -1.32693386
v -3.50962710 14.92136481 -1.79999566
v -3.70674133 14.91353211 -1.45766079
v -3.99693966 15.03339143 -2.21169209
v -3.75644302 15.05524029 -2.58149505
v -4.21046209 15.02298851 -1.88027740
v -4.31513882 14.96095613 -0.97464561
v -4.46271658 14.96690506 -0.62994921
v -4.49400902 14.96142483 -0.21133895
v -4.71770716 15.01709738 -0.83523458
v -4.95011759 15.07124129 -1.03652227
v -4.57177210 15.01482055 -1.19028008
v -4.76422739 15.00895628 -0.41897953
v -5.02442646 15.06320187 -0.63020140
v -5.05577087 15.05772117 -0.21152075
v -3.88451123 14.91054851 -1.10771894
v -4.04528809 14.91346395 -0.76655024
v -4.18636560 14.92090458 -0.42164874
v -5.32747173 15.43562806 -2.68383241
v -5.37276268 15.51304841 -2.83456683
v -4.39672899 15.17914104 -2.66955233
v -4.93203354 15.31555087 -2.71699262
v -4.55336142 15.25888898 -2.87257409
v -4.27252722 15.28890556 -3.22005630
v -3.95727324 15.12830988 -2.81137991
v -4.13085032 15.20689962 -3.02615023
v -3.67641997 15.15832849 -3.15888548
v -3.83692861 15.23897448 -3.36220455
v -3.97606683 15.32061014 -3.53067899
v -3.52219820 15.27209906 -3.66325021
v -3.75668383 15.44117638 -3.95411110
v -3.77223301 15.52082494 -4.08571768
v -4.39851189 15.37257557 -3.37712979
v -4.67969847 15.34252132 -3.05648327
v -4.73985147 15.41747205 -3.21976519
v -5.01644278 15.38790901 -2.87753320
v -4.77570677 15.49460261 -3.36654186
v -4.44378090 15.44910671 -3.53034782
v -4.46501350 15.52826384 -3.66722798
v -5.06830168 15.46386613 -3.03519559
v -4.09020662 15.40552831 -3.67695522
v -3.65013003 15.35551933 -3.82205749
v -4.11904192 15.48377411 -3.82093000
v -5.17076063 15.19301867 -1.77546227
v -5.34286165 15.19032959 -1.42327476
v -5.15396070 15.29183049 -2.36075068
v -5.34411240 15.27150644 -1.98995388
v -5.63343859 15.32189275 -1.78281093
v -5.79795313 15.32001454 -1.42840755
v -5.50131559 15.25470400 -1.60688841
v -5.97954273 15.30070723 -0.62272853
v -6.01636791 15.29678904 -0.21475574
v -5.15883541 15.12907762 -1.23284888
v -5.24851561 15.11892794 -0.82998717
v -5.45022488 15.17883693 -1.02582717
v -5.55915642 15.16714170 -0.21151094
v -5.30538988 15.11330225 -0.42193761
v -5.52275229 15.17104308 -0.61920673
v -5.62460136 15.24152678 -1.21391594
v -5.71320963 15.23205602 -0.81345922
v -5.90603447 15.30849210 -1.03078151
v -5.76659393 15.22635010 -0.40798730
v -6.00329113 15.46066450 -1.76388597
v -6.15965652 15.45941152 -1.40726101
v -6.06384516 15.53381518 -1.91629505
v -6.23046017 15.53214270 -1.56654620
v -5.55038118 15.41225588 -2.32428050
v -5.73859787 15.39157425 -1.95020056
v -5.25351286 15.36255972 -2.52845049
v -5.46050835 15.34039346 -2.16110682
v -5.91413212 15.38887838 -1.59982908
v -5.61119080 15.48543386 -2.47637367
v -5.81629086 15.46341498 -2.10825586
v -5.86614561 15.53707111 -2.25622058
v -6.05884457 15.38854763 -1.24111998
v -6.15290499 15.37919979 -0.83723325
v -6.20828104 15.37276611 -0.42808262
v -6.46718454 15.53357410 -0.84479123
v -6.28238106 15.45988075 -1.04618061
v -6.36513662 15.53206220 -1.20876694
v -6.40300274 15.44975528 -0.21477032
v -6.53245211 15.53045431 -0.42380551
v -6.35888720 15.45186990 -0.63856125
v -4.99807501 15.21144621 -2.15421796
v -4.61704159 15.15507833 -2.30857825
v -4.80832624 15.13533888 -1.93308973
v -4.99660110 15.13035202 -1.58710504
v -4.79040432 15.23357089 -2.52308297
v -4.21084261 15.10380812 -2.44876862
v -2.81705427 14.97833100 -2.79127598
v -2.71842980 15.07895310 -3.36356783
v -3.01891017 15.04422736 -3.04052162
v -3.29941630 15.01424588 -2.69344568
v -2.32175827 14.94846660 -2.87275815
v -1.86120546 14.91870320 -2.88464880
v -2.07544494 14.97858596 -3.14985561
v -2.27590275 15.04430224 -3.39818549
v -1.81819141 15.01334628 -3.41442204
v -2.01283121 15.08134761 -3.65201116
v -2.52788663 15.01114643 -3.12780499
v -1.58742845 14.86997882 -2.65826654
v -1.06375432 14.85465482 -2.70014405
v -0.53352183 14.84542245 -2.72537446
v -0.27659124 14.88129696 -2.98718023
v -1.35545218 14.98662481 -3.41122961
v -1.34146631 14.90013573 -2.93546653
v -1.61218703 14.95052889 -3.15549088
v -1.08536792 14.93501952 -3.20037031
v -1.55652010 15.05205637 -3.66070914
v -1.09222984 15.02681816 -3.65064144
v -1.27453661 15.09643878 -3.89888525
v -0.82410949 14.97377375 -3.44677806
v -0.27660406 14.96835300 -3.47101259
v -0.80973184 14.88759273 -2.96992922
v -0.55176461 14.92518365 -3.22524571
v -0.54789627 15.01877292 -3.68663955
v -0.82377976 15.07091658 -3.87258029
v -0.27636632 15.06550477 -3.89681268
v -2.55026221 14.85026410 -1.99479139
v -3.03944373 14.88281453 -1.90334201
v -3.23833489 14.87229809 -1.57976592
v -2.95044231 14.82820585 -1.35143793
v -2.75695014 14.83682778 -1.67712831
v -2.04856038 14.76520085 -1.37323034
v -2.33136821 14.86845052 -2.30290699
v -2.09208417 14.81990704 -2.00671196
v -1.86791754 14.83999917 -2.31121182
v -2.30662012 14.80448776 -1.68929040
v -2.50592422 14.79401547 -1.36583495
v -1.84026432 14.77744579 -1.69483066
v -2.59570622 14.75852752 -0.34313947
v -3.12981272 14.82443964 -1.01927924
v -3.29420328 14.82554710 -0.68224198
v -2.70198393 14.78853643 -1.02134359
v -2.87207270 14.78806654 -0.68509305
v -3.02848220 14.79262218 -0.34224799
v -2.24812412 14.75762999 -1.03161097
v -2.43595576 14.75572178 -0.68460792
v -1.77854276 14.73205125 -1.03528941
v -1.97152019 14.72806555 -0.68936318
v -2.15408754 14.72997534 -0.34342054
v -3.30643511 14.93415529 -2.12308693
v -3.08713531 14.95137194 -2.43583512
v -2.60224724 14.91848692 -2.52570343
v -2.82606292 14.89835727 -2.22110105
v -2.10131550 14.89130002 -2.59999990
v -1.36808240 14.75622168 -1.69275582
v -1.58069515 14.74190974 -1.37358630
v -1.10472691 14.72426152 -1.36690092
v -1.34794509 14.82130742 -2.36216140
v -1.62300313 14.79488033 -2.00817442
v -1.09484351 14.77861336 -2.04950833
v -0.55980033 14.76903659 -2.07795668
v -0.55420721 14.71297401 -1.38069594
v -0.83504164 14.74299061 -1.72817802
v -0.28085348 14.73536116 -1.73752832
v -0.81433731 14.80859485 -2.39658427
v -0.28083444 14.80222622 -2.41390967
v -1.30410397 14.71234667 -1.03135431
v -1.49679577 14.70622629 -0.69052088
v -1.03053248 14.69089878 -0.69293320
v -1.68181479 14.70593172 -0.34614766
v -1.22125232 14.68847984 -0.34634286
v -0.83456051 14.69919699 -1.03261852
v -0.55924875 14.68118250 -0.69196975
v -0.28050619 14.69157410 -1.04191244
v -0.75061792 14.67652637 -0.34688878
v -0.28048903 14.67032921 -0.34705472
v -3.18532300 15.30881117 -3.94126415
v -2.77634454 15.27088521 -4.01739216
v -1.90617192 15.20165579 -4.10858297
v -2.35384059 15.23574497 -4.07394886
v -2.48898578 15.31705903 -4.24440908
v -2.06584764 15.28266257 -4.29091072
v -3.20223594 15.11447591 -3.26722670
v -3.37580109 15.19306031 -3.48198247
v -2.89221263 15.15146855 -3.57859302
v -2.62976694 15.19193878 -3.83610320
v -3.04816437 15.22824569 -3.77155495
v -2.45882416 15.11454172 -3.62459230
v -2.19055915 15.15628286 -3.87576008
v -1.73522115 15.12425515 -3.89706230
v -3.30284309 15.39266828 -4.08667421
v -2.90451670 15.35396136 -4.17568302
v -2.60857344 15.40165864 -4.38833952
v -3.01149368 15.43951444 -4.30792332
v -3.40000010 15.47930001 -4.20688820
v -3.02235413 15.51966414 -4.43372869
v -2.62416172 15.48089650 -4.52257156
v -1.78609180 15.40932651 -4.63705826
v -2.19316769 15.36591382 -4.44775200
v -1.76726496 15.33245105 -4.48587608
v -2.20907211 15.44379440 -4.59075212
v -2.21631694 15.52444652 -4.71032524
v -1.79576266 15.48842356 -4.76446962
v -1.44855547 15.17091205 -4.12177610
v -1.00241184 15.14310709 -4.10888433
v -1.61315513 15.24975370 -4.31786489
v -1.33290362 15.30143049 -4.50252962
v -1.17321563 15.22044121 -4.32022333
v -0.89216256 15.27300063 -4.49763250
v -0.55138677 15.11870898 -4.07598400
v -0.72415930 15.19371775 -4.30097103
v -0.27635476 15.16996664 -4.25987864
v -0.44755504 15.31895471 -4.64321899
v -0.44715139 15.24729753 -4.47120857
v -1.33560324 15.37541972 -4.66128540
v -0.89589095 15.34600438 -4.66336298
v -0.89525652 15.42142694 -4.80638409
v -1.34902966 15.45391075 -4.79794645
v -1.35383999 15.53512073 -4.91104937
v -0.90147495 15.50174698 -4.92867327
v -0.44872084 15.39379950 -4.79397774
v -0.44908836 15.47017355 -4.92022896
v -3.88997793 14.87931609 0.21133010
v -3.57497168 14.84233865 0.00000000
v -3.75264168 14.87002289 0.55376887
v -3.44282651 14.83152297 0.34193930
v -3.59811831 14.86566883 0.89716494
v -3.42862415 14.86620229 1.23358917
v -4.49400902 14.96142483 0.21133895
v -4.46271658 14.96690506 0.62994921
v -4.31513882 14.96095613 0.97464561
v -4.77976799 15.00623667 0.00000000
v -4.76422739 15.00895628 0.41897953
v -5.05577087 15.05772117 0.21152075
v -5.02442646 15.06320187 0.63020140
v -4.71770716 15.01709738 0.83523458
v -4.95011759 15.07124129 1.03652227
v -4.57177210 15.01482055 1.19028008
v -4.20019674 14.91785914 0.00000000
v -4.18636560 14.92090458 0.42164874
v -4.04528809 14.91346395 0.76655024
v -3.88451123 14.91054851 1.10771894
v -4.79560566 15.07051933 1.39038169
v -4.40240097 15.01678762 1.53922391
v -4.61660862 15.07419127 1.74039614
v -4.41624689 15.08202022 2.07879925
v -4.15429592 14.96136835 1.32693386
v -3.96910191 14.96618596 1.67513347
v -3.70674133 14.91353211 1.45766079
v -3.50962710 14.92136481 1.79999566
v -3.76292825 14.97515449 2.01099825
v -3.55299020 14.98975232 2.33094931
v -4.21046209 15.02298851 1.88027740
v -3.99693966 15.03339143 2.21169209
v -3.75644302 15.05524029 2.58149505
v -3.49095297 15.08232851 2.93412185
v -6.01636791 15.29678904 0.21475574
v -5.97954273 15.30070723 0.62272853
v -5.55915642 15.16714170 0.21151094
v -5.32294178 15.11088914 0.00000000
v -5.30538988 15.11330225 0.42193761
v -5.52275229 15.17104308 0.61920673
v -5.24851561 15.11892794 0.82998717
v -5.15883541 15.12907762 1.23284888
v -5.45022488 15.17883693 1.02582717
v -5.78442526 15.22444421 0.00000000
v -5.76659393 15.22635010 0.40798730
v -5.71320963 15.23205602 0.81345922
v -5.62460136 15.24152678 1.21391594
v -5.90603447 15.30849210 1.03078151
v -5.34286165 15.19032959 1.42327476
v -5.17076063 15.19301867 1.77546227
v -5.79795313 15.32001454 1.42840755
v -5.63343859 15.32189275 1.78281093
v -5.50131559 15.25470400 1.60688841
v -5.34411240 15.27150644 1.98995388
v -5.15396070 15.29183049 2.36075068
v -6.22942591 15.37116554 0.00000000
v -6.20828104 15.37276611 0.42808262
v -6.15290499 15.37919979 0.83723325
v -6.05884457 15.38854763 1.24111998
v -6.40300274 15.44975528 0.21477032
v -6.55425644 15.52941206 0.00000000
v -6.53245211 15.53045431 0.42380551
v -6.35888720 15.45186990 0.63856125
v -6.46718454 15.53357410 0.84479123
v -6.28238106 15.45988075 1.04618061
v -6.36513662 15.53206220 1.20876694
v -6.15965652 15.45941152 1.40726101
v -6.00329113 15.46066450 1.76388597
v -6.23046017 15.53214270 1.56654620
v -6.06384516 15.53381518 1.91629505
v -5.91413212 15.38887838 1.59982908
v -5.73859787 15.39157425 1.95020056
v -5.55038118 15.41225588 2.32428050
v -5.46050835 15.34039346 2.16110682
v -5.25351286 15.36255972 2.52845049
v -5.81629086 15.46341498 2.10825586
v -5.61119080 15.48543386 2.47637367
v -5.86614561 15.53707111 2.25622058
v -4.99660110 15.13035202 1.58710504
v -4.80832624 15.13533888 1.93308973
v -4.99807501 15.21144621 2.15421796
v -4.61704159 15.15507833 2.30857825
v -4.79040432 15.23357089 2.52308297
v -4.21084261 15.10380812 2.44876862
v -5.32747173 15.43562806 2.68383241
v -5.37276268 15.51304841 2.83456683
v -4.39672899 15.17914104 2.66955233
v -4.93203354 15.31555087 2.71699262
v -4.55336142 15.25888898 2.87257409
v -4.27252722 15.28890556 3.22005630
v -3.95727324 15.12830988 2.81137991
v -4.13085032 15.20689962 3.02615023
v -3.67641997 15.15832849 3.15888548
v -3.83692861 15.23897448 3.36220455
v -3.97606683 15.32061014 3.53067899
v -3.52219820 15.27209906 3.66325021
v -4.67969847 15.34252132 3.05648327
v -5.01644278 15.38790901 2.87753320
v -4.73985147 15.41747205 3.21976519
v -4.39851189 15.37257557 3.37712979
v -5.06830168 15.46386613 3.03519559
v -4.77570677 15.49460261 3.36654186
v -4.44378090 15.44910671 3.53034782
v -4.46501350 15.52826384 3.66722798
v -4.09020662 15.40552831 3.67695522
v -3.65013003 15.35551933 3.82205749
v -4.11904192 15.48377411 3.82093000
v -3.75668383 15.44117638 3.95411110
v -3.77223301 15.52082494 4.08571768
v -2.74281645 14.76661295 0.00000000
v -2.59570622 14.75852752 0.34313947
v -3.16647172 14.80198520 0.00000000
v -3.02848220 14.79262218 0.34224799
v -3.29420328 14.82554710 0.68224198
v -3.12981272 14.82443964 1.01927924
v -2.87207270 14.78806654 0.68509305
v -2.70198393 14.78853643 1.02134359
v -2.30603313 14.73639113 0.00000000
v -2.15408754 14.72997534 0.34342054
v -1.85821235 14.71146446 0.00000000
v -2.43595576 14.75572178 0.68460792
v -2.24812412 14.75762999 1.03161097
v -1.97152019 14.72806555 0.68936318
v -1.77854276 14.73205125 1.03528941
v -3.23833489 14.87229809 1.57976592
v -3.03944373 14.88281453 1.90334201
v -2.95044231 14.82820585 1.35143793
v -2.75695014 14.83682778 1.67712831
v -2.55026221 14.85026410 1.99479139
v -2.04856038 14.76520085 1.37323034
v -2.50592422 14.79401547 1.36583495
v -2.30662012 14.80448776 1.68929040
v -1.84026432 14.77744579 1.69483066
v -2.33136821 14.86845052 2.30290699
v -2.09208417 14.81990704 2.00671196
v -1.86791754 14.83999917 2.31121182
v -3.30643511 14.93415529 2.12308693
v -3.08713531 14.95137194 2.43583512
v -2.82606292 14.89835727 2.22110105
v -2.60224724 14.91848692 2.52570343
v -1.40149784 14.69195229 0.00000000
v -1.68181479 14.70593172 0.34614766
v -0.93807524 14.67794788 0.00000000
v -1.22125232 14.68847984 0.34634286
v -1.49679577 14.70622629 0.69052088
v -1.30410397 14.71234667 1.03135431
v -1.03053248 14.69089878 0.69293320
v -0.47016278 14.66951835 0.00000000
v -0.75061792 14.67652637 0.34688878
v -0.28048903 14.67032921 0.34705472
v -0.55924875 14.68118250 0.69196975
v -0.83456051 14.69919699 1.03261852
v -0.28050619 14.69157410 1.04191244
v -1.58069515 14.74190974 1.37358630
v -1.36808240 14.75622168 1.69275582
v -1.10472691 14.72426152 1.36690092
v -1.62300313 14.79488033 2.00817442
v -1.34794509 14.82130742 2.36216140
v -1.09484351 14.77861336 2.04950833
v -0.55420721 14.71297401 1.38069594
v -0.83504164 14.74299061 1.72817802
v -0.28085348 14.73536116 1.73752832
v -0.55980033 14.76903659 2.07795668
v -0.81433731 14.80859485 2.39658427
v -0.28083444 14.80222622 2.41390967
v -2.81705427 14.97833100 2.79127598
v -3.29941630 15.01424588 2.69344568
v -3.01891017 15.04422736 3.04052162
v -2.71842980 15.07895310 3.36356783
v -2.32175827 14.94846660 2.87275815
v -2.10131550 14.89130002 2.59999990
v -1.86120546 14.91870320 2.88464880
v -2.07544494 14.97858596 3.14985561
v -2.52788663 15.01114643 3.12780499
v -2.27590275 15.04430224 3.39818549
v -1.81819141 15.01334628 3.41442204
v -2.01283121 15.08134761 3.65201116
v -1.58742845 14.86997882 2.65826654
v -1.06375432 14.85465482 2.70014405
v -0.53352183 14.84542245 2.72537446
v -0.27659124 14.88129696 2.98718023
v -1.34146631 14.90013573 2.93546653
v -1.61218703 14.95052889 3.15549088
v -1.08536792 14.93501952 3.20037031
v -1.35545218 14.98662481 3.41122961
v -1.55652010 15.05205637 3.66070914
v -1.09222984 15.02681816 3.65064144
v -1.27453661 15.09643878 3.89888525
v -0.80973184 14.88759273 2.96992922
v -0.55176461 14.92518365 3.22524571
v -0.82410949 14.97377375 3.44677806
v -0.27660406 14.96835300 3.47101259
v -0.54789627 15.01877292 3.68663955
v -0.82377976 15.07091658 3.87258029
v -0.27636632 15.06550477 3.89681268
v -3.20223594 15.11447591 3.26722670
v -3.37580109 15.19306031 3.48198247
v -2.89221263 15.15146855 3.57859302
v -2.62976694 15.19193878 3.83610320
v -3.04816437 15.22824569 3.77155495
v -2.45882416 15.11454172 3.62459230
v -2.19055915 15.15628286 3.87576008
v -1.73522115 15.12425515 3.89706230
v -3.18532300 15.30881117 3.94126415
v -2.77634454 15.27088521 4.01739216
v -1.90617192 15.20165579 4.10858297
v -2.35384059 15.23574497 4.07394886
v -2.48898578 15.31705903 4.24440908
v -2.06584764 15.28266257 4.29091072
v -3.30284309 15.39266828 4.08667421
v -2.90451670 15.35396136 4.17568302
v -2.60857344 15.40165864 4.38833952
v -3.40000010 15.47930001 4.20688820
v -3.01149368 15.43951444 4.30792332
v -3.02235413 15.51966414 4.43372869
v -2.62416172 15.48089650 4.52257156
v -2.19316769 15.36591382 4.44775200
v -1.76726496 15.33245105 4.48587608
v -1.78609180 15.40932651 4.63705826
v -2.20907211 15.44379440 4.59075212
v -2.21631694 15.52444652 4.71032524
v -1.79576266 15.48842356 4.76446962
v -1.44855547 15.17091205 4.12177610
v -1.00241184 15.14310709 4.10888433
v -1.61315513 15.24975370 4.31786489
v -1.33290362 15.30143049 4.50252962
v -1.17321563 15.22044121 4.32022333
v -0.89216256 15.27300063 4.49763250
v -0.55138677 15.11870898 4.07598400
v -0.72415930 15.19371775 4.30097103
v -0.27635476 15.16996664 4.25987864
v -0.44715139 15.24729753 4.47120857
v -0.44755504 15.31895471 4.64321899
v -1.33560324 15.37541972 4.66128540
v -0.89589095 15.34600438 4.66336298
v -0.89525652 15.42142694 4.80638409
v -1.34902966 15.45391075 4.79794645
v -1.35383999 15.53512073 4.91104937
v -0.90147495 15.50174698 4.92867327
v -0.44872084 15.39379950 4.79397774
v -0.44908836 15.47017355 4.92022896
v -5.64643860 15.56372306 -2.62188911
v -5.64952326 15.63980669 -2.75150204
v -5.39001465 15.59218910 -2.97050858
v -5.62434673 15.71746704 -2.86966705
v -5.37315655 15.66934571 -3.09345579
v -5.33013248 15.74734652 -3.20133853
v -5.57061052 15.79491091 -2.97468901
v -5.84696531 15.76537311 -2.63274980
v -5.78442526 15.84270400 -2.73380184
v -5.34774256 15.84270400 -3.21191502
v -5.57061052 15.89049709 -2.97468901
v -5.84696531 15.92003489 -2.63274980
v -5.62434673 15.96794099 -2.86966705
v -5.33013248 15.93806148 -3.20133853
v -4.12641096 15.56389049 -3.94499207
v -3.83868718 15.61070925 -4.16781902
v -3.47619486 15.56817225 -4.30116558
v -4.18509960 15.65499920 -4.01357079
v -3.88375354 15.70266801 -4.22328091
v -4.21762896 15.74728119 -4.05706263
v -3.53095770 15.65873706 -4.36892509
v -3.56395102 15.75043613 -4.40974855
v -4.78708124 15.57351759 -3.49606085
v -5.09854221 15.62228414 -3.29981208
v -4.46083879 15.60829049 -3.78538418
v -5.09615850 15.54261282 -3.17681456
v -4.77391577 15.65381250 -3.60765839
v -5.06414366 15.70023856 -3.41266561
v -4.82099009 15.74795017 -3.64323282
v -4.50732517 15.70018154 -3.84220862
v -3.90631270 15.79486996 -4.25111961
v -4.23158264 15.84270400 -4.07048512
v -3.57497168 15.84270400 -4.42338419
v -3.90631270 15.89053804 -4.25111961
v -4.21762896 15.93812680 -4.05706263
v -3.56395102 15.93497187 -4.40974855
v -5.09583187 15.79490888 -3.43659520
v -4.83671570 15.84270400 -3.65511656
v -4.53901625 15.79486775 -3.86617780
v -5.09583187 15.89049911 -3.43659520
v -4.82099009 15.93745780 -3.64323282
v -4.53901625 15.89054024 -3.86617780
v -6.09552670 15.61172321 -2.06622291
v -6.42214155 15.60856932 -1.36006212
v -6.27423763 15.60940123 -1.71915376
v -6.09824371 15.68776757 -2.19629073
v -6.44518805 15.68680185 -1.50763309
v -6.28527117 15.68787730 -1.86278975
v -5.88792324 15.61219007 -2.39338636
v -5.88151932 15.68841237 -2.51909661
v -6.53607941 15.60945925 -0.99725592
v -6.61211538 15.60917336 -0.63819337
v -6.65619326 15.60707149 -0.21450473
v -6.57146978 15.68654004 -1.14460850
v -6.66009808 15.68599451 -0.78805423
v -6.71628094 15.68621239 -0.42766082
v -6.07190180 15.76530331 -2.31589818
v -6.26904774 15.76510167 -1.98495185
v -6.01776171 15.84270400 -2.42141962
v -6.22229528 15.84270400 -2.09744787
v -6.43414545 15.76503813 -1.64724350
v -6.39704704 15.84270400 -1.76343703
v -6.54118061 15.84270400 -1.42098594
v -6.07190180 15.92010468 -2.31589818
v -6.26904774 15.92030632 -1.98495185
v -6.43414545 15.92036986 -1.64724350
v -6.57317305 15.76442140 -1.28609359
v -6.67408514 15.76437724 -0.93389881
v -6.65400648 15.84270400 -1.07173359
v -6.73498440 15.84270400 -0.71735168
v -6.74320364 15.76425380 -0.57400197
v -6.77903795 15.76421624 -0.21449162
v -6.78372669 15.84270400 -0.35953626
v -6.57317305 15.92098665 -1.28609359
v -6.67408514 15.92103076 -0.93389881
v -6.74320364 15.92115426 -0.57400197
v -6.77903795 15.92119175 -0.21449162
v -5.64952326 16.04560131 -2.75150204
v -5.37315655 16.01606232 -3.09345579
v -5.64643860 16.12168491 -2.62188911
v -5.39001465 16.09321886 -2.97050858
v -5.37276268 16.17235959 -2.83456683
v -5.32747173 16.24977994 -2.68383241
v -4.18509960 16.03040880 -4.01357079
v -3.88375354 15.98273998 -4.22328091
v -3.83868718 16.07469875 -4.16781902
v -3.53095770 16.02667093 -4.36892509
v -4.12641096 16.12151754 -3.94499207
v -3.47619486 16.11723572 -4.30116558
v -3.77223301 16.16458303 -4.08571768
v -4.77391577 16.03159553 -3.60765839
v -5.06414366 15.98516941 -3.41266561
v -5.09854221 16.06312382 -3.29981208
v -4.50732517 15.98522645 -3.84220862
v -4.46083879 16.07711750 -3.78538418
v -4.78708124 16.11189044 -3.49606085
v -4.77570677 16.19080538 -3.36654186
v -4.46501350 16.15714419 -3.66722798
v -5.09615850 16.14279521 -3.17681456
v -3.75668383 16.24423164 -3.95411110
v -4.44378090 16.23630130 -3.53034782
v -5.06830168 16.22154188 -3.03519559
v -4.73985147 16.26793599 -3.21976519
v -5.01644278 16.29749894 -2.87753320
v -4.39851189 16.31283247 -3.37712979
v -4.67969847 16.34288669 -3.05648327
v -4.93203354 16.36985707 -2.71699262
v -4.85577202 16.41400003 -2.61258006
v -4.27252722 16.39650249 -3.22005630
v -4.43623400 16.41400003 -3.01749849
v -4.57227278 16.41400003 -2.90010357
v -4.63702583 16.41400003 -2.83819962
v -4.11904192 16.20163387 -3.82093000
v -4.09020662 16.27987969 -3.67695522
v -4.11987877 16.41400003 -3.26986980
v -3.97606683 16.36479783 -3.53067899
v -3.89220762 16.41400003 -3.42913866
v -3.65013003 16.32988870 -3.82205749
v -3.52219820 16.41330898 -3.66325021
v -3.52876425 16.41400003 -3.65696979
v -3.52091813 16.41400003 -3.66166544
v -3.51472831 16.41400003 -3.66495681
v -4.24229765 16.41400003 -3.17868257
v -6.09824371 15.99764043 -2.19629073
v -6.09552670 16.07368481 -2.06622291
v -6.44518805 15.99860615 -1.50763309
v -6.42214155 16.07683867 -1.36006212
v -6.28527117 15.99753070 -1.86278975
v -6.27423763 16.07600677 -1.71915376
v -6.06384516 16.15159279 -1.91629505
v -6.23046017 16.15326530 -1.56654620
v -5.88151932 15.99699563 -2.51909661
v -5.88792324 16.07321793 -2.39338636
v -5.86614561 16.14833689 -2.25622058
v -6.57146978 15.99886793 -1.14460850
v -6.66009808 15.99941349 -0.78805423
v -6.53607941 16.07594877 -0.99725592
v -6.71628094 15.99919564 -0.42766082
v -6.61211538 16.07623464 -0.63819337
v -6.65619326 16.07833654 -0.21450473
v -6.46718454 16.15183389 -0.84479123
v -6.36513662 16.15334582 -1.20876694
v -6.53245211 16.15495366 -0.42380551
v -6.00329113 16.22474349 -1.76388597
v -6.15965652 16.22599649 -1.40726101
v -5.61119080 16.19997412 -2.47637367
v -5.81629086 16.22199303 -2.10825586
v -5.55038118 16.27315211 -2.32428050
v -5.73859787 16.29383373 -1.95020056
v -5.91413212 16.29652965 -1.59982908
v -5.25351286 16.32284832 -2.52845049
v -5.46050835 16.34501457 -2.16110682
v -5.15396070 16.39357746 -2.36075068
v -5.11435604 16.41400003 -2.30827856
v -5.34411240 16.41390157 -1.98995388
v -5.34354496 16.41400003 -1.99022317
v -5.34389496 16.41400003 -1.98968482
v -5.34503365 16.41400003 -1.98770905
v -5.63343859 16.36351526 -1.78281093
v -5.53416300 16.41400003 -1.65062499
v -5.79795313 16.36539352 -1.42840755
v -5.57718420 16.41400003 -1.56123972
v -6.28238106 16.22552723 -1.04618061
v -6.05884457 16.29686034 -1.24111998
v -6.40300274 16.23565269 -0.21477032
v -6.35888720 16.23353809 -0.63856125
v -6.15290499 16.30620825 -0.83723325
v -6.20828104 16.31264186 -0.42808262
v -5.97954273 16.38470078 -0.62272853
v -6.01636791 16.38861895 -0.21475574
v -5.90603447 16.37691593 -1.03078151
v -5.75018215 16.41400003 -1.13219774
v -5.69059849 16.41400003 -1.29557550
v -5.81248236 16.41400003 -0.92534429
v -5.86587572 16.41400003 -0.70412940
v -5.89563370 16.41400003 -0.53811312
v -5.92636776 16.41400003 -0.28438234
v -5.93499422 16.41400003 -0.13941202
v -5.02651787 16.41400003 -2.41765547
v -2.62607431 15.56201994 -4.63323402
v -3.08898044 15.60958877 -4.51637936
v -3.13399482 15.70187154 -4.57259130
v -2.68012643 15.65336049 -4.70516253
v -2.71732783 15.74589148 -4.74750900
v -2.21360373 15.60610622 -4.80417347
v -1.79622817 15.56933671 -4.86745739
v -2.25992513 15.69829091 -4.86267853
v -1.78748584 15.65165123 -4.94549370
v -1.80552542 15.74685875 -4.99540472
v -3.15665102 15.79413617 -4.60075188
v -2.72658300 15.84270400 -4.76367855
v -3.15665102 15.89127183 -4.60075188
v -2.71732783 15.93951654 -4.74750900
v -2.27215242 15.79413289 -4.89641380
v -1.81155193 15.84270400 -5.01207876
v -2.27215242 15.89127511 -4.89641380
v -1.80552542 15.93854922 -4.99540472
v -1.34869421 15.61717072 -4.99817848
v -0.90298885 15.58384639 -5.02524137
v -1.35034728 15.69837412 -5.05632353
v -0.90614337 15.66448250 -5.09301615
v -0.90488350 15.74598685 -5.13597918
v -0.45265463 15.55184898 -5.02654409
v -0.45290989 15.63149920 -5.10371256
v -0.45362380 15.71289125 -5.15656757
v -1.36250091 15.79419291 -5.09003019
v -0.90795934 15.84270400 -5.15343761
v -1.36250091 15.89121509 -5.09003019
v -0.90488350 15.93942112 -5.13597918
v -0.45384079 15.79419589 -5.18396997
v -0.45384079 15.89121211 -5.18396997
v -0.45362380 15.97251678 -5.15656757
v -3.13399482 15.98353648 -4.57259130
v -2.68012643 16.03204751 -4.70516253
v -3.08898044 16.07581919 -4.51637936
v -2.62607431 16.12338805 -4.63323402
v -3.02235413 16.16574383 -4.43372869
v -2.25992513 15.98711705 -4.86267853
v -2.21360373 16.07930177 -4.80417347
v -1.78748584 16.03375679 -4.94549370
v -2.21631694 16.16096151 -4.71032524
v -1.79622817 16.11607128 -4.86745739
v -3.01149368 16.24589354 -4.30792332
v -3.40000010 16.20610797 -4.20688820
v -3.30284309 16.29273975 -4.08667421
v -2.62416172 16.20451152 -4.52257156
v -2.60857344 16.28374934 -4.38833952
v -3.18532300 16.37659681 -3.94126415
v -2.90451670 16.33144665 -4.17568302
v -2.78198147 16.41400003 -4.01634312
v -2.77715111 16.41400003 -4.01838827
v -2.77309132 16.41400003 -4.01996231
v -2.20907211 16.24161363 -4.59075212
v -1.79576266 16.19698447 -4.76446962
v -1.78609180 16.27608144 -4.63705826
v -2.19316769 16.31949413 -4.44775200
v -2.48898578 16.36834896 -4.24440908
v -2.13493109 16.41400003 -4.23886585
v -2.41311312 16.41400003 -4.14870977
v -1.76726496 16.35295701 -4.48587608
v -2.06584764 16.40274549 -4.29091072
v -2.04366326 16.41400003 -4.26557922
v -1.91103041 16.41400003 -4.30012894
v -3.12164593 16.41400003 -3.86247516
v -1.35034728 15.98703390 -5.05632353
v -1.34869421 16.06823725 -4.99817848
v -0.90614337 16.02092552 -5.09301615
v -1.35383999 16.15028727 -4.91104937
v -0.90298885 16.10156161 -5.02524137
v -0.90147495 16.18366104 -4.92867327
v -0.45290989 16.05390882 -5.10371256
v -0.45265463 16.13355905 -5.02654409
v -1.34902966 16.23149723 -4.79794645
v -0.89525652 16.26398110 -4.80638409
v -1.33560324 16.30998826 -4.66128540
v -0.89589095 16.33940363 -4.66336298
v -1.49572062 16.41400003 -4.39524555
v -1.65350878 16.41400003 -4.36185837
v -1.33290362 16.38397753 -4.50252962
v -1.27370775 16.41400003 -4.43494892
v -0.89216256 16.41240740 -4.49763250
v -0.90067893 16.41400003 -4.49225664
v -0.88878769 16.41400003 -4.49368191
v -0.86458838 16.41400003 -4.49599504
v -0.44908836 16.21523446 -4.92022896
v -0.44872084 16.29160845 -4.79397774
v -0.44755504 16.36645329 -4.64321899
v -0.44728720 16.41400003 -4.52908468
v -0.22157481 16.41400003 -4.53709745
v -6.65619326 15.60707149 0.21450473
v -6.61211538 15.60917336 0.63819337
v -6.53607941 15.60945925 0.99725592
v -6.73911047 15.68568045 0.00000000
v -6.71628094 15.68621239 0.42766082
v -6.66009808 15.68599451 0.78805423
v -6.57146978 15.68654004 1.14460850
v -6.42214155 15.60856932 1.36006212
v -6.27423763 15.60940123 1.71915376
v -6.09552670 15.61172321 2.06622291
v -6.44518805 15.68680185 1.50763309
v -6.28527117 15.68787730 1.86278975
v -6.09824371 15.68776757 2.19629073
v -5.88792324 15.61219007 2.39338636
v -5.88151932 15.68841237 2.51909661
v -6.77903795 15.76421624 0.21449162
v -6.74320364 15.76425380 0.57400197
v -6.80000019 15.84270400 0.00000000
v -6.78372669 15.84270400 0.35953626
v -6.67408514 15.76437724 0.93389881
v -6.57317305 15.76442140 1.28609359
v -6.73498440 15.84270400 0.71735168
v -6.65400648 15.84270400 1.07173359
v -6.77903795 15.92119175 0.21449162
v -6.74320364 15.92115426 0.57400197
v -6.67408514 15.92103076 0.93389881
v -6.57317305 15.92098665 1.28609359
v -6.43414545 15.76503813 1.64724350
v -6.54118061 15.84270400 1.42098594
v -6.39704704 15.84270400 1.76343703
v -6.26904774 15.76510167 1.98495185
v -6.07190180 15.76530331 2.31589818
v -6.22229528 15.84270400 2.09744787
v -6.01776171 15.84270400 2.42141962
v -6.43414545 15.92036986 1.64724350
v -6.26904774 15.92030632 1.98495185
v -6.07190180 15.92010468 2.31589818
v -5.64643860 15.56372306 2.62188911
v -5.64952326 15.63980669 2.75150204
v -5.39001465 15.59218910 2.97050858
v -5.62434673 15.71746704 2.86966705
v -5.37315655 15.66934571 3.09345579
v -5.33013248 15.74734652 3.20133853
v -5.84696531 15.76537311 2.63274980
v -5.57061052 15.79491091 2.97468901
v -5.78442526 15.84270400 2.73380184
v -5.34774256 15.84270400 3.21191502
v -5.84696531 15.92003489 2.63274980
v -5.57061052 15.89049709 2.97468901
v -5.62434673 15.96794099 2.86966705
v -5.33013248 15.93806148 3.20133853
v -5.09615850 15.54261282 3.17681456
v -4.78708124 15.57351759 3.49606085
v -5.09854221 15.62228414 3.29981208
v -4.46083879 15.60829049 3.78538418
v -5.06414366 15.70023856 3.41266561
v -4.77391577 15.65381250 3.60765839
v -4.82099009 15.74795017 3.64323282
v -4.50732517 15.70018154 3.84220862
v -4.12641096 15.56389049 3.94499207
v -3.83868718 15.61070925 4.16781902
v -3.47619486 15.56817225 4.30116558
v -4.18509960 15.65499920 4.01357079
v -3.88375354 15.70266801 4.22328091
v -4.21762896 15.74728119 4.05706263
v -3.53095770 15.65873706 4.36892509
v -3.56395102 15.75043613 4.40974855
v -5.09583187 15.79490888 3.43659520
v -4.83671570 15.84270400 3.65511656
v -4.53901625 15.79486775 3.86617780
v -5.09583187 15.89049911 3.43659520
v -4.82099009 15.93745780 3.64323282
v -4.53901625 15.89054024 3.86617780
v -3.90631270 15.79486996 4.25111961
v -4.23158264 15.84270400 4.07048512
v -3.57497168 15.84270400 4.42338419
v -3.90631270 15.89053804 4.25111961
v -4.21762896 15.93812680 4.05706263
v -3.56395102 15.93497187 4.40974855
v -6.73911047 15.99972755 0.00000000
v -6.71628094 15.99919564 0.42766082
v -6.65619326 16.07833654 0.21450473
v -6.61211538 16.07623464 0.63819337
v -6.66009808 15.99941349 0.78805423
v -6.57146978 15.99886793 1.14460850
v -6.53607941 16.07594877 0.99725592
v -6.55425644 16.15599591 0.00000000
v -6.53245211 16.15495366 0.42380551
v -6.46718454 16.15183389 0.84479123
v -6.36513662 16.15334582 1.20876694
v -6.44518805 15.99860615 1.50763309
v -6.42214155 16.07683867 1.36006212
v -6.28527117 15.99753070 1.86278975
v -6.27423763 16.07600677 1.71915376
v -6.09824371 15.99764043 2.19629073
v -6.09552670 16.07368481 2.06622291
v -6.23046017 16.15326530 1.56654620
v -6.06384516 16.15159279 1.91629505
v -5.88151932 15.99699563 2.51909661
v -5.88792324 16.07321793 2.39338636
v -5.86614561 16.14833689 2.25622058
v -6.40300274 16.23565269 0.21477032
v -6.35888720 16.23353809 0.63856125
v -6.28238106 16.22552723 1.04618061
v -6.05884457 16.29686034 1.24111998
v -6.22942591 16.31424248 0.00000000
v -6.20828104 16.31264186 0.42808262
v -6.01636791 16.38861895 0.21475574
v -5.97954273 16.38470078 0.62272853
v -6.15290499 16.30620825 0.83723325
v -5.93499422 16.41400003 0.13941202
v -5.92636776 16.41400003 0.28438234
v -5.89563370 16.41400003 0.53811312
v -5.86587572 16.41400003 0.70412940
v -5.81248236 16.41400003 0.92534429
v -5.90603447 16.37691593 1.03078151
v -5.75018215 16.41400003 1.13219774
v -5.69059849 16.41400003 1.29557550
v -6.15965652 16.22599649 1.40726101
v -6.00329113 16.22474349 1.76388597
v -5.91413212 16.29652965 1.59982908
v -5.81629086 16.22199303 2.10825586
v -5.61119080 16.19997412 2.47637367
v -5.73859787 16.29383373 1.95020056
v -5.55038118 16.27315211 2.32428050
v -5.79795313 16.36539352 1.42840755
v -5.57718420 16.41400003 1.56123972
v -5.63343859 16.36351526 1.78281093
v -5.53416300 16.41400003 1.65062499
v -5.46050835 16.34501457 2.16110682
v -5.25351286 16.32284832 2.52845049
v -5.34411240 16.41390157 1.98995388
v -5.34503365 16.41400003 1.98770905
v -5.34389496 16.41400003 1.98968482
v -5.34354496 16.41400003 1.99022317
v -5.15396070 16.39357746 2.36075068
v -5.11435604 16.41400003 2.30827856
v -5.02651787 16.41400003 2.41765547
v -5.64952326 16.04560131 2.75150204
v -5.37315655 16.01606232 3.09345579
v -5.64643860 16.12168491 2.62188911
v -5.39001465 16.09321886 2.97050858
v -5.37276268 16.17235959 2.83456683
v -5.32747173 16.24977994 2.68383241
v -5.06414366 15.98516941 3.41266561
v -4.77391577 16.03159553 3.60765839
v -5.09854221 16.06312382 3.29981208
v -4.50732517 15.98522645 3.84220862
v -4.46083879 16.07711750 3.78538418
v -5.09615850 16.14279521 3.17681456
v -4.78708124 16.11189044 3.49606085
v -4.77570677 16.19080538 3.36654186
v -4.46501350 16.15714419 3.66722798
v -4.18509960 16.03040880 4.01357079
v -3.88375354 15.98273998 4.22328091
v -3.83868718 16.07469875 4.16781902
v -3.53095770 16.02667093 4.36892509
v -4.12641096 16.12151754 3.94499207
v -3.47619486 16.11723572 4.30116558
v -3.77223301 16.16458303 4.08571768
v -5.06830168 16.22154188 3.03519559
v -5.01644278 16.29749894 2.87753320
v -4.73985147 16.26793599 3.21976519
v -4.44378090 16.23630130 3.53034782
v -4.67969847 16.34288669 3.05648327
v -4.93203354 16.36985707 2.71699262
v -4.85577202 16.41400003 2.61258006
v -4.63702583 16.41400003 2.83819962
v -4.57227278 16.41400003 2.90010357
v -4.43623400 16.41400003 3.01749849
v -4.27252722 16.39650249 3.22005630
v -4.39851189 16.31283247 3.37712979
v -4.11904192 16.20163387 3.82093000
v -4.09020662 16.27987969 3.67695522
v -4.24229765 16.41400003 3.17868257
v -4.11987877 16.41400003 3.26986980
v -3.97606683 16.36479783 3.53067899
v -3.89220762 16.41400003 3.42913866
v -3.65013003 16.32988870 3.82205749
v -3.52219820 16.41330898 3.66325021
v -3.52876425 16.41400003 3.65696979
v -3.52091813 16.41400003 3.66166544
v -3.51472831 16.41400003 3.66495681
v -3.75668383 16.24423164 3.95411110
v -3.08898044 15.60958877 4.51637936
v -2.62607431 15.56201994 4.63323402
v -3.13399482 15.70187154 4.57259130
v -2.68012643 15.65336049 4.70516253
v -2.71732783 15.74589148 4.74750900
v -2.21360373 15.60610622 4.80417347
v -1.79622817 15.56933671 4.86745739
v -2.25992513 15.69829091 4.86267853
v -1.78748584 15.65165123 4.94549370
v -1.80552542 15.74685875 4.99540472
v -3.15665102 15.79413617 4.60075188
v -2.72658300 15.84270400 4.76367855
v -3.15665102 15.89127183 4.60075188
v -2.71732783 15.93951654 4.74750900
v -2.27215242 15.79413289 4.89641380
v -1.81155193 15.84270400 5.01207876
v -2.27215242 15.89127511 4.89641380
v -1.80552542 15.93854922 4.99540472
v -1.34869421 15.61717072 4.99817848
v -0.90298885 15.58384639 5.02524137
v -1.35034728 15.69837412 5.05632353
v -0.90614337 15.66448250 5.09301615
v -0.90488350 15.74598685 5.13597918
v -0.45265463 15.55184898 5.02654409
v -0.45290989 15.63149920 5.10371256
v -0.45362380 15.71289125 5.15656757
v -1.36250091 15.79419291 5.09003019
v -0.90795934 15.84270400 5.15343761
v -1.36250091 15.89121509 5.09003019
v -0.90488350 15.93942112 5.13597918
v -0.45384079 15.79419589 5.18396997
v -0.45384079 15.89121211 5.18396997
v -0.45362380 15.97251678 5.15656757
v -3.08898044 16.07581919 4.51637936
v -3.13399482 15.98353648 4.57259130
v -2.68012643 16.03204751 4.70516253
v -3.02235413 16.16574383 4.43372869
v -2.62607431 16.12338805 4.63323402
v -2.25992513 15.98711705 4.86267853
v -2.21360373 16.07930177 4.80417347
v -1.78748584 16.03375679 4.94549370
v -2.21631694 16.16096151 4.71032524
v -1.79622817 16.11607128 4.86745739
v -3.12164593 16.41400003 3.86247516
v -3.40000010 16.20610797 4.20688820
v -3.01149368 16.24589354 4.30792332
v -3.30284309 16.29273975 4.08667421
v -2.62416172 16.20451152 4.52257156
v -2.60857344 16.28374934 4.38833952
v -3.18532300 16.37659681 3.94126415
v -2.90451670 16.33144665 4.17568302
v -2.78198147 16.41400003 4.01634312
v -2.77715111 16.41400003 4.01838827
v -2.77309132 16.41400003 4.01996231
v -2.20907211 16.24161363 4.59075212
v -1.79576266 16.19698447 4.76446962
v -1.78609180 16.27608144 4.63705826
v -2.19316769 16.31949413 4.44775200
v -2.41311312 16.41400003 4.14870977
v -2.48898578 16.36834896 4.24440908
v -2.13493109 16.41400003 4.23886585
v -1.76726496 16.35295701 4.48587608
v -2.06584764 16.40274549 4.29091072
v -2.04366326 16.41400003 4.26557922
v -1.91103041 16.41400003 4.30012894
v -1.35034728 15.98703390 5.05632353
v -1.34869421 16.06823725 4.99817848
v -0.90614337 16.02092552 5.09301615
v -1.35383999 16.15028727 4.91104937
v -0.90298885 16.10156161 5.02524137
v -0.90147495 16.18366104 4.92867327
v -0.45290989 16.05390882 5.10371256
v -0.45265463 16.13355905 5.02654409
v -1.34902966 16.23149723 4.79794645
v -0.89525652 16.26398110 4.80638409
v -1.65350878 16.41400003 4.36185837
v -1.49572062 16.41400003 4.39524555
v -1.33290362 16.38397753 4.50252962
v -1.27370775 16.41400003 4.43494892
v -0.89216256 16.41240740 4.49763250
v -0.90067893 16.41400003 4.49225664
v -0.88878769 16.41400003 4.49368191
v -0.86458838 16.41400003 4.49599504
v -1.33560324 16.30998826 4.66128540
v -0.89589095 16.33940363 4.66336298
v -0.44908836 16.21523446 4.92022896
v -0.44872084 16.29160845 4.79397774
v -0.44728720 16.41400003 4.52908468
v -0.22157481 16.41400003 4.53709745
v -0.44755504 16.36645329 4.64321899
v 0.27659124 14.88129696 -2.98718023
v 0.00000000 14.84233865 -2.73380184
v 0.53352183 14.84542245 -2.72537446
v 1.06375432 14.85465482 -2.70014405
v 1.58742845 14.86997882 -2.65826654
v 0.27660406 14.96835300 -3.47101259
v 0.82410949 14.97377375 -3.44677806
v 0.00000000 14.92214820 -3.23591614
v 0.55176461 14.92518365 -3.22524571
v 0.80973184 14.88759273 -2.96992922
v 0.00000000 15.01608533 -3.69866490
v 0.27636632 15.06550477 -3.89681268
v 0.54789627 15.01877292 -3.68663955
v 0.82377976 15.07091658 -3.87258029
v 1.35545218 14.98662481 -3.41122961
v 1.08536792 14.93501952 -3.20037031
v 1.34146631 14.90013573 -2.93546653
v 1.61218703 14.95052889 -3.15549088
v 1.09222984 15.02681816 -3.65064144
v 1.27453661 15.09643878 -3.89888525
v 1.55652010 15.05205637 -3.66070914
v 1.86120546 14.91870320 -2.88464880
v 2.07544494 14.97858596 -3.14985561
v 2.32175827 14.94846660 -2.87275815
v 1.81819141 15.01334628 -3.41442204
v 2.01283121 15.08134761 -3.65201116
v 2.27590275 15.04430224 -3.39818549
v 2.52788663 15.01114643 -3.12780499
v 2.81705427 14.97833100 -2.79127598
v 2.71842980 15.07895310 -3.36356783
v 3.01891017 15.04422736 -3.04052162
v 3.29941630 15.01424588 -2.69344568
v 0.00000000 14.76537979 -2.08503389
v 0.55980033 14.76903659 -2.07795668
v 0.00000000 14.70920318 -1.38530445
v 0.28085348 14.73536116 -1.73752832
v 0.55420721 14.71297401 -1.38069594
v 0.83504164 14.74299061 -1.72817802
v 0.28083444 14.80222622 -2.41390967
v 0.81433731 14.80859485 -2.39658427
v 1.10472691 14.72426152 -1.36690092
v 1.36808240 14.75622168 -1.69275582
v 1.58069515 14.74190974 -1.37358630
v 1.09484351 14.77861336 -2.04950833
v 1.34794509 14.82130742 -2.36216140
v 1.62300313 14.79488033 -2.00817442
v 0.28050619 14.69157410 -1.04191244
v 0.00000000 14.67723429 -0.69432187
v 0.83456051 14.69919699 -1.03261852
v 0.55924875 14.68118250 -0.69196975
v 0.28048903 14.67032921 -0.34705472
v 0.75061792 14.67652637 -0.34688878
v 1.03053248 14.69089878 -0.69293320
v 1.30410397 14.71234667 -1.03135431
v 1.49679577 14.70622629 -0.69052088
v 1.22125232 14.68847984 -0.34634286
v 1.68181479 14.70593172 -0.34614766
v 2.04856038 14.76520085 -1.37323034
v 2.09208417 14.81990704 -2.00671196
v 1.86791754 14.83999917 -2.31121182
v 2.33136821 14.86845052 -2.30290699
v 1.84026432 14.77744579 -1.69483066
v 2.30662012 14.80448776 -1.68929040
v 2.50592422 14.79401547 -1.36583495
v 2.55026221 14.85026410 -1.99479139
v 2.95044231 14.82820585 -1.35143793
v 2.75695014 14.83682778 -1.67712831
v 3.03944373 14.88281453 -1.90334201
v 3.23833489 14.87229809 -1.57976592
v 1.77854276 14.73205125 -1.03528941
v 1.97152019 14.72806555 -0.68936318
v 2.24812412 14.75762999 -1.03161097
v 2.43595576 14.75572178 -0.68460792
v 2.15408754 14.72997534 -0.34342054
v 2.59570622 14.75852752 -0.34313947
v 2.70198393 14.78853643 -1.02134359
v 2.87207270 14.78806654 -0.68509305
v 3.12981272 14.82443964 -1.01927924
v 3.29420328 14.82554710 -0.68224198
v 3.02848220 14.79262218 -0.34224799
v 2.10131550 14.89130002 -2.59999990
v 2.60224724 14.91848692 -2.52570343
v 2.82606292 14.89835727 -2.22110105
v 3.30643511 14.93415529 -2.12308693
v 3.08713531 14.95137194 -2.43583512
v 0.00000000 15.11631705 -4.08944988
v 0.27635476 15.16996664 -4.25987864
v 0.55138677 15.11870898 -4.07598400
v 0.72415930 15.19371775 -4.30097103
v 0.00000000 15.29509065 -4.60181761
v 0.44755504 15.31895471 -4.64321899
v 0.00000000 15.22444421 -4.42338419
v 0.44715139 15.24729753 -4.47120857
v 1.00241184 15.14310709 -4.10888433
v 1.44855547 15.17091205 -4.12177610
v 1.17321563 15.22044121 -4.32022333
v 0.89216256 15.27300063 -4.49763250
v 1.61315513 15.24975370 -4.31786489
v 1.33290362 15.30143049 -4.50252962
v 0.00000000 15.36835811 -4.75822592
v 0.44872084 15.39379950 -4.79397774
v 0.00000000 15.44389594 -4.89185953
v 0.00000000 15.52134258 -5.00207949
v 0.44908836 15.47017355 -4.92022896
v 0.89589095 15.34600438 -4.66336298
v 0.89525652 15.42142694 -4.80638409
v 1.33560324 15.37541972 -4.66128540
v 0.90147495 15.50174698 -4.92867327
v 1.34902966 15.45391075 -4.79794645
v 1.35383999 15.53512073 -4.91104937
v 1.90617192 15.20165579 -4.10858297
v 2.06584764 15.28266257 -4.29091072
v 2.35384059 15.23574497 -4.07394886
v 2.48898578 15.31705903 -4.24440908
v 2.77634454 15.27088521 -4.01739216
v 3.18532300 15.30881117 -3.94126415
v 1.73522115 15.12425515 -3.89706230
v 2.19055915 15.15628286 -3.87576008
v 2.45882416 15.11454172 -3.62459230
v 2.89221263 15.15146855 -3.57859302
v 2.62976694 15.19193878 -3.83610320
v 3.20223594 15.11447591 -3.26722670
v 3.37580109 15.19306031 -3.48198247
v 3.04816437 15.22824569 -3.77155495
v 1.78609180 15.40932651 -4.63705826
v 1.76726496 15.33245105 -4.48587608
v 2.19316769 15.36591382 -4.44775200
v 1.79576266 15.48842356 -4.76446962
v 2.20907211 15.44379440 -4.59075212
v 2.21631694 15.52444652 -4.71032524
v 2.90451670 15.35396136 -4.17568302
v 2.60857344 15.40165864 -4.38833952
v 3.30284309 15.39266828 -4.08667421
v 2.62416172 15.48089650 -4.52257156
v 3.01149368 15.43951444 -4.30792332
v 3.02235413 15.51966414 -4.43372869
v 3.49095297 15.08232851 -2.93412185
v 3.42862415 14.86620229 -1.23358917
v 3.59811831 14.86566883 -0.89716494
v 3.44282651 14.83152297 -0.34193930
v 3.75264168 14.87002289 -0.55376887
v 3.88997793 14.87931609 -0.21133010
v 3.55299020 14.98975232 -2.33094931
v 3.76292825 14.97515449 -2.01099825
v 3.50962710 14.92136481 -1.79999566
v 3.70674133 14.91353211 -1.45766079
v 3.96910191 14.96618596 -1.67513347
v 4.15429592 14.96136835 -1.32693386
v 3.75644302 15.05524029 -2.58149505
v 3.99693966 15.03339143 -2.21169209
v 4.21046209 15.02298851 -1.88027740
v 4.41624689 15.08202022 -2.07879925
v 4.40240097 15.01678762 -1.53922391
v 4.61660862 15.07419127 -1.74039614
v 4.79560566 15.07051933 -1.39038169
v 3.88451123 14.91054851 -1.10771894
v 4.04528809 14.91346395 -0.76655024
v 4.18636560 14.92090458 -0.42164874
v 4.31513882 14.96095613 -0.97464561
v 4.46271658 14.96690506 -0.62994921
v 4.49400902 14.96142483 -0.21133895
v 4.57177210 15.01482055 -1.19028008
v 4.71770716 15.01709738 -0.83523458
v 4.95011759 15.07124129 -1.03652227
v 4.76422739 15.00895628 -0.41897953
v 5.02442646 15.06320187 -0.63020140
v 5.05577087 15.05772117 -0.21152075
v 3.67641997 15.15832849 -3.15888548
v 3.95727324 15.12830988 -2.81137991
v 4.13085032 15.20689962 -3.02615023
v 3.52219820 15.27209906 -3.66325021
v 3.83692861 15.23897448 -3.36220455
v 3.97606683 15.32061014 -3.53067899
v 4.39672899 15.17914104 -2.66955233
v 4.55336142 15.25888898 -2.87257409
v 4.27252722 15.28890556 -3.22005630
v 4.93203354 15.31555087 -2.71699262
v 3.40000010 15.47930001 -4.20688820
v 3.75668383 15.44117638 -3.95411110
v 3.77223301 15.52082494 -4.08571768
v 3.65013003 15.35551933 -3.82205749
v 4.09020662 15.40552831 -3.67695522
v 4.11904192 15.48377411 -3.82093000
v 4.39851189 15.37257557 -3.37712979
v 4.67969847 15.34252132 -3.05648327
v 4.73985147 15.41747205 -3.21976519
v 5.01644278 15.38790901 -2.87753320
v 4.44378090 15.44910671 -3.53034782
v 4.46501350 15.52826384 -3.66722798
v 4.77570677 15.49460261 -3.36654186
v 5.06830168 15.46386613 -3.03519559
v 5.32747173 15.43562806 -2.68383241
v 5.37276268 15.51304841 -2.83456683
v 4.21084261 15.10380812 -2.44876862
v 4.61704159 15.15507833 -2.30857825
v 4.99807501 15.21144621 -2.15421796
v 4.80832624 15.13533888 -1.93308973
v 4.99660110 15.13035202 -1.58710504
v 4.79040432 15.23357089 -2.52308297
v 5.17076063 15.19301867 -1.77546227
v 5.34286165 15.19032959 -1.42327476
v 5.15396070 15.29183049 -2.36075068
v 5.34411240 15.27150644 -1.98995388
v 5.50131559 15.25470400 -1.60688841
v 5.63343859 15.32189275 -1.78281093
v 5.79795313 15.32001454 -1.42840755
v 5.15883541 15.12907762 -1.23284888
v 5.24851561 15.11892794 -0.82998717
v 5.45022488 15.17883693 -1.02582717
v 5.30538988 15.11330225 -0.42193761
v 5.52275229 15.17104308 -0.61920673
v 5.55915642 15.16714170 -0.21151094
v 5.62460136 15.24152678 -1.21391594
v 5.71320963 15.23205602 -0.81345922
v 5.90603447 15.30849210 -1.03078151
v 5.76659393 15.22635010 -0.40798730
v 5.97954273 15.30070723 -0.62272853
v 6.01636791 15.29678904 -0.21475574
v 5.25351286 15.36255972 -2.52845049
v 5.46050835 15.34039346 -2.16110682
v 5.55038118 15.41225588 -2.32428050
v 5.73859787 15.39157425 -1.95020056
v 5.91413212 15.38887838 -1.59982908
v 5.61119080 15.48543386 -2.47637367
v 5.81629086 15.46341498 -2.10825586
v 5.86614561 15.53707111 -2.25622058
v 6.00329113 15.46066450 -1.76388597
v 6.15965652 15.45941152 -1.40726101
v 6.06384516 15.53381518 -1.91629505
v 6.23046017 15.53214270 -1.56654620
v 6.05884457 15.38854763 -1.24111998
v 6.15290499 15.37919979 -0.83723325
v 6.20828104 15.37276611 -0.42808262
v 6.28238106 15.45988075 -1.04618061
v 6.36513662 15.53206220 -1.20876694
v 6.46718454 15.53357410 -0.84479123
v 6.35888720 15.45186990 -0.63856125
v 6.40300274 15.44975528 -0.21477032
v 6.53245211 15.53045431 -0.42380551
v 0.00000000 14.66670400 0.00000000
v 0.28048903 14.67032921 0.34705472
v 0.47016278 14.66951835 0.00000000
v 0.75061792 14.67652637 0.34688878
v 0.00000000 14.67723429 0.69432187
v 0.28050619 14.69157410 1.04191244
v 0.55924875 14.68118250 0.69196975
v 0.83456051 14.69919699 1.03261852
v 0.93807524 14.67794788 0.00000000
v 1.22125232 14.68847984 0.34634286
v 1.40149784 14.69195229 0.00000000
v 1.68181479 14.70593172 0.34614766
v 1.03053248 14.69089878 0.69293320
v 1.49679577 14.70622629 0.69052088
v 1.30410397 14.71234667 1.03135431
v 0.00000000 14.70920318 1.38530445
v 0.28085348 14.73536116 1.73752832
v 0.55420721 14.71297401 1.38069594
v 0.83504164 14.74299061 1.72817802
v 0.00000000 14.76537979 2.08503389
v 0.55980033 14.76903659 2.07795668
v 0.28083444 14.80222622 2.41390967
v 0.81433731 14.80859485 2.39658427
v 1.10472691 14.72426152 1.36690092
v 1.58069515 14.74190974 1.37358630
v 1.36808240 14.75622168 1.69275582
v 1.09484351 14.77861336 2.04950833
v 1.62300313 14.79488033 2.00817442
v 1.34794509 14.82130742 2.36216140
v 1.85821235 14.71146446 0.00000000
v 2.30603313 14.73639113 0.00000000
v 2.15408754 14.72997534 0.34342054
v 1.97152019 14.72806555 0.68936318
v 1.77854276 14.73205125 1.03528941
v 2.43595576 14.75572178 0.68460792
v 2.24812412 14.75762999 1.03161097
v 2.74281645 14.76661295 0.00000000
v 2.59570622 14.75852752 0.34313947
v 3.16647172 14.80198520 0.00000000
v 3.02848220 14.79262218 0.34224799
v 2.87207270 14.78806654 0.68509305
v 2.70198393 14.78853643 1.02134359
v 3.29420328 14.82554710 0.68224198
v 3.12981272 14.82443964 1.01927924
v 2.04856038 14.76520085 1.37323034
v 1.84026432 14.77744579 1.69483066
v 2.50592422 14.79401547 1.36583495
v 2.30662012 14.80448776 1.68929040
v 2.09208417 14.81990704 2.00671196
v 1.86791754 14.83999917 2.31121182
v 2.33136821 14.86845052 2.30290699
v 2.95044231 14.82820585 1.35143793
v 2.75695014 14.83682778 1.67712831
v 3.23833489 14.87229809 1.57976592
v 3.03944373 14.88281453 1.90334201
v 2.55026221 14.85026410 1.99479139
v 2.82606292 14.89835727 2.22110105
v 2.60224724 14.91848692 2.52570343
v 3.30643511 14.93415529 2.12308693
v 3.08713531 14.95137194 2.43583512
v 0.00000000 14.84233865 2.73380184
v 0.27659124 14.88129696 2.98718023
v 0.53352183 14.84542245 2.72537446
v 1.06375432 14.85465482 2.70014405
v 1.58742845 14.86997882 2.65826654
v 0.00000000 14.92214820 3.23591614
v 0.55176461 14.92518365 3.22524571
v 0.80973184 14.88759273 2.96992922
v 0.27660406 14.96835300 3.47101259
v 0.82410949 14.97377375 3.44677806
v 0.00000000 15.01608533 3.69866490
v 0.27636632 15.06550477 3.89681268
v 0.54789627 15.01877292 3.68663955
v 0.82377976 15.07091658 3.87258029
v 1.08536792 14.93501952 3.20037031
v 1.34146631 14.90013573 2.93546653
v 1.61218703 14.95052889 3.15549088
v 1.35545218 14.98662481 3.41122961
v 1.09222984 15.02681816 3.65064144
v 1.27453661 15.09643878 3.89888525
v 1.55652010 15.05205637 3.66070914
v 1.86120546 14.91870320 2.88464880
v 2.10131550 14.89130002 2.59999990
v 2.07544494 14.97858596 3.14985561
v 2.32175827 14.94846660 2.87275815
v 2.52788663 15.01114643 3.12780499
v 1.81819141 15.01334628 3.41442204
v 2.01283121 15.08134761 3.65201116
v 2.27590275 15.04430224 3.39818549
v 2.81705427 14.97833100 2.79127598
v 3.29941630 15.01424588 2.69344568
v 3.01891017 15.04422736 3.04052162
v 2.71842980 15.07895310 3.36356783
v 0.00000000 15.11631705 4.08944988
v 0.27635476 15.16996664 4.25987864
v 0.55138677 15.11870898 4.07598400
v 0.72415930 15.19371775 4.30097103
v 0.00000000 15.22444421 4.42338419
v 0.44715139 15.24729753 4.47120857
v 0.00000000 15.29509065 4.60181761
v 0.44755504 15.31895471 4.64321899
v 1.00241184 15.14310709 4.10888433
v 1.44855547 15.17091205 4.12177610
v 1.17321563 15.22044121 4.32022333
v 0.89216256 15.27300063 4.49763250
v 1.61315513 15.24975370 4.31786489
v 1.33290362 15.30143049 4.50252962
v 0.00000000 15.36835811 4.75822592
v 0.44872084 15.39379950 4.79397774
v 0.00000000 15.44389594 4.89185953
v 0.00000000 15.52134258 5.00207949
v 0.44908836 15.47017355 4.92022896
v 0.89589095 15.34600438 4.66336298
v 0.89525652 15.42142694 4.80638409
v 1.33560324 15.37541972 4.66128540
v 0.90147495 15.50174698 4.92867327
v 1.34902966 15.45391075 4.79794645
v 1.35383999 15.53512073 4.91104937
v 1.73522115 15.12425515 3.89706230
v 2.19055915 15.15628286 3.87576008
v 2.45882416 15.11454172 3.62459230
v 2.89221263 15.15146855 3.57859302
v 2.62976694 15.19193878 3.83610320
v 3.20223594 15.11447591 3.26722670
v 3.37580109 15.19306031 3.48198247
v 3.04816437 15.22824569 3.77155495
v 1.90617192 15.20165579 4.10858297
v 2.06584764 15.28266257 4.29091072
v 2.35384059 15.23574497 4.07394886
v 2.48898578 15.31705903 4.24440908
v 2.77634454 15.27088521 4.01739216
v 3.18532300 15.30881117 3.94126415
v 1.76726496 15.33245105 4.48587608
v 2.19316769 15.36591382 4.44775200
v 1.78609180 15.40932651 4.63705826
v 1.79576266 15.48842356 4.76446962
v 2.20907211 15.44379440 4.59075212
v 2.21631694 15.52444652 4.71032524
v 2.90451670 15.35396136 4.17568302
v 2.60857344 15.40165864 4.38833952
v 3.30284309 15.39266828 4.08667421
v 2.62416172 15.48089650 4.52257156
v 3.01149368 15.43951444 4.30792332
v 3.02235413 15.51966414 4.43372869
v 3.57497168 14.84233865 0.00000000
v 3.44282651 14.83152297 0.34193930
v 3.75264168 14.87002289 0.55376887
v 3.88997793 14.87931609 0.21133010
v 3.59811831 14.86566883 0.89716494
v 3.42862415 14.86620229 1.23358917
v 4.20019674 14.91785914 0.00000000
v 4.18636560 14.92090458 0.42164874
v 4.04528809 14.91346395 0.76655024
v 3.88451123 14.91054851 1.10771894
v 4.49400902 14.96142483 0.21133895
v 4.46271658 14.96690506 0.62994921
v 4.31513882 14.96095613 0.97464561
v 4.77976799 15.00623667 0.00000000
v 4.76422739 15.00895628 0.41897953
v 5.05577087 15.05772117 0.21152075
v 5.02442646 15.06320187 0.63020140
v 4.57177210 15.01482055 1.19028008
v 4.71770716 15.01709738 0.83523458
v 4.95011759 15.07124129 1.03652227
v 3.70674133 14.91353211 1.45766079
v 3.50962710 14.92136481 1.79999566
v 4.15429592 14.96136835 1.32693386
v 3.96910191 14.96618596 1.67513347
v 3.76292825 14.97515449 2.01099825
v 3.55299020 14.98975232 2.33094931
v 4.21046209 15.02298851 1.88027740
v 3.75644302 15.05524029 2.58149505
v 3.99693966 15.03339143 2.21169209
v 4.40240097 15.01678762 1.53922391
v 4.61660862 15.07419127 1.74039614
v 4.79560566 15.07051933 1.39038169
v 4.41624689 15.08202022 2.07879925
v 3.49095297 15.08232851 2.93412185
v 4.21084261 15.10380812 2.44876862
v 4.99660110 15.13035202 1.58710504
v 4.80832624 15.13533888 1.93308973
v 4.61704159 15.15507833 2.30857825
v 4.99807501 15.21144621 2.15421796
v 4.79040432 15.23357089 2.52308297
v 5.32294178 15.11088914 0.00000000
v 5.30538988 15.11330225 0.42193761
v 5.52275229 15.17104308 0.61920673
v 5.55915642 15.16714170 0.21151094
v 5.24851561 15.11892794 0.82998717
v 5.15883541 15.12907762 1.23284888
v 5.45022488 15.17883693 1.02582717
v 5.78442526 15.22444421 0.00000000
v 5.76659393 15.22635010 0.40798730
v 5.71320963 15.23205602 0.81345922
v 5.62460136 15.24152678 1.21391594
v 5.90603447 15.30849210 1.03078151
v 6.01636791 15.29678904 0.21475574
v 5.97954273 15.30070723 0.62272853
v 5.34286165 15.19032959 1.42327476
v 5.17076063 15.19301867 1.77546227
v 5.50131559 15.25470400 1.60688841
v 5.79795313 15.32001454 1.42840755
v 5.63343859 15.32189275 1.78281093
v 5.34411240 15.27150644 1.98995388
v 5.15396070 15.29183049 2.36075068
v 6.22942591 15.37116554 0.00000000
v 6.20828104 15.37276611 0.42808262
v 6.15290499 15.37919979 0.83723325
v 6.05884457 15.38854763 1.24111998
v 6.35888720 15.45186990 0.63856125
v 6.40300274 15.44975528 0.21477032
v 6.55425644 15.52941206 0.00000000
v 6.53245211 15.53045431 0.42380551
v 6.28238106 15.45988075 1.04618061
v 6.36513662 15.53206220 1.20876694
v 6.46718454 15.53357410 0.84479123
v 5.91413212 15.38887838 1.59982908
v 5.46050835 15.34039346 2.16110682
v 5.25351286 15.36255972 2.52845049
v 5.73859787 15.39157425 1.95020056
v 5.55038118 15.41225588 2.32428050
v 5.81629086 15.46341498 2.10825586
v 5.61119080 15.48543386 2.47637367
v 5.86614561 15.53707111 2.25622058
v 6.15965652 15.45941152 1.40726101
v 6.00329113 15.46066450 1.76388597
v 6.23046017 15.53214270 1.56654620
v 6.06384516 15.53381518 1.91629505
v 3.67641997 15.15832849 3.15888548
v 3.95727324 15.12830988 2.81137991
v 4.13085032 15.20689962 3.02615023
v 3.52219820 15.27209906 3.66325021
v 3.83692861 15.23897448 3.36220455
v 3.97606683 15.32061014 3.53067899
v 4.39672899 15.17914104 2.66955233
v 4.55336142 15.25888898 2.87257409
v 4.27252722 15.28890556 3.22005630
v 4.93203354 15.31555087 2.71699262
v 3.65013003 15.35551933 3.82205749
v 4.09020662 15.40552831 3.67695522
v 4.11904192 15.48377411 3.82093000
v 4.67969847 15.34252132 3.05648327
v 5.01644278 15.38790901 2.87753320
v 4.73985147 15.41747205 3.21976519
v 4.39851189 15.37257557 3.37712979
v 5.06830168 15.46386613 3.03519559
v 4.44378090 15.44910671 3.53034782
v 4.46501350 15.52826384 3.66722798
v 4.77570677 15.49460261 3.36654186
v 3.40000010 15.47930001 4.20688820
v 3.75668383 15.44117638 3.95411110
v 3.77223301 15.52082494 4.08571768
v 5.32747173 15.43562806 2.68383241
v 5.37276268 15.51304841 2.83456683
v 0.00000000 15.60032731 -5.08835793
v 0.45265463 15.55184898 -5.02654409
v 0.45290989 15.63149920 -5.10371256
v 0.00000000 15.68047217 -5.15028238
v 0.45362380 15.71289125 -5.15656757
v 0.90298885 15.58384639 -5.02524137
v 1.34869421 15.61717072 -4.99817848
v 0.90614337 15.66448250 -5.09301615
v 0.90488350 15.74598685 -5.13597918
v 1.35034728 15.69837412 -5.05632353
v 0.00000000 15.76139349 -5.18755579
v 0.00000000 15.84270400 -5.19999981
v 0.45384079 15.79419589 -5.18396997
v 0.00000000 15.92401451 -5.18755579
v 0.45384079 15.89121211 -5.18396997
v 0.45362380 15.97251678 -5.15656757
v 0.90795934 15.84270400 -5.15343761
v 1.36250091 15.79419291 -5.09003019
v 0.90488350 15.93942112 -5.13597918
v 1.36250091 15.89121509 -5.09003019
v 1.79622817 15.56933671 -4.86745739
v 2.21360373 15.60610622 -4.80417347
v 1.78748584 15.65165123 -4.94549370
v 1.80552542 15.74685875 -4.99540472
v 2.25992513 15.69829091 -4.86267853
v 2.62607431 15.56201994 -4.63323402
v 3.08898044 15.60958877 -4.51637936
v 2.68012643 15.65336049 -4.70516253
v 2.71732783 15.74589148 -4.74750900
v 3.13399482 15.70187154 -4.57259130
v 1.81155193 15.84270400 -5.01207876
v 2.27215242 15.79413289 -4.89641380
v 1.80552542 15.93854922 -4.99540472
v 2.27215242 15.89127511 -4.89641380
v 2.72658300 15.84270400 -4.76367855
v 3.15665102 15.79413617 -4.60075188
v 2.71732783 15.93951654 -4.74750900
v 3.15665102 15.89127183 -4.60075188
v 0.00000000 16.00493586 -5.15028238
v 0.00000000 16.08508068 -5.08835793
v 0.45290989 16.05390882 -5.10371256
v 0.00000000 16.16406542 -5.00207949
v 0.45265463 16.13355905 -5.02654409
v 0.90614337 16.02092552 -5.09301615
v 1.35034728 15.98703390 -5.05632353
v 1.34869421 16.06823725 -4.99817848
v 0.90298885 16.10156161 -5.02524137
v 0.90147495 16.18366104 -4.92867327
v 1.35383999 16.15028727 -4.91104937
v 0.00000000 16.24151206 -4.89185953
v 0.44908836 16.21523446 -4.92022896
v 0.44872084 16.29160845 -4.79397774
v 0.00000000 16.31704986 -4.75822592
v 0.00000000 16.39031732 -4.60181761
v 0.44755504 16.36645329 -4.64321899
v 0.00000000 16.41400003 -4.54200172
v 0.22157481 16.41400003 -4.53709745
v 0.44728720 16.41400003 -4.52908468
v 0.89525652 16.26398110 -4.80638409
v 1.34902966 16.23149723 -4.79794645
v 0.89589095 16.33940363 -4.66336298
v 1.33560324 16.30998826 -4.66128540
v 0.86458838 16.41400003 -4.49599504
v 0.88878769 16.41400003 -4.49368191
v 0.89216256 16.41240740 -4.49763250
v 0.90067893 16.41400003 -4.49225664
v 1.27370775 16.41400003 -4.43494892
v 1.33290362 16.38397753 -4.50252962
v 1.49572062 16.41400003 -4.39524555
v 1.65350878 16.41400003 -4.36185837
v 1.78748584 16.03375679 -4.94549370
v 2.25992513 15.98711705 -4.86267853
v 2.21360373 16.07930177 -4.80417347
v 1.79622817 16.11607128 -4.86745739
v 2.21631694 16.16096151 -4.71032524
v 2.68012643 16.03204751 -4.70516253
v 3.13399482 15.98353648 -4.57259130
v 3.08898044 16.07581919 -4.51637936
v 2.62607431 16.12338805 -4.63323402
v 3.02235413 16.16574383 -4.43372869
v 1.79576266 16.19698447 -4.76446962
v 1.78609180 16.27608144 -4.63705826
v 2.20907211 16.24161363 -4.59075212
v 1.76726496 16.35295701 -4.48587608
v 1.91103041 16.41400003 -4.30012894
v 2.06584764 16.40274549 -4.29091072
v 2.04366326 16.41400003 -4.26557922
v 2.19316769 16.31949413 -4.44775200
v 2.13493109 16.41400003 -4.23886585
v 2.48898578 16.36834896 -4.24440908
v 2.41311312 16.41400003 -4.14870977
v 2.62416172 16.20451152 -4.52257156
v 2.60857344 16.28374934 -4.38833952
v 3.01149368 16.24589354 -4.30792332
v 3.30284309 16.29273975 -4.08667421
v 2.90451670 16.33144665 -4.17568302
v 2.77309132 16.41400003 -4.01996231
v 2.78198147 16.41400003 -4.01634312
v 2.77715111 16.41400003 -4.01838827
v 3.18532300 16.37659681 -3.94126415
v 3.12164593 16.41400003 -3.86247516
v 3.47619486 15.56817225 -4.30116558
v 4.12641096 15.56389049 -3.94499207
v 3.83868718 15.61070925 -4.16781902
v 3.53095770 15.65873706 -4.36892509
v 3.56395102 15.75043613 -4.40974855
v 3.88375354 15.70266801 -4.22328091
v 4.18509960 15.65499920 -4.01357079
v 4.21762896 15.74728119 -4.05706263
v 4.46083879 15.60829049 -3.78538418
v 4.78708124 15.57351759 -3.49606085
v 5.09854221 15.62228414 -3.29981208
v 5.09615850 15.54261282 -3.17681456
v 4.50732517 15.70018154 -3.84220862
v 4.77391577 15.65381250 -3.60765839
v 5.06414366 15.70023856 -3.41266561
v 4.82099009 15.74795017 -3.64323282
v 3.57497168 15.84270400 -4.42338419
v 3.90631270 15.79486996 -4.25111961
v 4.23158264 15.84270400 -4.07048512
v 3.56395102 15.93497187 -4.40974855
v 3.90631270 15.89053804 -4.25111961
v 4.21762896 15.93812680 -4.05706263
v 4.53901625 15.79486775 -3.86617780
v 5.09583187 15.79490888 -3.43659520
v 4.83671570 15.84270400 -3.65511656
v 4.53901625 15.89054024 -3.86617780
v 5.09583187 15.89049911 -3.43659520
v 4.82099009 15.93745780 -3.64323282
v 5.39001465 15.59218910 -2.97050858
v 5.64643860 15.56372306 -2.62188911
v 5.64952326 15.63980669 -2.75150204
v 5.37315655 15.66934571 -3.09345579
v 5.33013248 15.74734652 -3.20133853
v 5.62434673 15.71746704 -2.86966705
v 5.34774256 15.84270400 -3.21191502
v 5.57061052 15.79491091 -2.97468901
v 5.84696531 15.76537311 -2.63274980
v 5.78442526 15.84270400 -2.73380184
v 5.33013248 15.93806148 -3.20133853
v 5.57061052 15.89049709 -2.97468901
v 5.84696531 15.92003489 -2.63274980
v 5.62434673 15.96794099 -2.86966705
v 5.88792324 15.61219007 -2.39338636
v 5.88151932 15.68841237 -2.51909661
v 6.09552670 15.61172321 -2.06622291
v 6.27423763 15.60940123 -1.71915376
v 6.42214155 15.60856932 -1.36006212
v 6.09824371 15.68776757 -2.19629073
v 6.28527117 15.68787730 -1.86278975
v 6.44518805 15.68680185 -1.50763309
v 6.53607941 15.60945925 -0.99725592
v 6.61211538 15.60917336 -0.63819337
v 6.65619326 15.60707149 -0.21450473
v 6.57146978 15.68654004 -1.14460850
v 6.66009808 15.68599451 -0.78805423
v 6.71628094 15.68621239 -0.42766082
v 6.07190180 15.76530331 -2.31589818
v 6.26904774 15.76510167 -1.98495185
v 6.01776171 15.84270400 -2.42141962
v 6.22229528 15.84270400 -2.09744787
v 6.43414545 15.76503813 -1.64724350
v 6.39704704 15.84270400 -1.76343703
v 6.54118061 15.84270400 -1.42098594
v 6.07190180 15.92010468 -2.31589818
v 6.26904774 15.92030632 -1.98495185
v 6.43414545 15.92036986 -1.64724350
v 6.57317305 15.76442140 -1.28609359
v 6.67408514 15.76437724 -0.93389881
v 6.65400648 15.84270400 -1.07173359
v 6.73498440 15.84270400 -0.71735168
v 6.74320364 15.76425380 -0.57400197
v 6.77903795 15.76421624 -0.21449162
v 6.78372669 15.84270400 -0.35953626
v 6.57317305 15.92098665 -1.28609359
v 6.67408514 15.92103076 -0.93389881
v 6.74320364 15.92115426 -0.57400197
v 6.77903795 15.92119175 -0.21449162
v 3.53095770 16.02667093 -4.36892509
v 3.88375354 15.98273998 -4.22328091
v 4.18509960 16.03040880 -4.01357079
v 3.83868718 16.07469875 -4.16781902
v 3.47619486 16.11723572 -4.30116558
v 3.77223301 16.16458303 -4.08571768
v 4.12641096 16.12151754 -3.94499207
v 4.50732517 15.98522645 -3.84220862
v 4.46083879 16.07711750 -3.78538418
v 4.77391577 16.03159553 -3.60765839
v 5.06414366 15.98516941 -3.41266561
v 5.09854221 16.06312382 -3.29981208
v 4.46501350 16.15714419 -3.66722798
v 4.78708124 16.11189044 -3.49606085
v 4.77570677 16.19080538 -3.36654186
v 5.09615850 16.14279521 -3.17681456
v 3.40000010 16.20610797 -4.20688820
v 3.75668383 16.24423164 -3.95411110
v 4.11904192 16.20163387 -3.82093000
v 4.09020662 16.27987969 -3.67695522
v 3.65013003 16.32988870 -3.82205749
v 3.51472831 16.41400003 -3.66495681
v 3.52219820 16.41330898 -3.66325021
v 3.52091813 16.41400003 -3.66166544
v 3.52876425 16.41400003 -3.65696979
v 3.97606683 16.36479783 -3.53067899
v 3.89220762 16.41400003 -3.42913866
v 4.11987877 16.41400003 -3.26986980
v 4.24229765 16.41400003 -3.17868257
v 4.44378090 16.23630130 -3.53034782
v 5.06830168 16.22154188 -3.03519559
v 4.73985147 16.26793599 -3.21976519
v 5.01644278 16.29749894 -2.87753320
v 4.39851189 16.31283247 -3.37712979
v 4.27252722 16.39650249 -3.22005630
v 4.43623400 16.41400003 -3.01749849
v 4.57227278 16.41400003 -2.90010357
v 4.63702583 16.41400003 -2.83819962
v 4.67969847 16.34288669 -3.05648327
v 4.85577202 16.41400003 -2.61258006
v 4.93203354 16.36985707 -2.71699262
v 5.37315655 16.01606232 -3.09345579
v 5.64952326 16.04560131 -2.75150204
v 5.39001465 16.09321886 -2.97050858
v 5.37276268 16.17235959 -2.83456683
v 5.64643860 16.12168491 -2.62188911
v 5.32747173 16.24977994 -2.68383241
v 5.02651787 16.41400003 -2.41765547
v 5.88151932 15.99699563 -2.51909661
v 5.88792324 16.07321793 -2.39338636
v 5.86614561 16.14833689 -2.25622058
v 6.09824371 15.99764043 -2.19629073
v 6.09552670 16.07368481 -2.06622291
v 6.28527117 15.99753070 -1.86278975
v 6.27423763 16.07600677 -1.71915376
v 6.44518805 15.99860615 -1.50763309
v 6.42214155 16.07683867 -1.36006212
v 6.06384516 16.15159279 -1.91629505
v 6.23046017 16.15326530 -1.56654620
v 6.57146978 15.99886793 -1.14460850
v 6.66009808 15.99941349 -0.78805423
v 6.53607941 16.07594877 -0.99725592
v 6.71628094 15.99919564 -0.42766082
v 6.61211538 16.07623464 -0.63819337
v 6.65619326 16.07833654 -0.21450473
v 6.36513662 16.15334582 -1.20876694
v 6.46718454 16.15183389 -0.84479123
v 6.53245211 16.15495366 -0.42380551
v 5.61119080 16.19997412 -2.47637367
v 5.81629086 16.22199303 -2.10825586
v 5.55038118 16.27315211 -2.32428050
v 5.73859787 16.29383373 -1.95020056
v 5.91413212 16.29652965 -1.59982908
v 5.25351286 16.32284832 -2.52845049
v 5.46050835 16.34501457 -2.16110682
v 5.15396070 16.39357746 -2.36075068
v 5.11435604 16.41400003 -2.30827856
v 5.34411240 16.41390157 -1.98995388
v 5.34503365 16.41400003 -1.98770905
v 5.34354496 16.41400003 -1.99022317
v 5.34389496 16.41400003 -1.98968482
v 5.63343859 16.36351526 -1.78281093
v 5.53416300 16.41400003 -1.65062499
v 5.57718420 16.41400003 -1.56123972
v 5.79795313 16.36539352 -1.42840755
v 6.00329113 16.22474349 -1.76388597
v 6.15965652 16.22599649 -1.40726101
v 5.69059849 16.41400003 -1.29557550
v 5.90603447 16.37691593 -1.03078151
v 5.75018215 16.41400003 -1.13219774
v 5.81248236 16.41400003 -0.92534429
v 5.86587572 16.41400003 -0.70412940
v 5.89563370 16.41400003 -0.53811312
v 5.92636776 16.41400003 -0.28438234
v 5.93499422 16.41400003 -0.13941202
v 6.28238106 16.22552723 -1.04618061
v 6.05884457 16.29686034 -1.24111998
v 6.35888720 16.23353809 -0.63856125
v 6.40300274 16.23565269 -0.21477032
v 6.15290499 16.30620825 -0.83723325
v 6.20828104 16.31264186 -0.42808262
v 5.97954273 16.38470078 -0.62272853
v 6.01636791 16.38861895 -0.21475574
v 0.00000000 15.60032731 5.08835793
v 0.45265463 15.55184898 5.02654409
v 0.45290989 15.63149920 5.10371256
v 0.00000000 15.68047217 5.15028238
v 0.45362380 15.71289125 5.15656757
v 0.90298885 15.58384639 5.02524137
v 1.34869421 15.61717072 4.99817848
v 0.90614337 15.66448250 5.09301615
v 0.90488350 15.74598685 5.13597918
v 1.35034728 15.69837412 5.05632353
v 0.00000000 15.76139349 5.18755579
v 0.00000000 15.84270400 5.19999981
v 0.45384079 15.79419589 5.18396997
v 0.00000000 15.92401451 5.18755579
v 0.45384079 15.89121211 5.18396997
v 0.45362380 15.97251678 5.15656757
v 0.90795934 15.84270400 5.15343761
v 1.36250091 15.79419291 5.09003019
v 0.90488350 15.93942112 5.13597918
v 1.36250091 15.89121509 5.09003019
v 1.79622817 15.56933671 4.86745739
v 2.21360373 15.60610622 4.80417347
v 1.78748584 15.65165123 4.94549370
v 1.80552542 15.74685875 4.99540472
v 2.25992513 15.69829091 4.86267853
v 3.08898044 15.60958877 4.51637936
v 2.62607431 15.56201994 4.63323402
v 2.68012643 15.65336049 4.70516253
v 2.71732783 15.74589148 4.74750900
v 3.13399482 15.70187154 4.57259130
v 1.81155193 15.84270400 5.01207876
v 2.27215242 15.79413289 4.89641380
v 1.80552542 15.93854922 4.99540472
v 2.27215242 15.89127511 4.89641380
v 2.72658300 15.84270400 4.76367855
v 3.15665102 15.79413617 4.60075188
v 2.71732783 15.93951654 4.74750900
v 3.15665102 15.89127183 4.60075188
v 0.00000000 16.00493586 5.15028238
v 0.00000000 16.08508068 5.08835793
v 0.45290989 16.05390882 5.10371256
v 0.00000000 16.16406542 5.00207949
v 0.45265463 16.13355905 5.02654409
v 0.90614337 16.02092552 5.09301615
v 1.35034728 15.98703390 5.05632353
v 1.34869421 16.06823725 4.99817848
v 0.90298885 16.10156161 5.02524137
v 0.90147495 16.18366104 4.92867327
v 1.35383999 16.15028727 4.91104937
v 0.00000000 16.24151206 4.89185953
v 0.44908836 16.21523446 4.92022896
v 0.44872084 16.29160845 4.79397774
v 0.00000000 16.41400003 4.54200172
v 0.22157481 16.41400003 4.53709745
v 0.44728720 16.41400003 4.52908468
v 0.00000000 16.31704986 4.75822592
v 0.00000000 16.39031732 4.60181761
v 0.44755504 16.36645329 4.64321899
v 0.89525652 16.26398110 4.80638409
v 1.34902966 16.23149723 4.79794645
v 0.86458838 16.41400003 4.49599504
v 0.88878769 16.41400003 4.49368191
v 0.89216256 16.41240740 4.49763250
v 0.90067893 16.41400003 4.49225664
v 1.27370775 16.41400003 4.43494892
v 1.33290362 16.38397753 4.50252962
v 1.65350878 16.41400003 4.36185837
v 1.49572062 16.41400003 4.39524555
v 0.89589095 16.33940363 4.66336298
v 1.33560324 16.30998826 4.66128540
v 1.78748584 16.03375679 4.94549370
v 2.25992513 15.98711705 4.86267853
v 2.21360373 16.07930177 4.80417347
v 1.79622817 16.11607128 4.86745739
v 2.21631694 16.16096151 4.71032524
v 3.08898044 16.07581919 4.51637936
v 2.68012643 16.03204751 4.70516253
v 3.13399482 15.98353648 4.57259130
v 3.02235413 16.16574383 4.43372869
v 2.62607431 16.12338805 4.63323402
v 3.12164593 16.41400003 3.86247516
v 1.79576266 16.19698447 4.76446962
v 1.78609180 16.27608144 4.63705826
v 2.20907211 16.24161363 4.59075212
v 1.76726496 16.35295701 4.48587608
v 1.91103041 16.41400003 4.30012894
v 2.06584764 16.40274549 4.29091072
v 2.04366326 16.41400003 4.26557922
v 2.19316769 16.31949413 4.44775200
v 2.41311312 16.41400003 4.14870977
v 2.13493109 16.41400003 4.23886585
v 2.48898578 16.36834896 4.24440908
v 2.62416172 16.20451152 4.52257156
v 2.60857344 16.28374934 4.38833952
v 3.01149368 16.24589354 4.30792332
v 3.30284309 16.29273975 4.08667421
v 2.90451670 16.33144665 4.17568302
v 2.77309132 16.41400003 4.01996231
v 2.77715111 16.41400003 4.01838827
v 2.78198147 16.41400003 4.01634312
v 3.18532300 16.37659681 3.94126415
v 6.65619326 15.60707149 0.21450473
v 6.61211538 15.60917336 0.63819337
v 6.53607941 15.60945925 0.99725592
v 6.73911047 15.68568045 0.00000000
v 6.71628094 15.68621239 0.42766082
v 6.66009808 15.68599451 0.78805423
v 6.57146978 15.68654004 1.14460850
v 5.88792324 15.61219007 2.39338636
v 5.88151932 15.68841237 2.51909661
v 6.27423763 15.60940123 1.71915376
v 6.42214155 15.60856932 1.36006212
v 6.09552670 15.61172321 2.06622291
v 6.28527117 15.68787730 1.86278975
v 6.44518805 15.68680185 1.50763309
v 6.09824371 15.68776757 2.19629073
v 6.77903795 15.76421624 0.21449162
v 6.74320364 15.76425380 0.57400197
v 6.80000019 15.84270400 0.00000000
v 6.78372669 15.84270400 0.35953626
v 6.67408514 15.76437724 0.93389881
v 6.57317305 15.76442140 1.28609359
v 6.73498440 15.84270400 0.71735168
v 6.65400648 15.84270400 1.07173359
v 6.77903795 15.92119175 0.21449162
v 6.74320364 15.92115426 0.57400197
v 6.67408514 15.92103076 0.93389881
v 6.57317305 15.92098665 1.28609359
v 6.43414545 15.76503813 1.64724350
v 6.54118061 15.84270400 1.42098594
v 6.39704704 15.84270400 1.76343703
v 6.26904774 15.76510167 1.98495185
v 6.07190180 15.76530331 2.31589818
v 6.22229528 15.84270400 2.09744787
v 6.01776171 15.84270400 2.42141962
v 6.43414545 15.92036986 1.64724350
v 6.26904774 15.92030632 1.98495185
v 6.07190180 15.92010468 2.31589818
v 5.09615850 15.54261282 3.17681456
v 4.46083879 15.60829049 3.78538418
v 4.78708124 15.57351759 3.49606085
v 5.09854221 15.62228414 3.29981208
v 4.50732517 15.70018154 3.84220862
v 5.06414366 15.70023856 3.41266561
v 4.77391577 15.65381250 3.60765839
v 4.82099009 15.74795017 3.64323282
v 3.47619486 15.56817225 4.30116558
v 4.12641096 15.56389049 3.94499207
v 3.83868718 15.61070925 4.16781902
v 3.53095770 15.65873706 4.36892509
v 3.56395102 15.75043613 4.40974855
v 3.88375354 15.70266801 4.22328091
v 4.18509960 15.65499920 4.01357079
v 4.21762896 15.74728119 4.05706263
v 4.53901625 15.79486775 3.86617780
v 5.09583187 15.79490888 3.43659520
v 4.83671570 15.84270400 3.65511656
v 4.53901625 15.89054024 3.86617780
v 5.09583187 15.89049911 3.43659520
v 4.82099009 15.93745780 3.64323282
v 3.57497168 15.84270400 4.42338419
v 3.90631270 15.79486996 4.25111961
v 4.23158264 15.84270400 4.07048512
v 3.56395102 15.93497187 4.40974855
v 3.90631270 15.89053804 4.25111961
v 4.21762896 15.93812680 4.05706263
v 5.39001465 15.59218910 2.97050858
v 5.64643860 15.56372306 2.62188911
v 5.64952326 15.63980669 2.75150204
v 5.37315655 15.66934571 3.09345579
v 5.33013248 15.74734652 3.20133853
v 5.62434673 15.71746704 2.86966705
v 5.34774256 15.84270400 3.21191502
v 5.84696531 15.76537311 2.63274980
v 5.57061052 15.79491091 2.97468901
v 5.78442526 15.84270400 2.73380184
v 5.33013248 15.93806148 3.20133853
v 5.84696531 15.92003489 2.63274980
v 5.57061052 15.89049709 2.97468901
v 5.62434673 15.96794099 2.86966705
v 5.02651787 16.41400003 2.41765547
v 6.73911047 15.99972755 0.00000000
v 6.71628094 15.99919564 0.42766082
v 6.65619326 16.07833654 0.21450473
v 6.61211538 16.07623464 0.63819337
v 6.66009808 15.99941349 0.78805423
v 6.57146978 15.99886793 1.14460850
v 6.53607941 16.07594877 0.99725592
v 6.55425644 16.15599591 0.00000000
v 6.53245211 16.15495366 0.42380551
v 6.36513662 16.15334582 1.20876694
v 6.46718454 16.15183389 0.84479123
v 5.88151932 15.99699563 2.51909661
v 5.88792324 16.07321793 2.39338636
v 5.86614561 16.14833689 2.25622058
v 6.28527117 15.99753070 1.86278975
v 6.27423763 16.07600677 1.71915376
v 6.44518805 15.99860615 1.50763309
v 6.42214155 16.07683867 1.36006212
v 6.09824371 15.99764043 2.19629073
v 6.09552670 16.07368481 2.06622291
v 6.23046017 16.15326530 1.56654620
v 6.06384516 16.15159279 1.91629505
v 5.93499422 16.41400003 0.13941202
v 5.92636776 16.41400003 0.28438234
v 5.89563370 16.41400003 0.53811312
v 5.86587572 16.41400003 0.70412940
v 5.81248236 16.41400003 0.92534429
v 5.69059849 16.41400003 1.29557550
v 5.90603447 16.37691593 1.03078151
v 5.75018215 16.41400003 1.13219774
v 6.35888720 16.23353809 0.63856125
v 6.40300274 16.23565269 0.21477032
v 6.28238106 16.22552723 1.04618061
v 6.05884457 16.29686034 1.24111998
v 6.22942591 16.31424248 0.00000000
v 6.20828104 16.31264186 0.42808262
v 6.01636791 16.38861895 0.21475574
v 5.97954273 16.38470078 0.62272853
v 6.15290499 16.30620825 0.83723325
v 5.91413212 16.29652965 1.59982908
v 5.81629086 16.22199303 2.10825586
v 5.61119080 16.19997412 2.47637367
v 5.73859787 16.29383373 1.95020056
v 5.55038118 16.27315211 2.32428050
v 5.57718420 16.41400003 1.56123972
v 5.79795313 16.36539352 1.42840755
v 5.63343859 16.36351526 1.78281093
v 5.53416300 16.41400003 1.65062499
v 5.46050835 16.34501457 2.16110682
v 5.25351286 16.32284832 2.52845049
v 5.34411240 16.41390157 1.98995388
v 5.34503365 16.41400003 1.98770905
v 5.34354496 16.41400003 1.99022317
v 5.34389496 16.41400003 1.98968482
v 5.15396070 16.39357746 2.36075068
v 5.11435604 16.41400003 2.30827856
v 6.15965652 16.22599649 1.40726101
v 6.00329113 16.22474349 1.76388597
v 4.50732517 15.98522645 3.84220862
v 4.46083879 16.07711750 3.78538418
v 5.06414366 15.98516941 3.41266561
v 4.77391577 16.03159553 3.60765839
v 5.09854221 16.06312382 3.29981208
v 5.09615850 16.14279521 3.17681456
v 4.46501350 16.15714419 3.66722798
v 4.78708124 16.11189044 3.49606085
v 4.77570677 16.19080538 3.36654186
v 3.53095770 16.02667093 4.36892509
v 3.88375354 15.98273998 4.22328091
v 4.18509960 16.03040880 4.01357079
v 3.83868718 16.07469875 4.16781902
v 3.47619486 16.11723572 4.30116558
v 3.77223301 16.16458303 4.08571768
v 4.12641096 16.12151754 3.94499207
v 4.11904192 16.20163387 3.82093000
v 4.09020662 16.27987969 3.67695522
v 4.24229765 16.41400003 3.17868257
v 3.65013003 16.32988870 3.82205749
v 3.51472831 16.41400003 3.66495681
v 3.52219820 16.41330898 3.66325021
v 3.52091813 16.41400003 3.66166544
v 3.52876425 16.41400003 3.65696979
v 3.97606683 16.36479783 3.53067899
v 3.89220762 16.41400003 3.42913866
v 4.11987877 16.41400003 3.26986980
v 5.06830168 16.22154188 3.03519559
v 5.01644278 16.29749894 2.87753320
v 4.73985147 16.26793599 3.21976519
v 4.44378090 16.23630130 3.53034782
v 4.63702583 16.41400003 2.83819962
v 4.57227278 16.41400003 2.90010357
v 4.43623400 16.41400003 3.01749849
v 4.27252722 16.39650249 3.22005630
v 4.67969847 16.34288669 3.05648327
v 4.85577202 16.41400003 2.61258006
v 4.93203354 16.36985707 2.71699262
v 4.39851189 16.31283247 3.37712979
v 3.40000010 16.20610797 4.20688820
v 3.75668383 16.24423164 3.95411110
v 5.37315655 16.01606232 3.09345579
v 5.64952326 16.04560131 2.75150204
v 5.39001465 16.09321886 2.97050858
v 5.37276268 16.17235959 2.83456683
v 5.64643860 16.12168491 2.62188911
v 5.32747173 16.24977994 2.68383241
v -3.28897384 15.74501735 0.00000000
v 3.28897384 15.74501735 0.00000000
v -3.28897384 13.31555865 0.00000000
v 3.28897384 13.31555865 0.00000000
v 0.00000000 13.77954397 4.06951347
v 0.00000000 15.28103203 4.06951347
v 0.00000000 13.77954397 -4.06951347
v 0.00000000 15.28103203 -4.06951347
v 5.32167146 14.53028800 -2.51509764
v 5.32167146 14.53028800 2.51509764
v -5.32167146 14.53028800 -2.51509764
v -5.32167146 14.53028800 2.51509764
v 0.00000000 15.95828800 0.00000000
v 0.00000000 13.10228800 0.00000000
v -1.93321032 13.37501173 2.39200000
v 1.93321032 13.37501173 2.39200000
v -1.93321032 15.68556427 2.39200000
v 1.93321032 15.68556427 2.39200000
v 0.00000000 14.53028800 4.78400000
v -1.93321032 13.37501173 -2.39200000
v 1.93321032 13.37501173 -2.39200000
v -1.93321032 15.68556427 -2.39200000
v 1.93321032 15.68556427 -2.39200000
v 0.00000000 14.53028800 -4.78400000
v 5.06121032 15.24428800 -1.47833730
v 5.06121032 13.81628800 -1.47833730
v 3.12800000 14.08901173 -3.87033730
v 3.12800000 14.97156427 -3.87033730
v 5.06121032 15.24428800 1.47833730
v 5.06121032 13.81628800 1.47833730
v 3.12800000 14.08901173 3.87033730
v 3.12800000 14.97156427 3.87033730
v 6.25600000 14.53028800 0.00000000
v -5.06121032 15.24428800 -1.47833730
v -5.06121032 13.81628800 -1.47833730
v -3.12800000 14.08901173 -3.87033730
v -3.12800000 14.97156427 -3.87033730
v -5.06121032 15.24428800 1.47833730
v -5.06121032 13.81628800 1.47833730
v -3.12800000 14.08901173 3.87033730
v -3.12800000 14.97156427 3.87033730
v -6.25600000 14.53028800 0.00000000
v -1.70955540 15.90393597 0.00000000
v 1.70955540 15.90393597 0.00000000
v -1.70955540 13.15664003 0.00000000
v 1.70955540 13.15664003 0.00000000
v -2.71440686 13.29839741 1.24332291
v -1.00485145 13.53956948 3.35859019
v -1.01634881 13.17217929 1.25754882
v 2.71440686 13.29839741 1.24332291
v 1.00485145 13.53956948 3.35859019
v 1.01634881 13.17217929 1.25754882
v 0.00000000 13.31555865 2.51509764
v -2.71440686 15.76217859 1.24332291
v -1.00485145 15.52100652 3.35859019
v -1.01634881 15.88839671 1.25754882
v 2.71440686 15.76217859 1.24332291
v 1.00485145 15.52100652 3.35859019
v 1.01634881 15.88839671 1.25754882
v 0.00000000 15.74501735 2.51509764
v 0.00000000 14.14006340 4.60191310
v 0.00000000 14.92051260 4.60191310
v -2.71440686 13.29839741 -1.24332291
v -1.00485145 13.53956948 -3.35859019
v -1.01634881 13.17217929 -1.25754882
v 2.71440686 13.29839741 -1.24332291
v 1.00485145 13.53956948 -3.35859019
v 1.01634881 13.17217929 -1.25754882
v 0.00000000 13.31555865 -2.51509764
v -2.71440686 15.76217859 -1.24332291
v -1.00485145 15.52100652 -3.35859019
v -1.01634881 15.88839671 -1.25754882
v 2.71440686 15.76217859 -1.24332291
v 1.00485145 15.52100652 -3.35859019
v 1.01634881 15.88839671 -1.25754882
v 0.00000000 15.74501735 -2.51509764
v 0.00000000 14.14006340 -4.60191310
v 0.00000000 14.92051260 -4.60191310
v 4.34029067 15.53281032 -0.76841582
v 5.39685401 14.90141365 -2.07572289
v 3.67718454 15.51302469 -2.03475673
v 4.34029067 13.52776568 -0.76841582
v 5.39685401 14.15916235 -2.07572289
v 3.67718454 13.54755131 -2.03475673
v 1.62588381 13.91069513 -4.12700601
v 4.39200256 14.30091973 -3.31904580
v 2.66083573 13.69093066 -3.29230555
v 1.64448692 14.29829534 -4.54985437
v 4.30532265 13.92292332 -2.81196465
v 1.62588381 15.14988087 -4.12700601
v 4.39200256 14.75965627 -3.31904580
v 2.66083573 15.36964534 -3.29230555
v 1.64448692 14.76228066 -4.54985437
v 4.30532265 15.13765268 -2.81196465
v 3.28897384 14.53028800 -4.06951347
v 4.34029067 15.53281032 0.76841582
v 5.39685401 14.90141365 2.07572289
v 3.67718454 15.51302469 2.03475673
v 5.32167146 15.28103203 0.00000000
v 4.34029067 13.52776568 0.76841582
v 5.39685401 14.15916235 2.07572289
v 3.67718454 13.54755131 2.03475673
v 5.32167146 13.77954397 0.00000000
v 1.62588381 13.91069513 4.12700601
v 4.39200256 14.30091973 3.31904580
v 2.66083573 13.69093066 3.29230555
v 1.64448692 14.29829534 4.54985437
v 4.30532265 13.92292332 2.81196465
v 1.62588381 15.14988087 4.12700601
v 4.39200256 14.75965627 3.31904580
v 2.66083573 15.36964534 3.29230555
v 1.64448692 14.76228066 4.54985437
v 4.30532265 15.13765268 2.81196465
v 3.28897384 14.53028800 4.06951347
v 6.01788637 14.53028800 -1.30730707
v 6.01788637 14.53028800 1.30730707
v 5.94980957 14.90566001 -0.77720791
v 5.94980957 14.15491599 -0.77720791
v 5.94980957 14.90566001 0.77720791
v 5.94980957 14.15491599 0.77720791
v -4.34029067 15.53281032 -0.76841582
v -5.39685401 14.90141365 -2.07572289
v -3.67718454 15.51302469 -2.03475673
v -4.34029067 13.52776568 -0.76841582
v -5.39685401 14.15916235 -2.07572289
v -3.67718454 13.54755131 -2.03475673
v -1.62588381 13.91069513 -4.12700601
v -4.39200256 14.30091973 -3.31904580
v -2.66083573 13.69093066 -3.29230555
v -1.64448692 14.29829534 -4.54985437
v -4.30532265 13.92292332 -2.81196465
v -1.62588381 15.14988087 -4.12700601
v -4.39200256 14.75965627 -3.31904580
v -2.66083573 15.36964534 -3.29230555
v -1.64448692 14.76228066 -4.54985437
v -4.30532265 15.13765268 -2.81196465
v -3.28897384 14.53028800 -4.06951347
v -4.34029067 15.53281032 0.76841582
v -5.39685401 14.90141365 2.07572289
v -3.67718454 15.51302469 2.03475673
v -5.32167146 15.28103203 0.00000000
v -4.34029067 13.52776568 0.76841582
v -5.39685401 14.15916235 2.07572289
v -3.67718454 13.54755131 2.03475673
v -5.32167146 13.77954397 0.00000000
v -1.62588381 13.91069513 4.12700601
v -4.39200256 14.30091973 3.31904580
v -2.66083573 13.69093066 3.29230555
v -1.64448692 14.29829534 4.54985437
v -4.30532265 13.92292332 2.81196465
v -1.62588381 15.14988087 4.12700601
v -4.39200256 14.75965627 3.31904580
v -2.66083573 15.36964534 3.29230555
v -1.64448692 14.76228066 4.54985437
v -4.30532265 15.13765268 2.81196465
v -3.28897384 14.53028800 4.06951347
v -6.01788637 14.53028800 -1.30730707
v -6.01788637 14.53028800 1.30730707
v -5.94980957 14.90566001 -0.77720791
v -5.94980957 14.15491599 -0.77720791
v -5.94980957 14.90566001 0.77720791
v -5.94980957 14.15491599 0.77720791
v -2.52339106 15.83697001 0.00000000
v -0.86302923 15.94463472 0.00000000
v 2.52339106 15.83697001 0.00000000
v 0.86302923 15.94463472 0.00000000
v -2.52339106 13.22360599 0.00000000
v -0.86302923 13.11594128 0.00000000
v 2.52339106 13.22360599 0.00000000
v 0.86302923 13.11594128 0.00000000
v -3.03066691 13.29516891 0.62766261
v -2.34624128 13.32518241 1.83520810
v -2.24107933 13.21038103 0.62983930
v -0.50727585 13.65115119 3.74990511
v -1.48321205 13.44693252 2.90305151
v -0.51450886 13.11986905 0.63661216
v -1.49316288 13.25793068 1.84752045
v -1.37705212 13.15027937 0.63527921
v -1.88467555 13.22189132 1.26337188
v 3.03066691 13.29516891 0.62766261
v 2.34624128 13.32518241 1.83520810
v 2.24107933 13.21038103 0.62983930
v 0.50727585 13.65115119 3.74990511
v 1.48321205 13.44693252 2.90305151
v 0.00000000 13.52653676 3.40277182
v 0.51450886 13.11986905 0.63661216
v 1.49316288 13.25793068 1.84752045
v 1.37705212 13.15027937 0.63527921
v 0.00000000 13.15389412 1.27448009
v 1.88467555 13.22189132 1.26337188
v -0.97865401 13.33051398 2.48413261
v 0.97865401 13.33051398 2.48413261
v -0.50762342 13.41615616 2.96722616
v -0.51501632 13.22654900 1.91172014
v 0.50762342 13.41615616 2.96722616
v 0.51501632 13.22654900 1.91172014
v -3.03066691 15.76540709 0.62766261
v -2.34624128 15.73539359 1.83520810
v -2.24107933 15.85019497 0.62983930
v -0.50727585 15.40942481 3.74990511
v -1.48321205 15.61364348 2.90305151
v -0.51450886 15.94070695 0.63661216
v -1.49316288 15.80264532 1.84752045
v -1.37705212 15.91029663 0.63527921
v -1.88467555 15.83868468 1.26337188
v 3.03066691 15.76540709 0.62766261
v 2.34624128 15.73539359 1.83520810
v 2.24107933 15.85019497 0.62983930
v 0.50727585 15.40942481 3.74990511
v 1.48321205 15.61364348 2.90305151
v 0.00000000 15.53403924 3.40277182
v 0.51450886 15.94070695 0.63661216
v 1.49316288 15.80264532 1.84752045
v 1.37705212 15.91029663 0.63527921
v 0.00000000 15.90668188 1.27448009
v 1.88467555 15.83868468 1.26337188
v -0.97865401 15.73006202 2.48413261
v 0.97865401 15.73006202 2.48413261
v -0.50762342 15.64441984 2.96722616
v -0.51501632 15.83402700 1.91172014
v 0.50762342 15.64441984 2.96722616
v 0.51501632 15.83402700 1.91172014
v 0.00000000 13.95429656 4.37756773
v 0.00000000 14.33329220 4.73825961
v 0.00000000 15.10627944 4.37756773
v 0.00000000 14.72728380 4.73825961
v -3.03066691 13.29516891 -0.62766261
v -2.34624128 13.32518241 -1.83520810
v -2.24107933 13.21038103 -0.62983930
v -0.50727585 13.65115119 -3.74990511
v -1.48321205 13.44693252 -2.90305151
v -0.51450886 13.11986905 -0.63661216
v -1.49316288 13.25793068 -1.84752045
v -1.37705212 13.15027937 -0.63527921
v -1.88467555 13.22189132 -1.26337188
v 3.03066691 13.29516891 -0.62766261
v 2.34624128 13.32518241 -1.83520810
v 2.24107933 13.21038103 -0.62983930
v 0.50727585 13.65115119 -3.74990511
v 1.48321205 13.44693252 -2.90305151
v 0.00000000 13.52653676 -3.40277182
v 0.51450886 13.11986905 -0.63661216
v 1.49316288 13.25793068 -1.84752045
v 1.37705212 13.15027937 -0.63527921
v 0.00000000 13.15389412 -1.27448009
v 1.88467555 13.22189132 -1.26337188
v -0.97865401 13.33051398 -2.48413261
v 0.97865401 13.33051398 -2.48413261
v -0.50762342 13.41615616 -2.96722616
v -0.51501632 13.22654900 -1.91172014
v 0.50762342 13.41615616 -2.96722616
v 0.51501632 13.22654900 -1.91172014
v -3.03066691 15.76540709 -0.62766261
v -2.34624128 15.73539359 -1.83520810
v -2.24107933 15.85019497 -0.62983930
v -0.50727585 15.40942481 -3.74990511
v -1.48321205 15.61364348 -2.90305151
v -0.51450886 15.94070695 -0.63661216
v -1.49316288 15.80264532 -1.84752045
v -1.37705212 15.91029663 -0.63527921
v -1.88467555 15.83868468 -1.26337188
v 3.03066691 15.76540709 -0.62766261
v 2.34624128 15.73539359 -1.83520810
v 2.24107933 15.85019497 -0.62983930
v 0.50727585 15.40942481 -3.74990511
v 1.48321205 15.61364348 -2.90305151
v 0.00000000 15.53403924 -3.40277182
v 0.51450886 15.94070695 -0.63661216
v 1.49316288 15.80264532 -1.84752045
v 1.37705212 15.91029663 -0.63527921
v 0.00000000 15.90668188 -1.27448009
v 1.88467555 15.83868468 -1.26337188
v -0.97865401 15.73006202 -2.48413261
v 0.97865401 15.73006202 -2.48413261
v -0.50762342 15.64441984 -2.96722616
v -0.51501632 15.83402700 -1.91172014
v 0.50762342 15.64441984 -2.96722616
v 0.51501632 15.83402700 -1.91172014
v 0.00000000 13.95429656 -4.37756773
v 0.00000000 14.33329220 -4.73825961
v 0.00000000 15.10627944 -4.37756773
v 0.00000000 14.72728380 -4.73825961
v 3.85145648 15.64961586 -0.38791683
v 4.74612879 15.39683431 -1.13422098
v 3.57375038 15.66219110 -1.01910139
v 5.41099793 14.71764214 -2.31756882
v 5.27951019 15.07808841 -1.79418451
v 2.84016457 15.61261978 -2.24096841
v 4.42366002 15.38923136 -1.77844260
v 3.22885686 15.64905703 -1.65599602
v 4.05020881 15.53318646 -1.41608597
v 3.85145648 13.41096014 -0.38791683
v 4.74612879 13.66374169 -1.13422098
v 3.57375038 13.39838490 -1.01910139
v 5.41099793 14.34293386 -2.31756882
v 5.27951019 13.98248759 -1.79418451
v 2.84016457 13.44795622 -2.24096841
v 4.42366002 13.67134464 -1.77844260
v 3.22885686 13.41151897 -1.65599602
v 4.05020881 13.52738954 -1.41608597
v 0.82078957 13.83850534 -4.13782194
v 2.39988751 13.99473293 -4.03727249
v 1.33267105 13.71454063 -3.79203391
v 0.82363600 14.01873728 -4.42187321
v 4.90372207 14.41449677 -2.94523143
v 3.79629813 14.19172873 -3.62939260
v 4.95881358 14.22609135 -2.73286794
v 2.32565570 13.52053952 -2.87758057
v 2.93049715 13.88198957 -3.62596305
v 1.85180473 13.60578382 -3.35985031
v 3.21167676 13.60697491 -2.69939215
v 2.16553326 13.79326633 -3.74803292
v 0.83249283 14.41284576 -4.72510102
v 2.41598828 14.18945734 -4.26257521
v 0.83074974 14.21596088 -4.62322219
v 1.65210169 14.10009032 -4.38331213
v 4.74164399 13.86137017 -2.17189055
v 3.76298997 13.99943181 -3.38279884
v 4.90127382 14.03598149 -2.46912583
v 4.04499067 13.72453299 -2.45598811
v 4.39365040 14.10759344 -3.09721850
v 3.52997435 13.79718787 -3.09322816
v 0.82078957 15.22207066 -4.13782194
v 2.39988751 15.06584307 -4.03727249
v 1.33267105 15.34603537 -3.79203391
v 0.82363600 15.04183872 -4.42187321
v 4.90372207 14.64607923 -2.94523143
v 3.79629813 14.86884727 -3.62939260
v 4.95881358 14.83448465 -2.73286794
v 4.44977853 14.53028800 -3.36270723
v 2.32565570 15.54003648 -2.87758057
v 2.93049715 15.17858643 -3.62596305
v 1.85180473 15.45479218 -3.35985031
v 3.21167676 15.45360109 -2.69939215
v 2.16553326 15.26730967 -3.74803292
v 0.83249283 14.64773024 -4.72510102
v 2.41598828 14.87111866 -4.26257521
v 0.83074974 14.84461512 -4.62322219
v 1.66662781 14.53028800 -4.61111228
v 1.65210169 14.96048568 -4.38331213
v 4.74164399 15.19920583 -2.17189055
v 3.76298997 15.06114419 -3.38279884
v 4.90127382 15.02459451 -2.46912583
v 4.04499067 15.33604301 -2.45598811
v 4.39365040 14.95298256 -3.09721850
v 3.52997435 15.26338813 -3.09322816
v 3.24848111 14.30689958 -4.01941100
v 3.24848111 14.75367642 -4.01941100
v 3.88021883 14.41441744 -3.73249771
v 2.49994172 14.41272993 -4.36770825
v 3.88021883 14.64615856 -3.73249771
v 2.49994172 14.64784607 -4.36770825
v 3.85145648 15.64961586 0.38791683
v 4.74612879 15.39683431 1.13422098
v 3.57375038 15.66219110 1.01910139
v 4.39738638 15.54599832 0.00000000
v 5.41099793 14.71764214 2.31756882
v 5.27951019 15.07808841 1.79418451
v 2.84016457 15.61261978 2.24096841
v 4.42366002 15.38923136 1.77844260
v 3.22885686 15.64905703 1.65599602
v 4.05020881 15.53318646 1.41608597
v 5.25615285 15.27178912 -0.74838248
v 5.25615285 15.27178912 0.74838248
v 4.88095854 15.41599012 -0.38818262
v 4.88095854 15.41599012 0.38818262
v 3.85145648 13.41096014 0.38791683
v 4.74612879 13.66374169 1.13422098
v 3.57375038 13.39838490 1.01910139
v 4.39738638 13.51457768 0.00000000
v 5.41099793 14.34293386 2.31756882
v 5.27951019 13.98248759 1.79418451
v 2.84016457 13.44795622 2.24096841
v 4.42366002 13.67134464 1.77844260
v 3.22885686 13.41151897 1.65599602
v 4.05020881 13.52738954 1.41608597
v 5.25615285 13.78878688 -0.74838248
v 5.25615285 13.78878688 0.74838248
v 4.88095854 13.64458588 -0.38818262
v 4.88095854 13.64458588 0.38818262
v 0.82078957 13.83850534 4.13782194
v 2.39988751 13.99473293 4.03727249
v 1.33267105 13.71454063 3.79203391
v 0.82363600 14.01873728 4.42187321
v 4.90372207 14.41449677 2.94523143
v 3.79629813 14.19172873 3.62939260
v 4.95881358 14.22609135 2.73286794
v 2.32565570 13.52053952 2.87758057
v 2.93049715 13.88198957 3.62596305
v 1.85180473 13.60578382 3.35985031
v 3.21167676 13.60697491 2.69939215
v 2.16553326 13.79326633 3.74803292
v 0.83249283 14.41284576 4.72510102
v 2.41598828 14.18945734 4.26257521
v 0.83074974 14.21596088 4.62322219
v 1.65210169 14.10009032 4.38331213
v 4.74164399 13.86137017 2.17189055
v 3.76298997 13.99943181 3.38279884
v 4.90127382 14.03598149 2.46912583
v 4.04499067 13.72453299 2.45598811
v 4.39365040 14.10759344 3.09721850
v 3.52997435 13.79718787 3.09322816
v 0.82078957 15.22207066 4.13782194
v 2.39988751 15.06584307 4.03727249
v 1.33267105 15.34603537 3.79203391
v 0.82363600 15.04183872 4.42187321
v 4.90372207 14.64607923 2.94523143
v 3.79629813 14.86884727 3.62939260
v 4.95881358 14.83448465 2.73286794
v 4.44977853 14.53028800 3.36270723
v 2.32565570 15.54003648 2.87758057
v 2.93049715 15.17858643 3.62596305
v 1.85180473 15.45479218 3.35985031
v 3.21167676 15.45360109 2.69939215
v 2.16553326 15.26730967 3.74803292
v 0.83249283 14.64773024 4.72510102
v 2.41598828 14.87111866 4.26257521
v 0.83074974 14.84461512 4.62322219
v 1.66662781 14.53028800 4.61111228
v 1.65210169 14.96048568 4.38331213
v 4.74164399 15.19920583 2.17189055
v 3.76298997 15.06114419 3.38279884
v 4.90127382 15.02459451 2.46912583
v 4.04499067 15.33604301 2.45598811
v 4.39365040 14.95298256 3.09721850
v 3.52997435 15.26338813 3.09322816
v 3.24848111 14.30689958 4.01941100
v 3.24848111 14.75367642 4.01941100
v 3.88021883 14.41441744 3.73249771
v 2.49994172 14.41272993 4.36770825
v 3.88021883 14.64615856 3.73249771
v 2.49994172 14.64784607 4.36770825
v 5.72451164 14.53028800 -1.92965199
v 6.19618565 14.53028800 -0.65996353
v 5.78244958 14.71829187 -1.71376655
v 5.78244958 14.34228413 -1.71376655
v 5.72451164 14.53028800 1.92965199
v 6.19618565 14.53028800 0.65996353
v 5.78244958 14.71829187 1.71376655
v 5.78244958 14.34228413 1.71376655
v 5.57413682 15.08176359 -1.14183043
v 6.17897826 14.72031354 -0.39344795
v 5.73202356 14.90739817 -1.44122248
v 5.71161848 15.10092687 -0.39383601
v 6.04575209 14.71991566 -1.05303986
v 5.57413682 13.97881241 -1.14183043
v 6.17897826 14.34026246 -0.39344795
v 5.73202356 14.15317783 -1.44122248
v 5.71161848 13.95964913 -0.39383601
v 6.04575209 14.34066034 -1.05303986
v 5.57413682 15.08176359 1.14183043
v 6.17897826 14.72031354 0.39344795
v 5.73202356 14.90739817 1.44122248
v 5.71161848 15.10092687 0.39383601
v 6.04575209 14.71991566 1.05303986
v 6.02991606 14.91071391 0.00000000
v 5.57413682 13.97881241 1.14183043
v 6.17897826 14.34026246 0.39344795
v 5.73202356 14.15317783 1.44122248
v 5.71161848 13.95964913 0.39383601
v 6.04575209 14.34066034 1.05303986
v 6.02991606 14.14986209 0.00000000
v -3.85145648 15.64961586 -0.38791683
v -4.74612879 15.39683431 -1.13422098
v -3.57375038 15.66219110 -1.01910139
v -5.41099793 14.71764214 -2.31756882
v -5.27951019 15.07808841 -1.79418451
v -2.84016457 15.61261978 -2.24096841
v -4.42366002 15.38923136 -1.77844260
v -3.22885686 15.64905703 -1.65599602
v -4.05020881 15.53318646 -1.41608597
v -3.85145648 13.41096014 -0.38791683
v -4.74612879 13.66374169 -1.13422098
v -3.57375038 13.39838490 -1.01910139
v -5.41099793 14.34293386 -2.31756882
v -5.27951019 13.98248759 -1.79418451
v -2.84016457 13.44795622 -2.24096841
v -4.42366002 13.67134464 -1.77844260
v -3.22885686 13.41151897 -1.65599602
v -4.05020881 13.52738954 -1.41608597
v -0.82078957 13.83850534 -4.13782194
v -2.39988751 13.99473293 -4.03727249
v -1.33267105 13.71454063 -3.79203391
v -0.82363600 14.01873728 -4.42187321
v -4.90372207 14.41449677 -2.94523143
v -3.79629813 14.19172873 -3.62939260
v -4.95881358 14.22609135 -2.73286794
v -2.32565570 13.52053952 -2.87758057
v -2.93049715 13.88198957 -3.62596305
v -1.85180473 13.60578382 -3.35985031
v -3.21167676 13.60697491 -2.69939215
v -2.16553326 13.79326633 -3.74803292
v -0.83249283 14.41284576 -4.72510102
v -2.41598828 14.18945734 -4.26257521
v -0.83074974 14.21596088 -4.62322219
v -1.65210169 14.10009032 -4.38331213
v -4.74164399 13.86137017 -2.17189055
v -3.76298997 13.99943181 -3.38279884
v -4.90127382 14.03598149 -2.46912583
v -4.04499067 13.72453299 -2.45598811
v -4.39365040 14.10759344 -3.09721850
v -3.52997435 13.79718787 -3.09322816
v -0.82078957 15.22207066 -4.13782194
v -2.39988751 15.06584307 -4.03727249
v -1.33267105 15.34603537 -3.79203391
v -0.82363600 15.04183872 -4.42187321
v -4.90372207 14.64607923 -2.94523143
v -3.79629813 14.86884727 -3.62939260
v -4.95881358 14.83448465 -2.73286794
v -4.44977853 14.53028800 -3.36270723
v -2.32565570 15.54003648 -2.87758057
v -2.93049715 15.17858643 -3.62596305
v -1.85180473 15.45479218 -3.35985031
v -3.21167676 15.45360109 -2.69939215
v -2.16553326 15.26730967 -3.74803292
v -0.83249283 14.64773024 -4.72510102
v -2.41598828 14.87111866 -4.26257521
v -0.83074974 14.84461512 -4.62322219
v -1.66662781 14.53028800 -4.61111228
v -1.65210169 14.96048568 -4.38331213
v -4.74164399 15.19920583 -2.17189055
v -3.76298997 15.06114419 -3.38279884
v -4.90127382 15.02459451 -2.46912583
v -4.04499067 15.33604301 -2.45598811
v -4.39365040 14.95298256 -3.09721850
v -3.52997435 15.26338813 -3.09322816
v -3.24848111 14.30689958 -4.01941100
v -3.24848111 14.75367642 -4.01941100
v -3.88021883 14.41441744 -3.73249771
v -2.49994172 14.41272993 -4.36770825
v -3.88021883 14.64615856 -3.73249771
v -2.49994172 14.64784607 -4.36770825
v -3.85145648 15.64961586 0.38791683
v -4.74612879 15.39683431 1.13422098
v -3.57375038 15.66219110 1.01910139
v -4.39738638 15.54599832 0.00000000
v -5.41099793 14.71764214 2.31756882
v -5.27951019 15.07808841 1.79418451
v -2.84016457 15.61261978 2.24096841
v -4.42366002 15.38923136 1.77844260
v -3.22885686 15.64905703 1.65599602
v -4.05020881 15.53318646 1.41608597
v -5.25615285 15.27178912 -0.74838248
v -5.25615285 15.27178912 0.74838248
v -4.88095854 15.41599012 -0.38818262
v -4.88095854 15.41599012 0.38818262
v -3.85145648 13.41096014 0.38791683
v -4.74612879 13.66374169 1.13422098
v -3.57375038 13.39838490 1.01910139
v -4.39738638 13.51457768 0.00000000
v -5.41099793 14.34293386 2.31756882
v -5.27951019 13.98248759 1.79418451
v -2.84016457 13.44795622 2.24096841
v -4.42366002 13.67134464 1.77844260
v -3.22885686 13.41151897 1.65599602
v -4.05020881 13.52738954 1.41608597
v -5.25615285 13.78878688 -0.74838248
v -5.25615285 13.78878688 0.74838248
v -4.88095854 13.64458588 -0.38818262
v -4.88095854 13.64458588 0.38818262
v -0.82078957 13.83850534 4.13782194
v -2.39988751 13.99473293 4.03727249
v -1.33267105 13.71454063 3.79203391
v -0.82363600 14.01873728 4.42187321
v -4.90372207 14.41449677 2.94523143
v -3.79629813 14.19172873 3.62939260
v -4.95881358 14.22609135 2.73286794
v -2.32565570 13.52053952 2.87758057
v -2.93049715 13.88198957 3.62596305
v -1.85180473 13.60578382 3.35985031
v -3.21167676 13.60697491 2.69939215
v -2.16553326 13.79326633 3.74803292
v -0.83249283 14.41284576 4.72510102
v -2.41598828 14.18945734 4.26257521
v -0.83074974 14.21596088 4.62322219
v -1.65210169 14.10009032 4.38331213
v -4.74164399 13.86137017 2.17189055
v -3.76298997 13.99943181 3.38279884
v -4.90127382 14.03598149 2.46912583
v -4.04499067 13.72453299 2.45598811
v -4.39365040 14.10759344 3.09721850
v -3.52997435 13.79718787 3.09322816
v -0.82078957 15.22207066 4.13782194
v -2.39988751 15.06584307 4.03727249
v -1.33267105 15.34603537 3.79203391
v -0.82363600 15.04183872 4.42187321
v -4.90372207 14.64607923 2.94523143
v -3.79629813 14.86884727 3.62939260
v -4.95881358 14.83448465 2.73286794
v -4.44977853 14.53028800 3.36270723
v -2.32565570 15.54003648 2.87758057
v -2.93049715 15.17858643 3.62596305
v -1.85180473 15.45479218 3.35985031
v -3.21167676 15.45360109 2.69939215
v -2.16553326 15.26730967 3.74803292
v -0.83249283 14.64773024 4.72510102
v -2.41598828 14.87111866 4.26257521
v -0.83074974 14.84461512 4.62322219
v -1.66662781 14.53028800 4.61111228
v -1.65210169 14.96048568 4.38331213
v -4.74164399 15.19920583 2.17189055
v -3.76298997 15.06114419 3.38279884
v -4.90127382 15.02459451 2.46912583
v -4.04499067 15.33604301 2.45598811
v -4.39365040 14.95298256 3.09721850
v -3.52997435 15.26338813 3.09322816
v -3.24848111 14.30689958 4.01941100
v -3.24848111 14.75367642 4.01941100
v -3.88021883 14.41441744 3.73249771
v -2.49994172 14.41272993 4.36770825
v -3.88021883 14.64615856 3.73249771
v -2.49994172 14.64784607 4.36770825
v -5.72451164 14.53028800 -1.92965199
v -6.19618565 14.53028800 -0.65996353
v -5.78244958 14.71829187 -1.71376655
v -5.78244958 14.34228413 -1.71376655
v -5.72451164 14.53028800 1.92965199
v -6.19618565 14.53028800 0.65996353
v -5.78244958 14.71829187 1.71376655
v -5.78244958 14.34228413 1.71376655
v -5.57413682 15.08176359 -1.14183043
v -6.17897826 14.72031354 -0.39344795
v -5.73202356 14.90739817 -1.44122248
v -5.71161848 15.10092687 -0.39383601
v -6.04575209 14.71991566 -1.05303986
v -5.57413682 13.97881241 -1.14183043
v -6.17897826 14.34026246 -0.39344795
v -5.73202356 14.15317783 -1.44122248
v -5.71161848 13.95964913 -0.39383601
v -6.04575209 14.34066034 -1.05303986
v -5.57413682 15.08176359 1.14183043
v -6.17897826 14.72031354 0.39344795
v -5.73202356 14.90739817 1.44122248
v -5.71161848 15.10092687 0.39383601
v -6.04575209 14.71991566 1.05303986
v -6.02991606 14.91071391 0.00000000
v -5.57413682 13.97881241 1.14183043
v -6.17897826 14.34026246 0.39344795
v -5.73202356 14.15317783 1.44122248
v -5.71161848 13.95964913 0.39383601
v -6.04575209 14.34066034 1.05303986
v -6.02991606 14.14986209 0.00000000
v -2.91315404 15.79401797 0.00000000
v -2.12155041 15.87366789 0.00000000
v -0.43254977 15.95487059 0.00000000
v -1.28937798 15.92762939 0.00000000
v 2.91315404 15.79401797 0.00000000
v 2.12155041 15.87366789 0.00000000
v 0.43254977 15.95487059 0.00000000
v 1.28937798 15.92762939 0.00000000
v -2.91315404 13.26655803 0.00000000
v -2.12155041 13.18690811 0.00000000
v -0.43254977 13.10570541 0.00000000
v -1.28937798 13.13294661 0.00000000
v 2.91315404 13.26655803 0.00000000
v 2.12155041 13.18690811 0.00000000
v 0.43254977 13.10570541 0.00000000
v 1.28937798 13.13294661 0.00000000
v -3.16740042 13.30242533 0.31458415
v -2.87942777 13.29382412 0.93773690
v -2.78620372 13.25518866 0.31486814
v -2.14485875 13.34726593 2.11867434
v -2.53639402 13.30886688 1.54295802
v -1.98176064 13.17911748 0.31594688
v -2.48582523 13.25022737 0.93963613
v -2.38804981 13.21378800 0.31568831
v -2.64230682 13.24965679 0.63028562
v -0.25424637 13.71339264 3.91908823
v -0.75787736 13.59311755 3.56277388
v -1.71230898 13.40828701 2.65387686
v -1.24701604 13.49076327 3.13833133
v -0.25804991 13.10669005 0.31929035
v -0.76779569 13.14174375 0.95000905
v -0.69056851 13.11421519 0.31913768
v -1.71848411 13.31271785 2.12631495
v -1.25863580 13.21098803 1.55733538
v -1.92471746 13.28832026 1.84617500
v -1.54726958 13.14992168 0.31845584
v -1.19977562 13.15771128 0.94884601
v -1.12355208 13.12873007 0.31863543
v -1.81379856 13.17679847 0.63421414
v -0.94808989 13.13166740 0.63749853
v -2.30545031 13.25688049 1.25656811
v -1.45423955 13.19360926 1.26369934
v -2.12209053 13.26959686 1.55414712
v -2.06827429 13.21269812 0.94908207
v -1.69304319 13.23676017 1.55924423
v -1.63625930 13.18163826 0.95246624
v 3.16740042 13.30242533 0.31458415
v 2.87942777 13.29382412 0.93773690
v 2.78620372 13.25518866 0.31486814
v 2.14485875 13.34726593 2.11867434
v 2.53639402 13.30886688 1.54295802
v 1.98176064 13.17911748 0.31594688
v 2.48582523 13.25022737 0.93963613
v 2.38804981 13.21378800 0.31568831
v 2.64230682 13.24965679 0.63028562
v 0.25424637 13.71339264 3.91908823
v 0.75787736 13.59311755 3.56277388
v 0.00000000 13.64824671 3.76229403
v 1.71230898 13.40828701 2.65387686
v 1.24701604 13.49076327 3.13833133
v -0.50406459 13.52980025 3.39170843
v 0.50406459 13.52980025 3.39170843
v -0.25425701 13.58654608 3.58506767
v 0.25425701 13.58654608 3.58506767
v 0.25804991 13.10669005 0.31929035
v 0.76779569 13.14174375 0.95000905
v 0.69056851 13.11421519 0.31913768
v 0.00000000 13.11507480 0.63877611
v 1.71848411 13.31271785 2.12631495
v 1.25863580 13.21098803 1.55733538
v 1.92471746 13.28832026 1.84617500
v 1.54726958 13.14992168 0.31845584
v 1.19977562 13.15771128 0.94884601
v 1.12355208 13.12873007 0.31863543
v 1.81379856 13.17679847 0.63421414
v 0.94808989 13.13166740 0.63749853
v -0.50987061 13.15847303 1.27024022
v 0.50987061 13.15847303 1.27024022
v -0.25806569 13.13248743 0.95855947
v 0.25806569 13.13248743 0.95855947
v 2.30545031 13.25688049 1.25656811
v 1.45423955 13.19360926 1.26369934
v 2.12209053 13.26959686 1.55414712
v 2.06827429 13.21269812 0.94908207
v 1.69304319 13.23676017 1.55924423
v 1.63625930 13.18163826 0.95246624
v -1.46043420 13.34912171 2.44560529
v -0.49084010 13.31930325 2.50734443
v -1.23414895 13.38574081 2.70062930
v -1.24010950 13.29002074 2.17318854
v 1.46043420 13.34912171 2.44560529
v 0.49084010 13.31930325 2.50734443
v 1.23414895 13.38574081 2.70062930
v 1.24010950 13.29002074 2.17318854
v -0.75818074 13.47515841 3.17103587
v -0.25446393 13.36286518 2.74820584
v -0.99853844 13.42809970 2.94434071
v -0.25447573 13.46857608 3.19333151
v -0.74495331 13.37051004 2.73233492
v -0.76823830 13.19492172 1.58992375
v -0.25836768 13.26685069 2.22079691
v -1.00725602 13.23817794 1.88554773
v -0.25838521 13.18565742 1.59852606
v -0.74919033 13.27458404 2.20485760
v 0.75818074 13.47515841 3.17103587
v 0.25446393 13.36286518 2.74820584
v 0.99853844 13.42809970 2.94434071
v 0.25447573 13.46857608 3.19333151
v 0.74495331 13.37051004 2.73233492
v 0.00000000 13.41247023 2.97704277
v 0.76823830 13.19492172 1.58992375
v 0.25836768 13.26685069 2.22079691
v 1.00725602 13.23817794 1.88554773
v 0.25838521 13.18565742 1.59852606
v 0.74919033 13.27458404 2.20485760
v 0.00000000 13.22210859 1.91823128
v -3.16740042 15.75815067 0.31458415
v -2.87942777 15.76675188 0.93773690
v -2.78620372 15.80538734 0.31486814
v -2.14485875 15.71331007 2.11867434
v -2.53639402 15.75170912 1.54295802
v -1.98176064 15.88145852 0.31594688
v -2.48582523 15.81034863 0.93963613
v -2.38804981 15.84678800 0.31568831
v -2.64230682 15.81091921 0.63028562
v -0.25424637 15.34718336 3.91908823
v -0.75787736 15.46745845 3.56277388
v -1.71230898 15.65228899 2.65387686
v -1.24701604 15.56981273 3.13833133
v -0.25804991 15.95388595 0.31929035
v -0.76779569 15.91883225 0.95000905
v -0.69056851 15.94636081 0.31913768
v -1.71848411 15.74785815 2.12631495
v -1.25863580 15.84958797 1.55733538
v -1.92471746 15.77225574 1.84617500
v -1.54726958 15.91065432 0.31845584
v -1.19977562 15.90286472 0.94884601
v -1.12355208 15.93184593 0.31863543
v -1.81379856 15.88377753 0.63421414
v -0.94808989 15.92890860 0.63749853
v -2.30545031 15.80369551 1.25656811
v -1.45423955 15.86696674 1.26369934
v -2.12209053 15.79097914 1.55414712
v -2.06827429 15.84787788 0.94908207
v -1.69304319 15.82381583 1.55924423
v -1.63625930 15.87893774 0.95246624
v 3.16740042 15.75815067 0.31458415
v 2.87942777 15.76675188 0.93773690
v 2.78620372 15.80538734 0.31486814
v 2.14485875 15.71331007 2.11867434
v 2.53639402 15.75170912 1.54295802
v 1.98176064 15.88145852 0.31594688
v 2.48582523 15.81034863 0.93963613
v 2.38804981 15.84678800 0.31568831
v 2.64230682 15.81091921 0.63028562
v 0.25424637 15.34718336 3.91908823
v 0.75787736 15.46745845 3.56277388
v 0.00000000 15.41232929 3.76229403
v 1.71230898 15.65228899 2.65387686
v 1.24701604 15.56981273 3.13833133
v -0.50406459 15.53077575 3.39170843
v 0.50406459 15.53077575 3.39170843
v -0.25425701 15.47402992 3.58506767
v 0.25425701 15.47402992 3.58506767
v 0.25804991 15.95388595 0.31929035
v 0.76779569 15.91883225 0.95000905
v 0.69056851 15.94636081 0.31913768
v 0.00000000 15.94550120 0.63877611
v 1.71848411 15.74785815 2.12631495
v 1.25863580 15.84958797 1.55733538
v 1.92471746 15.77225574 1.84617500
v 1.54726958 15.91065432 0.31845584
v 1.19977562 15.90286472 0.94884601
v 1.12355208 15.93184593 0.31863543
v 1.81379856 15.88377753 0.63421414
v 0.94808989 15.92890860 0.63749853
v -0.50987061 15.90210297 1.27024022
v 0.50987061 15.90210297 1.27024022
v -0.25806569 15.92808857 0.95855947
v 0.25806569 15.92808857 0.95855947
v 2.30545031 15.80369551 1.25656811
v 1.45423955 15.86696674 1.26369934
v 2.12209053 15.79097914 1.55414712
v 2.06827429 15.84787788 0.94908207
v 1.69304319 15.82381583 1.55924423
v 1.63625930 15.87893774 0.95246624
v -1.46043420 15.71145429 2.44560529
v -0.49084010 15.74127275 2.50734443
v -1.23414895 15.67483519 2.70062930
v -1.24010950 15.77055526 2.17318854
v 1.46043420 15.71145429 2.44560529
v 0.49084010 15.74127275 2.50734443
v 1.23414895 15.67483519 2.70062930
v 1.24010950 15.77055526 2.17318854
v -0.75818074 15.58541759 3.17103587
v -0.25446393 15.69771082 2.74820584
v -0.99853844 15.63247630 2.94434071
v -0.25447573 15.59199992 3.19333151
v -0.74495331 15.69006596 2.73233492
v -0.76823830 15.86565428 1.58992375
v -0.25836768 15.79372531 2.22079691
v -1.00725602 15.82239806 1.88554773
v -0.25838521 15.87491858 1.59852606
v -0.74919033 15.78599196 2.20485760
v 0.75818074 15.58541759 3.17103587
v 0.25446393 15.69771082 2.74820584
v 0.99853844 15.63247630 2.94434071
v 0.25447573 15.59199992 3.19333151
v 0.74495331 15.69006596 2.73233492
v 0.00000000 15.64810577 2.97704277
v 0.76823830 15.86565428 1.58992375
v 0.25836768 15.79372531 2.22079691
v 1.00725602 15.82239806 1.88554773
v 0.25838521 15.87491858 1.59852606
v 0.74919033 15.78599196 2.20485760
v 0.00000000 15.83846741 1.91823128
v 0.00000000 13.86532892 4.23367238
v 0.00000000 14.04602106 4.50051078
v 0.00000000 14.43155381 4.77255120
v 0.00000000 14.23597346 4.68128935
v 0.00000000 15.19524708 4.23367238
v 0.00000000 15.01455494 4.50051078
v 0.00000000 14.62902219 4.77255120
v 0.00000000 14.82460254 4.68128935
v -3.16740042 13.30242533 -0.31458415
v -2.87942777 13.29382412 -0.93773690
v -2.78620372 13.25518866 -0.31486814
v -2.14485875 13.34726593 -2.11867434
v -2.53639402 13.30886688 -1.54295802
v -1.98176064 13.17911748 -0.31594688
v -2.48582523 13.25022737 -0.93963613
v -2.38804981 13.21378800 -0.31568831
v -2.64230682 13.24965679 -0.63028562
v -0.25424637 13.71339264 -3.91908823
v -0.75787736 13.59311755 -3.56277388
v -1.71230898 13.40828701 -2.65387686
v -1.24701604 13.49076327 -3.13833133
v -0.25804991 13.10669005 -0.31929035
v -0.76779569 13.14174375 -0.95000905
v -0.69056851 13.11421519 -0.31913768
v -1.71848411 13.31271785 -2.12631495
v -1.25863580 13.21098803 -1.55733538
v -1.92471746 13.28832026 -1.84617500
v -1.54726958 13.14992168 -0.31845584
v -1.19977562 13.15771128 -0.94884601
v -1.12355208 13.12873007 -0.31863543
v -1.81379856 13.17679847 -0.63421414
v -0.94808989 13.13166740 -0.63749853
v -2.30545031 13.25688049 -1.25656811
v -1.45423955 13.19360926 -1.26369934
v -2.12209053 13.26959686 -1.55414712
v -2.06827429 13.21269812 -0.94908207
v -1.69304319 13.23676017 -1.55924423
v -1.63625930 13.18163826 -0.95246624
v 3.16740042 13.30242533 -0.31458415
v 2.87942777 13.29382412 -0.93773690
v 2.78620372 13.25518866 -0.31486814
v 2.14485875 13.34726593 -2.11867434
v 2.53639402 13.30886688 -1.54295802
v 1.98176064 13.17911748 -0.31594688
v 2.48582523 13.25022737 -0.93963613
v 2.38804981 13.21378800 -0.31568831
v 2.64230682 13.24965679 -0.63028562
v 0.25424637 13.71339264 -3.91908823
v 0.75787736 13.59311755 -3.56277388
v 0.00000000 13.64824671 -3.76229403
v 1.71230898 13.40828701 -2.65387686
v 1.24701604 13.49076327 -3.13833133
v -0.50406459 13.52980025 -3.39170843
v 0.50406459 13.52980025 -3.39170843
v -0.25425701 13.58654608 -3.58506767
v 0.25425701 13.58654608 -3.58506767
v 0.25804991 13.10669005 -0.31929035
v 0.76779569 13.14174375 -0.95000905
v 0.69056851 13.11421519 -0.31913768
v 0.00000000 13.11507480 -0.63877611
v 1.71848411 13.31271785 -2.12631495
v 1.25863580 13.21098803 -1.55733538
v 1.92471746 13.28832026 -1.84617500
v 1.54726958 13.14992168 -0.31845584
v 1.19977562 13.15771128 -0.94884601
v 1.12355208 13.12873007 -0.31863543
v 1.81379856 13.17679847 -0.63421414
v 0.94808989 13.13166740 -0.63749853
v -0.50987061 13.15847303 -1.27024022
v 0.50987061 13.15847303 -1.27024022
v -0.25806569 13.13248743 -0.95855947
v 0.25806569 13.13248743 -0.95855947
v 2.30545031 13.25688049 -1.25656811
v 1.45423955 13.19360926 -1.26369934
v 2.12209053 13.26959686 -1.55414712
v 2.06827429 13.21269812 -0.94908207
v 1.69304319 13.23676017 -1.55924423
v 1.63625930 13.18163826 -0.95246624
v -1.46043420 13.34912171 -2.44560529
v -0.49084010 13.31930325 -2.50734443
v -1.23414895 13.38574081 -2.70062930
v -1.24010950 13.29002074 -2.17318854
v 1.46043420 13.34912171 -2.44560529
v 0.49084010 13.31930325 -2.50734443
v 1.23414895 13.38574081 -2.70062930
v 1.24010950 13.29002074 -2.17318854
v -0.75818074 13.47515841 -3.17103587
v -0.25446393 13.36286518 -2.74820584
v -0.99853844 13.42809970 -2.94434071
v -0.25447573 13.46857608 -3.19333151
v -0.74495331 13.37051004 -2.73233492
v -0.76823830 13.19492172 -1.58992375
v -0.25836768 13.26685069 -2.22079691
v -1.00725602 13.23817794 -1.88554773
v -0.25838521 13.18565742 -1.59852606
v -0.74919033 13.27458404 -2.20485760
v 0.75818074 13.47515841 -3.17103587
v 0.25446393 13.36286518 -2.74820584
v 0.99853844 13.42809970 -2.94434071
v 0.25447573 13.46857608 -3.19333151
v 0.74495331 13.37051004 -2.73233492
v 0.00000000 13.41247023 -2.97704277
v 0.76823830 13.19492172 -1.58992375
v 0.25836768 13.26685069 -2.22079691
v 1.00725602 13.23817794 -1.88554773
v 0.25838521 13.18565742 -1.59852606
v 0.74919033 13.27458404 -2.20485760
v 0.00000000 13.22210859 -1.91823128
v -3.16740042 15.75815067 -0.31458415
v -2.87942777 15.76675188 -0.93773690
v -2.78620372 15.80538734 -0.31486814
v -2.14485875 15.71331007 -2.11867434
v -2.53639402 15.75170912 -1.54295802
v -1.98176064 15.88145852 -0.31594688
v -2.48582523 15.81034863 -0.93963613
v -2.38804981 15.84678800 -0.31568831
v -2.64230682 15.81091921 -0.63028562
v -0.25424637 15.34718336 -3.91908823
v -0.75787736 15.46745845 -3.56277388
v -1.71230898 15.65228899 -2.65387686
v -1.24701604 15.56981273 -3.13833133
v -0.25804991 15.95388595 -0.31929035
v -0.76779569 15.91883225 -0.95000905
v -0.69056851 15.94636081 -0.31913768
v -1.71848411 15.74785815 -2.12631495
v -1.25863580 15.84958797 -1.55733538
v -1.92471746 15.77225574 -1.84617500
v -1.54726958 15.91065432 -0.31845584
v -1.19977562 15.90286472 -0.94884601
v -1.12355208 15.93184593 -0.31863543
v -1.81379856 15.88377753 -0.63421414
v -0.94808989 15.92890860 -0.63749853
v -2.30545031 15.80369551 -1.25656811
v -1.45423955 15.86696674 -1.26369934
v -2.12209053 15.79097914 -1.55414712
v -2.06827429 15.84787788 -0.94908207
v -1.69304319 15.82381583 -1.55924423
v -1.63625930 15.87893774 -0.95246624
v 3.16740042 15.75815067 -0.31458415
v 2.87942777 15.76675188 -0.93773690
v 2.78620372 15.80538734 -0.31486814
v 2.14485875 15.71331007 -2.11867434
v 2.53639402 15.75170912 -1.54295802
v 1.98176064 15.88145852 -0.31594688
v 2.48582523 15.81034863 -0.93963613
v 2.38804981 15.84678800 -0.31568831
v 2.64230682 15.81091921 -0.63028562
v 0.25424637 15.34718336 -3.91908823
v 0.75787736 15.46745845 -3.56277388
v 0.00000000 15.41232929 -3.76229403
v 1.71230898 15.65228899 -2.65387686
v 1.24701604 15.56981273 -3.13833133
v -0.50406459 15.53077575 -3.39170843
v 0.50406459 15.53077575 -3.39170843
v -0.25425701 15.47402992 -3.58506767
v 0.25425701 15.47402992 -3.58506767
v 0.25804991 15.95388595 -0.31929035
v 0.76779569 15.91883225 -0.95000905
v 0.69056851 15.94636081 -0.31913768
v 0.00000000 15.94550120 -0.63877611
v 1.71848411 15.74785815 -2.12631495
v 1.25863580 15.84958797 -1.55733538
v 1.92471746 15.77225574 -1.84617500
v 1.54726958 15.91065432 -0.31845584
v 1.19977562 15.90286472 -0.94884601
v 1.12355208 15.93184593 -0.31863543
v 1.81379856 15.88377753 -0.63421414
v 0.94808989 15.92890860 -0.63749853
v -0.50987061 15.90210297 -1.27024022
v 0.50987061 15.90210297 -1.27024022
v -0.25806569 15.92808857 -0.95855947
v 0.25806569 15.92808857 -0.95855947
v 2.30545031 15.80369551 -1.25656811
v 1.45423955 15.86696674 -1.26369934
v 2.12209053 15.79097914 -1.55414712
v 2.06827429 15.84787788 -0.94908207
v 1.69304319 15.82381583 -1.55924423
v 1.63625930 15.87893774 -0.95246624
v -1.46043420 15.71145429 -2.44560529
v -0.49084010 15.74127275 -2.50734443
v -1.23414895 15.67483519 -2.70062930
v -1.24010950 15.77055526 -2.17318854
v 1.46043420 15.71145429 -2.44560529
v 0.49084010 15.74127275 -2.50734443
v 1.23414895 15.67483519 -2.70062930
v 1.24010950 15.77055526 -2.17318854
v -0.75818074 15.58541759 -3.17103587
v -0.25446393 15.69771082 -2.74820584
v -0.99853844 15.63247630 -2.94434071
v -0.25447573 15.59199992 -3.19333151
v -0.74495331 15.69006596 -2.73233492
v -0.76823830 15.86565428 -1.58992375
v -0.25836768 15.79372531 -2.22079691
v -1.00725602 15.82239806 -1.88554773
v -0.25838521 15.87491858 -1.59852606
v -0.74919033 15.78599196 -2.20485760
v 0.75818074 15.58541759 -3.17103587
v 0.25446393 15.69771082 -2.74820584
v 0.99853844 15.63247630 -2.94434071
v 0.25447573 15.59199992 -3.19333151
v 0.74495331 15.69006596 -2.73233492
v 0.00000000 15.64810577 -2.97704277
v 0.76823830 15.86565428 -1.58992375
v 0.25836768 15.79372531 -2.22079691
v 1.00725602 15.82239806 -1.88554773
v 0.25838521 15.87491858 -1.59852606
v 0.74919033 15.78599196 -2.20485760
v 0.00000000 15.83846741 -1.91823128
v 0.00000000 13.86532892 -4.23367238
v 0.00000000 14.04602106 -4.50051078
v 0.00000000 14.43155381 -4.77255120
v 0.00000000 14.23597346 -4.68128935
v 0.00000000 15.19524708 -4.23367238
v 0.00000000 15.01455494 -4.50051078
v 0.00000000 14.62902219 -4.77255120
v 0.00000000 14.82460254 -4.68128935
v 3.57877969 15.70011618 -0.19442370
v 4.10569910 15.59375813 -0.57955328
v 3.45243026 15.71140078 -0.50946735
v 4.91543289 15.32245693 -1.30941275
v 4.55410836 15.46706416 -0.95360050
v 3.15433427 15.71604007 -1.13490204
v 3.96992790 15.60098185 -0.89667395
v 3.31026875 15.71668783 -0.82539173
v 3.72166523 15.65865091 -0.70522625
v 5.37920791 14.62418979 -2.42212973
v 5.41688936 14.81019776 -2.20191535
v 5.18276335 15.16270166 -1.64018610
v 5.35098778 14.99085323 -1.93959543
v 2.39406755 15.65255159 -2.32364723
v 3.26875102 15.56601504 -2.14447327
v 2.59997789 15.67699475 -2.04341293
v 4.75709972 15.31919161 -1.63342525
v 4.06294699 15.45397545 -1.91249525
v 4.59687284 15.39528683 -1.46013658
v 2.97926803 15.70863804 -1.45338464
v 3.46189389 15.58374097 -1.85011842
v 2.79628823 15.69586806 -1.75107465
v 3.41020202 15.65856814 -1.34104797
v 3.04192034 15.63352571 -1.95323999
v 4.20603023 15.53557505 -1.09505764
v 3.87362518 15.52565681 -1.72985515
v 4.41195737 15.46794081 -1.27915117
v 3.82195240 15.60048129 -1.22077912
v 4.24728011 15.46348202 -1.60116446
v 3.65157366 15.59463135 -1.54112275
v 3.57877969 13.36045982 -0.19442370
v 4.10569910 13.46681787 -0.57955328
v 3.45243026 13.34917522 -0.50946735
v 4.91543289 13.73811907 -1.30941275
v 4.55410836 13.59351184 -0.95360050
v 3.15433427 13.34453593 -1.13490204
v 3.96992790 13.45959415 -0.89667395
v 3.31026875 13.34388817 -0.82539173
v 3.72166523 13.40192509 -0.70522625
v 5.37920791 14.43638621 -2.42212973
v 5.41688936 14.25037824 -2.20191535
v 5.18276335 13.89787434 -1.64018610
v 5.35098778 14.06972277 -1.93959543
v 2.39406755 13.40802441 -2.32364723
v 3.26875102 13.49456096 -2.14447327
v 2.59997789 13.38358125 -2.04341293
v 4.75709972 13.74138439 -1.63342525
v 4.06294699 13.60660055 -1.91249525
v 4.59687284 13.66528917 -1.46013658
v 2.97926803 13.35193796 -1.45338464
v 3.46189389 13.47683503 -1.85011842
v 2.79628823 13.36470794 -1.75107465
v 3.41020202 13.40200786 -1.34104797
v 3.04192034 13.42705029 -1.95323999
v 4.20603023 13.52500095 -1.09505764
v 3.87362518 13.53491919 -1.72985515
v 4.41195737 13.59263519 -1.27915117
v 3.82195240 13.46009471 -1.22077912
v 4.24728011 13.59709398 -1.60116446
v 3.65157366 13.46594465 -1.54112275
v 0.41137927 13.80729443 -4.11351193
v 1.22627133 13.87302731 -4.14232716
v 0.66622654 13.74223327 -3.95689324
v 0.41175064 13.89430672 -4.27176138
v 2.77057414 14.04070068 -3.96328962
v 2.01771434 13.95132849 -4.09193183
v 1.17257363 13.62410880 -3.58697434
v 1.48410267 13.81027692 -3.97243549
v 0.92221894 13.68077746 -3.78017378
v 1.07935842 13.77468318 -3.97460561
v 0.41316131 14.07792959 -4.52661047
v 1.22875494 13.96287137 -4.28838238
v 0.41282318 13.98518967 -4.41045940
v 0.82421966 13.92715275 -4.29029392
v 5.12496153 14.47225350 -2.73671388
v 4.65901200 14.35729425 -3.13965225
v 5.17439886 14.37821455 -2.64009373
v 3.47045436 14.13943486 -3.75886044
v 4.10397174 14.24564303 -3.48255345
v 5.19472334 14.19152543 -2.41213797
v 4.69065875 14.26263532 -3.03582722
v 5.19756118 14.28391271 -2.53138198
v 4.94330417 14.31978150 -2.84597930
v 2.13601764 13.44442828 -2.64293758
v 2.50095533 13.60287619 -3.09448232
v 1.90940937 13.48100181 -2.89786724
v 2.59168987 13.48069221 -2.56797388
v 3.03861561 13.98381606 -3.75974020
v 2.80431119 13.78416005 -3.46983063
v 2.67215537 13.93681479 -3.84162820
v 1.43199845 13.57021588 -3.36785240
v 2.26211827 13.64609095 -3.33462492
v 1.67273615 13.52321077 -3.14126823
v 1.59640346 13.65788582 -3.58529740
v 2.09383045 13.56080015 -3.12633068
v 3.45592764 13.57408206 -2.37497538
v 2.94605702 13.64601102 -3.00584854
v 3.03546299 13.52430314 -2.47797006
v 2.77739730 13.56070923 -2.79727993
v 1.90057992 13.85023769 -3.94763767
v 2.41938563 13.74007309 -3.52921498
v 2.28986685 13.89200482 -3.90485645
v 1.75367811 13.75187232 -3.77989649
v 2.55423691 13.83593662 -3.69600085
v 2.01531437 13.69677662 -3.56569928
v 0.41753353 14.47138530 -4.76925252
v 1.24231953 14.35503029 -4.65181770
v 0.41733389 14.37265823 -4.74404224
v 2.78056570 14.13802532 -4.07903055
v 2.03651550 14.24299070 -4.41983968
v 2.41422884 14.09095032 -4.16076589
v 0.41644225 14.17710690 -4.62442051
v 1.24079862 14.25642617 -4.59832426
v 0.41667710 14.27382502 -4.69541536
v 0.82935695 14.11626876 -4.53437947
v 0.83365192 14.31387618 -4.68557491
v 1.64320445 14.00404391 -4.26609351
v 1.65252991 14.19834202 -4.47806099
v 2.03234624 14.04589777 -4.22349188
v 1.24110733 14.05818191 -4.41411062
v 2.03901169 14.14383249 -4.33349938
v 1.24553278 14.15679403 -4.51816552
v 4.91658334 13.83669096 -1.83075754
v 4.53747083 13.89017349 -2.49963313
v 5.02366765 13.92033949 -1.98821838
v 4.59822919 13.76376068 -1.98188049
v 3.45614914 14.04271876 -3.63778214
v 4.04663072 13.95941776 -3.10695946
v 3.78951870 14.09444456 -3.51525570
v 3.35811969 13.93870662 -3.51629291
v 5.16229542 14.09645998 -2.27826379
v 4.61512729 13.97803693 -2.64733062
v 5.10635075 14.00760100 -2.13833806
v 4.94294156 14.12999191 -2.60780155
v 4.83323188 13.94725566 -2.32617438
v 3.87397533 13.63305729 -2.25286714
v 4.18909270 13.82136976 -2.64276819
v 4.24767842 13.69531397 -2.12389206
v 3.64069148 13.66280943 -2.58646950
v 4.40717178 13.79062637 -2.32123641
v 4.40411468 14.20341879 -3.21637606
v 4.36066336 14.01393492 -2.96218396
v 4.10781230 14.14846779 -3.37384975
v 4.68846583 14.16589156 -2.92266948
v 4.08827858 14.05234844 -3.24792008
v 4.66283752 14.07027059 -2.79237986
v 3.10573703 13.74143495 -3.20342383
v 3.93072502 13.85781846 -2.96245172
v 3.24042239 13.83741058 -3.37019019
v 3.38230627 13.69926060 -2.90617472
v 3.65798145 13.89631688 -3.24822467
v 3.80038232 13.75823983 -2.78405819
v 0.41137927 15.25328157 -4.11351193
v 1.22627133 15.18754869 -4.14232716
v 0.66622654 15.31834273 -3.95689324
v 0.41175064 15.16626928 -4.27176138
v 2.77057414 15.01987532 -3.96328962
v 2.01771434 15.10924751 -4.09193183
v 1.17257363 15.43646720 -3.58697434
v 1.48410267 15.25029908 -3.97243549
v 0.92221894 15.37979854 -3.78017378
v 1.07935842 15.28589282 -3.97460561
v 0.41316131 14.98264641 -4.52661047
v 1.22875494 15.09770463 -4.28838238
v 0.41282318 15.07538633 -4.41045940
v 0.82421966 15.13342325 -4.29029392
v 5.12496153 14.58832250 -2.73671388
v 4.65901200 14.70328175 -3.13965225
v 5.17439886 14.68236145 -2.64009373
v 4.91992296 14.53028800 -2.95496187
v 3.47045436 14.92114114 -3.75886044
v 4.10397174 14.81493297 -3.48255345
v 5.19472334 14.86905057 -2.41213797
v 4.69065875 14.79794068 -3.03582722
v 5.19756118 14.77666329 -2.53138198
v 4.94330417 14.74079450 -2.84597930
v 4.43531102 14.41522978 -3.35177410
v 4.43531102 14.64534622 -3.35177410
v 4.68816542 14.47225107 -3.16166761
v 4.68816542 14.58832493 -3.16166761
v 2.13601764 15.61614772 -2.64293758
v 2.50095533 15.45769981 -3.09448232
v 1.90940937 15.57957419 -2.89786724
v 2.59168987 15.57988379 -2.56797388
v 3.03861561 15.07675994 -3.75974020
v 2.80431119 15.27641595 -3.46983063
v 2.67215537 15.12376121 -3.84162820
v 1.43199845 15.49036012 -3.36785240
v 2.26211827 15.41448505 -3.33462492
v 1.67273615 15.53736523 -3.14126823
v 1.59640346 15.40269018 -3.58529740
v 2.09383045 15.49977585 -3.12633068
v 3.45592764 15.48649394 -2.37497538
v 2.94605702 15.41456498 -3.00584854
v 3.03546299 15.53627286 -2.47797006
v 2.77739730 15.49986677 -2.79727993
v 1.90057992 15.21033831 -3.94763767
v 2.41938563 15.32050291 -3.52921498
v 2.28986685 15.16857118 -3.90485645
v 1.75367811 15.30870368 -3.77989649
v 2.55423691 15.22463938 -3.69600085
v 2.01531437 15.36379938 -3.56569928
v 0.41753353 14.58919070 -4.76925252
v 1.24231953 14.70554571 -4.65181770
v 0.41733389 14.68791777 -4.74404224
v 0.83532261 14.53028800 -4.74116242
v 2.78056570 14.92255068 -4.07903055
v 2.03651550 14.81758530 -4.41983968
v 2.41422884 14.96962568 -4.16076589
v 0.41644225 14.88346910 -4.62442051
v 1.24079862 14.80414983 -4.59832426
v 0.41667710 14.78675098 -4.69541536
v 0.82935695 14.94430724 -4.53437947
v 0.83365192 14.74669982 -4.68557491
v 1.66108336 14.41390449 -4.59577229
v 1.66108336 14.64667151 -4.59577229
v 1.25350084 14.47138170 -4.68282767
v 1.25350084 14.58919430 -4.68282767
v 1.64320445 15.05653209 -4.26609351
v 1.65252991 14.86223398 -4.47806099
v 2.03234624 15.01467823 -4.22349188
v 1.24110733 15.00239409 -4.41411062
v 2.03901169 14.91674351 -4.33349938
v 1.24553278 14.90378197 -4.51816552
v 4.91658334 15.22388504 -1.83075754
v 4.53747083 15.17040251 -2.49963313
v 5.02366765 15.14023651 -1.98821838
v 4.59822919 15.29681532 -1.98188049
v 3.45614914 15.01785724 -3.63778214
v 4.04663072 15.10115824 -3.10695946
v 3.78951870 14.96613144 -3.51525570
v 3.35811969 15.12186938 -3.51629291
v 5.16229542 14.96411602 -2.27826379
v 4.61512729 15.08253907 -2.64733062
v 5.10635075 15.05297500 -2.13833806
v 4.94294156 14.93058409 -2.60780155
v 4.83323188 15.11332034 -2.32617438
v 3.87397533 15.42751871 -2.25286714
v 4.18909270 15.23920624 -2.64276819
v 4.24767842 15.36526203 -2.12389206
v 3.64069148 15.39776657 -2.58646950
v 4.40717178 15.26994963 -2.32123641
v 4.40411468 14.85715721 -3.21637606
v 4.36066336 15.04664108 -2.96218396
v 4.10781230 14.91210821 -3.37384975
v 4.68846583 14.89468444 -2.92266948
v 4.08827858 15.00822756 -3.24792008
v 4.66283752 14.99030541 -2.79237986
v 3.10573703 15.31914105 -3.20342383
v 3.93072502 15.20275754 -2.96245172
v 3.24042239 15.22316542 -3.37019019
v 3.38230627 15.36131540 -2.90617472
v 3.65798145 15.16425912 -3.24822467
v 3.80038232 15.30233617 -2.78405819
v 3.19809923 14.19692802 -3.95707249
v 3.27883503 14.41824841 -4.05696852
v 3.53159217 14.24858009 -3.83439338
v 2.84186193 14.24721953 -4.15506903
v 3.19809923 14.86364798 -3.95707249
v 3.27883503 14.64232759 -4.05696852
v 3.53159217 14.81199591 -3.83439338
v 2.84186193 14.81335647 -4.15506903
v 4.14673922 14.35722501 -3.53483190
v 3.59380763 14.47220384 -3.91102996
v 3.85029170 14.30236075 -3.69248518
v 4.17589505 14.47220115 -3.55688362
v 3.57305335 14.36024431 -3.88541861
v 2.07913106 14.35492926 -4.47366405
v 2.90411904 14.47131277 -4.23269194
v 2.46571627 14.30037086 -4.32874966
v 2.09038024 14.47130877 -4.50470078
v 2.88327532 14.35927716 -4.20678414
v 4.14673922 14.70335099 -3.53483190
v 3.59380763 14.58837216 -3.91102996
v 3.85029170 14.75821525 -3.69248518
v 4.17589505 14.58837485 -3.55688362
v 3.57305335 14.70033169 -3.88541861
v 3.89305593 14.53028800 -3.74484610
v 2.07913106 14.70564674 -4.47366405
v 2.90411904 14.58926323 -4.23269194
v 2.46571627 14.76020514 -4.32874966
v 2.09038024 14.58926723 -4.50470078
v 2.88327532 14.70129884 -4.20678414
v 2.50845629 14.53028800 -4.38258426
v 3.57877969 15.70011618 0.19442370
v 4.10569910 15.59375813 0.57955328
v 3.45243026 15.71140078 0.50946735
v 3.86418090 15.65331389 0.00000000
v 4.91543289 15.32245693 1.30941275
v 4.55410836 15.46706416 0.95360050
v 3.15433427 15.71604007 1.13490204
v 3.96992790 15.60098185 0.89667395
v 3.31026875 15.71668783 0.82539173
v 3.72166523 15.65865091 0.70522625
v 4.38308921 15.54269595 -0.38546115
v 4.38308921 15.54269595 0.38546115
v 4.13448841 15.60041271 -0.19443183
v 4.13448841 15.60041271 0.19443183
v 5.37920791 14.62418979 2.42212973
v 5.41688936 14.81019776 2.20191535
v 5.18276335 15.16270166 1.64018610
v 5.35098778 14.99085323 1.93959543
v 2.39406755 15.65255159 2.32364723
v 3.26875102 15.56601504 2.14447327
v 2.59997789 15.67699475 2.04341293
v 4.75709972 15.31919161 1.63342525
v 4.06294699 15.45397545 1.91249525
v 4.59687284 15.39528683 1.46013658
v 2.97926803 15.70863804 1.45338464
v 3.46189389 15.58374097 1.85011842
v 2.79628823 15.69586806 1.75107465
v 3.41020202 15.65856814 1.34104797
v 3.04192034 15.63352571 1.95323999
v 4.20603023 15.53557505 1.09505764
v 3.87362518 15.52565681 1.72985515
v 4.41195737 15.46794081 1.27915117
v 3.82195240 15.60048129 1.22077912
v 4.24728011 15.46348202 1.60116446
v 3.65157366 15.59463135 1.54112275
v 5.17463325 15.26028891 -1.11680262
v 5.30526652 15.27871773 -0.37534831
v 5.01420673 15.33641230 -0.94376096
v 5.17463325 15.26028891 1.11680262
v 5.30526652 15.27871773 0.37534831
v 5.01420673 15.33641230 0.94376096
v 4.62247248 15.47682630 -0.57978527
v 5.11442380 15.35061366 -0.19459006
v 4.82863447 15.40915893 -0.76358822
v 4.65130935 15.48348143 -0.19459909
v 5.08093203 15.34587627 -0.56967017
v 4.62247248 15.47682630 0.57978527
v 5.11442380 15.35061366 0.19459006
v 4.82863447 15.40915893 0.76358822
v 4.65130935 15.48348143 0.19459909
v 5.08093203 15.34587627 0.56967017
v 4.89710644 15.41892033 0.00000000
v 3.57877969 13.36045982 0.19442370
v 4.10569910 13.46681787 0.57955328
v 3.45243026 13.34917522 0.50946735
v 3.86418090 13.40726211 0.00000000
v 4.91543289 13.73811907 1.30941275
v 4.55410836 13.59351184 0.95360050
v 3.15433427 13.34453593 1.13490204
v 3.96992790 13.45959415 0.89667395
v 3.31026875 13.34388817 0.82539173
v 3.72166523 13.40192509 0.70522625
v 4.38308921 13.51788005 -0.38546115
v 4.38308921 13.51788005 0.38546115
v 4.13448841 13.46016329 -0.19443183
v 4.13448841 13.46016329 0.19443183
v 5.37920791 14.43638621 2.42212973
v 5.41688936 14.25037824 2.20191535
v 5.18276335 13.89787434 1.64018610
v 5.35098778 14.06972277 1.93959543
v 2.39406755 13.40802441 2.32364723
v 3.26875102 13.49456096 2.14447327
v 2.59997789 13.38358125 2.04341293
v 4.75709972 13.74138439 1.63342525
v 4.06294699 13.60660055 1.91249525
v 4.59687284 13.66528917 1.46013658
v 2.97926803 13.35193796 1.45338464
v 3.46189389 13.47683503 1.85011842
v 2.79628823 13.36470794 1.75107465
v 3.41020202 13.40200786 1.34104797
v 3.04192034 13.42705029 1.95323999
v 4.20603023 13.52500095 1.09505764
v 3.87362518 13.53491919 1.72985515
v 4.41195737 13.59263519 1.27915117
v 3.82195240 13.46009471 1.22077912
v 4.24728011 13.59709398 1.60116446
v 3.65157366 13.46594465 1.54112275
v 5.17463325 13.80028709 -1.11680262
v 5.30526652 13.78185827 -0.37534831
v 5.01420673 13.72416370 -0.94376096
v 5.17463325 13.80028709 1.11680262
v 5.30526652 13.78185827 0.37534831
v 5.01420673 13.72416370 0.94376096
v 4.62247248 13.58374970 -0.57978527
v 5.11442380 13.70996234 -0.19459006
v 4.82863447 13.65141707 -0.76358822
v 4.65130935 13.57709457 -0.19459909
v 5.08093203 13.71469973 -0.56967017
v 4.62247248 13.58374970 0.57978527
v 5.11442380 13.70996234 0.19459006
v 4.82863447 13.65141707 0.76358822
v 4.65130935 13.57709457 0.19459909
v 5.08093203 13.71469973 0.56967017
v 4.89710644 13.64165567 0.00000000
v 0.41137927 13.80729443 4.11351193
v 1.22627133 13.87302731 4.14232716
v 0.66622654 13.74223327 3.95689324
v 0.41175064 13.89430672 4.27176138
v 2.77057414 14.04070068 3.96328962
v 2.01771434 13.95132849 4.09193183
v 1.17257363 13.62410880 3.58697434
v 1.48410267 13.81027692 3.97243549
v 0.92221894 13.68077746 3.78017378
v 1.07935842 13.77468318 3.97460561
v 0.41316131 14.07792959 4.52661047
v 1.22875494 13.96287137 4.28838238
v 0.41282318 13.98518967 4.41045940
v 0.82421966 13.92715275 4.29029392
v 5.12496153 14.47225350 2.73671388
v 4.65901200 14.35729425 3.13965225
v 5.17439886 14.37821455 2.64009373
v 3.47045436 14.13943486 3.75886044
v 4.10397174 14.24564303 3.48255345
v 5.19472334 14.19152543 2.41213797
v 4.69065875 14.26263532 3.03582722
v 5.19756118 14.28391271 2.53138198
v 4.94330417 14.31978150 2.84597930
v 2.13601764 13.44442828 2.64293758
v 2.50095533 13.60287619 3.09448232
v 1.90940937 13.48100181 2.89786724
v 2.59168987 13.48069221 2.56797388
v 3.03861561 13.98381606 3.75974020
v 2.80431119 13.78416005 3.46983063
v 2.67215537 13.93681479 3.84162820
v 1.43199845 13.57021588 3.36785240
v 2.26211827 13.64609095 3.33462492
v 1.67273615 13.52321077 3.14126823
v 1.59640346 13.65788582 3.58529740
v 2.09383045 13.56080015 3.12633068
v 3.45592764 13.57408206 2.37497538
v 2.94605702 13.64601102 3.00584854
v 3.03546299 13.52430314 2.47797006
v 2.77739730 13.56070923 2.79727993
v 1.90057992 13.85023769 3.94763767
v 2.41938563 13.74007309 3.52921498
v 2.28986685 13.89200482 3.90485645
v 1.75367811 13.75187232 3.77989649
v 2.55423691 13.83593662 3.69600085
v 2.01531437 13.69677662 3.56569928
v 0.41753353 14.47138530 4.76925252
v 1.24231953 14.35503029 4.65181770
v 0.41733389 14.37265823 4.74404224
v 2.78056570 14.13802532 4.07903055
v 2.03651550 14.24299070 4.41983968
v 2.41422884 14.09095032 4.16076589
v 0.41644225 14.17710690 4.62442051
v 1.24079862 14.25642617 4.59832426
v 0.41667710 14.27382502 4.69541536
v 0.82935695 14.11626876 4.53437947
v 0.83365192 14.31387618 4.68557491
v 1.64320445 14.00404391 4.26609351
v 1.65252991 14.19834202 4.47806099
v 2.03234624 14.04589777 4.22349188
v 1.24110733 14.05818191 4.41411062
v 2.03901169 14.14383249 4.33349938
v 1.24553278 14.15679403 4.51816552
v 4.91658334 13.83669096 1.83075754
v 4.53747083 13.89017349 2.49963313
v 5.02366765 13.92033949 1.98821838
v 4.59822919 13.76376068 1.98188049
v 3.45614914 14.04271876 3.63778214
v 4.04663072 13.95941776 3.10695946
v 3.78951870 14.09444456 3.51525570
v 3.35811969 13.93870662 3.51629291
v 5.16229542 14.09645998 2.27826379
v 4.61512729 13.97803693 2.64733062
v 5.10635075 14.00760100 2.13833806
v 4.94294156 14.12999191 2.60780155
v 4.83323188 13.94725566 2.32617438
v 3.87397533 13.63305729 2.25286714
v 4.18909270 13.82136976 2.64276819
v 4.24767842 13.69531397 2.12389206
v 3.64069148 13.66280943 2.58646950
v 4.40717178 13.79062637 2.32123641
v 4.40411468 14.20341879 3.21637606
v 4.36066336 14.01393492 2.96218396
v 4.10781230 14.14846779 3.37384975
v 4.68846583 14.16589156 2.92266948
v 4.08827858 14.05234844 3.24792008
v 4.66283752 14.07027059 2.79237986
v 3.10573703 13.74143495 3.20342383
v 3.93072502 13.85781846 2.96245172
v 3.24042239 13.83741058 3.37019019
v 3.38230627 13.69926060 2.90617472
v 3.65798145 13.89631688 3.24822467
v 3.80038232 13.75823983 2.78405819
v 0.41137927 15.25328157 4.11351193
v 1.22627133 15.18754869 4.14232716
v 0.66622654 15.31834273 3.95689324
v 0.41175064 15.16626928 4.27176138
v 2.77057414 15.01987532 3.96328962
v 2.01771434 15.10924751 4.09193183
v 1.17257363 15.43646720 3.58697434
v 1.48410267 15.25029908 3.97243549
v 0.92221894 15.37979854 3.78017378
v 1.07935842 15.28589282 3.97460561
v 0.41316131 14.98264641 4.52661047
v 1.22875494 15.09770463 4.28838238
v 0.41282318 15.07538633 4.41045940
v 0.82421966 15.13342325 4.29029392
v 5.12496153 14.58832250 2.73671388
v 4.65901200 14.70328175 3.13965225
v 5.17439886 14.68236145 2.64009373
v 4.91992296 14.53028800 2.95496187
v 3.47045436 14.92114114 3.75886044
v 4.10397174 14.81493297 3.48255345
v 5.19472334 14.86905057 2.41213797
v 4.69065875 14.79794068 3.03582722
v 5.19756118 14.77666329 2.53138198
v 4.94330417 14.74079450 2.84597930
v 4.43531102 14.41522978 3.35177410
v 4.43531102 14.64534622 3.35177410
v 4.68816542 14.47225107 3.16166761
v 4.68816542 14.58832493 3.16166761
v 2.13601764 15.61614772 2.64293758
v 2.50095533 15.45769981 3.09448232
v 1.90940937 15.57957419 2.89786724
v 2.59168987 15.57988379 2.56797388
v 3.03861561 15.07675994 3.75974020
v 2.80431119 15.27641595 3.46983063
v 2.67215537 15.12376121 3.84162820
v 1.43199845 15.49036012 3.36785240
v 2.26211827 15.41448505 3.33462492
v 1.67273615 15.53736523 3.14126823
v 1.59640346 15.40269018 3.58529740
v 2.09383045 15.49977585 3.12633068
v 3.45592764 15.48649394 2.37497538
v 2.94605702 15.41456498 3.00584854
v 3.03546299 15.53627286 2.47797006
v 2.77739730 15.49986677 2.79727993
v 1.90057992 15.21033831 3.94763767
v 2.41938563 15.32050291 3.52921498
v 2.28986685 15.16857118 3.90485645
v 1.75367811 15.30870368 3.77989649
v 2.55423691 15.22463938 3.69600085
v 2.01531437 15.36379938 3.56569928
v 0.41753353 14.58919070 4.76925252
v 1.24231953 14.70554571 4.65181770
v 0.41733389 14.68791777 4.74404224
v 0.83532261 14.53028800 4.74116242
v 2.78056570 14.92255068 4.07903055
v 2.03651550 14.81758530 4.41983968
v 2.41422884 14.96962568 4.16076589
v 0.41644225 14.88346910 4.62442051
v 1.24079862 14.80414983 4.59832426
v 0.41667710 14.78675098 4.69541536
v 0.82935695 14.94430724 4.53437947
v 0.83365192 14.74669982 4.68557491
v 1.66108336 14.41390449 4.59577229
v 1.66108336 14.64667151 4.59577229
v 1.25350084 14.47138170 4.68282767
v 1.25350084 14.58919430 4.68282767
v 1.64320445 15.05653209 4.26609351
v 1.65252991 14.86223398 4.47806099
v 2.03234624 15.01467823 4.22349188
v 1.24110733 15.00239409 4.41411062
v 2.03901169 14.91674351 4.33349938
v 1.24553278 14.90378197 4.51816552
v 4.91658334 15.22388504 1.83075754
v 4.53747083 15.17040251 2.49963313
v 5.02366765 15.14023651 1.98821838
v 4.59822919 15.29681532 1.98188049
v 3.45614914 15.01785724 3.63778214
v 4.04663072 15.10115824 3.10695946
v 3.78951870 14.96613144 3.51525570
v 3.35811969 15.12186938 3.51629291
v 5.16229542 14.96411602 2.27826379
v 4.61512729 15.08253907 2.64733062
v 5.10635075 15.05297500 2.13833806
v 4.94294156 14.93058409 2.60780155
v 4.83323188 15.11332034 2.32617438
v 3.87397533 15.42751871 2.25286714
v 4.18909270 15.23920624 2.64276819
v 4.24767842 15.36526203 2.12389206
v 3.64069148 15.39776657 2.58646950
v 4.40717178 15.26994963 2.32123641
v 4.40411468 14.85715721 3.21637606
v 4.36066336 15.04664108 2.96218396
v 4.10781230 14.91210821 3.37384975
v 4.68846583 14.89468444 2.92266948
v 4.08827858 15.00822756 3.24792008
v 4.66283752 14.99030541 2.79237986
v 3.10573703 15.31914105 3.20342383
v 3.93072502 15.20275754 2.96245172
v 3.24042239 15.22316542 3.37019019
v 3.38230627 15.36131540 2.90617472
v 3.65798145 15.16425912 3.24822467
v 3.80038232 15.30233617 2.78405819
v 3.19809923 14.19692802 3.95707249
v 3.27883503 14.41824841 4.05696852
v 3.53159217 14.24858009 3.83439338
v 2.84186193 14.24721953 4.15506903
v 3.19809923 14.86364798 3.95707249
v 3.27883503 14.64232759 4.05696852
v 3.53159217 14.81199591 3.83439338
v 2.84186193 14.81335647 4.15506903
v 4.14673922 14.35722501 3.53483190
v 3.59380763 14.47220384 3.91102996
v 3.85029170 14.30236075 3.69248518
v 4.17589505 14.47220115 3.55688362
v 3.57305335 14.36024431 3.88541861
v 2.07913106 14.35492926 4.47366405
v 2.90411904 14.47131277 4.23269194
v 2.46571627 14.30037086 4.32874966
v 2.09038024 14.47130877 4.50470078
v 2.88327532 14.35927716 4.20678414
v 4.14673922 14.70335099 3.53483190
v 3.59380763 14.58837216 3.91102996
v 3.85029170 14.75821525 3.69248518
v 4.17589505 14.58837485 3.55688362
v 3.57305335 14.70033169 3.88541861
v 3.89305593 14.53028800 3.74484610
v 2.07913106 14.70564674 4.47366405
v 2.90411904 14.58926323 4.23269194
v 2.46571627 14.76020514 4.32874966
v 2.09038024 14.58926723 4.50470078
v 2.88327532 14.70129884 4.20678414
v 2.50845629 14.53028800 4.38258426
v 5.53634081 14.53028800 -2.22770603
v 5.88528333 14.53028800 -1.62236208
v 5.58614950 14.62427456 -2.13062637
v 5.58614950 14.43630144 -2.13062637
v 6.24102850 14.53028800 -0.33077335
v 6.12168608 14.53028800 -0.98599493
v 5.60788465 14.81076467 -1.90092518
v 5.91941369 14.62459656 -1.51546402
v 5.61038436 14.71842510 -2.02058757
v 5.76752383 14.62451938 -1.82615573
v 5.60788465 14.24981133 -1.90092518
v 5.91941369 14.43597944 -1.51546402
v 5.61038436 14.34215090 -2.02058757
v 5.76752383 14.43605662 -1.82615573
v 5.53634081 14.53028800 2.22770603
v 5.88528333 14.53028800 1.62236208
v 5.58614950 14.62427456 2.13062637
v 5.58614950 14.43630144 2.13062637
v 6.24102850 14.53028800 0.33077335
v 6.12168608 14.53028800 0.98599493
v 5.60788465 14.81076467 1.90092518
v 5.91941369 14.62459656 1.51546402
v 5.61038436 14.71842510 2.02058757
v 5.76752383 14.62451938 1.82615573
v 5.60788465 14.24981133 1.90092518
v 5.91941369 14.43597944 1.51546402
v 5.61038436 14.34215090 2.02058757
v 5.76752383 14.43605662 1.82615573
v 5.33411687 15.16498234 -1.31413491
v 5.77979036 14.99514480 -0.96248620
v 5.44100154 15.08136197 -1.47184277
v 5.43355180 15.17897388 -0.94831903
v 6.23671484 14.62559457 -0.19733229
v 6.08314622 14.81386094 -0.58713788
v 6.20374754 14.62554900 -0.52808180
v 5.57873767 14.90536728 -1.76299142
v 5.85592591 14.90749591 -1.11206553
v 5.52302784 14.99419312 -1.62277511
v 5.77229851 14.81358424 -1.58162151
v 5.66688381 14.99571458 -1.29468009
v 5.53505869 15.19318474 -0.19757529
v 5.85017606 15.00487226 -0.58747634
v 5.50117926 15.18842693 -0.57291025
v 5.66067263 15.09311454 -0.77025461
v 6.04731913 14.62534547 -1.18320615
v 6.01319327 14.81351377 -0.91747547
v 6.14015854 14.62539908 -0.85918689
v 5.92957316 14.71959774 -1.38702243
v 6.12729027 14.72057811 -0.72500991
v 5.90837030 14.81459439 -1.25125711
v 5.33411687 13.89559366 -1.31413491
v 5.77979036 14.06543120 -0.96248620
v 5.44100154 13.97921403 -1.47184277
v 5.43355180 13.88160212 -0.94831903
v 6.23671484 14.43498143 -0.19733229
v 6.08314622 14.24671506 -0.58713788
v 6.20374754 14.43502700 -0.52808180
v 5.57873767 14.15520872 -1.76299142
v 5.85592591 14.15308009 -1.11206553
v 5.52302784 14.06638288 -1.62277511
v 5.77229851 14.24699176 -1.58162151
v 5.66688381 14.06486142 -1.29468009
v 5.53505869 13.86739126 -0.19757529
v 5.85017606 14.05570374 -0.58747634
v 5.50117926 13.87214907 -0.57291025
v 5.66067263 13.96746146 -0.77025461
v 6.04731913 14.43523053 -1.18320615
v 6.01319327 14.24706223 -0.91747547
v 6.14015854 14.43517692 -0.85918689
v 5.92957316 14.34097826 -1.38702243
v 6.12729027 14.33999789 -0.72500991
v 5.90837030 14.24598161 -1.25125711
v 5.33411687 15.16498234 1.31413491
v 5.77979036 14.99514480 0.96248620
v 5.44100154 15.08136197 1.47184277
v 5.43355180 15.17897388 0.94831903
v 6.23671484 14.62559457 0.19733229
v 6.08314622 14.81386094 0.58713788
v 6.20374754 14.62554900 0.52808180
v 6.19998162 14.72095946 0.00000000
v 5.57873767 14.90536728 1.76299142
v 5.85592591 14.90749591 1.11206553
v 5.52302784 14.99419312 1.62277511
v 5.77229851 14.81358424 1.58162151
v 5.66688381 14.99571458 1.29468009
v 5.53505869 15.19318474 0.19757529
v 5.85017606 15.00487226 0.58747634
v 5.50117926 15.18842693 0.57291025
v 5.73107172 15.10287041 0.00000000
v 5.66067263 15.09311454 0.77025461
v 6.04731913 14.62534547 1.18320615
v 6.01319327 14.81351377 0.91747547
v 6.14015854 14.62539908 0.85918689
v 5.92957316 14.71959774 1.38702243
v 6.12729027 14.72057811 0.72500991
v 5.90837030 14.81459439 1.25125711
v 6.00985607 14.90944833 -0.38990106
v 6.00985607 14.90944833 0.38990106
v 6.12369772 14.81641319 -0.19734435
v 5.89076256 15.00744001 -0.19758869
v 6.12369772 14.81641319 0.19734435
v 5.89076256 15.00744001 0.19758869
v 5.33411687 13.89559366 1.31413491
v 5.77979036 14.06543120 0.96248620
v 5.44100154 13.97921403 1.47184277
v 5.43355180 13.88160212 0.94831903
v 6.23671484 14.43498143 0.19733229
v 6.08314622 14.24671506 0.58713788
v 6.20374754 14.43502700 0.52808180
v 6.19998162 14.33961654 0.00000000
v 5.57873767 14.15520872 1.76299142
v 5.85592591 14.15308009 1.11206553
v 5.52302784 14.06638288 1.62277511
v 5.77229851 14.24699176 1.58162151
v 5.66688381 14.06486142 1.29468009
v 5.53505869 13.86739126 0.19757529
v 5.85017606 14.05570374 0.58747634
v 5.50117926 13.87214907 0.57291025
v 5.73107172 13.95770559 0.00000000
v 5.66067263 13.96746146 0.77025461
v 6.04731913 14.43523053 1.18320615
v 6.01319327 14.24706223 0.91747547
v 6.14015854 14.43517692 0.85918689
v 5.92957316 14.34097826 1.38702243
v 6.12729027 14.33999789 0.72500991
v 5.90837030 14.24598161 1.25125711
v 6.00985607 14.15112767 -0.38990106
v 6.00985607 14.15112767 0.38990106
v 6.12369772 14.24416281 -0.19734435
v 5.89076256 14.05313599 -0.19758869
v 6.12369772 14.24416281 0.19734435
v 5.89076256 14.05313599 0.19758869
v -3.57877969 15.70011618 -0.19442370
v -4.10569910 15.59375813 -0.57955328
v -3.45243026 15.71140078 -0.50946735
v -4.91543289 15.32245693 -1.30941275
v -4.55410836 15.46706416 -0.95360050
v -3.15433427 15.71604007 -1.13490204
v -3.96992790 15.60098185 -0.89667395
v -3.31026875 15.71668783 -0.82539173
v -3.72166523 15.65865091 -0.70522625
v -5.37920791 14.62418979 -2.42212973
v -5.41688936 14.81019776 -2.20191535
v -5.18276335 15.16270166 -1.64018610
v -5.35098778 14.99085323 -1.93959543
v -2.39406755 15.65255159 -2.32364723
v -3.26875102 15.56601504 -2.14447327
v -2.59997789 15.67699475 -2.04341293
v -4.75709972 15.31919161 -1.63342525
v -4.06294699 15.45397545 -1.91249525
v -4.59687284 15.39528683 -1.46013658
v -2.97926803 15.70863804 -1.45338464
v -3.46189389 15.58374097 -1.85011842
v -2.79628823 15.69586806 -1.75107465
v -3.41020202 15.65856814 -1.34104797
v -3.04192034 15.63352571 -1.95323999
v -4.20603023 15.53557505 -1.09505764
v -3.87362518 15.52565681 -1.72985515
v -4.41195737 15.46794081 -1.27915117
v -3.82195240 15.60048129 -1.22077912
v -4.24728011 15.46348202 -1.60116446
v -3.65157366 15.59463135 -1.54112275
v -3.57877969 13.36045982 -0.19442370
v -4.10569910 13.46681787 -0.57955328
v -3.45243026 13.34917522 -0.50946735
v -4.91543289 13.73811907 -1.30941275
v -4.55410836 13.59351184 -0.95360050
v -3.15433427 13.34453593 -1.13490204
v -3.96992790 13.45959415 -0.89667395
v -3.31026875 13.34388817 -0.82539173
v -3.72166523 13.40192509 -0.70522625
v -5.37920791 14.43638621 -2.42212973
v -5.41688936 14.25037824 -2.20191535
v -5.18276335 13.89787434 -1.64018610
v -5.35098778 14.06972277 -1.93959543
v -2.39406755 13.40802441 -2.32364723
v -3.26875102 13.49456096 -2.14447327
v -2.59997789 13.38358125 -2.04341293
v -4.75709972 13.74138439 -1.63342525
v -4.06294699 13.60660055 -1.91249525
v -4.59687284 13.66528917 -1.46013658
v -2.97926803 13.35193796 -1.45338464
v -3.46189389 13.47683503 -1.85011842
v -2.79628823 13.36470794 -1.75107465
v -3.41020202 13.40200786 -1.34104797
v -3.04192034 13.42705029 -1.95323999
v -4.20603023 13.52500095 -1.09505764
v -3.87362518 13.53491919 -1.72985515
v -4.41195737 13.59263519 -1.27915117
v -3.82195240 13.46009471 -1.22077912
v -4.24728011 13.59709398 -1.60116446
v -3.65157366 13.46594465 -1.54112275
v -0.41137927 13.80729443 -4.11351193
v -1.22627133 13.87302731 -4.14232716
v -0.66622654 13.74223327 -3.95689324
v -0.41175064 13.89430672 -4.27176138
v -2.77057414 14.04070068 -3.96328962
v -2.01771434 13.95132849 -4.09193183
v -1.17257363 13.62410880 -3.58697434
v -1.48410267 13.81027692 -3.97243549
v -0.92221894 13.68077746 -3.78017378
v -1.07935842 13.77468318 -3.97460561
v -0.41316131 14.07792959 -4.52661047
v -1.22875494 13.96287137 -4.28838238
v -0.41282318 13.98518967 -4.41045940
v -0.82421966 13.92715275 -4.29029392
v -5.12496153 14.47225350 -2.73671388
v -4.65901200 14.35729425 -3.13965225
v -5.17439886 14.37821455 -2.64009373
v -3.47045436 14.13943486 -3.75886044
v -4.10397174 14.24564303 -3.48255345
v -5.19472334 14.19152543 -2.41213797
v -4.69065875 14.26263532 -3.03582722
v -5.19756118 14.28391271 -2.53138198
v -4.94330417 14.31978150 -2.84597930
v -2.13601764 13.44442828 -2.64293758
v -2.50095533 13.60287619 -3.09448232
v -1.90940937 13.48100181 -2.89786724
v -2.59168987 13.48069221 -2.56797388
v -3.03861561 13.98381606 -3.75974020
v -2.80431119 13.78416005 -3.46983063
v -2.67215537 13.93681479 -3.84162820
v -1.43199845 13.57021588 -3.36785240
v -2.26211827 13.64609095 -3.33462492
v -1.67273615 13.52321077 -3.14126823
v -1.59640346 13.65788582 -3.58529740
v -2.09383045 13.56080015 -3.12633068
v -3.45592764 13.57408206 -2.37497538
v -2.94605702 13.64601102 -3.00584854
v -3.03546299 13.52430314 -2.47797006
v -2.77739730 13.56070923 -2.79727993
v -1.90057992 13.85023769 -3.94763767
v -2.41938563 13.74007309 -3.52921498
v -2.28986685 13.89200482 -3.90485645
v -1.75367811 13.75187232 -3.77989649
v -2.55423691 13.83593662 -3.69600085
v -2.01531437 13.69677662 -3.56569928
v -0.41753353 14.47138530 -4.76925252
v -1.24231953 14.35503029 -4.65181770
v -0.41733389 14.37265823 -4.74404224
v -2.78056570 14.13802532 -4.07903055
v -2.03651550 14.24299070 -4.41983968
v -2.41422884 14.09095032 -4.16076589
v -0.41644225 14.17710690 -4.62442051
v -1.24079862 14.25642617 -4.59832426
v -0.41667710 14.27382502 -4.69541536
v -0.82935695 14.11626876 -4.53437947
v -0.83365192 14.31387618 -4.68557491
v -1.64320445 14.00404391 -4.26609351
v -1.65252991 14.19834202 -4.47806099
v -2.03234624 14.04589777 -4.22349188
v -1.24110733 14.05818191 -4.41411062
v -2.03901169 14.14383249 -4.33349938
v -1.24553278 14.15679403 -4.51816552
v -4.91658334 13.83669096 -1.83075754
v -4.53747083 13.89017349 -2.49963313
v -5.02366765 13.92033949 -1.98821838
v -4.59822919 13.76376068 -1.98188049
v -3.45614914 14.04271876 -3.63778214
v -4.04663072 13.95941776 -3.10695946
v -3.78951870 14.09444456 -3.51525570
v -3.35811969 13.93870662 -3.51629291
v -5.16229542 14.09645998 -2.27826379
v -4.61512729 13.97803693 -2.64733062
v -5.10635075 14.00760100 -2.13833806
v -4.94294156 14.12999191 -2.60780155
v -4.83323188 13.94725566 -2.32617438
v -3.87397533 13.63305729 -2.25286714
v -4.18909270 13.82136976 -2.64276819
v -4.24767842 13.69531397 -2.12389206
v -3.64069148 13.66280943 -2.58646950
v -4.40717178 13.79062637 -2.32123641
v -4.40411468 14.20341879 -3.21637606
v -4.36066336 14.01393492 -2.96218396
v -4.10781230 14.14846779 -3.37384975
v -4.68846583 14.16589156 -2.92266948
v -4.08827858 14.05234844 -3.24792008
v -4.66283752 14.07027059 -2.79237986
v -3.10573703 13.74143495 -3.20342383
v -3.93072502 13.85781846 -2.96245172
v -3.24042239 13.83741058 -3.37019019
v -3.38230627 13.69926060 -2.90617472
v -3.65798145 13.89631688 -3.24822467
v -3.80038232 13.75823983 -2.78405819
v -0.41137927 15.25328157 -4.11351193
v -1.22627133 15.18754869 -4.14232716
v -0.66622654 15.31834273 -3.95689324
v -0.41175064 15.16626928 -4.27176138
v -2.77057414 15.01987532 -3.96328962
v -2.01771434 15.10924751 -4.09193183
v -1.17257363 15.43646720 -3.58697434
v -1.48410267 15.25029908 -3.97243549
v -0.92221894 15.37979854 -3.78017378
v -1.07935842 15.28589282 -3.97460561
v -0.41316131 14.98264641 -4.52661047
v -1.22875494 15.09770463 -4.28838238
v -0.41282318 15.07538633 -4.41045940
v -0.82421966 15.13342325 -4.29029392
v -5.12496153 14.58832250 -2.73671388
v -4.65901200 14.70328175 -3.13965225
v -5.17439886 14.68236145 -2.64009373
v -4.91992296 14.53028800 -2.95496187
v -3.47045436 14.92114114 -3.75886044
v -4.10397174 14.81493297 -3.48255345
v -5.19472334 14.86905057 -2.41213797
v -4.69065875 14.79794068 -3.03582722
v -5.19756118 14.77666329 -2.53138198
v -4.94330417 14.74079450 -2.84597930
v -4.43531102 14.41522978 -3.35177410
v -4.43531102 14.64534622 -3.35177410
v -4.68816542 14.47225107 -3.16166761
v -4.68816542 14.58832493 -3.16166761
v -2.13601764 15.61614772 -2.64293758
v -2.50095533 15.45769981 -3.09448232
v -1.90940937 15.57957419 -2.89786724
v -2.59168987 15.57988379 -2.56797388
v -3.03861561 15.07675994 -3.75974020
v -2.80431119 15.27641595 -3.46983063
v -2.67215537 15.12376121 -3.84162820
v -1.43199845 15.49036012 -3.36785240
v -2.26211827 15.41448505 -3.33462492
v -1.67273615 15.53736523 -3.14126823
v -1.59640346 15.40269018 -3.58529740
v -2.09383045 15.49977585 -3.12633068
v -3.45592764 15.48649394 -2.37497538
v -2.94605702 15.41456498 -3.00584854
v -3.03546299 15.53627286 -2.47797006
v -2.77739730 15.49986677 -2.79727993
v -1.90057992 15.21033831 -3.94763767
v -2.41938563 15.32050291 -3.52921498
v -2.28986685 15.16857118 -3.90485645
v -1.75367811 15.30870368 -3.77989649
v -2.55423691 15.22463938 -3.69600085
v -2.01531437 15.36379938 -3.56569928
v -0.41753353 14.58919070 -4.76925252
v -1.24231953 14.70554571 -4.65181770
v -0.41733389 14.68791777 -4.74404224
v -0.83532261 14.53028800 -4.74116242
v -2.78056570 14.92255068 -4.07903055
v -2.03651550 14.81758530 -4.41983968
v -2.41422884 14.96962568 -4.16076589
v -0.41644225 14.88346910 -4.62442051
v -1.24079862 14.80414983 -4.59832426
v -0.41667710 14.78675098 -4.69541536
v -0.82935695 14.94430724 -4.53437947
v -0.83365192 14.74669982 -4.68557491
v -1.66108336 14.41390449 -4.59577229
v -1.66108336 14.64667151 -4.59577229
v -1.25350084 14.47138170 -4.68282767
v -1.25350084 14.58919430 -4.68282767
v -1.64320445 15.05653209 -4.26609351
v -1.65252991 14.86223398 -4.47806099
v -2.03234624 15.01467823 -4.22349188
v -1.24110733 15.00239409 -4.41411062
v -2.03901169 14.91674351 -4.33349938
v -1.24553278 14.90378197 -4.51816552
v -4.91658334 15.22388504 -1.83075754
v -4.53747083 15.17040251 -2.49963313
v -5.02366765 15.14023651 -1.98821838
v -4.59822919 15.29681532 -1.98188049
v -3.45614914 15.01785724 -3.63778214
v -4.04663072 15.10115824 -3.10695946
v -3.78951870 14.96613144 -3.51525570
v -3.35811969 15.12186938 -3.51629291
v -5.16229542 14.96411602 -2.27826379
v -4.61512729 15.08253907 -2.64733062
v -5.10635075 15.05297500 -2.13833806
v -4.94294156 14.93058409 -2.60780155
v -4.83323188 15.11332034 -2.32617438
v -3.87397533 15.42751871 -2.25286714
v -4.18909270 15.23920624 -2.64276819
v -4.24767842 15.36526203 -2.12389206
v -3.64069148 15.39776657 -2.58646950
v -4.40717178 15.26994963 -2.32123641
v -4.40411468 14.85715721 -3.21637606
v -4.36066336 15.04664108 -2.96218396
v -4.10781230 14.91210821 -3.37384975
v -4.68846583 14.89468444 -2.92266948
v -4.08827858 15.00822756 -3.24792008
v -4.66283752 14.99030541 -2.79237986
v -3.10573703 15.31914105 -3.20342383
v -3.93072502 15.20275754 -2.96245172
v -3.24042239 15.22316542 -3.37019019
v -3.38230627 15.36131540 -2.90617472
v -3.65798145 15.16425912 -3.24822467
v -3.80038232 15.30233617 -2.78405819
v -3.19809923 14.19692802 -3.95707249
v -3.27883503 14.41824841 -4.05696852
v -3.53159217 14.24858009 -3.83439338
v -2.84186193 14.24721953 -4.15506903
v -3.19809923 14.86364798 -3.95707249
v -3.27883503 14.64232759 -4.05696852
v -3.53159217 14.81199591 -3.83439338
v -2.84186193 14.81335647 -4.15506903
v -4.14673922 14.35722501 -3.53483190
v -3.59380763 14.47220384 -3.91102996
v -3.85029170 14.30236075 -3.69248518
v -4.17589505 14.47220115 -3.55688362
v -3.57305335 14.36024431 -3.88541861
v -2.07913106 14.35492926 -4.47366405
v -2.90411904 14.47131277 -4.23269194
v -2.46571627 14.30037086 -4.32874966
v -2.09038024 14.47130877 -4.50470078
v -2.88327532 14.35927716 -4.20678414
v -4.14673922 14.70335099 -3.53483190
v -3.59380763 14.58837216 -3.91102996
v -3.85029170 14.75821525 -3.69248518
v -4.17589505 14.58837485 -3.55688362
v -3.57305335 14.70033169 -3.88541861
v -3.89305593 14.53028800 -3.74484610
v -2.07913106 14.70564674 -4.47366405
v -2.90411904 14.58926323 -4.23269194
v -2.46571627 14.76020514 -4.32874966
v -2.09038024 14.58926723 -4.50470078
v -2.88327532 14.70129884 -4.20678414
v -2.50845629 14.53028800 -4.38258426
v -3.57877969 15.70011618 0.19442370
v -4.10569910 15.59375813 0.57955328
v -3.45243026 15.71140078 0.50946735
v -3.86418090 15.65331389 0.00000000
v -4.91543289 15.32245693 1.30941275
v -4.55410836 15.46706416 0.95360050
v -3.15433427 15.71604007 1.13490204
v -3.96992790 15.60098185 0.89667395
v -3.31026875 15.71668783 0.82539173
v -3.72166523 15.65865091 0.70522625
v -4.38308921 15.54269595 -0.38546115
v -4.38308921 15.54269595 0.38546115
v -4.13448841 15.60041271 -0.19443183
v -4.13448841 15.60041271 0.19443183
v -5.37920791 14.62418979 2.42212973
v -5.41688936 14.81019776 2.20191535
v -5.18276335 15.16270166 1.64018610
v -5.35098778 14.99085323 1.93959543
v -2.39406755 15.65255159 2.32364723
v -3.26875102 15.56601504 2.14447327
v -2.59997789 15.67699475 2.04341293
v -4.75709972 15.31919161 1.63342525
v -4.06294699 15.45397545 1.91249525
v -4.59687284 15.39528683 1.46013658
v -2.97926803 15.70863804 1.45338464
v -3.46189389 15.58374097 1.85011842
v -2.79628823 15.69586806 1.75107465
v -3.41020202 15.65856814 1.34104797
v -3.04192034 15.63352571 1.95323999
v -4.20603023 15.53557505 1.09505764
v -3.87362518 15.52565681 1.72985515
v -4.41195737 15.46794081 1.27915117
v -3.82195240 15.60048129 1.22077912
v -4.24728011 15.46348202 1.60116446
v -3.65157366 15.59463135 1.54112275
v -5.17463325 15.26028891 -1.11680262
v -5.30526652 15.27871773 -0.37534831
v -5.01420673 15.33641230 -0.94376096
v -5.17463325 15.26028891 1.11680262
v -5.30526652 15.27871773 0.37534831
v -5.01420673 15.33641230 0.94376096
v -4.62247248 15.47682630 -0.57978527
v -5.11442380 15.35061366 -0.19459006
v -4.82863447 15.40915893 -0.76358822
v -4.65130935 15.48348143 -0.19459909
v -5.08093203 15.34587627 -0.56967017
v -4.62247248 15.47682630 0.57978527
v -5.11442380 15.35061366 0.19459006
v -4.82863447 15.40915893 0.76358822
v -4.65130935 15.48348143 0.19459909
v -5.08093203 15.34587627 0.56967017
v -4.89710644 15.41892033 0.00000000
v -3.57877969 13.36045982 0.19442370
v -4.10569910 13.46681787 0.57955328
v -3.45243026 13.34917522 0.50946735
v -3.86418090 13.40726211 0.00000000
v -4.91543289 13.73811907 1.30941275
v -4.55410836 13.59351184 0.95360050
v -3.15433427 13.34453593 1.13490204
v -3.96992790 13.45959415 0.89667395
v -3.31026875 13.34388817 0.82539173
v -3.72166523 13.40192509 0.70522625
v -4.38308921 13.51788005 -0.38546115
v -4.38308921 13.51788005 0.38546115
v -4.13448841 13.46016329 -0.19443183
v -4.13448841 13.46016329 0.19443183
v -5.37920791 14.43638621 2.42212973
v -5.41688936 14.25037824 2.20191535
v -5.18276335 13.89787434 1.64018610
v -5.35098778 14.06972277 1.93959543
v -2.39406755 13.40802441 2.32364723
v -3.26875102 13.49456096 2.14447327
v -2.59997789 13.38358125 2.04341293
v -4.75709972 13.74138439 1.63342525
v -4.06294699 13.60660055 1.91249525
v -4.59687284 13.66528917 1.46013658
v -2.97926803 13.35193796 1.45338464
v -3.46189389 13.47683503 1.85011842
v -2.79628823 13.36470794 1.75107465
v -3.41020202 13.40200786 1.34104797
v -3.04192034 13.42705029 1.95323999
v -4.20603023 13.52500095 1.09505764
v -3.87362518 13.53491919 1.72985515
v -4.41195737 13.59263519 1.27915117
v -3.82195240 13.46009471 1.22077912
v -4.24728011 13.59709398 1.60116446
v -3.65157366 13.46594465 1.54112275
v -5.17463325 13.80028709 -1.11680262
v -5.30526652 13.78185827 -0.37534831
v -5.01420673 13.72416370 -0.94376096
v -5.17463325 13.80028709 1.11680262
v -5.30526652 13.78185827 0.37534831
v -5.01420673 13.72416370 0.94376096
v -4.62247248 13.58374970 -0.57978527
v -5.11442380 13.70996234 -0.19459006
v -4.82863447 13.65141707 -0.76358822
v -4.65130935 13.57709457 -0.19459909
v -5.08093203 13.71469973 -0.56967017
v -4.62247248 13.58374970 0.57978527
v -5.11442380 13.70996234 0.19459006
v -4.82863447 13.65141707 0.76358822
v -4.65130935 13.57709457 0.19459909
v -5.08093203 13.71469973 0.56967017
v -4.89710644 13.64165567 0.00000000
v -0.41137927 13.80729443 4.11351193
v -1.22627133 13.87302731 4.14232716
v -0.66622654 13.74223327 3.95689324
v -0.41175064 13.89430672 4.27176138
v -2.77057414 14.04070068 3.96328962
v -2.01771434 13.95132849 4.09193183
v -1.17257363 13.62410880 3.58697434
v -1.48410267 13.81027692 3.97243549
v -0.92221894 13.68077746 3.78017378
v -1.07935842 13.77468318 3.97460561
v -0.41316131 14.07792959 4.52661047
v -1.22875494 13.96287137 4.28838238
v -0.41282318 13.98518967 4.41045940
v -0.82421966 13.92715275 4.29029392
v -5.12496153 14.47225350 2.73671388
v -4.65901200 14.35729425 3.13965225
v -5.17439886 14.37821455 2.64009373
v -3.47045436 14.13943486 3.75886044
v -4.10397174 14.24564303 3.48255345
v -5.19472334 14.19152543 2.41213797
v -4.69065875 14.26263532 3.03582722
v -5.19756118 14.28391271 2.53138198
v -4.94330417 14.31978150 2.84597930
v -2.13601764 13.44442828 2.64293758
v -2.50095533 13.60287619 3.09448232
v -1.90940937 13.48100181 2.89786724
v -2.59168987 13.48069221 2.56797388
v -3.03861561 13.98381606 3.75974020
v -2.80431119 13.78416005 3.46983063
v -2.67215537 13.93681479 3.84162820
v -1.43199845 13.57021588 3.36785240
v -2.26211827 13.64609095 3.33462492
v -1.67273615 13.52321077 3.14126823
v -1.59640346 13.65788582 3.58529740
v -2.09383045 13.56080015 3.12633068
v -3.45592764 13.57408206 2.37497538
v -2.94605702 13.64601102 3.00584854
v -3.03546299 13.52430314 2.47797006
v -2.77739730 13.56070923 2.79727993
v -1.90057992 13.85023769 3.94763767
v -2.41938563 13.74007309 3.52921498
v -2.28986685 13.89200482 3.90485645
v -1.75367811 13.75187232 3.77989649
v -2.55423691 13.83593662 3.69600085
v -2.01531437 13.69677662 3.56569928
v -0.41753353 14.47138530 4.76925252
v -1.24231953 14.35503029 4.65181770
v -0.41733389 14.37265823 4.74404224
v -2.78056570 14.13802532 4.07903055
v -2.03651550 14.24299070 4.41983968
v -2.41422884 14.09095032 4.16076589
v -0.41644225 14.17710690 4.62442051
v -1.24079862 14.25642617 4.59832426
v -0.41667710 14.27382502 4.69541536
v -0.82935695 14.11626876 4.53437947
v -0.83365192 14.31387618 4.68557491
v -1.64320445 14.00404391 4.26609351
v -1.65252991 14.19834202 4.47806099
v -2.03234624 14.04589777 4.22349188
v -1.24110733 14.05818191 4.41411062
v -2.03901169 14.14383249 4.33349938
v -1.24553278 14.15679403 4.51816552
v -4.91658334 13.83669096 1.83075754
v -4.53747083 13.89017349 2.49963313
v -5.02366765 13.92033949 1.98821838
v -4.59822919 13.76376068 1.98188049
v -3.45614914 14.04271876 3.63778214
v -4.04663072 13.95941776 3.10695946
v -3.78951870 14.09444456 3.51525570
v -3.35811969 13.93870662 3.51629291
v -5.16229542 14.09645998 2.27826379
v -4.61512729 13.97803693 2.64733062
v -5.10635075 14.00760100 2.13833806
v -4.94294156 14.12999191 2.60780155
v -4.83323188 13.94725566 2.32617438
v -3.87397533 13.63305729 2.25286714
v -4.18909270 13.82136976 2.64276819
v -4.24767842 13.69531397 2.12389206
v -3.64069148 13.66280943 2.58646950
v -4.40717178 13.79062637 2.32123641
v -4.40411468 14.20341879 3.21637606
v -4.36066336 14.01393492 2.96218396
v -4.10781230 14.14846779 3.37384975
v -4.68846583 14.16589156 2.92266948
v -4.08827858 14.05234844 3.24792008
v -4.66283752 14.07027059 2.79237986
v -3.10573703 13.74143495 3.20342383
v -3.93072502 13.85781846 2.96245172
v -3.24042239 13.83741058 3.37019019
v -3.38230627 13.69926060 2.90617472
v -3.65798145 13.89631688 3.24822467
v -3.80038232 13.75823983 2.78405819
v -0.41137927 15.25328157 4.11351193
v -1.22627133 15.18754869 4.14232716
v -0.66622654 15.31834273 3.95689324
v -0.41175064 15.16626928 4.27176138
v -2.77057414 15.01987532 3.96328962
v -2.01771434 15.10924751 4.09193183
v -1.17257363 15.43646720 3.58697434
v -1.48410267 15.25029908 3.97243549
v -0.92221894 15.37979854 3.78017378
v -1.07935842 15.28589282 3.97460561
v -0.41316131 14.98264641 4.52661047
v -1.22875494 15.09770463 4.28838238
v -0.41282318 15.07538633 4.41045940
v -0.82421966 15.13342325 4.29029392
v -5.12496153 14.58832250 2.73671388
v -4.65901200 14.70328175 3.13965225
v -5.17439886 14.68236145 2.64009373
v -4.91992296 14.53028800 2.95496187
v -3.47045436 14.92114114 3.75886044
v -4.10397174 14.81493297 3.48255345
v -5.19472334 14.86905057 2.41213797
v -4.69065875 14.79794068 3.03582722
v -5.19756118 14.77666329 2.53138198
v -4.94330417 14.74079450 2.84597930
v -4.43531102 14.41522978 3.35177410
v -4.43531102 14.64534622 3.35177410
v -4.68816542 14.47225107 3.16166761
v -4.68816542 14.58832493 3.16166761
v -2.13601764 15.61614772 2.64293758
v -2.50095533 15.45769981 3.09448232
v -1.90940937 15.57957419 2.89786724
v -2.59168987 15.57988379 2.56797388
v -3.03861561 15.07675994 3.75974020
v -2.80431119 15.27641595 3.46983063
v -2.67215537 15.12376121 3.84162820
v -1.43199845 15.49036012 3.36785240
v -2.26211827 15.41448505 3.33462492
v -1.67273615 15.53736523 3.14126823
v -1.59640346 15.40269018 3.58529740
v -2.09383045 15.49977585 3.12633068
v -3.45592764 15.48649394 2.37497538
v -2.94605702 15.41456498 3.00584854
v -3.03546299 15.53627286 2.47797006
v -2.77739730 15.49986677 2.79727993
v -1.90057992 15.21033831 3.94763767
v -2.41938563 15.32050291 3.52921498
v -2.28986685 15.16857118 3.90485645
v -1.75367811 15.30870368 3.77989649
v -2.55423691 15.22463938 3.69600085
v -2.01531437 15.36379938 3.56569928
v -0.41753353 14.58919070 4.76925252
v -1.24231953 14.70554571 4.65181770
v -0.41733389 14.68791777 4.74404224
v -0.83532261 14.53028800 4.74116242
v -2.78056570 14.92255068 4.07903055
v -2.03651550 14.81758530 4.41983968
v -2.41422884 14.96962568 4.16076589
v -0.41644225 14.88346910 4.62442051
v -1.24079862 14.80414983 4.59832426
v -0.41667710 14.78675098 4.69541536
v -0.82935695 14.94430724 4.53437947
v -0.83365192 14.74669982 4.68557491
v -1.66108336 14.41390449 4.59577229
v -1.66108336 14.64667151 4.59577229
v -1.25350084 14.47138170 4.68282767
v -1.25350084 14.58919430 4.68282767
v -1.64320445 15.05653209 4.26609351
v -1.65252991 14.86223398 4.47806099
v -2.03234624 15.01467823 4.22349188
v -1.24110733 15.00239409 4.41411062
v -2.03901169 14.91674351 4.33349938
v -1.24553278 14.90378197 4.51816552
v -4.91658334 15.22388504 1.83075754
v -4.53747083 15.17040251 2.49963313
v -5.02366765 15.14023651 1.98821838
v -4.59822919 15.29681532 1.98188049
v -3.45614914 15.01785724 3.63778214
v -4.04663072 15.10115824 3.10695946
v -3.78951870 14.96613144 3.51525570
v -3.35811969 15.12186938 3.51629291
v -5.16229542 14.96411602 2.27826379
v -4.61512729 15.08253907 2.64733062
v -5.10635075 15.05297500 2.13833806
v -4.94294156 14.93058409 2.60780155
v -4.83323188 15.11332034 2.32617438
v -3.87397533 15.42751871 2.25286714
v -4.18909270 15.23920624 2.64276819
v -4.24767842 15.36526203 2.12389206
v -3.64069148 15.39776657 2.58646950
v -4.40717178 15.26994963 2.32123641
v -4.40411468 14.85715721 3.21637606
v -4.36066336 15.04664108 2.96218396
v -4.10781230 14.91210821 3.37384975
v -4.68846583 14.89468444 2.92266948
v -4.08827858 15.00822756 3.24792008
v -4.66283752 14.99030541 2.79237986
v -3.10573703 15.31914105 3.20342383
v -3.93072502 15.20275754 2.96245172
v -3.24042239 15.22316542 3.37019019
v -3.38230627 15.36131540 2.90617472
v -3.65798145 15.16425912 3.24822467
v -3.80038232 15.30233617 2.78405819
v -3.19809923 14.19692802 3.95707249
v -3.27883503 14.41824841 4.05696852
v -3.53159217 14.24858009 3.83439338
v -2.84186193 14.24721953 4.15506903
v -3.19809923 14.86364798 3.95707249
v -3.27883503 14.64232759 4.05696852
v -3.53159217 14.81199591 3.83439338
v -2.84186193 14.81335647 4.15506903
v -4.14673922 14.35722501 3.53483190
v -3.59380763 14.47220384 3.91102996
v -3.85029170 14.30236075 3.69248518
v -4.17589505 14.47220115 3.55688362
v -3.57305335 14.36024431 3.88541861
v -2.07913106 14.35492926 4.47366405
v -2.90411904 14.47131277 4.23269194
v -2.46571627 14.30037086 4.32874966
v -2.09038024 14.47130877 4.50470078
v -2.88327532 14.35927716 4.20678414
v -4.14673922 14.70335099 3.53483190
v -3.59380763 14.58837216 3.91102996
v -3.85029170 14.75821525 3.69248518
v -4.17589505 14.58837485 3.55688362
v -3.57305335 14.70033169 3.88541861
v -3.89305593 14.53028800 3.74484610
v -2.07913106 14.70564674 4.47366405
v -2.90411904 14.58926323 4.23269194
v -2.46571627 14.76020514 4.32874966
v -2.09038024 14.58926723 4.50470078
v -2.88327532 14.70129884 4.20678414
v -2.50845629 14.53028800 4.38258426
v -5.53634081 14.53028800 -2.22770603
v -5.88528333 14.53028800 -1.62236208
v -5.58614950 14.62427456 -2.13062637
v -5.58614950 14.43630144 -2.13062637
v -6.24102850 14.53028800 -0.33077335
v -6.12168608 14.53028800 -0.98599493
v -5.60788465 14.81076467 -1.90092518
v -5.91941369 14.62459656 -1.51546402
v -5.61038436 14.71842510 -2.02058757
v -5.76752383 14.62451938 -1.82615573
v -5.60788465 14.24981133 -1.90092518
v -5.91941369 14.43597944 -1.51546402
v -5.61038436 14.34215090 -2.02058757
v -5.76752383 14.43605662 -1.82615573
v -5.53634081 14.53028800 2.22770603
v -5.88528333 14.53028800 1.62236208
v -5.58614950 14.62427456 2.13062637
v -5.58614950 14.43630144 2.13062637
v -6.24102850 14.53028800 0.33077335
v -6.12168608 14.53028800 0.98599493
v -5.60788465 14.81076467 1.90092518
v -5.91941369 14.62459656 1.51546402
v -5.61038436 14.71842510 2.02058757
v -5.76752383 14.62451938 1.82615573
v -5.60788465 14.24981133 1.90092518
v -5.91941369 14.43597944 1.51546402
v -5.61038436 14.34215090 2.02058757
v -5.76752383 14.43605662 1.82615573
v -5.33411687 15.16498234 -1.31413491
v -5.77979036 14.99514480 -0.96248620
v -5.44100154 15.08136197 -1.47184277
v -5.43355180 15.17897388 -0.94831903
v -6.23671484 14.62559457 -0.19733229
v -6.08314622 14.81386094 -0.58713788
v -6.20374754 14.62554900 -0.52808180
v -5.57873767 14.90536728 -1.76299142
v -5.85592591 14.90749591 -1.11206553
v -5.52302784 14.99419312 -1.62277511
v -5.77229851 14.81358424 -1.58162151
v -5.66688381 14.99571458 -1.29468009
v -5.53505869 15.19318474 -0.19757529
v -5.85017606 15.00487226 -0.58747634
v -5.50117926 15.18842693 -0.57291025
v -5.66067263 15.09311454 -0.77025461
v -6.04731913 14.62534547 -1.18320615
v -6.01319327 14.81351377 -0.91747547
v -6.14015854 14.62539908 -0.85918689
v -5.92957316 14.71959774 -1.38702243
v -6.12729027 14.72057811 -0.72500991
v -5.90837030 14.81459439 -1.25125711
v -5.33411687 13.89559366 -1.31413491
v -5.77979036 14.06543120 -0.96248620
v -5.44100154 13.97921403 -1.47184277
v -5.43355180 13.88160212 -0.94831903
v -6.23671484 14.43498143 -0.19733229
v -6.08314622 14.24671506 -0.58713788
v -6.20374754 14.43502700 -0.52808180
v -5.57873767 14.15520872 -1.76299142
v -5.85592591 14.15308009 -1.11206553
v -5.52302784 14.06638288 -1.62277511
v -5.77229851 14.24699176 -1.58162151
v -5.66688381 14.06486142 -1.29468009
v -5.53505869 13.86739126 -0.19757529
v -5.85017606 14.05570374 -0.58747634
v -5.50117926 13.87214907 -0.57291025
v -5.66067263 13.96746146 -0.77025461
v -6.04731913 14.43523053 -1.18320615
v -6.01319327 14.24706223 -0.91747547
v -6.14015854 14.43517692 -0.85918689
v -5.92957316 14.34097826 -1.38702243
v -6.12729027 14.33999789 -0.72500991
v -5.90837030 14.24598161 -1.25125711
v -5.33411687 15.16498234 1.31413491
v -5.77979036 14.99514480 0.96248620
v -5.44100154 15.08136197 1.47184277
v -5.43355180 15.17897388 0.94831903
v -6.23671484 14.62559457 0.19733229
v -6.08314622 14.81386094 0.58713788
v -6.20374754 14.62554900 0.52808180
v -6.19998162 14.72095946 0.00000000
v -5.57873767 14.90536728 1.76299142
v -5.85592591 14.90749591 1.11206553
v -5.52302784 14.99419312 1.62277511
v -5.77229851 14.81358424 1.58162151
v -5.66688381 14.99571458 1.29468009
v -5.53505869 15.19318474 0.19757529
v -5.85017606 15.00487226 0.58747634
v -5.50117926 15.18842693 0.57291025
v -5.73107172 15.10287041 0.00000000
v -5.66067263 15.09311454 0.77025461
v -6.04731913 14.62534547 1.18320615
v -6.01319327 14.81351377 0.91747547
v -6.14015854 14.62539908 0.85918689
v -5.92957316 14.71959774 1.38702243
v -6.12729027 14.72057811 0.72500991
v -5.90837030 14.81459439 1.25125711
v -6.00985607 14.90944833 -0.38990106
v -6.00985607 14.90944833 0.38990106
v -6.12369772 14.81641319 -0.19734435
v -5.89076256 15.00744001 -0.19758869
v -6.12369772 14.81641319 0.19734435
v -5.89076256 15.00744001 0.19758869
v -5.33411687 13.89559366 1.31413491
v -5.77979036 14.06543120 0.96248620
v -5.44100154 13.97921403 1.47184277
v -5.43355180 13.88160212 0.94831903
v -6.23671484 14.43498143 0.19733229
v -6.08314622 14.24671506 0.58713788
v -6.20374754 14.43502700 0.52808180
v -6.19998162 14.33961654 0.00000000
v -5.57873767 14.15520872 1.76299142
v -5.85592591 14.15308009 1.11206553
v -5.52302784 14.06638288 1.62277511
v -5.77229851 14.24699176 1.58162151
v -5.66688381 14.06486142 1.29468009
v -5.53505869 13.86739126 0.19757529
v -5.85017606 14.05570374 0.58747634
v -5.50117926 13.87214907 0.57291025
v -5.73107172 13.95770559 0.00000000
v -5.66067263 13.96746146 0.77025461
v -6.04731913 14.43523053 1.18320615
v -6.01319327 14.24706223 0.91747547
v -6.14015854 14.43517692 0.85918689
v -5.92957316 14.34097826 1.38702243
v -6.12729027 14.33999789 0.72500991
v -5.90837030 14.24598161 1.25125711
v -6.00985607 14.15112767 -0.38990106
v -6.00985607 14.15112767 0.38990106
v -6.12369772 14.24416281 -0.19734435
v -5.89076256 14.05313599 -0.19758869
v -6.12369772 14.24416281 0.19734435
v -5.89076256 14.05313599 0.19758869
v 7.16428571 15.25000000 0.00000000
v 7.12821009 15.12913239 0.00000000
v 7.02712843 15.03220409 0.00000000
v 6.88106120 14.97841294 0.00000000
v 6.71893880 14.97841294 0.00000000
v 6.57287157 15.03220409 0.00000000
v 6.47178991 15.12913239 0.00000000
v 6.43571429 15.25000000 0.00000000
v 6.47178991 15.37086761 -0.00000000
v 6.57287157 15.46779591 -0.00000000
v 6.71893880 15.52158706 -0.00000000
v 6.88106120 15.52158706 -0.00000000
v 7.02712843 15.46779591 -0.00000000
v 7.12821009 15.37086761 -0.00000000
v 7.14220061 15.25000000 0.27774520
v 7.10623619 15.12913239 0.27634662
v 7.00546614 15.03220409 0.27242788
v 6.85984918 14.97841294 0.26676514
v 6.69822656 14.97841294 0.26047998
v 6.55260960 15.03220409 0.25481724
v 6.45183954 15.12913239 0.25089851
v 6.41587513 15.25000000 0.24949992
v 6.45183954 15.37086761 0.25089851
v 6.55260960 15.46779591 0.25481724
v 6.69822656 15.52158706 0.26047998
v 6.85984918 15.52158706 0.26676514
v 7.00546614 15.46779591 0.27242788
v 7.10623619 15.37086761 0.27634662
v 7.07608147 15.25000000 0.55377801
v 7.04044999 15.12913239 0.55098947
v 6.94061282 15.03220409 0.54317616
v 6.79634392 14.97841294 0.53188559
v 6.63621752 14.97841294 0.51935401
v 6.49194862 15.03220409 0.50806345
v 6.39211144 15.12913239 0.50025014
v 6.35647996 15.25000000 0.49746160
v 6.39211144 15.37086761 0.50025014
v 6.49194862 15.46779591 0.50806345
v 6.63621752 15.52158706 0.51935401
v 6.79634392 15.52158706 0.53188559
v 6.94061282 15.46779591 0.54317616
v 7.04044999 15.37086761 0.55098947
v 6.96633593 15.25000000 0.82639659
v 6.93125708 15.12913239 0.82223528
v 6.83296831 15.03220409 0.81057557
v 6.69093693 14.97841294 0.79372679
v 6.53329399 14.97841294 0.77502606
v 6.39126261 15.03220409 0.75817728
v 6.29297384 15.12913239 0.74651756
v 6.25789499 15.25000000 0.74235626
v 6.29297384 15.37086761 0.74651756
v 6.39126261 15.46779591 0.75817728
v 6.53329399 15.52158706 0.77502606
v 6.69093693 15.52158706 0.79372679
v 6.83296831 15.46779591 0.81057557
v 6.93125708 15.37086761 0.82223528
v 6.81364061 15.25000000 1.09392016
v 6.77933065 15.12913239 1.08841175
v 6.68319628 15.03220409 1.07297751
v 6.54427809 14.97841294 1.05067440
v 6.39009053 14.97841294 1.02591981
v 6.25117234 15.03220409 1.00361669
v 6.15503797 15.12913239 0.98818246
v 6.12072801 15.25000000 0.98267404
v 6.15503797 15.37086761 0.98818246
v 6.25117234 15.46779591 1.00361669
v 6.39009053 15.52158706 1.02591981
v 6.54427809 15.52158706 1.05067440
v 6.68319628 15.46779591 1.07297751
v 6.77933065 15.37086761 1.08841175
v 6.61893694 15.25000000 1.35469935
v 6.58560740 15.12913239 1.34787779
v 6.49222013 15.03220409 1.32876419
v 6.35727160 14.97841294 1.30114425
v 6.20749004 14.97841294 1.27048842
v 6.07254152 15.03220409 1.24286847
v 5.97915424 15.12913239 1.22375488
v 5.94582471 15.25000000 1.21693331
v 5.97915424 15.37086761 1.22375488
v 6.07254152 15.46779591 1.24286847
v 6.20749004 15.52158706 1.27048842
v 6.35727160 15.52158706 1.30114425
v 6.49222013 15.46779591 1.32876419
v 6.58560740 15.37086761 1.34787779
v 6.38342531 15.25000000 1.60712637
v 6.35128169 15.12913239 1.59903371
v 6.26121728 15.03220409 1.57635860
v 6.13107042 14.97841294 1.54359211
v 5.98661831 14.97841294 1.50722405
v 5.85647145 15.03220409 1.47445756
v 5.76640704 15.12913239 1.45178244
v 5.73426342 15.25000000 1.44368979
v 5.76640704 15.37086761 1.45178244
v 5.85647145 15.46779591 1.47445756
v 5.98661831 15.52158706 1.50722405
v 6.13107042 15.52158706 1.54359211
v 6.26121728 15.46779591 1.57635860
v 6.35128169 15.37086761 1.59903371
v 6.10855775 15.25000000 1.84964492
v 6.07779822 15.12913239 1.84033107
v 5.99161194 15.03220409 1.81423423
v 5.86706915 14.97841294 1.77652321
v 5.72883708 14.97841294 1.73466714
v 5.60429430 15.03220409 1.69695612
v 5.51810801 15.12913239 1.67085929
v 5.48734849 15.25000000 1.66154544
v 5.51810801 15.37086761 1.67085929
v 5.60429430 15.46779591 1.69695612
v 5.72883708 15.52158706 1.73466714
v 5.86706915 15.52158706 1.77652321
v 5.99161194 15.46779591 1.81423423
v 6.07779822 15.37086761 1.84033107
v 5.79602890 15.25000000 2.08075979
v 5.76684310 15.12913239 2.07028217
v 5.68506632 15.03220409 2.04092451
v 5.56689545 14.97841294 1.99850146
v 5.43573568 14.97841294 1.95141543
v 5.31756480 15.03220409 1.90899239
v 5.23578802 15.12913239 1.87963473
v 5.20660223 15.25000000 1.86915710
v 5.23578802 15.37086761 1.87963473
v 5.31756480 15.46779591 1.90899239
v 5.43573568 15.52158706 1.95141543
v 5.56689545 15.52158706 1.99850146
v 5.68506632 15.46779591 2.04092451
v 5.76684310 15.37086761 2.07028217
v 5.44776560 15.25000000 2.29904609
v 5.42033347 15.12913239 2.28746929
v 5.34347038 15.03220409 2.25503180
v 5.23239998 14.97841294 2.20815828
v 5.10912115 14.97841294 2.15613260
v 4.99805075 15.03220409 2.10925908
v 4.92118766 15.12913239 2.07682160
v 4.89375554 15.25000000 2.06524479
v 4.92118766 15.37086761 2.07682160
v 4.99805075 15.46779591 2.10925908
v 5.10912115 15.52158706 2.15613260
v 5.23239998 15.52158706 2.20815828
v 5.34347038 15.46779591 2.25503180
v 5.42033347 15.37086761 2.28746929
v 5.06591501 15.25000000 2.50315801
v 5.04040569 15.12913239 2.49055340
v 4.96893016 15.03220409 2.45523608
v 4.86564503 14.97841294 2.40420108
v 4.75100719 14.97841294 2.34755649
v 4.64772206 15.03220409 2.29652149
v 4.57624653 15.12913239 2.26120417
v 4.55073721 15.25000000 2.24859956
v 4.57624653 15.37086761 2.26120417
v 4.64772206 15.46779591 2.29652149
v 4.75100719 15.52158706 2.34755649
v 4.86564503 15.52158706 2.40420108
v 4.96893016 15.46779591 2.45523608
v 5.04040569 15.37086761 2.49055340
v 4.65283137 15.25000000 2.69183712
v 4.62940213 15.12913239 2.67828242
v 4.56375484 15.03220409 2.64030301
v 4.46889177 14.97841294 2.58542117
v 4.36360169 14.97841294 2.52450692
v 4.26873861 15.03220409 2.46962508
v 4.20309133 15.12913239 2.43164567
v 4.17966208 15.25000000 2.41809097
v 4.20309133 15.37086761 2.43164567
v 4.26873861 15.46779591 2.46962508
v 4.36360169 15.52158706 2.52450692
v 4.46889177 15.52158706 2.58542117
v 4.56375484 15.46779591 2.64030301
v 4.62940213 15.37086761 2.67828242
v 4.21106149 15.25000000 2.86392016
v 4.18985676 15.12913239 2.84949894
v 4.13044246 15.03220409 2.80909159
v 4.04458629 14.97841294 2.75070128
v 3.94929314 14.97841294 2.68589292
v 3.86343698 15.03220409 2.62750261
v 3.80402267 15.12913239 2.58709526
v 3.78281795 15.25000000 2.57267404
v 3.80402267 15.37086761 2.58709526
v 3.86343698 15.46779591 2.62750261
v 3.94929314 15.52158706 2.68589292
v 4.04458629 15.52158706 2.75070128
v 4.13044246 15.46779591 2.80909159
v 4.18985676 15.37086761 2.84949894
v 3.74332900 15.25000000 3.01834618
v 3.72447954 15.12913239 3.00314736
v 3.67166452 15.03220409 2.96056119
v 3.59534460 14.97841294 2.89902240
v 3.51063588 14.97841294 2.83071950
v 3.43431596 15.03220409 2.76918071
v 3.38150094 15.12913239 2.72659455
v 3.36265148 15.25000000 2.71139572
v 3.38150094 15.37086761 2.72659455
v 3.43431596 15.46779591 2.76918071
v 3.51063588 15.52158706 2.83071950
v 3.59534460 15.52158706 2.89902240
v 3.67166452 15.46779591 2.96056119
v 3.72447954 15.37086761 3.00314736
v 3.25251765 15.25000000 3.15416310
v 3.23613966 15.12913239 3.13828037
v 3.19024955 15.03220409 3.09377795
v 3.12393641 14.97841294 3.02947009
v 3.05033438 14.97841294 2.95809375
v 2.98402125 15.03220409 2.89378589
v 2.93813114 15.12913239 2.84928348
v 2.92175314 15.25000000 2.83340075
v 2.93813114 15.37086761 2.84928348
v 2.98402125 15.46779591 2.89378589
v 3.05033438 15.52158706 2.95809375
v 3.12393641 15.52158706 3.02947009
v 3.19024955 15.46779591 3.09377795
v 3.23613966 15.37086761 3.13828037
v 2.74165345 15.25000000 3.27053355
v 2.72784790 15.12913239 3.25406483
v 2.68916563 15.03220409 3.20792053
v 2.63326812 14.97841294 3.14124009
v 2.57122656 14.97841294 3.06723037
v 2.51532905 15.03220409 3.00054993
v 2.47664678 15.12913239 2.95440562
v 2.46284123 15.25000000 2.93793691
v 2.47664678 15.37086761 2.95440562
v 2.51532905 15.46779591 3.00054993
v 2.57122656 15.52158706 3.06723037
v 2.63326812 15.52158706 3.14124009
v 2.68916563 15.46779591 3.20792053
v 2.72784790 15.37086761 3.25406483
v 2.21388604 15.25000000 3.36674007
v 2.20273806 15.12913239 3.34978691
v 2.17150211 15.03220409 3.30228522
v 2.12636485 14.97841294 3.23364329
v 2.07626627 14.97841294 3.15745650
v 2.03112902 15.03220409 3.08881457
v 1.99989307 15.12913239 3.04131288
v 1.98874509 15.25000000 3.02435972
v 1.99989307 15.37086761 3.04131288
v 2.03112902 15.46779591 3.08881457
v 2.07626627 15.52158706 3.15745650
v 2.12636485 15.52158706 3.23364329
v 2.17150211 15.46779591 3.30228522
v 2.20273806 15.37086761 3.34978691
v 1.67246929 15.25000000 3.44218952
v 1.66404760 15.12913239 3.42485644
v 1.64045055 15.03220409 3.37629022
v 1.60635183 14.97841294 3.30611001
v 1.56850511 14.97841294 3.22821585
v 1.53440640 15.03220409 3.15803564
v 1.51080935 15.12913239 3.10946943
v 1.50238766 15.25000000 3.09213635
v 1.51080935 15.37086761 3.10946943
v 1.53440640 15.46779591 3.15803564
v 1.56850511 15.52158706 3.22821585
v 1.60635183 15.52158706 3.30611001
v 1.64045055 15.46779591 3.37629022
v 1.66404760 15.37086761 3.42485644
v 1.12074120 15.25000000 3.49641673
v 1.11509773 15.12913239 3.47881058
v 1.09928508 15.03220409 3.42947927
v 1.07643513 14.97841294 3.35819346
v 1.05107360 14.97841294 3.27907218
v 1.02822365 15.03220409 3.20778638
v 1.01241099 15.12913239 3.15845506
v 1.00676752 15.25000000 3.14084892
v 1.01241099 15.37086761 3.15845506
v 1.02822365 15.46779591 3.20778638
v 1.05107360 15.52158706 3.27907218
v 1.07643513 15.52158706 3.35819346
v 1.09928508 15.46779591 3.42947927
v 1.11509773 15.37086761 3.47881058
v 0.56210338 15.25000000 3.52908736
v 0.55927292 15.12913239 3.51131671
v 0.55134214 15.03220409 3.46152444
v 0.53988184 14.97841294 3.38957254
v 0.52716186 14.97841294 3.30971195
v 0.51570156 15.03220409 3.23776004
v 0.50777078 15.12913239 3.18796777
v 0.50494032 15.25000000 3.17019712
v 0.50777078 15.37086761 3.18796777
v 0.51570156 15.46779591 3.23776004
v 0.52716186 15.52158706 3.30971195
v 0.53988184 15.52158706 3.38957254
v 0.55134214 15.46779591 3.46152444
v 0.55927292 15.37086761 3.51131671
v 0.00000000 15.25000000 3.54000000
v 0.00000000 15.12913239 3.52217440
v 0.00000000 15.03220409 3.47222816
v 0.00000000 14.97841294 3.40005377
v 0.00000000 14.97841294 3.31994623
v 0.00000000 15.03220409 3.24777184
v 0.00000000 15.12913239 3.19782560
v 0.00000000 15.25000000 3.18000000
v 0.00000000 15.37086761 3.19782560
v 0.00000000 15.46779591 3.24777184
v 0.00000000 15.52158706 3.31994623
v 0.00000000 15.52158706 3.40005377
v 0.00000000 15.46779591 3.47222816
v 0.00000000 15.37086761 3.52217440
v -0.56210338 15.25000000 3.52908736
v -0.55927292 15.12913239 3.51131671
v -0.55134214 15.03220409 3.46152444
v -0.53988184 14.97841294 3.38957254
v -0.52716186 14.97841294 3.30971195
v -0.51570156 15.03220409 3.23776004
v -0.50777078 15.12913239 3.18796777
v -0.50494032 15.25000000 3.17019712
v -0.50777078 15.37086761 3.18796777
v -0.51570156 15.46779591 3.23776004
v -0.52716186 15.52158706 3.30971195
v -0.53988184 15.52158706 3.38957254
v -0.55134214 15.46779591 3.46152444
v -0.55927292 15.37086761 3.51131671
v -1.12074120 15.25000000 3.49641673
v -1.11509773 15.12913239 3.47881058
v -1.09928508 15.03220409 3.42947927
v -1.07643513 14.97841294 3.35819346
v -1.05107360 14.97841294 3.27907218
v -1.02822365 15.03220409 3.20778638
v -1.01241099 15.12913239 3.15845506
v -1.00676752 15.25000000 3.14084892
v -1.01241099 15.37086761 3.15845506
v -1.02822365 15.46779591 3.20778638
v -1.05107360 15.52158706 3.27907218
v -1.07643513 15.52158706 3.35819346
v -1.09928508 15.46779591 3.42947927
v -1.11509773 15.37086761 3.47881058
v -1.67246929 15.25000000 3.44218952
v -1.66404760 15.12913239 3.42485644
v -1.64045055 15.03220409 3.37629022
v -1.60635183 14.97841294 3.30611001
v -1.56850511 14.97841294 3.22821585
v -1.53440640 15.03220409 3.15803564
v -1.51080935 15.12913239 3.10946943
v -1.50238766 15.25000000 3.09213635
v -1.51080935 15.37086761 3.10946943
v -1.53440640 15.46779591 3.15803564
v -1.56850511 15.52158706 3.22821585
v -1.60635183 15.52158706 3.30611001
v -1.64045055 15.46779591 3.37629022
v -1.66404760 15.37086761 3.42485644
v -2.21388604 15.25000000 3.36674007
v -2.20273806 15.12913239 3.34978691
v -2.17150211 15.03220409 3.30228522
v -2.12636485 14.97841294 3.23364329
v -2.07626627 14.97841294 3.15745650
v -2.03112902 15.03220409 3.08881457
v -1.99989307 15.12913239 3.04131288
v -1.98874509 15.25000000 3.02435972
v -1.99989307 15.37086761 3.04131288
v -2.03112902 15.46779591 3.08881457
v -2.07626627 15.52158706 3.15745650
v -2.12636485 15.52158706 3.23364329
v -2.17150211 15.46779591 3.30228522
v -2.20273806 15.37086761 3.34978691
v -2.74165345 15.25000000 3.27053355
v -2.72784790 15.12913239 3.25406483
v -2.68916563 15.03220409 3.20792053
v -2.63326812 14.97841294 3.14124009
v -2.57122656 14.97841294 3.06723037
v -2.51532905 15.03220409 3.00054993
v -2.47664678 15.12913239 2.95440562
v -2.46284123 15.25000000 2.93793691
v -2.47664678 15.37086761 2.95440562
v -2.51532905 15.46779591 3.00054993
v -2.57122656 15.52158706 3.06723037
v -2.63326812 15.52158706 3.14124009
v -2.68916563 15.46779591 3.20792053
v -2.72784790 15.37086761 3.25406483
v -3.25251765 15.25000000 3.15416310
v -3.23613966 15.12913239 3.13828037
v -3.19024955 15.03220409 3.09377795
v -3.12393641 14.97841294 3.02947009
v -3.05033438 14.97841294 2.95809375
v -2.98402125 15.03220409 2.89378589
v -2.93813114 15.12913239 2.84928348
v -2.92175314 15.25000000 2.83340075
v -2.93813114 15.37086761 2.84928348
v -2.98402125 15.46779591 2.89378589
v -3.05033438 15.52158706 2.95809375
v -3.12393641 15.52158706 3.02947009
v -3.19024955 15.46779591 3.09377795
v -3.23613966 15.37086761 3.13828037
v -3.74332900 15.25000000 3.01834618
v -3.72447954 15.12913239 3.00314736
v -3.67166452 15.03220409 2.96056119
v -3.59534460 14.97841294 2.89902240
v -3.51063588 14.97841294 2.83071950
v -3.43431596 15.03220409 2.76918071
v -3.38150094 15.12913239 2.72659455
v -3.36265148 15.25000000 2.71139572
v -3.38150094 15.37086761 2.72659455
v -3.43431596 15.46779591 2.76918071
v -3.51063588 15.52158706 2.83071950
v -3.59534460 15.52158706 2.89902240
v -3.67166452 15.46779591 2.96056119
v -3.72447954 15.37086761 3.00314736
v -4.21106149 15.25000000 2.86392016
v -4.18985676 15.12913239 2.84949894
v -4.13044246 15.03220409 2.80909159
v -4.04458629 14.97841294 2.75070128
v -3.94929314 14.97841294 2.68589292
v -3.86343698 15.03220409 2.62750261
v -3.80402267 15.12913239 2.58709526
v -3.78281795 15.25000000 2.57267404
v -3.80402267 15.37086761 2.58709526
v -3.86343698 15.46779591 2.62750261
v -3.94929314 15.52158706 2.68589292
v -4.04458629 15.52158706 2.75070128
v -4.13044246 15.46779591 2.80909159
v -4.18985676 15.37086761 2.84949894
v -4.65283137 15.25000000 2.69183712
v -4.62940213 15.12913239 2.67828242
v -4.56375484 15.03220409 2.64030301
v -4.46889177 14.97841294 2.58542117
v -4.36360169 14.97841294 2.52450692
v -4.26873861 15.03220409 2.46962508
v -4.20309133 15.12913239 2.43164567
v -4.17966208 15.25000000 2.41809097
v -4.20309133 15.37086761 2.43164567
v -4.26873861 15.46779591 2.46962508
v -4.36360169 15.52158706 2.52450692
v -4.46889177 15.52158706 2.58542117
v -4.56375484 15.46779591 2.64030301
v -4.62940213 15.37086761 2.67828242
v -5.06591501 15.25000000 2.50315801
v -5.04040569 15.12913239 2.49055340
v -4.96893016 15.03220409 2.45523608
v -4.86564503 14.97841294 2.40420108
v -4.75100719 14.97841294 2.34755649
v -4.64772206 15.03220409 2.29652149
v -4.57624653 15.12913239 2.26120417
v -4.55073721 15.25000000 2.24859956
v -4.57624653 15.37086761 2.26120417
v -4.64772206 15.46779591 2.29652149
v -4.75100719 15.52158706 2.34755649
v -4.86564503 15.52158706 2.40420108
v -4.96893016 15.46779591 2.45523608
v -5.04040569 15.37086761 2.49055340
v -5.44776560 15.25000000 2.29904609
v -5.42033347 15.12913239 2.28746929
v -5.34347038 15.03220409 2.25503180
v -5.23239998 14.97841294 2.20815828
v -5.10912115 14.97841294 2.15613260
v -4.99805075 15.03220409 2.10925908
v -4.92118766 15.12913239 2.07682160
v -4.89375554 15.25000000 2.06524479
v -4.92118766 15.37086761 2.07682160
v -4.99805075 15.46779591 2.10925908
v -5.10912115 15.52158706 2.15613260
v -5.23239998 15.52158706 2.20815828
v -5.34347038 15.46779591 2.25503180
v -5.42033347 15.37086761 2.28746929
v -5.79602890 15.25000000 2.08075979
v -5.76684310 15.12913239 2.07028217
v -5.68506632 15.03220409 2.04092451
v -5.56689545 14.97841294 1.99850146
v -5.43573568 14.97841294 1.95141543
v -5.31756480 15.03220409 1.90899239
v -5.23578802 15.12913239 1.87963473
v -5.20660223 15.25000000 1.86915710
v -5.23578802 15.37086761 1.87963473
v -5.31756480 15.46779591 1.90899239
v -5.43573568 15.52158706 1.95141543
v -5.56689545 15.52158706 1.99850146
v -5.68506632 15.46779591 2.04092451
v -5.76684310 15.37086761 2.07028217
v -6.10855775 15.25000000 1.84964492
v -6.07779822 15.12913239 1.84033107
v -5.99161194 15.03220409 1.81423423
v -5.86706915 14.97841294 1.77652321
v -5.72883708 14.97841294 1.73466714
v -5.60429430 15.03220409 1.69695612
v -5.51810801 15.12913239 1.67085929
v -5.48734849 15.25000000 1.66154544
v -5.51810801 15.37086761 1.67085929
v -5.60429430 15.46779591 1.69695612
v -5.72883708 15.52158706 1.73466714
v -5.86706915 15.52158706 1.77652321
v -5.99161194 15.46779591 1.81423423
v -6.07779822 15.37086761 1.84033107
v -6.38342531 15.25000000 1.60712637
v -6.35128169 15.12913239 1.59903371
v -6.26121728 15.03220409 1.57635860
v -6.13107042 14.97841294 1.54359211
v -5.98661831 14.97841294 1.50722405
v -5.85647145 15.03220409 1.47445756
v -5.76640704 15.12913239 1.45178244
v -5.73426342 15.25000000 1.44368979
v -5.76640704 15.37086761 1.45178244
v -5.85647145 15.46779591 1.47445756
v -5.98661831 15.52158706 1.50722405
v -6.13107042 15.52158706 1.54359211
v -6.26121728 15.46779591 1.57635860
v -6.35128169 15.37086761 1.59903371
v -6.61893694 15.25000000 1.35469935
v -6.58560740 15.12913239 1.34787779
v -6.49222013 15.03220409 1.32876419
v -6.35727160 14.97841294 1.30114425
v -6.20749004 14.97841294 1.27048842
v -6.07254152 15.03220409 1.24286847
v -5.97915424 15.12913239 1.22375488
v -5.94582471 15.25000000 1.21693331
v -5.97915424 15.37086761 1.22375488
v -6.07254152 15.46779591 1.24286847
v -6.20749004 15.52158706 1.27048842
v -6.35727160 15.52158706 1.30114425
v -6.49222013 15.46779591 1.32876419
v -6.58560740 15.37086761 1.34787779
v -6.81364061 15.25000000 1.09392016
v -6.77933065 15.12913239 1.08841175
v -6.68319628 15.03220409 1.07297751
v -6.54427809 14.97841294 1.05067440
v -6.39009053 14.97841294 1.02591981
v -6.25117234 15.03220409 1.00361669
v -6.15503797 15.12913239 0.98818246
v -6.12072801 15.25000000 0.98267404
v -6.15503797 15.37086761 0.98818246
v -6.25117234 15.46779591 1.00361669
v -6.39009053 15.52158706 1.02591981
v -6.54427809 15.52158706 1.05067440
v -6.68319628 15.46779591 1.07297751
v -6.77933065 15.37086761 1.08841175
v -6.96633593 15.25000000 0.82639659
v -6.93125708 15.12913239 0.82223528
v -6.83296831 15.03220409 0.81057557
v -6.69093693 14.97841294 0.79372679
v -6.53329399 14.97841294 0.77502606
v -6.39126261 15.03220409 0.75817728
v -6.29297384 15.12913239 0.74651756
v -6.25789499 15.25000000 0.74235626
v -6.29297384 15.37086761 0.74651756
v -6.39126261 15.46779591 0.75817728
v -6.53329399 15.52158706 0.77502606
v -6.69093693 15.52158706 0.79372679
v -6.83296831 15.46779591 0.81057557
v -6.93125708 15.37086761 0.82223528
v -7.07608147 15.25000000 0.55377801
v -7.04044999 15.12913239 0.55098947
v -6.94061282 15.03220409 0.54317616
v -6.79634392 14.97841294 0.53188559
v -6.63621752 14.97841294 0.51935401
v -6.49194862 15.03220409 0.50806345
v -6.39211144 15.12913239 0.50025014
v -6.35647996 15.25000000 0.49746160
v -6.39211144 15.37086761 0.50025014
v -6.49194862 15.46779591 0.50806345
v -6.63621752 15.52158706 0.51935401
v -6.79634392 15.52158706 0.53188559
v -6.94061282 15.46779591 0.54317616
v -7.04044999 15.37086761 0.55098947
v -7.14220061 15.25000000 0.27774520
v -7.10623619 15.12913239 0.27634662
v -7.00546614 15.03220409 0.27242788
v -6.85984918 14.97841294 0.26676514
v -6.69822656 14.97841294 0.26047998
v -6.55260960 15.03220409 0.25481724
v -6.45183954 15.12913239 0.25089851
v -6.41587513 15.25000000 0.24949992
v -6.45183954 15.37086761 0.25089851
v -6.55260960 15.46779591 0.25481724
v -6.69822656 15.52158706 0.26047998
v -6.85984918 15.52158706 0.26676514
v -7.00546614 15.46779591 0.27242788
v -7.10623619 15.37086761 0.27634662
v -7.16428571 15.25000000 0.00000000
v -7.12821009 15.12913239 0.00000000
v -7.02712843 15.03220409 0.00000000
v -6.88106120 14.97841294 0.00000000
v -6.71893880 14.97841294 0.00000000
v -6.57287157 15.03220409 0.00000000
v -6.47178991 15.12913239 0.00000000
v -6.43571429 15.25000000 0.00000000
v -6.47178991 15.37086761 0.00000000
v -6.57287157 15.46779591 0.00000000
v -6.71893880 15.52158706 0.00000000
v -6.88106120 15.52158706 0.00000000
v -7.02712843 15.46779591 0.00000000
v -7.12821009 15.37086761 0.00000000
v -7.14220061 15.25000000 -0.27774520
v -7.10623619 15.12913239 -0.27634662
v -7.00546614 15.03220409 -0.27242788
v -6.85984918 14.97841294 -0.26676514
v -6.69822656 14.97841294 -0.26047998
v -6.55260960 15.03220409 -0.25481724
v -6.45183954 15.12913239 -0.25089851
v -6.41587513 15.25000000 -0.24949992
v -6.45183954 15.37086761 -0.25089851
v -6.55260960 15.46779591 -0.25481724
v -6.69822656 15.52158706 -0.26047998
v -6.85984918 15.52158706 -0.26676514
v -7.00546614 15.46779591 -0.27242788
v -7.10623619 15.37086761 -0.27634662
v -7.07608147 15.25000000 -0.55377801
v -7.04044999 15.12913239 -0.55098947
v -6.94061282 15.03220409 -0.54317616
v -6.79634392 14.97841294 -0.53188559
v -6.63621752 14.97841294 -0.51935401
v -6.49194862 15.03220409 -0.50806345
v -6.39211144 15.12913239 -0.50025014
v -6.35647996 15.25000000 -0.49746160
v -6.39211144 15.37086761 -0.50025014
v -6.49194862 15.46779591 -0.50806345
v -6.63621752 15.52158706 -0.51935401
v -6.79634392 15.52158706 -0.53188559
v -6.94061282 15.46779591 -0.54317616
v -7.04044999 15.37086761 -0.55098947
v -6.96633593 15.25000000 -0.82639659
v -6.93125708 15.12913239 -0.82223528
v -6.83296831 15.03220409 -0.81057557
v -6.69093693 14.97841294 -0.79372679
v -6.53329399 14.97841294 -0.77502606
v -6.39126261 15.03220409 -0.75817728
v -6.29297384 15.12913239 -0.74651756
v -6.25789499 15.25000000 -0.74235626
v -6.29297384 15.37086761 -0.74651756
v -6.39126261 15.46779591 -0.75817728
v -6.53329399 15.52158706 -0.77502606
v -6.69093693 15.52158706 -0.79372679
v -6.83296831 15.46779591 -0.81057557
v -6.93125708 15.37086761 -0.82223528
v -6.81364061 15.25000000 -1.09392016
v -6.77933065 15.12913239 -1.08841175
v -6.68319628 15.03220409 -1.07297751
v -6.54427809 14.97841294 -1.05067440
v -6.39009053 14.97841294 -1.02591981
v -6.25117234 15.03220409 -1.00361669
v -6.15503797 15.12913239 -0.98818246
v -6.12072801 15.25000000 -0.98267404
v -6.15503797 15.37086761 -0.98818246
v -6.25117234 15.46779591 -1.00361669
v -6.39009053 15.52158706 -1.02591981
v -6.54427809 15.52158706 -1.05067440
v -6.68319628 15.46779591 -1.07297751
v -6.77933065 15.37086761 -1.08841175
v -6.61893694 15.25000000 -1.35469935
v -6.58560740 15.12913239 -1.34787779
v -6.49222013 15.03220409 -1.32876419
v -6.35727160 14.97841294 -1.30114425
v -6.20749004 14.97841294 -1.27048842
v -6.07254152 15.03220409 -1.24286847
v -5.97915424 15.12913239 -1.22375488
v -5.94582471 15.25000000 -1.21693331
v -5.97915424 15.37086761 -1.22375488
v -6.07254152 15.46779591 -1.24286847
v -6.20749004 15.52158706 -1.27048842
v -6.35727160 15.52158706 -1.30114425
v -6.49222013 15.46779591 -1.32876419
v -6.58560740 15.37086761 -1.34787779
v -6.38342531 15.25000000 -1.60712637
v -6.35128169 15.12913239 -1.59903371
v -6.26121728 15.03220409 -1.57635860
v -6.13107042 14.97841294 -1.54359211
v -5.98661831 14.97841294 -1.50722405
v -5.85647145 15.03220409 -1.47445756
v -5.76640704 15.12913239 -1.45178244
v -5.73426342 15.25000000 -1.44368979
v -5.76640704 15.37086761 -1.45178244
v -5.85647145 15.46779591 -1.47445756
v -5.98661831 15.52158706 -1.50722405
v -6.13107042 15.52158706 -1.54359211
v -6.26121728 15.46779591 -1.57635860
v -6.35128169 15.37086761 -1.59903371
v -6.10855775 15.25000000 -1.84964492
v -6.07779822 15.12913239 -1.84033107
v -5.99161194 15.03220409 -1.81423423
v -5.86706915 14.97841294 -1.77652321
v -5.72883708 14.97841294 -1.73466714
v -5.60429430 15.03220409 -1.69695612
v -5.51810801 15.12913239 -1.67085929
v -5.48734849 15.25000000 -1.66154544
v -5.51810801 15.37086761 -1.67085929
v -5.60429430 15.46779591 -1.69695612
v -5.72883708 15.52158706 -1.73466714
v -5.86706915 15.52158706 -1.77652321
v -5.99161194 15.46779591 -1.81423423
v -6.07779822 15.37086761 -1.84033107
v -5.79602890 15.25000000 -2.08075979
v -5.76684310 15.12913239 -2.07028217
v -5.68506632 15.03220409 -2.04092451
v -5.56689545 14.97841294 -1.99850146
v -5.43573568 14.97841294 -1.95141543
v -5.31756480 15.03220409 -1.90899239
v -5.23578802 15.12913239 -1.87963473
v -5.20660223 15.25000000 -1.86915710
v -5.23578802 15.37086761 -1.87963473
v -5.31756480 15.46779591 -1.90899239
v -5.43573568 15.52158706 -1.95141543
v -5.56689545 15.52158706 -1.99850146
v -5.68506632 15.46779591 -2.04092451
v -5.76684310 15.37086761 -2.07028217
v -5.44776560 15.25000000 -2.29904609
v -5.42033347 15.12913239 -2.28746929
v -5.34347038 15.03220409 -2.25503180
v -5.23239998 14.97841294 -2.20815828
v -5.10912115 14.97841294 -2.15613260
v -4.99805075 15.03220409 -2.10925908
v -4.92118766 15.12913239 -2.07682160
v -4.89375554 15.25000000 -2.06524479
v -4.92118766 15.37086761 -2.07682160
v -4.99805075 15.46779591 -2.10925908
v -5.10912115 15.52158706 -2.15613260
v -5.23239998 15.52158706 -2.20815828
v -5.34347038 15.46779591 -2.25503180
v -5.42033347 15.37086761 -2.28746929
v -5.06591501 15.25000000 -2.50315801
v -5.04040569 15.12913239 -2.49055340
v -4.96893016 15.03220409 -2.45523608
v -4.86564503 14.97841294 -2.40420108
v -4.75100719 14.97841294 -2.34755649
v -4.64772206 15.03220409 -2.29652149
v -4.57624653 15.12913239 -2.26120417
v -4.55073721 15.25000000 -2.24859956
v -4.57624653 15.37086761 -2.26120417
v -4.64772206 15.46779591 -2.29652149
v -4.75100719 15.52158706 -2.34755649
v -4.86564503 15.52158706 -2.40420108
v -4.96893016 15.46779591 -2.45523608
v -5.04040569 15.37086761 -2.49055340
v -4.65283137 15.25000000 -2.69183712
v -4.62940213 15.12913239 -2.67828242
v -4.56375484 15.03220409 -2.64030301
v -4.46889177 14.97841294 -2.58542117
v -4.36360169 14.97841294 -2.52450692
v -4.26873861 15.03220409 -2.46962508
v -4.20309133 15.12913239 -2.43164567
v -4.17966208 15.25000000 -2.41809097
v -4.20309133 15.37086761 -2.43164567
v -4.26873861 15.46779591 -2.46962508
v -4.36360169 15.52158706 -2.52450692
v -4.46889177 15.52158706 -2.58542117
v -4.56375484 15.46779591 -2.64030301
v -4.62940213 15.37086761 -2.67828242
v -4.21106149 15.25000000 -2.86392016
v -4.18985676 15.12913239 -2.84949894
v -4.13044246 15.03220409 -2.80909159
v -4.04458629 14.97841294 -2.75070128
v -3.94929314 14.97841294 -2.68589292
v -3.86343698 15.03220409 -2.62750261
v -3.80402267 15.12913239 -2.58709526
v -3.78281795 15.25000000 -2.57267404
v -3.80402267 15.37086761 -2.58709526
v -3.86343698 15.46779591 -2.62750261
v -3.94929314 15.52158706 -2.68589292
v -4.04458629 15.52158706 -2.75070128
v -4.13044246 15.46779591 -2.80909159
v -4.18985676 15.37086761 -2.84949894
v -3.74332900 15.25000000 -3.01834618
v -3.72447954 15.12913239 -3.00314736
v -3.67166452 15.03220409 -2.96056119
v -3.59534460 14.97841294 -2.89902240
v -3.51063588 14.97841294 -2.83071950
v -3.43431596 15.03220409 -2.76918071
v -3.38150094 15.12913239 -2.72659455
v -3.36265148 15.25000000 -2.71139572
v -3.38150094 15.37086761 -2.72659455
v -3.43431596 15.46779591 -2.76918071
v -3.51063588 15.52158706 -2.83071950
v -3.59534460 15.52158706 -2.89902240
v -3.67166452 15.46779591 -2.96056119
v -3.72447954 15.37086761 -3.00314736
v -3.25251765 15.25000000 -3.15416310
v -3.23613966 15.12913239 -3.13828037
v -3.19024955 15.03220409 -3.09377795
v -3.12393641 14.97841294 -3.02947009
v -3.05033438 14.97841294 -2.95809375
v -2.98402125 15.03220409 -2.89378589
v -2.93813114 15.12913239 -2.84928348
v -2.92175314 15.25000000 -2.83340075
v -2.93813114 15.37086761 -2.84928348
v -2.98402125 15.46779591 -2.89378589
v -3.05033438 15.52158706 -2.95809375
v -3.12393641 15.52158706 -3.02947009
v -3.19024955 15.46779591 -3.09377795
v -3.23613966 15.37086761 -3.13828037
v -2.74165345 15.25000000 -3.27053355
v -2.72784790 15.12913239 -3.25406483
v -2.68916563 15.03220409 -3.20792053
v -2.63326812 14.97841294 -3.14124009
v -2.57122656 14.97841294 -3.06723037
v -2.51532905 15.03220409 -3.00054993
v -2.47664678 15.12913239 -2.95440562
v -2.46284123 15.25000000 -2.93793691
v -2.47664678 15.37086761 -2.95440562
v -2.51532905 15.46779591 -3.00054993
v -2.57122656 15.52158706 -3.06723037
v -2.63326812 15.52158706 -3.14124009
v -2.68916563 15.46779591 -3.20792053
v -2.72784790 15.37086761 -3.25406483
v -2.21388604 15.25000000 -3.36674007
v -2.20273806 15.12913239 -3.34978691
v -2.17150211 15.03220409 -3.30228522
v -2.12636485 14.97841294 -3.23364329
v -2.07626627 14.97841294 -3.15745650
v -2.03112902 15.03220409 -3.08881457
v -1.99989307 15.12913239 -3.04131288
v -1.98874509 15.25000000 -3.02435972
v -1.99989307 15.37086761 -3.04131288
v -2.03112902 15.46779591 -3.08881457
v -2.07626627 15.52158706 -3.15745650
v -2.12636485 15.52158706 -3.23364329
v -2.17150211 15.46779591 -3.30228522
v -2.20273806 15.37086761 -3.34978691
v -1.67246929 15.25000000 -3.44218952
v -1.66404760 15.12913239 -3.42485644
v -1.64045055 15.03220409 -3.37629022
v -1.60635183 14.97841294 -3.30611001
v -1.56850511 14.97841294 -3.22821585
v -1.53440640 15.03220409 -3.15803564
v -1.51080935 15.12913239 -3.10946943
v -1.50238766 15.25000000 -3.09213635
v -1.51080935 15.37086761 -3.10946943
v -1.53440640 15.46779591 -3.15803564
v -1.56850511 15.52158706 -3.22821585
v -1.60635183 15.52158706 -3.30611001
v -1.64045055 15.46779591 -3.37629022
v -1.66404760 15.37086761 -3.42485644
v -1.12074120 15.25000000 -3.49641673
v -1.11509773 15.12913239 -3.47881058
v -1.09928508 15.03220409 -3.42947927
v -1.07643513 14.97841294 -3.35819346
v -1.05107360 14.97841294 -3.27907218
v -1.02822365 15.03220409 -3.20778638
v -1.01241099 15.12913239 -3.15845506
v -1.00676752 15.25000000 -3.14084892
v -1.01241099 15.37086761 -3.15845506
v -1.02822365 15.46779591 -3.20778638
v -1.05107360 15.52158706 -3.27907218
v -1.07643513 15.52158706 -3.35819346
v -1.09928508 15.46779591 -3.42947927
v -1.11509773 15.37086761 -3.47881058
v -0.56210338 15.25000000 -3.52908736
v -0.55927292 15.12913239 -3.51131671
v -0.55134214 15.03220409 -3.46152444
v -0.53988184 14.97841294 -3.38957254
v -0.52716186 14.97841294 -3.30971195
v -0.51570156 15.03220409 -3.23776004
v -0.50777078 15.12913239 -3.18796777
v -0.50494032 15.25000000 -3.17019712
v -0.50777078 15.37086761 -3.18796777
v -0.51570156 15.46779591 -3.23776004
v -0.52716186 15.52158706 -3.30971195
v -0.53988184 15.52158706 -3.38957254
v -0.55134214 15.46779591 -3.46152444
v -0.55927292 15.37086761 -3.51131671
v -0.00000000 15.25000000 -3.54000000
v -0.00000000 15.12913239 -3.52217440
v -0.00000000 15.03220409 -3.47222816
v -0.00000000 14.97841294 -3.40005377
v -0.00000000 14.97841294 -3.31994623
v -0.00000000 15.03220409 -3.24777184
v -0.00000000 15.12913239 -3.19782560
v -0.00000000 15.25000000 -3.18000000
v -0.00000000 15.37086761 -3.19782560
v -0.00000000 15.46779591 -3.24777184
v -0.00000000 15.52158706 -3.31994623
v -0.00000000 15.52158706 -3.40005377
v -0.00000000 15.46779591 -3.47222816
v -0.00000000 15.37086761 -3.52217440
v 0.56210338 15.25000000 -3.52908736
v 0.55927292 15.12913239 -3.51131671
v 0.55134214 15.03220409 -3.46152444
v 0.53988184 14.97841294 -3.38957254
v 0.52716186 14.97841294 -3.30971195
v 0.51570156 15.03220409 -3.23776004
v 0.50777078 15.12913239 -3.18796777
v 0.50494032 15.25000000 -3.17019712
v 0.50777078 15.37086761 -3.18796777
v 0.51570156 15.46779591 -3.23776004
v 0.52716186 15.52158706 -3.30971195
v 0.53988184 15.52158706 -3.38957254
v 0.55134214 15.46779591 -3.46152444
v 0.55927292 15.37086761 -3.51131671
v 1.12074120 15.25000000 -3.49641673
v 1.11509773 15.12913239 -3.47881058
v 1.09928508 15.03220409 -3.42947927
v 1.07643513 14.97841294 -3.35819346
v 1.05107360 14.97841294 -3.27907218
v 1.02822365 15.03220409 -3.20778638
v 1.01241099 15.12913239 -3.15845506
v 1.00676752 15.25000000 -3.14084892
v 1.01241099 15.37086761 -3.15845506
v 1.02822365 15.46779591 -3.20778638
v 1.05107360 15.52158706 -3.27907218
v 1.07643513 15.52158706 -3.35819346
v 1.09928508 15.46779591 -3.42947927
v 1.11509773 15.37086761 -3.47881058
v 1.67246929 15.25000000 -3.44218952
v 1.66404760 15.12913239 -3.42485644
v 1.64045055 15.03220409 -3.37629022
v 1.60635183 14.97841294 -3.30611001
v 1.56850511 14.97841294 -3.22821585
v 1.53440640 15.03220409 -3.15803564
v 1.51080935 15.12913239 -3.10946943
v 1.50238766 15.25000000 -3.09213635
v 1.51080935 15.37086761 -3.10946943
v 1.53440640 15.46779591 -3.15803564
v 1.56850511 15.52158706 -3.22821585
v 1.60635183 15.52158706 -3.30611001
v 1.64045055 15.46779591 -3.37629022
v 1.66404760 15.37086761 -3.42485644
v 2.21388604 15.25000000 -3.36674007
v 2.20273806 15.12913239 -3.34978691
v 2.17150211 15.03220409 -3.30228522
v 2.12636485 14.97841294 -3.23364329
v 2.07626627 14.97841294 -3.15745650
v 2.03112902 15.03220409 -3.08881457
v 1.99989307 15.12913239 -3.04131288
v 1.98874509 15.25000000 -3.02435972
v 1.99989307 15.37086761 -3.04131288
v 2.03112902 15.46779591 -3.08881457
v 2.07626627 15.52158706 -3.15745650
v 2.12636485 15.52158706 -3.23364329
v 2.17150211 15.46779591 -3.30228522
v 2.20273806 15.37086761 -3.34978691
v 2.74165345 15.25000000 -3.27053355
v 2.72784790 15.12913239 -3.25406483
v 2.68916563 15.03220409 -3.20792053
v 2.63326812 14.97841294 -3.14124009
v 2.57122656 14.97841294 -3.06723037
v 2.51532905 15.03220409 -3.00054993
v 2.47664678 15.12913239 -2.95440562
v 2.46284123 15.25000000 -2.93793691
v 2.47664678 15.37086761 -2.95440562
v 2.51532905 15.46779591 -3.00054993
v 2.57122656 15.52158706 -3.06723037
v 2.63326812 15.52158706 -3.14124009
v 2.68916563 15.46779591 -3.20792053
v 2.72784790 15.37086761 -3.25406483
v 3.25251765 15.25000000 -3.15416310
v 3.23613966 15.12913239 -3.13828037
v 3.19024955 15.03220409 -3.09377795
v 3.12393641 14.97841294 -3.02947009
v 3.05033438 14.97841294 -2.95809375
v 2.98402125 15.03220409 -2.89378589
v 2.93813114 15.12913239 -2.84928348
v 2.92175314 15.25000000 -2.83340075
v 2.93813114 15.37086761 -2.84928348
v 2.98402125 15.46779591 -2.89378589
v 3.05033438 15.52158706 -2.95809375
v 3.12393641 15.52158706 -3.02947009
v 3.19024955 15.46779591 -3.09377795
v 3.23613966 15.37086761 -3.13828037
v 3.74332900 15.25000000 -3.01834618
v 3.72447954 15.12913239 -3.00314736
v 3.67166452 15.03220409 -2.96056119
v 3.59534460 14.97841294 -2.89902240
v 3.51063588 14.97841294 -2.83071950
v 3.43431596 15.03220409 -2.76918071
v 3.38150094 15.12913239 -2.72659455
v 3.36265148 15.25000000 -2.71139572
v 3.38150094 15.37086761 -2.72659455
v 3.43431596 15.46779591 -2.76918071
v 3.51063588 15.52158706 -2.83071950
v 3.59534460 15.52158706 -2.89902240
v 3.67166452 15.46779591 -2.96056119
v 3.72447954 15.37086761 -3.00314736
v 4.21106149 15.25000000 -2.86392016
v 4.18985676 15.12913239 -2.84949894
v 4.13044246 15.03220409 -2.80909159
v 4.04458629 14.97841294 -2.75070128
v 3.94929314 14.97841294 -2.68589292
v 3.86343698 15.03220409 -2.62750261
v 3.80402267 15.12913239 -2.58709526
v 3.78281795 15.25000000 -2.57267404
v 3.80402267 15.37086761 -2.58709526
v 3.86343698 15.46779591 -2.62750261
v 3.94929314 15.52158706 -2.68589292
v 4.04458629 15.52158706 -2.75070128
v 4.13044246 15.46779591 -2.80909159
v 4.18985676 15.37086761 -2.84949894
v 4.65283137 15.25000000 -2.69183712
v 4.62940213 15.12913239 -2.67828242
v 4.56375484 15.03220409 -2.64030301
v 4.46889177 14.97841294 -2.58542117
v 4.36360169 14.97841294 -2.52450692
v 4.26873861 15.03220409 -2.46962508
v 4.20309133 15.12913239 -2.43164567
v 4.17966208 15.25000000 -2.41809097
v 4.20309133 15.37086761 -2.43164567
v 4.26873861 15.46779591 -2.46962508
v 4.36360169 15.52158706 -2.52450692
v 4.46889177 15.52158706 -2.58542117
v 4.56375484 15.46779591 -2.64030301
v 4.62940213 15.37086761 -2.67828242
v 5.06591501 15.25000000 -2.50315801
v 5.04040569 15.12913239 -2.49055340
v 4.96893016 15.03220409 -2.45523608
v 4.86564503 14.97841294 -2.40420108
v 4.75100719 14.97841294 -2.34755649
v 4.64772206 15.03220409 -2.29652149
v 4.57624653 15.12913239 -2.26120417
v 4.55073721 15.25000000 -2.24859956
v 4.57624653 15.37086761 -2.26120417
v 4.64772206 15.46779591 -2.29652149
v 4.75100719 15.52158706 -2.34755649
v 4.86564503 15.52158706 -2.40420108
v 4.96893016 15.46779591 -2.45523608
v 5.04040569 15.37086761 -2.49055340
v 5.44776560 15.25000000 -2.29904609
v 5.42033347 15.12913239 -2.28746929
v 5.34347038 15.03220409 -2.25503180
v 5.23239998 14.97841294 -2.20815828
v 5.10912115 14.97841294 -2.15613260
v 4.99805075 15.03220409 -2.10925908
v 4.92118766 15.12913239 -2.07682160
v 4.89375554 15.25000000 -2.06524479
v 4.92118766 15.37086761 -2.07682160
v 4.99805075 15.46779591 -2.10925908
v 5.10912115 15.52158706 -2.15613260
v 5.23239998 15.52158706 -2.20815828
v 5.34347038 15.46779591 -2.25503180
v 5.42033347 15.37086761 -2.28746929
v 5.79602890 15.25000000 -2.08075979
v 5.76684310 15.12913239 -2.07028217
v 5.68506632 15.03220409 -2.04092451
v 5.56689545 14.97841294 -1.99850146
v 5.43573568 14.97841294 -1.95141543
v 5.31756480 15.03220409 -1.90899239
v 5.23578802 15.12913239 -1.87963473
v 5.20660223 15.25000000 -1.86915710
v 5.23578802 15.37086761 -1.87963473
v 5.31756480 15.46779591 -1.90899239
v 5.43573568 15.52158706 -1.95141543
v 5.56689545 15.52158706 -1.99850146
v 5.68506632 15.46779591 -2.04092451
v 5.76684310 15.37086761 -2.07028217
v 6.10855775 15.25000000 -1.84964492
v 6.07779822 15.12913239 -1.84033107
v 5.99161194 15.03220409 -1.81423423
v 5.86706915 14.97841294 -1.77652321
v 5.72883708 14.97841294 -1.73466714
v 5.60429430 15.03220409 -1.69695612
v 5.51810801 15.12913239 -1.67085929
v 5.48734849 15.25000000 -1.66154544
v 5.51810801 15.37086761 -1.67085929
v 5.60429430 15.46779591 -1.69695612
v 5.72883708 15.52158706 -1.73466714
v 5.86706915 15.52158706 -1.77652321
v 5.99161194 15.46779591 -1.81423423
v 6.07779822 15.37086761 -1.84033107
v 6.38342531 15.25000000 -1.60712637
v 6.35128169 15.12913239 -1.59903371
v 6.26121728 15.03220409 -1.57635860
v 6.13107042 14.97841294 -1.54359211
v 5.98661831 14.97841294 -1.50722405
v 5.85647145 15.03220409 -1.47445756
v 5.76640704 15.12913239 -1.45178244
v 5.73426342 15.25000000 -1.44368979
v 5.76640704 15.37086761 -1.45178244
v 5.85647145 15.46779591 -1.47445756
v 5.98661831 15.52158706 -1.50722405
v 6.13107042 15.52158706 -1.54359211
v 6.26121728 15.46779591 -1.57635860
v 6.35128169 15.37086761 -1.59903371
v 6.61893694 15.25000000 -1.35469935
v 6.58560740 15.12913239 -1.34787779
v 6.49222013 15.03220409 -1.32876419
v 6.35727160 14.97841294 -1.30114425
v 6.20749004 14.97841294 -1.27048842
v 6.07254152 15.03220409 -1.24286847
v 5.97915424 15.12913239 -1.22375488
v 5.94582471 15.25000000 -1.21693331
v 5.97915424 15.37086761 -1.22375488
v 6.07254152 15.46779591 -1.24286847
v 6.20749004 15.52158706 -1.27048842
v 6.35727160 15.52158706 -1.30114425
v 6.49222013 15.46779591 -1.32876419
v 6.58560740 15.37086761 -1.34787779
v 6.81364061 15.25000000 -1.09392016
v 6.77933065 15.12913239 -1.08841175
v 6.68319628 15.03220409 -1.07297751
v 6.54427809 14.97841294 -1.05067440
v 6.39009053 14.97841294 -1.02591981
v 6.25117234 15.03220409 -1.00361669
v 6.15503797 15.12913239 -0.98818246
v 6.12072801 15.25000000 -0.98267404
v 6.15503797 15.37086761 -0.98818246
v 6.25117234 15.46779591 -1.00361669
v 6.39009053 15.52158706 -1.02591981
v 6.54427809 15.52158706 -1.05067440
v 6.68319628 15.46779591 -1.07297751
v 6.77933065 15.37086761 -1.08841175
v 6.96633593 15.25000000 -0.82639659
v 6.93125708 15.12913239 -0.82223528
v 6.83296831 15.03220409 -0.81057557
v 6.69093693 14.97841294 -0.79372679
v 6.53329399 14.97841294 -0.77502606
v 6.39126261 15.03220409 -0.75817728
v 6.29297384 15.12913239 -0.74651756
v 6.25789499 15.25000000 -0.74235626
v 6.29297384 15.37086761 -0.74651756
v 6.39126261 15.46779591 -0.75817728
v 6.53329399 15.52158706 -0.77502606
v 6.69093693 15.52158706 -0.79372679
v 6.83296831 15.46779591 -0.81057557
v 6.93125708 15.37086761 -0.82223528
v 7.07608147 15.25000000 -0.55377801
v 7.04044999 15.12913239 -0.55098947
v 6.94061282 15.03220409 -0.54317616
v 6.79634392 14.97841294 -0.53188559
v 6.63621752 14.97841294 -0.51935401
v 6.49194862 15.03220409 -0.50806345
v 6.39211144 15.12913239 -0.50025014
v 6.35647996 15.25000000 -0.49746160
v 6.39211144 15.37086761 -0.50025014
v 6.49194862 15.46779591 -0.50806345
v 6.63621752 15.52158706 -0.51935401
v 6.79634392 15.52158706 -0.53188559
v 6.94061282 15.46779591 -0.54317616
v 7.04044999 15.37086761 -0.55098947
v 7.14220061 15.25000000 -0.27774520
v 7.10623619 15.12913239 -0.27634662
v 7.00546614 15.03220409 -0.27242788
v 6.85984918 14.97841294 -0.26676514
v 6.69822656 14.97841294 -0.26047998
v 6.55260960 15.03220409 -0.25481724
v 6.45183954 15.12913239 -0.25089851
v 6.41587513 15.25000000 -0.24949992
v 6.45183954 15.37086761 -0.25089851
v 6.55260960 15.46779591 -0.25481724
v 6.69822656 15.52158706 -0.26047998
v 6.85984918 15.52158706 -0.26676514
v 7.00546614 15.46779591 -0.27242788
v 7.10623619 15.37086761 -0.27634662
f 38 18 102
f 1 18 38
f 1 106 18
f 67 27 70
f 70 27 28
f 70 28 265
f 16 134 2
f 29 2 3
f 30 3 5
f 3 146 5
f 4 5 6
f 5 146 6
f 4 6 229
f 8 100 10
f 9 10 19
f 8 9 25
f 9 14 25
f 7 10 99
f 7 19 10
f 8 10 9
f 11 155 12
f 15 12 155
f 12 13 19
f 9 13 14
f 16 14 13
f 15 16 13
f 15 134 16
f 15 13 12
f 7 17 19
f 17 12 19
f 17 102 18
f 7 102 17
f 17 18 11
f 11 18 106
f 17 11 12
f 9 19 13
f 14 20 25
f 23 20 21
f 30 21 20
f 26 22 237
f 31 244 22
f 26 21 22
f 31 22 21
f 23 24 25
f 66 8 24
f 8 25 24
f 23 27 24
f 67 24 27
f 23 25 20
f 26 28 27
f 23 26 27
f 26 237 28
f 23 21 26
f 16 29 14
f 29 30 20
f 29 3 30
f 29 20 14
f 16 2 29
f 30 31 21
f 30 5 31
f 4 31 5
f 4 244 31
f 32 49 82
f 32 53 49
f 33 85 469
f 32 85 33
f 32 33 53
f 33 494 53
f 101 35 36
f 35 47 36
f 39 36 37
f 34 101 36
f 34 36 39
f 47 37 36
f 40 189 188
f 41 189 40
f 34 38 102
f 38 39 40
f 41 40 39
f 34 39 38
f 1 38 40
f 1 40 188
f 41 37 42
f 41 43 189
f 42 55 43
f 43 55 182
f 41 42 43
f 41 39 37
f 44 196 55
f 44 56 45
f 45 56 483
f 44 45 200
f 44 200 196
f 45 485 200
f 46 48 51
f 46 51 54
f 35 82 49
f 35 49 47
f 49 53 48
f 47 49 48
f 46 37 47
f 46 47 48
f 50 491 52
f 50 494 491
f 50 51 48
f 51 52 56
f 50 52 51
f 50 48 53
f 50 53 494
f 42 54 55
f 46 42 37
f 46 54 42
f 44 55 54
f 51 56 54
f 44 54 56
f 52 483 56
f 58 100 66
f 57 58 63
f 57 100 58
f 57 60 97
f 97 60 59
f 59 60 83
f 60 61 83
f 63 72 62
f 63 62 61
f 57 63 60
f 58 72 63
f 63 61 60
f 73 68 71
f 66 24 67
f 68 66 67
f 68 67 71
f 58 66 68
f 58 68 72
f 73 71 75
f 69 75 71
f 69 271 75
f 67 70 71
f 69 71 70
f 69 70 265
f 72 73 74
f 72 68 73
f 72 74 62
f 73 64 74
f 73 75 64
f 75 271 65
f 75 65 64
f 77 84 88
f 76 84 77
f 76 77 79
f 76 78 86
f 76 79 78
f 77 93 79
f 81 83 61
f 81 80 83
f 81 86 80
f 82 83 80
f 35 59 82
f 59 83 82
f 32 82 80
f 81 61 84
f 61 62 84
f 62 88 84
f 76 81 84
f 80 86 85
f 86 87 85
f 469 85 87
f 78 87 86
f 32 80 85
f 76 86 81
f 88 74 89
f 89 74 64
f 88 89 92
f 89 96 92
f 64 65 90
f 89 64 90
f 65 283 90
f 89 90 96
f 90 94 96
f 90 283 94
f 77 88 92
f 77 92 93
f 91 92 96
f 91 93 92
f 94 95 96
f 91 96 95
f 94 288 95
f 62 74 88
f 101 98 97
f 57 97 99
f 97 98 99
f 7 98 102
f 34 102 98
f 7 99 98
f 34 98 101
f 57 99 100
f 10 100 99
f 66 100 8
f 101 97 59
f 101 59 35
f 106 103 156
f 107 103 113
f 107 157 103
f 1 105 106
f 106 105 103
f 1 188 105
f 104 105 188
f 105 113 103
f 104 113 105
f 107 159 157
f 107 113 109
f 107 108 159
f 108 114 159
f 107 109 108
f 108 109 120
f 111 120 109
f 104 110 113
f 104 193 110
f 110 193 112
f 111 112 122
f 110 111 109
f 110 112 111
f 112 195 122
f 110 109 113
f 114 119 115
f 119 127 115
f 115 116 170
f 115 127 116
f 116 127 117
f 116 1013 171
f 116 117 1013
f 210 130 124
f 215 131 130
f 215 1097 131
f 111 118 120
f 120 118 121
f 121 118 125
f 108 120 119
f 120 121 119
f 108 119 114
f 119 121 127
f 111 122 118
f 118 122 123
f 195 124 122
f 122 124 123
f 118 123 125
f 123 124 130
f 121 125 128
f 128 125 126
f 129 126 125
f 128 126 1019
f 121 128 127
f 127 128 117
f 128 1019 117
f 123 129 125
f 123 130 129
f 129 130 131
f 129 1022 126
f 129 131 1022
f 132 133 158
f 132 158 138
f 133 136 134
f 2 134 135
f 134 136 135
f 136 142 135
f 132 136 133
f 143 161 137
f 132 138 139
f 140 164 139
f 138 159 140
f 114 140 159
f 138 140 139
f 132 139 141
f 136 141 142
f 141 137 142
f 132 141 136
f 141 139 143
f 143 139 164
f 141 143 137
f 148 151 144
f 149 144 337
f 148 146 145
f 2 145 3
f 2 135 145
f 3 145 146
f 135 147 145
f 135 142 147
f 147 148 145
f 147 151 148
f 6 146 149
f 148 149 146
f 6 149 339
f 6 339 229
f 149 337 339
f 148 144 149
f 142 137 150
f 147 150 151
f 150 153 151
f 137 152 150
f 137 161 152
f 150 152 153
f 152 173 153
f 144 151 154
f 151 153 154
f 144 154 345
f 144 345 337
f 153 173 175
f 154 175 347
f 153 175 154
f 154 347 345
f 142 150 147
f 155 158 133
f 156 158 155
f 11 156 155
f 11 106 156
f 156 157 158
f 157 138 158
f 103 157 156
f 15 133 134
f 15 155 133
f 157 159 138
f 143 160 161
f 160 162 161
f 165 168 160
f 160 168 162
f 140 163 164
f 164 163 165
f 114 163 140
f 114 115 163
f 115 170 163
f 165 163 170
f 143 164 160
f 164 165 160
f 165 166 168
f 166 1044 169
f 166 169 168
f 162 168 167
f 167 168 169
f 167 169 1046
f 170 171 166
f 116 171 170
f 165 170 166
f 166 171 1044
f 152 172 173
f 172 174 173
f 152 161 172
f 161 162 172
f 162 177 172
f 172 177 174
f 173 176 175
f 175 368 347
f 175 176 368
f 173 174 176
f 174 180 176
f 176 370 368
f 176 180 370
f 162 167 177
f 167 179 177
f 174 177 178
f 177 179 178
f 167 1046 179
f 178 179 1059
f 174 178 180
f 178 181 180
f 180 375 370
f 180 181 375
f 178 1059 181
f 181 1251 375
f 192 182 183
f 185 191 183
f 182 197 183
f 183 197 186
f 185 194 191
f 185 184 194
f 184 195 194
f 186 204 187
f 185 183 186
f 185 186 187
f 184 187 211
f 185 187 184
f 211 187 205
f 188 189 190
f 192 190 189
f 190 191 193
f 104 188 190
f 104 190 193
f 192 191 190
f 43 192 189
f 43 182 192
f 192 183 191
f 191 194 193
f 112 193 194
f 112 194 195
f 55 196 182
f 182 196 197
f 196 199 197
f 198 186 197
f 198 197 199
f 199 200 201
f 196 200 199
f 485 201 200
f 199 201 202
f 198 199 202
f 201 648 202
f 204 206 203
f 198 204 186
f 198 206 204
f 204 205 187
f 204 203 205
f 202 207 206
f 202 648 207
f 206 208 203
f 206 207 208
f 207 654 208
f 198 202 206
f 195 209 124
f 184 209 195
f 184 211 209
f 209 210 124
f 210 213 216
f 209 213 210
f 221 214 212
f 209 211 213
f 211 212 213
f 211 205 212
f 213 212 214
f 213 214 216
f 210 215 130
f 210 216 215
f 216 219 217
f 215 216 217
f 215 217 1097
f 221 218 214
f 219 218 1101
f 216 214 219
f 219 214 218
f 219 1103 217
f 219 1101 1103
f 205 203 220
f 203 223 220
f 220 221 212
f 220 223 222
f 220 222 221
f 205 220 212
f 203 208 223
f 208 224 223
f 208 654 224
f 223 225 222
f 223 224 225
f 224 667 225
f 221 226 218
f 221 222 226
f 222 227 226
f 218 226 1111
f 218 1111 1101
f 226 1113 1111
f 222 225 227
f 225 671 227
f 227 1114 1113
f 226 227 1113
f 227 671 1114
f 28 239 265
f 265 239 266
f 266 239 240
f 266 240 268
f 228 229 231
f 4 229 228
f 228 231 230
f 230 231 341
f 230 232 246
f 230 341 232
f 247 232 233
f 233 352 254
f 237 234 238
f 244 245 234
f 22 234 237
f 22 244 234
f 238 234 235
f 245 235 234
f 235 236 241
f 246 236 235
f 236 252 243
f 28 237 239
f 237 238 239
f 238 240 239
f 238 241 240
f 238 235 241
f 241 243 242
f 240 241 242
f 268 240 242
f 269 242 248
f 242 243 248
f 241 236 243
f 228 245 244
f 4 228 244
f 245 246 235
f 228 230 245
f 245 230 246
f 246 247 236
f 246 232 247
f 247 254 252
f 247 252 236
f 247 233 254
f 248 250 306
f 243 249 248
f 243 252 249
f 249 258 250
f 248 249 250
f 250 251 307
f 250 258 251
f 249 252 253
f 254 253 252
f 258 253 256
f 254 352 255
f 254 255 253
f 255 256 253
f 255 364 256
f 256 364 257
f 249 253 258
f 251 258 259
f 258 256 259
f 251 259 311
f 259 260 311
f 259 256 257
f 259 257 260
f 257 394 260
f 311 260 318
f 260 261 318
f 260 394 261
f 65 262 283
f 69 264 271
f 264 272 271
f 264 267 272
f 272 267 273
f 264 265 266
f 69 265 264
f 264 266 267
f 267 266 268
f 267 270 273
f 267 268 270
f 268 242 269
f 268 269 270
f 270 269 276
f 274 270 276
f 271 272 262
f 272 273 263
f 65 271 262
f 272 263 262
f 273 274 275
f 273 270 274
f 273 275 263
f 274 278 275
f 269 306 276
f 276 277 280
f 276 306 277
f 274 280 278
f 280 279 278
f 274 276 280
f 280 277 281
f 280 281 279
f 277 308 281
f 308 282 281
f 279 281 301
f 281 282 301
f 262 284 283
f 262 263 284
f 263 285 284
f 283 284 287
f 94 283 287
f 284 285 290
f 284 290 287
f 263 275 285
f 285 275 286
f 285 292 290
f 285 286 292
f 94 287 288
f 287 290 289
f 287 289 288
f 289 290 291
f 290 292 291
f 286 294 292
f 292 294 293
f 291 292 293
f 286 275 278
f 286 298 294
f 294 298 295
f 294 295 296
f 293 294 296
f 295 297 296
f 295 303 297
f 278 279 298
f 286 278 298
f 279 299 298
f 295 298 299
f 279 301 299
f 299 301 300
f 299 300 303
f 301 302 300
f 282 302 301
f 282 315 302
f 302 312 300
f 295 299 303
f 303 300 304
f 297 303 305
f 303 304 305
f 305 304 775
f 300 312 304
f 269 248 306
f 277 306 307
f 250 307 306
f 277 307 308
f 307 309 308
f 308 309 310
f 251 309 307
f 251 311 309
f 309 311 314
f 310 309 314
f 308 310 282
f 310 315 282
f 302 325 312
f 312 325 328
f 304 313 775
f 304 312 313
f 312 328 313
f 313 328 789
f 310 316 315
f 315 316 324
f 310 314 316
f 314 319 316
f 319 317 316
f 324 316 317
f 311 318 314
f 314 318 319
f 318 320 319
f 319 320 321
f 261 320 318
f 261 423 320
f 320 423 424
f 320 424 321
f 319 321 317
f 321 322 317
f 321 424 323
f 321 323 322
f 322 323 333
f 323 431 333
f 302 315 325
f 315 324 325
f 325 326 328
f 325 324 326
f 324 317 327
f 324 327 326
f 327 330 326
f 327 332 330
f 328 326 329
f 328 329 789
f 789 329 790
f 329 331 790
f 326 330 329
f 329 330 331
f 330 334 331
f 317 322 327
f 327 322 332
f 322 333 332
f 333 335 332
f 330 332 334
f 332 335 334
f 331 334 797
f 333 437 335
f 334 335 336
f 334 336 797
f 335 440 336
f 335 437 440
f 336 440 799
f 340 337 338
f 338 348 343
f 229 339 231
f 231 339 340
f 339 337 340
f 231 340 341
f 340 343 341
f 340 338 343
f 343 342 341
f 232 341 342
f 232 342 233
f 233 342 354
f 343 344 342
f 343 348 344
f 344 354 342
f 344 358 354
f 338 345 346
f 337 345 338
f 338 346 348
f 346 350 348
f 346 347 369
f 350 369 372
f 345 347 346
f 346 369 350
f 344 348 349
f 348 350 349
f 349 357 358
f 349 350 351
f 350 372 351
f 349 351 357
f 351 381 357
f 344 349 358
f 233 354 352
f 352 354 355
f 352 355 353
f 354 358 355
f 353 355 356
f 353 356 366
f 356 361 366
f 357 381 360
f 355 358 359
f 358 357 359
f 356 359 362
f 355 359 356
f 359 357 360
f 359 360 362
f 360 384 362
f 356 362 361
f 362 384 363
f 361 362 363
f 361 363 398
f 363 405 398
f 255 352 353
f 255 353 364
f 353 366 364
f 364 366 365
f 257 364 365
f 257 365 394
f 365 366 367
f 366 361 367
f 365 367 393
f 367 361 398
f 347 368 369
f 368 371 369
f 369 371 372
f 368 370 371
f 370 376 371
f 371 374 372
f 371 376 374
f 351 372 373
f 372 374 373
f 351 373 381
f 373 383 381
f 373 374 379
f 373 379 383
f 370 375 376
f 375 377 376
f 374 376 378
f 376 377 378
f 375 1251 377
f 377 1255 378
f 374 378 379
f 378 380 379
f 379 387 383
f 379 380 387
f 378 1255 380
f 380 1266 387
f 360 381 382
f 381 383 382
f 382 383 388
f 382 388 386
f 360 382 384
f 382 386 384
f 363 384 385
f 384 386 385
f 363 385 405
f 385 406 405
f 386 391 385
f 385 391 406
f 383 387 388
f 387 389 388
f 388 389 390
f 387 1266 389
f 386 388 390
f 389 1270 390
f 386 390 391
f 390 392 391
f 391 392 407
f 390 1270 392
f 365 393 394
f 367 397 393
f 397 401 393
f 261 394 395
f 394 393 395
f 261 395 423
f 395 396 423
f 395 393 401
f 395 401 396
f 367 398 397
f 397 400 401
f 397 398 399
f 398 405 399
f 397 399 400
f 399 410 400
f 400 410 403
f 401 400 402
f 396 401 402
f 396 402 428
f 402 404 428
f 400 403 402
f 402 403 404
f 403 413 404
f 404 413 430
f 405 406 409
f 409 406 416
f 391 407 406
f 406 407 416
f 407 408 416
f 392 1311 407
f 407 1311 408
f 399 405 409
f 399 409 410
f 410 409 411
f 409 416 411
f 403 410 412
f 410 411 412
f 411 418 412
f 403 412 413
f 412 414 413
f 430 413 415
f 413 414 415
f 412 418 414
f 414 421 415
f 411 416 417
f 416 408 417
f 417 408 1316
f 411 417 418
f 417 419 418
f 418 419 420
f 417 1316 419
f 414 418 420
f 414 420 421
f 420 422 421
f 420 419 1321
f 420 1321 422
f 415 421 451
f 421 422 456
f 422 1344 456
f 423 425 424
f 424 425 427
f 396 425 423
f 396 428 425
f 425 428 426
f 427 425 426
f 323 424 427
f 323 427 431
f 427 426 432
f 426 428 429
f 404 429 428
f 404 430 429
f 427 432 431
f 426 434 432
f 431 432 438
f 432 435 438
f 426 429 434
f 429 433 434
f 429 430 433
f 434 435 432
f 434 436 435
f 435 436 444
f 434 433 436
f 433 452 436
f 452 445 436
f 333 431 437
f 431 438 437
f 437 438 441
f 438 435 439
f 438 439 441
f 437 441 440
f 441 442 440
f 799 440 442
f 441 443 442
f 439 443 441
f 442 443 923
f 439 435 444
f 439 444 447
f 444 436 445
f 444 445 446
f 444 446 447
f 439 447 443
f 443 447 448
f 443 448 923
f 447 446 449
f 447 449 448
f 448 449 928
f 430 415 450
f 430 450 433
f 433 450 452
f 415 451 450
f 450 451 454
f 451 457 454
f 450 454 452
f 452 454 453
f 452 453 445
f 454 455 453
f 454 457 455
f 453 455 462
f 421 456 451
f 451 456 457
f 456 458 457
f 457 458 459
f 456 1344 458
f 457 459 455
f 459 460 455
f 459 458 1348
f 459 1348 1350
f 455 460 462
f 459 1350 460
f 445 453 461
f 445 461 446
f 446 461 464
f 453 462 461
f 461 463 464
f 461 462 463
f 446 464 449
f 449 464 465
f 449 465 928
f 464 463 466
f 464 466 465
f 465 466 941
f 462 460 467
f 462 467 463
f 463 467 468
f 460 1358 467
f 460 1350 1358
f 467 1358 1360
f 463 468 466
f 466 468 945
f 467 1360 468
f 468 1360 1361
f 468 1361 945
f 469 470 471
f 33 471 494
f 471 492 494
f 33 469 471
f 470 473 471
f 471 473 492
f 473 496 492
f 474 505 496
f 470 472 473
f 470 518 472
f 476 472 518
f 473 472 474
f 472 475 474
f 473 474 496
f 474 478 505
f 478 508 505
f 476 475 472
f 476 477 475
f 475 477 479
f 475 478 474
f 475 479 478
f 478 482 508
f 482 560 508
f 477 480 479
f 480 600 481
f 479 480 481
f 478 479 482
f 479 481 482
f 481 547 482
f 483 493 486
f 486 498 488
f 488 498 507
f 45 483 484
f 483 486 484
f 45 484 485
f 484 489 485
f 486 488 487
f 484 486 487
f 488 499 487
f 484 487 489
f 489 487 490
f 489 490 650
f 487 499 490
f 494 492 491
f 491 492 495
f 52 491 493
f 52 493 483
f 491 495 493
f 495 497 498
f 495 492 496
f 495 496 497
f 497 496 505
f 495 498 493
f 486 493 498
f 497 507 498
f 488 507 500
f 500 507 510
f 500 510 503
f 503 510 562
f 488 500 499
f 499 500 502
f 499 501 490
f 490 501 658
f 499 502 501
f 500 503 502
f 502 503 553
f 501 502 504
f 501 504 660
f 502 553 504
f 497 505 506
f 497 506 507
f 506 505 508
f 506 510 507
f 506 508 509
f 506 509 510
f 508 560 509
f 509 562 510
f 78 511 87
f 511 514 517
f 512 515 513
f 78 79 513
f 78 513 511
f 79 93 512
f 79 512 513
f 511 513 516
f 514 518 517
f 511 516 514
f 514 525 518
f 514 516 526
f 514 526 525
f 512 522 515
f 515 529 516
f 515 522 535
f 515 535 529
f 515 516 513
f 516 529 526
f 469 87 517
f 87 511 517
f 470 517 518
f 469 517 470
f 476 518 525
f 91 519 93
f 93 519 512
f 91 520 519
f 512 519 522
f 519 520 523
f 95 521 520
f 91 95 520
f 95 288 521
f 520 521 524
f 519 523 522
f 522 536 535
f 522 523 536
f 523 539 536
f 523 520 524
f 521 741 524
f 523 524 539
f 524 540 539
f 524 741 540
f 476 525 527
f 525 526 528
f 525 528 527
f 529 535 531
f 529 531 530
f 526 529 530
f 526 530 528
f 527 532 480
f 527 528 532
f 528 533 532
f 532 592 600
f 533 596 592
f 532 533 592
f 530 531 534
f 531 542 534
f 534 594 596
f 534 542 594
f 594 542 603
f 528 530 533
f 530 534 533
f 533 534 596
f 476 527 477
f 477 527 480
f 480 532 600
f 535 536 537
f 536 539 538
f 531 535 537
f 536 538 537
f 539 540 541
f 538 539 541
f 540 755 541
f 531 537 542
f 537 543 542
f 537 538 543
f 538 544 543
f 542 543 603
f 543 544 604
f 543 604 603
f 538 541 544
f 541 545 544
f 541 755 545
f 544 545 606
f 544 606 604
f 545 817 606
f 547 561 560
f 481 600 546
f 481 546 547
f 482 547 560
f 546 549 547
f 547 549 561
f 546 548 549
f 548 614 550
f 549 567 561
f 549 550 567
f 548 550 549
f 550 570 567
f 550 614 551
f 550 551 570
f 551 572 570
f 551 619 572
f 503 562 552
f 552 563 556
f 503 552 553
f 553 552 554
f 552 556 554
f 553 555 504
f 553 554 555
f 504 555 681
f 554 557 555
f 556 558 554
f 556 581 558
f 554 558 557
f 557 558 692
f 509 559 562
f 560 561 559
f 509 560 559
f 559 561 564
f 562 559 563
f 552 562 563
f 559 564 563
f 561 567 564
f 564 565 566
f 564 567 565
f 564 566 563
f 556 563 566
f 565 569 566
f 565 567 570
f 556 566 581
f 558 581 568
f 558 568 692
f 568 693 692
f 568 586 693
f 566 569 581
f 565 571 569
f 569 571 573
f 569 573 582
f 565 570 571
f 570 572 571
f 571 572 574
f 572 619 575
f 574 572 575
f 574 575 580
f 575 576 580
f 571 574 573
f 573 574 577
f 574 578 577
f 574 580 579
f 574 579 578
f 577 578 591
f 569 582 581
f 568 581 582
f 568 582 586
f 582 584 586
f 573 584 582
f 573 577 584
f 577 583 584
f 584 583 585
f 584 587 586
f 587 585 588
f 586 587 696
f 587 590 696
f 587 588 589
f 587 589 590
f 584 585 587
f 577 591 583
f 592 601 600
f 592 596 593
f 592 593 601
f 594 603 595
f 594 595 597
f 594 597 596
f 593 596 597
f 593 598 602
f 597 599 598
f 593 597 598
f 595 599 597
f 595 610 599
f 598 599 612
f 599 610 613
f 546 600 601
f 546 601 548
f 548 601 602
f 593 602 601
f 614 602 615
f 548 602 614
f 598 615 602
f 603 604 605
f 595 603 605
f 604 607 605
f 604 606 607
f 606 817 608
f 606 608 607
f 595 605 610
f 605 609 610
f 605 607 609
f 609 631 610
f 607 608 611
f 607 611 609
f 608 824 611
f 609 611 634
f 611 824 633
f 598 612 615
f 599 613 612
f 612 613 618
f 613 632 618
f 614 615 616
f 616 615 617
f 616 617 620
f 551 614 616
f 551 616 619
f 612 617 615
f 612 618 617
f 617 627 620
f 616 620 619
f 619 620 621
f 575 619 621
f 620 623 621
f 620 627 623
f 623 625 624
f 623 626 625
f 621 623 622
f 623 624 622
f 617 618 627
f 618 632 629
f 618 629 627
f 627 630 628
f 627 629 630
f 629 641 630
f 623 627 626
f 627 628 626
f 613 610 631
f 613 631 632
f 609 634 631
f 631 635 632
f 631 634 635
f 611 633 634
f 633 636 634
f 634 636 635
f 633 843 636
f 632 635 639
f 635 637 639
f 635 636 637
f 636 843 638
f 636 638 637
f 637 638 645
f 638 646 645
f 638 848 646
f 629 632 639
f 629 639 640
f 629 640 641
f 639 642 640
f 639 643 642
f 637 643 639
f 637 644 643
f 637 645 644
f 575 621 647
f 575 647 576
f 621 622 647
f 648 649 651
f 485 649 201
f 485 489 649
f 201 649 648
f 650 658 652
f 651 649 650
f 651 650 652
f 651 652 655
f 489 650 649
f 490 658 650
f 207 648 653
f 648 651 653
f 207 653 654
f 653 656 654
f 651 655 653
f 652 662 655
f 656 655 657
f 653 655 656
f 655 662 657
f 658 660 659
f 658 659 652
f 652 659 662
f 501 660 658
f 660 681 661
f 659 660 661
f 659 661 664
f 504 681 660
f 659 664 662
f 662 663 657
f 662 664 663
f 661 686 664
f 663 664 665
f 664 686 665
f 654 666 224
f 654 656 666
f 224 666 667
f 666 669 667
f 656 668 666
f 656 657 668
f 657 674 668
f 666 668 669
f 669 668 670
f 668 674 670
f 225 667 671
f 667 672 671
f 667 669 672
f 671 672 1505
f 671 1505 1114
f 672 1508 1505
f 669 673 672
f 669 670 673
f 670 678 673
f 672 673 1508
f 673 678 1515
f 673 1515 1508
f 657 663 674
f 663 676 674
f 674 675 670
f 674 676 675
f 663 665 676
f 665 713 676
f 675 676 677
f 676 713 677
f 670 675 678
f 675 679 678
f 678 1516 1515
f 678 679 1516
f 675 677 679
f 677 680 679
f 679 1518 1516
f 679 680 1518
f 680 1543 1518
f 681 682 661
f 681 683 682
f 661 682 686
f 682 683 684
f 555 683 681
f 555 557 683
f 557 685 683
f 557 692 685
f 684 683 685
f 684 685 694
f 682 687 686
f 682 684 687
f 686 688 665
f 686 687 688
f 687 690 688
f 684 689 687
f 684 694 689
f 687 689 690
f 690 689 702
f 685 692 691
f 692 693 691
f 691 693 697
f 685 691 694
f 691 695 694
f 691 697 695
f 586 696 693
f 693 696 697
f 696 712 698
f 695 697 705
f 697 698 699
f 697 699 700
f 696 698 697
f 697 700 705
f 705 700 707
f 694 701 689
f 689 701 702
f 701 703 702
f 701 704 703
f 694 695 701
f 695 704 701
f 695 705 704
f 704 705 709
f 705 706 709
f 705 707 706
f 703 704 708
f 704 709 708
f 709 706 710
f 708 709 711
f 709 710 711
f 708 711 726
f 696 590 712
f 665 688 713
f 688 714 713
f 688 690 714
f 713 714 715
f 713 715 677
f 714 717 715
f 690 716 714
f 690 702 716
f 702 721 716
f 714 716 717
f 716 721 718
f 717 716 718
f 677 715 680
f 715 719 680
f 715 717 719
f 680 719 1543
f 719 1544 1543
f 717 718 720
f 717 720 719
f 720 718 733
f 719 720 1544
f 720 1546 1544
f 720 733 1546
f 702 703 721
f 703 723 721
f 721 722 718
f 721 723 722
f 722 723 724
f 703 708 723
f 723 727 724
f 724 727 729
f 708 727 723
f 708 725 727
f 708 726 725
f 727 725 728
f 727 728 729
f 729 728 730
f 729 730 731
f 729 731 732
f 718 722 733
f 722 724 734
f 722 734 733
f 733 1554 1546
f 733 734 1554
f 734 1557 1554
f 724 735 734
f 724 729 735
f 735 732 736
f 734 735 1557
f 735 1558 1557
f 735 736 737
f 735 737 1558
f 1558 737 1560
f 729 732 735
f 521 288 738
f 288 289 738
f 289 739 738
f 289 291 739
f 521 738 741
f 738 739 742
f 291 740 739
f 291 293 740
f 293 745 740
f 739 740 743
f 740 745 744
f 738 742 741
f 739 743 742
f 741 742 753
f 540 741 753
f 742 743 754
f 742 754 753
f 740 744 743
f 743 744 757
f 743 757 754
f 744 758 757
f 745 746 748
f 293 296 745
f 296 746 745
f 296 297 746
f 297 747 746
f 746 747 749
f 297 305 747
f 747 751 750
f 744 745 748
f 744 748 758
f 758 748 765
f 748 749 765
f 748 746 749
f 749 768 765
f 749 747 750
f 750 751 752
f 749 750 768
f 750 769 768
f 750 752 769
f 305 751 747
f 305 775 751
f 751 776 752
f 751 775 776
f 769 752 781
f 540 753 755
f 753 754 756
f 753 756 755
f 754 759 756
f 754 757 759
f 757 758 760
f 757 760 759
f 758 766 760
f 755 761 545
f 755 756 761
f 756 762 761
f 756 759 762
f 545 761 817
f 761 818 817
f 761 762 818
f 762 821 818
f 759 763 762
f 759 760 763
f 760 764 763
f 760 766 764
f 762 763 821
f 763 822 821
f 763 764 822
f 758 765 766
f 765 767 766
f 765 768 767
f 767 768 770
f 768 769 770
f 769 781 771
f 769 771 770
f 766 772 764
f 766 767 772
f 764 772 828
f 764 828 822
f 772 830 828
f 767 770 773
f 767 773 772
f 772 773 830
f 770 774 773
f 770 771 774
f 771 785 774
f 773 832 830
f 773 774 832
f 774 836 832
f 771 781 783
f 771 783 785
f 774 785 836
f 775 777 776
f 313 777 775
f 313 789 777
f 777 789 791
f 776 777 779
f 777 791 779
f 776 779 778
f 752 776 778
f 752 778 781
f 779 780 778
f 778 780 782
f 779 793 780
f 779 791 793
f 780 793 805
f 781 778 782
f 781 782 783
f 783 782 786
f 782 780 784
f 782 784 786
f 780 805 784
f 784 805 808
f 783 786 785
f 836 785 787
f 786 787 785
f 784 788 786
f 786 788 787
f 787 788 877
f 784 808 788
f 788 808 882
f 789 790 791
f 790 794 791
f 331 792 790
f 331 797 792
f 790 792 794
f 791 794 793
f 794 795 793
f 794 796 795
f 793 795 805
f 794 792 796
f 792 800 796
f 795 796 807
f 792 797 800
f 796 800 802
f 796 802 807
f 336 798 797
f 797 798 800
f 336 799 798
f 798 799 803
f 800 801 802
f 798 801 800
f 802 801 811
f 798 803 801
f 803 804 801
f 803 924 804
f 801 804 811
f 795 806 805
f 795 807 806
f 805 806 808
f 806 807 810
f 806 809 808
f 806 810 809
f 808 809 882
f 809 810 885
f 807 802 812
f 807 812 810
f 812 815 810
f 810 815 885
f 802 811 812
f 812 811 814
f 811 804 813
f 804 932 813
f 811 813 814
f 812 814 815
f 814 892 815
f 813 816 814
f 813 934 816
f 814 816 892
f 817 818 819
f 818 821 820
f 608 817 819
f 818 820 819
f 821 822 823
f 820 821 823
f 822 829 823
f 608 819 824
f 819 825 824
f 819 820 825
f 820 826 825
f 824 825 839
f 825 826 840
f 820 823 826
f 823 829 827
f 823 827 826
f 826 827 841
f 822 828 829
f 828 831 829
f 828 830 831
f 830 833 831
f 830 832 833
f 832 836 837
f 832 837 833
f 829 831 834
f 829 834 827
f 831 835 834
f 831 833 835
f 827 834 856
f 834 835 857
f 833 838 835
f 836 876 837
f 837 876 878
f 833 837 838
f 837 878 838
f 835 838 859
f 838 860 859
f 838 878 860
f 633 824 839
f 825 840 839
f 633 839 843
f 839 844 843
f 839 840 844
f 840 847 844
f 840 826 841
f 827 856 841
f 841 856 842
f 840 841 847
f 841 842 847
f 843 844 845
f 844 847 846
f 638 843 845
f 638 845 848
f 845 849 848
f 844 846 845
f 845 846 849
f 846 847 853
f 847 842 853
f 846 850 849
f 846 851 850
f 842 863 853
f 846 853 851
f 853 852 851
f 853 863 854
f 853 854 852
f 863 855 854
f 834 857 856
f 856 857 858
f 835 859 857
f 842 856 858
f 857 859 861
f 857 861 858
f 860 862 859
f 859 862 861
f 862 867 861
f 860 881 862
f 862 881 868
f 842 858 863
f 858 865 863
f 858 861 865
f 863 865 864
f 863 864 855
f 865 866 864
f 865 870 866
f 865 869 870
f 865 861 867
f 862 868 867
f 867 868 873
f 865 867 869
f 867 873 869
f 869 871 870
f 869 872 871
f 869 874 872
f 869 873 874
f 868 903 873
f 873 875 874
f 873 903 875
f 903 904 875
f 836 787 876
f 787 877 876
f 788 882 877
f 876 877 879
f 877 884 879
f 877 882 884
f 876 879 878
f 860 878 880
f 878 879 880
f 879 884 887
f 879 887 880
f 880 887 898
f 860 880 881
f 880 898 881
f 881 898 899
f 868 881 899
f 882 883 884
f 882 809 883
f 809 885 883
f 884 883 888
f 885 886 883
f 885 891 886
f 883 886 888
f 887 889 898
f 884 888 887
f 888 889 887
f 888 890 889
f 888 886 890
f 886 895 890
f 889 890 901
f 895 910 890
f 885 815 891
f 886 891 895
f 815 892 891
f 892 893 891
f 891 893 895
f 892 816 894
f 892 894 893
f 816 956 894
f 893 894 896
f 895 893 897
f 895 897 910
f 893 896 897
f 896 966 897
f 898 889 900
f 898 900 899
f 900 902 899
f 900 889 901
f 890 910 901
f 900 901 909
f 901 911 909
f 868 899 903
f 899 902 903
f 902 905 903
f 903 905 904
f 900 909 902
f 902 909 908
f 902 908 907
f 902 906 905
f 902 907 906
f 908 912 907
f 901 910 911
f 910 921 911
f 911 921 916
f 908 913 912
f 909 911 914
f 908 909 914
f 911 916 914
f 908 914 913
f 914 915 913
f 914 917 915
f 914 916 917
f 917 918 915
f 916 971 917
f 917 919 918
f 917 920 919
f 917 971 920
f 910 897 921
f 897 966 921
f 921 966 968
f 916 921 968
f 799 442 922
f 799 922 803
f 442 923 922
f 922 923 925
f 803 922 924
f 804 924 932
f 924 926 932
f 922 925 924
f 925 926 924
f 925 929 926
f 448 927 923
f 923 927 925
f 448 928 927
f 927 928 930
f 925 927 929
f 926 929 936
f 927 930 929
f 930 931 929
f 929 931 936
f 813 932 934
f 932 933 934
f 932 926 933
f 926 936 933
f 816 934 956
f 934 935 956
f 933 935 934
f 933 938 935
f 933 936 938
f 936 931 937
f 936 937 938
f 935 938 960
f 937 939 938
f 938 939 960
f 928 465 940
f 928 940 930
f 465 941 940
f 940 941 943
f 930 940 942
f 930 942 931
f 931 942 948
f 940 943 942
f 943 944 942
f 942 944 948
f 466 945 941
f 941 945 946
f 941 946 943
f 945 1786 946
f 945 1361 1786
f 946 1786 1789
f 943 946 947
f 943 947 944
f 944 947 952
f 946 1789 947
f 947 1796 952
f 947 1789 1796
f 931 948 937
f 937 948 950
f 948 944 949
f 948 949 950
f 937 950 939
f 939 950 987
f 949 951 950
f 950 951 987
f 944 952 949
f 949 952 953
f 952 1796 1797
f 952 1797 953
f 949 953 951
f 951 953 954
f 953 1797 1799
f 953 1799 954
f 954 1799 1824
f 894 956 955
f 894 955 896
f 956 935 957
f 956 957 955
f 935 960 957
f 955 957 959
f 896 955 958
f 896 958 966
f 955 959 958
f 959 969 958
f 957 960 961
f 957 961 959
f 960 939 962
f 960 962 961
f 961 962 964
f 959 961 963
f 959 963 969
f 961 964 963
f 964 977 963
f 971 965 920
f 966 967 968
f 966 958 967
f 967 972 968
f 958 969 967
f 967 969 970
f 967 970 972
f 916 968 971
f 968 972 971
f 971 973 965
f 972 970 981
f 971 972 973
f 972 974 973
f 972 975 974
f 972 981 975
f 981 980 975
f 969 976 970
f 970 976 979
f 969 963 976
f 963 977 976
f 976 977 978
f 976 978 979
f 970 979 981
f 981 982 980
f 979 984 981
f 981 984 982
f 978 983 979
f 979 983 984
f 984 985 982
f 983 986 984
f 984 986 985
f 983 997 986
f 939 987 962
f 962 987 988
f 962 988 964
f 987 989 988
f 987 951 989
f 988 989 991
f 964 988 990
f 964 990 977
f 977 990 995
f 988 991 990
f 990 992 995
f 991 992 990
f 951 954 989
f 989 954 993
f 989 993 991
f 954 1824 993
f 993 1824 1825
f 991 994 992
f 991 993 994
f 994 1007 992
f 993 1825 994
f 994 1825 1827
f 994 1827 1007
f 977 995 978
f 978 995 1005
f 995 992 996
f 995 996 1005
f 996 1006 1005
f 983 1005 999
f 983 999 998
f 983 998 997
f 999 1000 998
f 999 1001 1000
f 1001 1002 1000
f 1001 1003 1002
f 1001 1004 1003
f 978 1005 983
f 999 1005 1006
f 999 1006 1001
f 992 1007 996
f 996 1008 1006
f 996 1007 1008
f 1007 1835 1008
f 1007 1827 1835
f 1008 1835 1841
f 1001 1011 1004
f 1006 1008 1011
f 1001 1006 1011
f 1011 1009 1004
f 1008 1841 1011
f 1011 1841 1842
f 1011 1010 1009
f 1011 1842 1010
f 1842 1838 1010
f 1013 1014 1050
f 117 1012 1013
f 1012 1014 1013
f 1012 1021 1014
f 1014 1015 1051
f 1014 1021 1015
f 1021 1028 1015
f 1015 1028 1016
f 131 1097 1023
f 1097 1099 1023
f 1099 1025 1023
f 1105 1031 1025
f 1019 1017 1020
f 126 1017 1019
f 126 1022 1017
f 1020 1017 1018
f 1017 1024 1018
f 1020 1018 1027
f 117 1019 1012
f 1012 1019 1020
f 1012 1020 1021
f 1020 1027 1021
f 1022 1024 1017
f 1022 1023 1024
f 131 1023 1022
f 1024 1030 1018
f 1024 1025 1030
f 1023 1025 1024
f 1027 1018 1026
f 1027 1026 1029
f 1029 1026 1036
f 1021 1027 1028
f 1027 1029 1028
f 1028 1029 1033
f 1016 1028 1033
f 1018 1030 1026
f 1025 1031 1030
f 1030 1032 1026
f 1026 1032 1036
f 1030 1031 1032
f 1031 1128 1032
f 1016 1033 1092
f 1033 1035 1092
f 1029 1034 1033
f 1029 1036 1034
f 1033 1034 1035
f 1035 1093 1092
f 1035 1034 1039
f 1032 1037 1036
f 1036 1038 1034
f 1036 1037 1038
f 1032 1128 1037
f 1038 1041 1039
f 1037 1130 1038
f 1038 1130 1041
f 1038 1039 1034
f 1035 1039 1040
f 1035 1040 1093
f 1040 1043 1096
f 1039 1041 1042
f 1039 1042 1040
f 1040 1042 1043
f 1043 1042 1148
f 1041 1133 1042
f 1042 1133 1148
f 1044 1045 1047
f 1045 1055 1049
f 1047 1048 1046
f 169 1044 1047
f 169 1047 1046
f 1045 1049 1047
f 1047 1049 1048
f 1048 1049 1052
f 171 1050 1044
f 171 1013 1050
f 1050 1045 1044
f 1050 1051 1045
f 1014 1051 1050
f 1051 1055 1045
f 1049 1055 1053
f 1049 1053 1052
f 1052 1053 1054
f 1053 1073 1054
f 1015 1056 1051
f 1051 1056 1055
f 1055 1056 1057
f 1057 1056 1071
f 1015 1016 1056
f 1016 1071 1056
f 1055 1057 1053
f 1057 1073 1053
f 179 1046 1058
f 1046 1048 1058
f 179 1058 1059
f 1058 1061 1059
f 1048 1060 1058
f 1048 1052 1060
f 1058 1060 1061
f 1060 1064 1061
f 181 1059 1062
f 1059 1061 1062
f 181 1062 1251
f 1062 1253 1251
f 1061 1063 1062
f 1061 1064 1063
f 1062 1063 1253
f 1063 1259 1253
f 1052 1065 1060
f 1060 1065 1064
f 1064 1065 1066
f 1065 1081 1066
f 1052 1054 1065
f 1054 1081 1065
f 1063 1064 1067
f 1064 1066 1067
f 1063 1067 1259
f 1067 1261 1259
f 1066 1068 1067
f 1067 1068 1261
f 1068 1280 1261
f 1054 1073 1069
f 1057 1071 1070
f 1016 1092 1071
f 1071 1092 1072
f 1071 1072 1070
f 1070 1072 1076
f 1057 1070 1073
f 1073 1070 1074
f 1073 1074 1069
f 1074 1070 1076
f 1069 1074 1075
f 1074 1078 1075
f 1074 1076 1078
f 1072 1094 1076
f 1076 1094 1079
f 1075 1078 1077
f 1076 1079 1078
f 1078 1079 1080
f 1078 1080 1077
f 1077 1080 1149
f 1054 1069 1081
f 1069 1083 1081
f 1066 1081 1082
f 1081 1083 1082
f 1069 1075 1083
f 1082 1083 1084
f 1083 1087 1084
f 1066 1082 1068
f 1068 1085 1280
f 1068 1082 1085
f 1085 1281 1280
f 1082 1084 1085
f 1084 1086 1085
f 1085 1086 1281
f 1086 1287 1281
f 1075 1087 1083
f 1084 1088 1086
f 1086 1091 1287
f 1075 1077 1087
f 1077 1089 1087
f 1084 1087 1088
f 1087 1089 1088
f 1088 1089 1090
f 1077 1149 1089
f 1089 1149 1150
f 1089 1150 1090
f 1088 1091 1086
f 1088 1090 1091
f 1091 1090 1151
f 1091 1289 1287
f 1091 1151 1289
f 1151 1395 1289
f 1092 1093 1072
f 1072 1093 1094
f 1093 1096 1094
f 1040 1096 1093
f 1094 1095 1079
f 1094 1096 1095
f 1096 1154 1095
f 1043 1154 1096
f 1079 1156 1080
f 1095 1156 1079
f 217 1098 1097
f 1098 1099 1097
f 217 1103 1098
f 1099 1105 1025
f 1099 1100 1105
f 1098 1104 1100
f 1098 1100 1099
f 1104 1101 1102
f 1102 1116 1108
f 1103 1101 1104
f 1098 1103 1104
f 1104 1108 1100
f 1104 1102 1108
f 1105 1106 1031
f 1100 1107 1105
f 1105 1107 1106
f 1106 1128 1031
f 1106 1122 1128
f 1106 1109 1122
f 1116 1110 1108
f 1100 1108 1107
f 1107 1108 1110
f 1107 1109 1106
f 1107 1110 1109
f 1109 1110 1137
f 1101 1111 1102
f 1111 1112 1102
f 1111 1113 1112
f 1102 1112 1116
f 1112 1115 1117
f 1112 1117 1116
f 1113 1114 1115
f 1112 1113 1115
f 1114 1506 1115
f 1115 1119 1117
f 1115 1506 1119
f 1116 1118 1110
f 1116 1117 1118
f 1118 1117 1120
f 1118 1136 1137
f 1118 1120 1136
f 1118 1137 1110
f 1117 1119 1120
f 1119 1510 1121
f 1119 1121 1120
f 1120 1139 1136
f 1120 1121 1139
f 1121 1525 1139
f 1122 1129 1128
f 1122 1124 1129
f 1124 1132 1129
f 1109 1123 1122
f 1122 1123 1124
f 1109 1137 1123
f 1123 1138 1125
f 1124 1123 1125
f 1124 1125 1126
f 1124 1126 1132
f 1125 1142 1126
f 1126 1142 1127
f 1135 1126 1127
f 1037 1128 1129
f 1037 1129 1130
f 1129 1132 1130
f 1130 1132 1131
f 1130 1131 1041
f 1041 1131 1133
f 1131 1132 1135
f 1131 1134 1133
f 1131 1135 1134
f 1132 1126 1135
f 1135 1182 1134
f 1135 1127 1182
f 1138 1136 1140
f 1123 1137 1138
f 1137 1136 1138
f 1125 1138 1143
f 1138 1140 1143
f 1136 1139 1140
f 1139 1141 1140
f 1139 1525 1141
f 1140 1141 1145
f 1141 1530 1145
f 1140 1145 1143
f 1125 1143 1142
f 1143 1146 1142
f 1142 1144 1127
f 1127 1144 1192
f 1142 1146 1144
f 1143 1145 1146
f 1145 1147 1146
f 1145 1530 1147
f 1146 1147 1189
f 1144 1146 1189
f 1147 1606 1189
f 1043 1148 1160
f 1148 1180 1160
f 1180 1205 1160
f 1080 1157 1149
f 1149 1167 1150
f 1090 1150 1152
f 1150 1168 1152
f 1090 1152 1151
f 1151 1152 1153
f 1151 1153 1395
f 1095 1154 1155
f 1095 1155 1156
f 1156 1158 1157
f 1080 1156 1157
f 1156 1155 1158
f 1155 1162 1158
f 1157 1158 1159
f 1158 1164 1159
f 1043 1160 1154
f 1154 1160 1161
f 1154 1161 1155
f 1155 1161 1162
f 1161 1163 1162
f 1160 1205 1161
f 1161 1205 1163
f 1158 1162 1164
f 1162 1165 1164
f 1159 1164 1173
f 1164 1166 1173
f 1162 1163 1165
f 1163 1208 1165
f 1164 1165 1166
f 1165 1209 1166
f 1157 1167 1149
f 1157 1159 1167
f 1150 1167 1168
f 1167 1170 1168
f 1167 1159 1170
f 1168 1169 1152
f 1152 1169 1153
f 1168 1171 1169
f 1153 1169 1401
f 1159 1173 1170
f 1168 1170 1171
f 1170 1174 1171
f 1169 1172 1401
f 1169 1171 1172
f 1171 1176 1172
f 1172 1176 1408
f 1173 1174 1170
f 1173 1175 1174
f 1166 1175 1173
f 1166 1218 1175
f 1174 1175 1177
f 1175 1219 1177
f 1174 1176 1171
f 1174 1177 1176
f 1176 1177 1178
f 1176 1178 1408
f 1177 1219 1221
f 1177 1221 1178
f 1178 1221 1435
f 1133 1134 1179
f 1134 1183 1179
f 1133 1179 1148
f 1148 1179 1180
f 1180 1185 1205
f 1179 1181 1180
f 1183 1181 1179
f 1180 1181 1185
f 1134 1182 1183
f 1127 1192 1182
f 1182 1192 1184
f 1183 1182 1184
f 1183 1184 1187
f 1183 1187 1181
f 1181 1187 1186
f 1181 1186 1185
f 1185 1186 1210
f 1187 1196 1186
f 1210 1186 1188
f 1186 1196 1188
f 1144 1190 1192
f 1144 1189 1190
f 1190 1189 1191
f 1189 1606 1191
f 1190 1191 1194
f 1191 1607 1194
f 1192 1193 1184
f 1184 1195 1187
f 1184 1193 1195
f 1190 1193 1192
f 1190 1194 1193
f 1193 1194 1199
f 1194 1607 1200
f 1193 1199 1195
f 1195 1199 1197
f 1195 1196 1187
f 1195 1197 1196
f 1188 1196 1198
f 1188 1198 1230
f 1196 1197 1198
f 1198 1197 1202
f 1199 1201 1197
f 1194 1200 1199
f 1199 1200 1201
f 1200 1615 1201
f 1201 1615 1617
f 1201 1202 1197
f 1201 1617 1202
f 1198 1203 1230
f 1198 1202 1203
f 1202 1204 1203
f 1203 1204 1235
f 1202 1617 1204
f 1204 1635 1235
f 1205 1206 1163
f 1185 1206 1205
f 1163 1206 1208
f 1185 1210 1206
f 1206 1210 1207
f 1206 1207 1208
f 1207 1211 1208
f 1165 1208 1209
f 1208 1211 1209
f 1166 1209 1218
f 1210 1213 1207
f 1210 1188 1213
f 1209 1212 1218
f 1209 1211 1212
f 1211 1215 1212
f 1207 1214 1211
f 1207 1213 1214
f 1213 1231 1214
f 1214 1231 1216
f 1211 1214 1215
f 1212 1215 1224
f 1215 1214 1216
f 1215 1217 1224
f 1215 1216 1217
f 1175 1218 1219
f 1218 1220 1219
f 1220 1222 1219
f 1212 1220 1218
f 1212 1224 1220
f 1220 1225 1222
f 1219 1222 1221
f 1221 1222 1223
f 1221 1223 1435
f 1225 1227 1222
f 1222 1227 1223
f 1223 1227 1442
f 1220 1224 1225
f 1224 1226 1225
f 1224 1217 1226
f 1225 1226 1228
f 1225 1228 1227
f 1227 1229 1442
f 1227 1228 1229
f 1188 1230 1213
f 1213 1230 1231
f 1230 1232 1231
f 1203 1232 1230
f 1231 1233 1216
f 1231 1232 1233
f 1233 1232 1236
f 1233 1234 1216
f 1216 1234 1217
f 1217 1234 1242
f 1233 1238 1234
f 1203 1235 1232
f 1232 1235 1236
f 1635 1237 1235
f 1236 1235 1237
f 1236 1237 1240
f 1233 1236 1238
f 1234 1239 1242
f 1234 1238 1239
f 1238 1241 1239
f 1236 1240 1238
f 1238 1240 1241
f 1239 1241 1246
f 1217 1242 1226
f 1226 1242 1243
f 1226 1243 1228
f 1242 1245 1243
f 1243 1245 1248
f 1228 1244 1229
f 1243 1244 1228
f 1229 1244 1456
f 1243 1248 1244
f 1244 1248 1249
f 1244 1249 1456
f 1239 1245 1242
f 1239 1246 1245
f 1245 1247 1248
f 1245 1246 1247
f 1248 1250 1249
f 1247 1250 1248
f 1249 1250 1462
f 377 1251 1252
f 1251 1253 1252
f 377 1252 1255
f 1252 1257 1255
f 1252 1253 1254
f 1253 1259 1254
f 1252 1254 1257
f 1254 1263 1257
f 380 1255 1256
f 1255 1257 1256
f 380 1256 1266
f 1256 1268 1266
f 1256 1257 1258
f 1257 1263 1258
f 1256 1258 1268
f 1258 1274 1268
f 1254 1259 1260
f 1259 1261 1260
f 1254 1260 1263
f 1260 1264 1263
f 1260 1261 1262
f 1261 1280 1262
f 1260 1262 1264
f 1258 1263 1265
f 1258 1265 1274
f 1263 1264 1265
f 1264 1284 1265
f 1265 1275 1274
f 1265 1284 1275
f 1266 1268 1267
f 389 1266 1267
f 389 1267 1270
f 1267 1268 1269
f 1268 1274 1269
f 1267 1269 1271
f 1267 1271 1270
f 1269 1277 1271
f 1270 1271 1272
f 392 1270 1272
f 392 1272 1311
f 1271 1277 1273
f 1272 1271 1273
f 1272 1273 1313
f 1269 1274 1276
f 1269 1276 1277
f 1274 1275 1276
f 1275 1296 1276
f 1276 1278 1277
f 1276 1296 1278
f 1273 1277 1279
f 1273 1279 1314
f 1277 1278 1279
f 1278 1300 1279
f 1279 1315 1314
f 1279 1300 1315
f 1262 1280 1282
f 1262 1283 1264
f 1280 1281 1282
f 1262 1282 1283
f 1281 1288 1282
f 1281 1287 1288
f 1282 1285 1283
f 1282 1288 1285
f 1264 1283 1284
f 1283 1286 1284
f 1275 1284 1295
f 1284 1286 1295
f 1283 1285 1286
f 1285 1292 1286
f 1286 1297 1295
f 1286 1292 1297
f 1287 1290 1288
f 1285 1288 1291
f 1288 1290 1291
f 1287 1289 1290
f 1289 1395 1396
f 1289 1396 1290
f 1290 1293 1291
f 1290 1396 1293
f 1285 1291 1292
f 1291 1294 1292
f 1292 1302 1297
f 1292 1294 1302
f 1291 1293 1294
f 1293 1399 1294
f 1294 1400 1302
f 1294 1399 1400
f 1275 1295 1296
f 1295 1298 1296
f 1278 1296 1299
f 1296 1298 1299
f 1295 1297 1298
f 1297 1303 1298
f 1298 1306 1299
f 1298 1303 1306
f 1278 1299 1300
f 1299 1301 1300
f 1300 1333 1315
f 1300 1301 1333
f 1299 1306 1301
f 1297 1302 1303
f 1303 1305 1306
f 1302 1304 1303
f 1302 1400 1304
f 1303 1304 1305
f 1301 1306 1307
f 1305 1307 1306
f 1301 1308 1333
f 1304 1416 1305
f 1305 1416 1309
f 1301 1307 1308
f 1307 1310 1308
f 1308 1310 1340
f 1305 1309 1307
f 1307 1309 1310
f 1309 1420 1310
f 1310 1420 1341
f 1272 1313 1311
f 408 1311 1312
f 1311 1313 1312
f 1312 1313 1318
f 1273 1314 1313
f 1313 1314 1318
f 1318 1314 1326
f 1314 1315 1326
f 408 1312 1316
f 1312 1317 1316
f 1312 1318 1317
f 1317 1318 1325
f 1316 1317 1319
f 419 1316 1319
f 419 1319 1321
f 1317 1320 1319
f 1319 1320 1323
f 1317 1325 1320
f 1319 1323 1321
f 1321 1323 1322
f 422 1321 1322
f 1320 1329 1323
f 1323 1329 1324
f 1322 1323 1324
f 1318 1326 1325
f 1315 1332 1326
f 1325 1326 1327
f 1326 1332 1327
f 1325 1328 1320
f 1325 1327 1328
f 1327 1337 1328
f 1320 1328 1329
f 1324 1329 1330
f 1329 1328 1331
f 1328 1337 1331
f 1329 1331 1330
f 1330 1331 1369
f 422 1322 1344
f 1322 1346 1344
f 1322 1324 1346
f 1324 1330 1352
f 1315 1333 1332
f 1332 1333 1335
f 1327 1332 1334
f 1327 1334 1337
f 1332 1335 1334
f 1308 1335 1333
f 1335 1336 1334
f 1334 1336 1339
f 1334 1339 1337
f 1337 1339 1338
f 1331 1337 1338
f 1331 1338 1369
f 1336 1343 1339
f 1338 1339 1371
f 1339 1343 1371
f 1308 1340 1335
f 1335 1340 1336
f 1310 1341 1340
f 1336 1342 1343
f 1336 1340 1342
f 1340 1341 1342
f 1341 1428 1342
f 1342 1374 1343
f 1342 1428 1374
f 458 1344 1345
f 1344 1346 1345
f 458 1345 1348
f 1324 1352 1346
f 1346 1352 1347
f 1345 1346 1347
f 1345 1347 1349
f 1348 1349 1350
f 1345 1349 1348
f 1349 1347 1355
f 1349 1355 1351
f 1349 1351 1350
f 1351 1355 1363
f 1330 1353 1352
f 1352 1353 1354
f 1347 1352 1354
f 1330 1369 1353
f 1353 1369 1377
f 1353 1377 1356
f 1347 1354 1355
f 1354 1357 1355
f 1354 1353 1356
f 1354 1356 1357
f 1356 1383 1357
f 1355 1357 1363
f 1350 1351 1358
f 1358 1351 1359
f 1358 1359 1360
f 1351 1363 1359
f 1359 1364 1362
f 1359 1363 1364
f 1359 1362 1360
f 1360 1362 1361
f 1361 1362 1787
f 1362 1364 1366
f 1362 1366 1787
f 1357 1383 1365
f 1357 1365 1363
f 1363 1365 1364
f 1365 1367 1364
f 1365 1383 1385
f 1365 1385 1367
f 1364 1367 1366
f 1366 1368 1791
f 1366 1367 1368
f 1367 1385 1386
f 1367 1386 1368
f 1368 1386 1806
f 1338 1370 1369
f 1338 1371 1370
f 1370 1371 1373
f 1371 1343 1372
f 1343 1374 1372
f 1371 1372 1373
f 1372 1376 1373
f 1372 1374 1375
f 1372 1375 1376
f 1373 1376 1381
f 1375 1482 1376
f 1376 1482 1382
f 1369 1370 1377
f 1370 1379 1377
f 1370 1373 1379
f 1377 1379 1378
f 1356 1377 1378
f 1356 1378 1383
f 1379 1380 1378
f 1379 1381 1380
f 1378 1380 1384
f 1373 1381 1379
f 1380 1381 1389
f 1381 1382 1389
f 1376 1382 1381
f 1378 1384 1383
f 1383 1384 1385
f 1380 1390 1384
f 1384 1390 1387
f 1384 1387 1385
f 1387 1390 1392
f 1385 1387 1386
f 1386 1387 1388
f 1386 1388 1806
f 1387 1392 1388
f 1388 1392 1812
f 1380 1389 1390
f 1389 1393 1390
f 1389 1382 1391
f 1382 1489 1391
f 1389 1391 1393
f 1390 1393 1392
f 1392 1393 1394
f 1392 1394 1812
f 1391 1500 1393
f 1393 1500 1394
f 1394 1500 1932
f 1395 1398 1396
f 1153 1398 1395
f 1293 1396 1397
f 1396 1398 1397
f 1293 1397 1399
f 1397 1403 1399
f 1399 1404 1400
f 1304 1400 1415
f 1153 1401 1398
f 1398 1401 1402
f 1397 1398 1402
f 1397 1402 1403
f 1402 1406 1403
f 1400 1404 1415
f 1399 1403 1404
f 1403 1407 1404
f 1404 1417 1415
f 1404 1407 1417
f 1401 1405 1402
f 1172 1405 1401
f 1172 1408 1405
f 1402 1405 1406
f 1405 1409 1406
f 1405 1408 1409
f 1403 1406 1407
f 1406 1413 1407
f 1407 1412 1417
f 1406 1409 1413
f 1408 1410 1409
f 1178 1410 1408
f 1409 1411 1413
f 1409 1410 1411
f 1407 1413 1412
f 1412 1413 1414
f 1411 1414 1413
f 1411 1439 1414
f 1412 1414 1426
f 1414 1440 1426
f 1304 1415 1416
f 1415 1418 1416
f 1416 1418 1419
f 1415 1417 1418
f 1417 1424 1418
f 1418 1421 1419
f 1309 1416 1419
f 1309 1419 1420
f 1418 1424 1421
f 1419 1423 1420
f 1341 1420 1422
f 1420 1423 1422
f 1421 1423 1419
f 1421 1427 1423
f 1423 1427 1429
f 1422 1423 1429
f 1412 1424 1417
f 1412 1426 1424
f 1421 1424 1425
f 1424 1426 1425
f 1421 1425 1427
f 1425 1431 1427
f 1425 1426 1430
f 1178 1435 1410
f 1410 1435 1436
f 1410 1436 1411
f 1411 1436 1439
f 1341 1422 1428
f 1422 1480 1428
f 1422 1429 1480
f 1426 1440 1430
f 1425 1430 1431
f 1430 1450 1431
f 1427 1431 1432
f 1429 1427 1432
f 1429 1432 1485
f 1432 1434 1485
f 1431 1433 1432
f 1431 1450 1433
f 1432 1433 1434
f 1433 1455 1434
f 1434 1455 1488
f 1435 1438 1436
f 1223 1438 1435
f 1436 1438 1437
f 1436 1437 1439
f 1223 1442 1438
f 1438 1442 1443
f 1437 1438 1443
f 1437 1443 1444
f 1437 1441 1439
f 1414 1439 1440
f 1439 1441 1440
f 1440 1441 1449
f 1441 1445 1449
f 1437 1444 1441
f 1442 1447 1443
f 1443 1448 1444
f 1229 1447 1442
f 1443 1447 1448
f 1441 1444 1445
f 1444 1446 1445
f 1444 1448 1446
f 1445 1446 1452
f 1229 1456 1447
f 1430 1440 1449
f 1430 1449 1450
f 1449 1451 1450
f 1445 1451 1449
f 1451 1454 1450
f 1451 1453 1454
f 1445 1452 1451
f 1451 1452 1453
f 1433 1450 1454
f 1433 1454 1455
f 1453 1468 1454
f 1454 1468 1455
f 1446 1459 1452
f 1447 1456 1457
f 1447 1457 1448
f 1448 1457 1458
f 1456 1461 1457
f 1249 1461 1456
f 1457 1460 1458
f 1457 1461 1460
f 1446 1448 1458
f 1446 1458 1459
f 1458 1460 1464
f 1458 1464 1459
f 1249 1462 1461
f 1460 1461 1463
f 1461 1462 1463
f 1460 1463 1466
f 1460 1466 1464
f 1459 1464 1475
f 1464 1465 1475
f 1464 1466 1465
f 1452 1467 1453
f 1459 1467 1452
f 1453 1467 1470
f 1467 1476 1470
f 1455 1468 1469
f 1455 1469 1488
f 1468 1471 1469
f 1469 1471 1503
f 1453 1470 1468
f 1468 1470 1471
f 1470 1472 1471
f 1470 1476 1472
f 1471 1473 1503
f 1472 1473 1471
f 1472 1478 1474
f 1474 1953 1473
f 1472 1474 1473
f 1459 1475 1467
f 1467 1475 1476
f 1475 1477 1476
f 1465 1477 1475
f 1476 1477 1478
f 1472 1476 1478
f 1374 1428 1479
f 1428 1480 1479
f 1429 1485 1480
f 1480 1485 1481
f 1479 1480 1481
f 1479 1481 1483
f 1374 1479 1375
f 1375 1479 1483
f 1481 1487 1483
f 1375 1483 1482
f 1483 1484 1482
f 1382 1482 1489
f 1482 1484 1489
f 1483 1487 1484
f 1481 1485 1486
f 1434 1486 1485
f 1481 1486 1487
f 1486 1492 1487
f 1434 1488 1486
f 1486 1488 1492
f 1484 1487 1495
f 1484 1495 1490
f 1489 1484 1490
f 1489 1490 1501
f 1490 1491 1501
f 1490 1497 1491
f 1491 1498 1933
f 1487 1492 1495
f 1492 1494 1495
f 1488 1493 1492
f 1469 1493 1488
f 1493 1494 1492
f 1493 1496 1494
f 1490 1495 1497
f 1495 1494 1497
f 1494 1496 1499
f 1496 1924 1499
f 1494 1499 1497
f 1497 1499 1498
f 1491 1497 1498
f 1924 1926 1499
f 1498 1499 1926
f 1391 1489 1501
f 1391 1501 1500
f 1501 1502 1500
f 1500 1502 1932
f 1491 1502 1501
f 1491 1933 1502
f 1469 1503 1493
f 1493 1503 1496
f 1496 1503 1504
f 1473 1504 1503
f 1496 1504 1924
f 1473 1953 1504
f 1114 1505 1506
f 1505 1507 1506
f 1505 1508 1507
f 1506 1507 1510
f 1119 1506 1510
f 1507 1512 1510
f 1508 1509 1507
f 1508 1515 1509
f 1515 1517 1509
f 1507 1509 1512
f 1509 1517 1513
f 1509 1513 1512
f 1121 1510 1511
f 1510 1512 1511
f 1121 1511 1525
f 1511 1527 1525
f 1512 1513 1514
f 1512 1514 1511
f 1513 1522 1514
f 1511 1514 1527
f 1514 1528 1527
f 1514 1522 1528
f 1515 1516 1517
f 1516 1519 1517
f 1517 1521 1513
f 1517 1519 1521
f 1516 1518 1519
f 1518 1543 1520
f 1518 1520 1519
f 1521 1519 1523
f 1519 1520 1523
f 1513 1521 1522
f 1521 1524 1522
f 1522 1535 1528
f 1522 1524 1535
f 1521 1523 1524
f 1523 1549 1524
f 1535 1524 1537
f 1524 1549 1537
f 1141 1525 1526
f 1525 1527 1526
f 1141 1526 1530
f 1526 1532 1530
f 1527 1528 1529
f 1527 1529 1526
f 1528 1536 1529
f 1526 1529 1532
f 1529 1536 1533
f 1530 1532 1531
f 1147 1530 1531
f 1147 1531 1606
f 1531 1609 1606
f 1529 1533 1532
f 1532 1534 1531
f 1532 1533 1534
f 1533 1540 1534
f 1531 1534 1609
f 1534 1540 1610
f 1528 1535 1536
f 1535 1538 1536
f 1536 1538 1539
f 1535 1537 1538
f 1537 1576 1538
f 1538 1576 1541
f 1536 1539 1533
f 1533 1539 1540
f 1539 1542 1540
f 1540 1542 1622
f 1539 1538 1541
f 1539 1541 1542
f 1541 1581 1542
f 1542 1581 1625
f 1520 1543 1545
f 1543 1544 1545
f 1520 1545 1548
f 1520 1548 1523
f 1545 1551 1548
f 1544 1546 1547
f 1544 1547 1545
f 1547 1546 1555
f 1545 1547 1551
f 1547 1552 1551
f 1547 1555 1552
f 1523 1548 1549
f 1549 1548 1550
f 1548 1551 1550
f 1549 1575 1537
f 1549 1550 1575
f 1550 1578 1575
f 1551 1553 1550
f 1551 1552 1553
f 1552 1564 1553
f 1550 1553 1578
f 1553 1585 1578
f 1553 1564 1585
f 1546 1554 1555
f 1554 1556 1555
f 1554 1557 1556
f 1555 1563 1552
f 1555 1556 1563
f 1556 1565 1563
f 1557 1558 1559
f 1557 1559 1556
f 1558 1560 1561
f 1558 1561 1559
f 1559 1561 1562
f 1556 1559 1565
f 1559 1562 1567
f 1559 1569 1565
f 1559 1567 1569
f 1552 1563 1564
f 1563 1565 1566
f 1563 1566 1564
f 1564 1586 1585
f 1564 1566 1586
f 1565 1572 1566
f 1565 1569 1572
f 1566 1588 1586
f 1569 1567 1568
f 1569 1568 1570
f 1569 1570 1571
f 1569 1571 1572
f 1566 1572 1588
f 1572 1571 1573
f 1572 1573 1588
f 1588 1573 1574
f 1537 1575 1576
f 1576 1575 1577
f 1575 1578 1577
f 1576 1577 1580
f 1577 1583 1580
f 1578 1579 1577
f 1578 1585 1579
f 1577 1579 1583
f 1583 1579 1596
f 1576 1580 1541
f 1541 1580 1581
f 1581 1580 1582
f 1580 1583 1582
f 1581 1582 1683
f 1582 1687 1683
f 1583 1584 1582
f 1583 1596 1584
f 1582 1584 1687
f 1584 1699 1687
f 1585 1587 1579
f 1585 1586 1587
f 1586 1592 1587
f 1579 1587 1596
f 1587 1597 1596
f 1587 1592 1597
f 1586 1588 1592
f 1588 1590 1592
f 1588 1574 1589
f 1588 1589 1590
f 1590 1589 1591
f 1590 1591 1593
f 1592 1594 1597
f 1590 1594 1592
f 1590 1593 1594
f 1594 1593 1595
f 1596 1597 1598
f 1596 1598 1584
f 1598 1597 1600
f 1584 1598 1699
f 1598 1599 1699
f 1598 1600 1599
f 1594 1600 1597
f 1594 1601 1600
f 1594 1595 1601
f 1600 1601 1603
f 1600 1603 1602
f 1600 1602 1604
f 1600 1604 1599
f 1599 1604 1703
f 1604 1602 1605
f 1604 1605 1704
f 1191 1606 1608
f 1606 1609 1608
f 1191 1608 1607
f 1608 1612 1607
f 1534 1610 1609
f 1609 1611 1608
f 1609 1610 1611
f 1610 1623 1611
f 1608 1611 1612
f 1612 1611 1613
f 1611 1623 1613
f 1607 1612 1614
f 1612 1613 1618
f 1613 1628 1618
f 1200 1607 1614
f 1200 1614 1615
f 1614 1619 1615
f 1617 1615 1616
f 1615 1619 1616
f 1612 1618 1614
f 1614 1618 1619
f 1618 1628 1621
f 1619 1618 1621
f 1619 1621 1620
f 1619 1620 1616
f 1621 1629 1620
f 1540 1622 1610
f 1610 1622 1623
f 1622 1626 1623
f 1613 1623 1624
f 1623 1626 1624
f 1622 1542 1625
f 1622 1625 1626
f 1625 1684 1626
f 1624 1626 1627
f 1626 1684 1627
f 1613 1624 1628
f 1624 1631 1628
f 1624 1627 1631
f 1627 1690 1631
f 1628 1631 1630
f 1628 1630 1621
f 1621 1630 1629
f 1630 1632 1629
f 1631 1690 1633
f 1630 1631 1633
f 1630 1633 1632
f 1632 1633 1693
f 1617 1634 1204
f 1617 1616 1634
f 1204 1634 1635
f 1616 1637 1634
f 1634 1637 1636
f 1634 1636 1635
f 1616 1620 1637
f 1620 1629 1638
f 1620 1638 1637
f 1637 1638 1639
f 1638 1641 1639
f 1637 1639 1636
f 1636 1639 1649
f 1639 1642 1649
f 1629 1640 1638
f 1629 1632 1640
f 1638 1640 1641
f 1640 1645 1641
f 1639 1641 1642
f 1642 1641 1643
f 1641 1645 1643
f 1640 1632 1644
f 1632 1693 1644
f 1640 1644 1645
f 1644 1647 1645
f 1644 1724 1647
f 1643 1645 1646
f 1645 1647 1646
f 1647 1731 1646
f 1635 1648 1237
f 1237 1648 1650
f 1635 1636 1648
f 1636 1649 1648
f 1642 1662 1649
f 1237 1650 1240
f 1648 1653 1650
f 1240 1650 1651
f 1240 1651 1241
f 1241 1652 1246
f 1241 1651 1652
f 1650 1654 1651
f 1651 1655 1652
f 1648 1649 1653
f 1650 1653 1654
f 1649 1662 1653
f 1653 1662 1663
f 1653 1663 1654
f 1651 1654 1655
f 1654 1663 1666
f 1652 1655 1659
f 1654 1666 1655
f 1655 1672 1659
f 1655 1666 1672
f 1246 1656 1247
f 1246 1652 1656
f 1247 1656 1657
f 1652 1659 1656
f 1656 1660 1657
f 1247 1657 1250
f 1250 1657 1658
f 1250 1658 1462
f 1657 1661 1658
f 1656 1659 1660
f 1659 1672 1673
f 1659 1673 1660
f 1660 1673 1676
f 1660 1661 1657
f 1658 1661 1890
f 1660 1676 1661
f 1661 1676 1677
f 1661 1677 1890
f 1642 1643 1664
f 1643 1646 1664
f 1646 1731 1669
f 1642 1664 1662
f 1662 1665 1663
f 1662 1664 1665
f 1663 1667 1666
f 1663 1665 1667
f 1666 1668 1672
f 1666 1667 1668
f 1664 1646 1669
f 1664 1669 1665
f 1665 1669 1670
f 1731 1734 1669
f 1669 1734 1670
f 1670 1734 1736
f 1665 1670 1667
f 1667 1670 1671
f 1670 1736 1671
f 1667 1671 1668
f 1668 1671 1679
f 1671 1736 1738
f 1671 1738 1679
f 1738 1742 1679
f 1672 1674 1673
f 1673 1675 1676
f 1668 1674 1672
f 1673 1674 1675
f 1676 1678 1677
f 1675 1678 1676
f 1677 1678 1904
f 1668 1679 1674
f 1674 1679 1680
f 1674 1680 1675
f 1675 1680 1681
f 1679 1742 1680
f 1680 1743 1681
f 1680 1742 1743
f 1675 1681 1678
f 1678 1681 1682
f 1678 1682 1904
f 1681 1745 1682
f 1681 1743 1745
f 1682 1745 1967
f 1581 1683 1625
f 1625 1683 1684
f 1684 1683 1686
f 1683 1687 1686
f 1684 1686 1685
f 1684 1685 1627
f 1685 1686 1689
f 1687 1688 1686
f 1687 1699 1688
f 1686 1688 1689
f 1689 1688 1701
f 1627 1685 1690
f 1685 1689 1691
f 1689 1701 1695
f 1685 1691 1690
f 1690 1691 1692
f 1691 1696 1692
f 1690 1692 1633
f 1633 1692 1693
f 1693 1692 1694
f 1692 1696 1694
f 1689 1695 1691
f 1691 1695 1696
f 1695 1712 1697
f 1694 1696 1698
f 1696 1695 1697
f 1696 1697 1698
f 1697 1713 1698
f 1599 1700 1699
f 1699 1700 1688
f 1599 1703 1700
f 1688 1700 1701
f 1700 1702 1701
f 1701 1702 1712
f 1700 1703 1702
f 1604 1705 1703
f 1604 1704 1705
f 1705 1704 1706
f 1705 1706 1707
f 1703 1705 1708
f 1705 1707 1709
f 1705 1709 1708
f 1702 1703 1708
f 1702 1708 1716
f 1708 1717 1716
f 1708 1709 1710
f 1708 1710 1717
f 1717 1710 1711
f 1701 1712 1695
f 1712 1714 1697
f 1702 1716 1712
f 1712 1716 1714
f 1697 1714 1713
f 1714 1721 1715
f 1714 1715 1713
f 1716 1717 1721
f 1714 1716 1721
f 1717 1711 1718
f 1717 1718 1721
f 1721 1718 1719
f 1721 1719 1720
f 1721 1723 1715
f 1715 1723 1756
f 1721 1720 1723
f 1723 1720 1722
f 1693 1694 1724
f 1693 1724 1644
f 1694 1726 1724
f 1724 1726 1725
f 1647 1725 1731
f 1647 1724 1725
f 1694 1698 1726
f 1698 1727 1726
f 1726 1727 1728
f 1698 1713 1727
f 1726 1728 1725
f 1728 1727 1751
f 1713 1729 1727
f 1727 1729 1751
f 1713 1715 1729
f 1715 1756 1729
f 1723 1722 1730
f 1723 1730 1758
f 1758 1730 1759
f 1725 1728 1732
f 1725 1732 1731
f 1728 1733 1732
f 1732 1733 1735
f 1728 1751 1733
f 1751 1752 1733
f 1733 1752 1740
f 1731 1732 1734
f 1734 1735 1736
f 1732 1735 1734
f 1736 1737 1738
f 1735 1737 1736
f 1738 1739 1742
f 1737 1739 1738
f 1735 1733 1740
f 1735 1740 1737
f 1737 1740 1741
f 1737 1741 1739
f 1739 1741 1748
f 1740 1768 1741
f 1741 1769 1748
f 1742 1744 1743
f 1739 1744 1742
f 1743 1744 1746
f 1743 1746 1745
f 1745 1747 1967
f 1745 1746 1747
f 1748 1778 1749
f 1739 1748 1744
f 1744 1748 1749
f 1744 1749 1746
f 1746 1749 1750
f 1746 1750 1747
f 1747 1750 1974
f 1749 1780 1750
f 1750 1781 1974
f 1729 1753 1751
f 1729 1756 1753
f 1751 1753 1752
f 1753 1754 1752
f 1753 1757 1754
f 1752 1754 1768
f 1754 1755 1768
f 1756 1758 1757
f 1753 1756 1757
f 1723 1758 1756
f 1758 1759 1760
f 1760 1759 1762
f 1757 1758 1760
f 1757 1760 1764
f 1760 1762 1763
f 1760 1763 1761
f 1757 1764 1754
f 1760 1761 1764
f 1764 1761 1765
f 1754 1764 1755
f 1755 1767 1779
f 1755 1764 1767
f 1764 1765 1766
f 1764 1766 1767
f 1767 1766 1770
f 1752 1768 1740
f 1741 1768 1769
f 1755 1769 1768
f 1755 1779 1769
f 1767 1771 1779
f 1767 1772 1771
f 1767 1770 1772
f 1771 1772 1773
f 1771 1773 1774
f 1771 1774 1784
f 1784 1774 1775
f 1784 1775 1776
f 1769 1778 1748
f 1769 1779 1778
f 1778 1780 1749
f 1778 1779 1782
f 1778 1782 1780
f 1780 1783 1781
f 1780 1782 1783
f 1781 1783 2001
f 1780 1781 1750
f 1771 1782 1779
f 1771 1784 1782
f 1782 1784 1783
f 1783 1785 2001
f 1783 1784 1785
f 1784 1776 1785
f 1785 1776 1777
f 1785 1777 1989
f 1361 1787 1786
f 1786 1787 1788
f 1786 1788 1789
f 1787 1791 1788
f 1366 1791 1787
f 1788 1791 1793
f 1789 1788 1790
f 1789 1790 1796
f 1796 1790 1798
f 1788 1793 1790
f 1790 1794 1798
f 1790 1793 1794
f 1368 1792 1791
f 1791 1792 1793
f 1368 1806 1792
f 1792 1806 1808
f 1793 1795 1794
f 1793 1792 1795
f 1794 1795 1803
f 1792 1808 1795
f 1795 1808 1809
f 1795 1809 1803
f 1796 1798 1797
f 1797 1798 1800
f 1798 1794 1802
f 1798 1802 1800
f 1797 1800 1799
f 1799 1801 1824
f 1799 1800 1801
f 1802 1804 1800
f 1800 1804 1801
f 1794 1803 1802
f 1802 1803 1805
f 1803 1809 1816
f 1803 1816 1805
f 1802 1805 1804
f 1804 1805 1830
f 1816 1818 1805
f 1805 1818 1830
f 1388 1807 1806
f 1806 1807 1808
f 1388 1812 1807
f 1807 1812 1813
f 1808 1807 1810
f 1808 1810 1809
f 1809 1810 1817
f 1807 1813 1810
f 1810 1814 1817
f 1394 1811 1812
f 1394 1932 1811
f 1811 1932 1935
f 1811 1813 1812
f 1811 1935 1815
f 1815 1936 1821
f 1810 1813 1814
f 1811 1815 1813
f 1813 1815 1814
f 1814 1815 1821
f 1809 1817 1816
f 1816 1817 1819
f 1817 1820 1819
f 1816 1819 1818
f 1818 1819 1857
f 1819 1822 1857
f 1821 1946 1823
f 1817 1814 1820
f 1814 1821 1820
f 1820 1821 1823
f 1823 1949 1863
f 1820 1822 1819
f 1820 1823 1822
f 1822 1823 1863
f 1801 1826 1824
f 1824 1826 1825
f 1801 1829 1826
f 1801 1804 1829
f 1826 1829 1832
f 1825 1828 1827
f 1825 1826 1828
f 1828 1836 1827
f 1826 1832 1828
f 1828 1832 1833
f 1828 1833 1836
f 1804 1830 1829
f 1830 1831 1829
f 1829 1831 1832
f 1830 1818 1856
f 1830 1856 1831
f 1831 1856 1859
f 1832 1831 1834
f 1832 1834 1833
f 1833 1834 1845
f 1831 1859 1834
f 1834 1859 1867
f 1834 1867 1845
f 1835 1836 1837
f 1827 1836 1835
f 1835 1837 1841
f 1836 1833 1844
f 1836 1844 1837
f 1837 1844 1854
f 1843 1848 1846
f 1841 1843 1842
f 1841 1837 1843
f 1842 1839 1838
f 1842 1843 1839
f 1843 1840 1839
f 1837 1854 1843
f 1843 1846 1840
f 1843 1854 1848
f 1833 1845 1844
f 1844 1855 1854
f 1844 1845 1855
f 1845 1867 1868
f 1845 1868 1855
f 1848 1847 1846
f 1848 1849 1847
f 1848 1850 1849
f 1848 1851 1850
f 1851 1855 1870
f 1851 1853 1850
f 1851 1870 1853
f 1870 1852 1853
f 1851 1854 1855
f 1848 1854 1851
f 1855 1868 1870
f 1818 1857 1856
f 1857 1858 1856
f 1856 1858 1859
f 1857 1862 1858
f 1858 1862 1865
f 1859 1858 1860
f 1859 1860 1867
f 1858 1865 1860
f 1865 1878 1860
f 1863 2034 1861
f 1861 2034 2038
f 1857 1822 1862
f 1822 1863 1862
f 1863 1861 1862
f 1861 1865 1862
f 1861 1864 1865
f 1865 1864 1878
f 1861 2038 1864
f 1864 2038 2064
f 1886 2045 1866
f 1869 1878 1879
f 1869 1879 1874
f 1867 1860 1869
f 1867 1869 1868
f 1868 1869 1874
f 1860 1878 1869
f 1868 1874 1870
f 1870 1874 1872
f 1870 1871 1852
f 1870 1872 1871
f 1872 1873 1871
f 1872 1876 1873
f 1874 1879 1877
f 1877 1875 1876
f 1872 1874 1877
f 1872 1877 1876
f 1878 1880 1879
f 1878 1864 1880
f 1880 1882 1879
f 1880 2064 1881
f 1864 2064 1880
f 1880 1881 1882
f 1877 1879 1882
f 1877 1882 1883
f 1877 1883 1875
f 1882 1886 1885
f 1882 1884 1883
f 1882 1885 1884
f 1882 1881 1886
f 1881 2044 1886
f 1886 1866 1885
f 1462 1887 1463
f 1658 1887 1462
f 1463 1888 1466
f 1463 1887 1888
f 1658 1890 1887
f 1887 1891 1888
f 1466 1888 1889
f 1465 1466 1889
f 1465 1889 1897
f 1888 1892 1889
f 1889 1893 1897
f 1887 1890 1891
f 1888 1891 1892
f 1890 1902 1891
f 1677 1902 1890
f 1891 1903 1892
f 1891 1902 1903
f 1889 1892 1893
f 1892 1906 1893
f 1892 1903 1906
f 1893 1906 1907
f 1474 1898 1894
f 1474 1894 1953
f 1894 1954 1953
f 1894 1895 1954
f 1895 1918 1959
f 1465 1897 1477
f 1477 1897 1896
f 1478 1896 1898
f 1477 1896 1478
f 1896 1899 1898
f 1896 1897 1900
f 1474 1478 1898
f 1894 1898 1901
f 1896 1900 1899
f 1899 1914 1917
f 1893 1900 1897
f 1893 1907 1900
f 1907 1914 1900
f 1899 1900 1914
f 1899 1901 1898
f 1894 1901 1895
f 1901 1917 1918
f 1899 1917 1901
f 1895 1901 1918
f 1677 1904 1902
f 1902 1905 1903
f 1902 1904 1905
f 1903 1905 1908
f 1903 1908 1906
f 1906 1909 1907
f 1906 1908 1909
f 1907 1909 1915
f 1904 1682 1910
f 1904 1910 1905
f 1905 1910 1911
f 1905 1911 1908
f 1682 1967 1910
f 1910 1967 1968
f 1910 1968 1911
f 1911 1968 1971
f 1908 1911 1912
f 1908 1912 1909
f 1909 1912 1913
f 1909 1913 1915
f 1911 1971 1912
f 1912 1971 1972
f 1912 1972 1913
f 1920 1961 1959
f 1920 1963 1961
f 1978 1963 1923
f 1914 1916 1917
f 1916 1919 1917
f 1907 1915 1914
f 1914 1915 1916
f 1917 1919 1918
f 1918 1920 1959
f 1918 1919 1920
f 1916 1922 1919
f 1916 1921 1922
f 1921 1981 1922
f 1915 1913 1921
f 1915 1921 1916
f 1913 1983 1921
f 1913 1972 1983
f 1921 1983 1981
f 1919 1922 1923
f 1919 1923 1920
f 1920 1923 1963
f 1922 1985 1923
f 1922 1981 1985
f 1978 1923 1985
f 1498 1925 1933
f 1498 1926 1925
f 1925 1926 1930
f 1924 1927 1926
f 1926 1927 1930
f 1925 1928 1938
f 1925 1930 1928
f 1928 1931 1940
f 1930 1929 1931
f 1927 1929 1930
f 1930 1931 1928
f 1929 1941 1931
f 1502 1934 1932
f 1932 1934 1935
f 1502 1933 1934
f 1934 1933 1938
f 1815 1935 1936
f 1935 1934 1937
f 1935 1937 1936
f 1936 1937 1947
f 1934 1938 1937
f 1938 1939 1937
f 1937 1939 1947
f 1925 1938 1933
f 1928 1939 1938
f 1928 1940 1939
f 1940 1942 1943
f 1940 1931 1942
f 1931 1941 1942
f 1941 1944 1942
f 1943 1945 2025
f 1942 1945 1943
f 1942 1944 1945
f 1944 2027 1945
f 1821 1936 1946
f 1936 1947 1946
f 1946 1947 1950
f 1939 1948 1947
f 1948 1950 1947
f 1946 1949 1823
f 1946 1950 1949
f 1949 1950 2035
f 1948 1951 1950
f 1950 1951 2035
f 1940 1948 1939
f 1940 1943 1948
f 1948 1943 1951
f 1943 2025 1951
f 1504 1953 1952
f 1924 1504 1952
f 1924 1952 1927
f 1927 1952 1955
f 1952 1954 1955
f 1952 1953 1954
f 1929 1955 1956
f 1955 1957 1956
f 1956 1957 1960
f 1955 1954 1957
f 1895 1957 1954
f 1895 1959 1957
f 1927 1955 1929
f 1929 1956 1941
f 1956 1960 1958
f 1958 1960 1964
f 1957 1959 1960
f 1959 1961 1960
f 1961 1964 1960
f 1941 1956 1958
f 1941 1958 1944
f 1958 1964 1962
f 1962 1964 1965
f 1962 1965 2066
f 1961 1963 1964
f 1964 1963 1965
f 1978 1965 1963
f 1958 1962 1944
f 1944 1962 2027
f 2021 2022 1966
f 2062 1966 2061
f 2021 1966 2062
f 1967 1969 1968
f 1968 1970 1971
f 1747 1969 1967
f 1968 1969 1970
f 1971 1973 1972
f 1970 1973 1971
f 1972 1973 1984
f 1969 1974 1975
f 1747 1974 1969
f 1970 1975 1977
f 1969 1975 1970
f 1974 1998 1975
f 1997 1977 1975
f 1976 1977 1999
f 1970 1977 1973
f 1973 1976 1984
f 1973 1977 1976
f 1979 2070 2067
f 1978 1979 2067
f 1979 1986 1980
f 1979 1980 2070
f 1980 1988 2007
f 1980 2008 2070
f 1980 2007 2008
f 1981 1983 1982
f 1981 1982 1986
f 1972 1984 1983
f 1982 1983 1984
f 1981 1986 1985
f 1978 1985 1979
f 1979 1985 1986
f 1982 1984 1987
f 1984 1976 1987
f 1982 1988 1986
f 1982 1987 1988
f 1976 2023 1987
f 1987 2024 1988
f 1986 1988 1980
f 2004 1990 1991
f 2004 1991 1992
f 1995 2012 2000
f 1995 2004 1992
f 1995 1992 1993
f 1995 1996 2012
f 1995 1993 1996
f 2012 1996 1994
f 1781 2001 1998
f 1998 2001 2002
f 1997 1998 2002
f 1997 2002 2005
f 1781 1998 1974
f 1997 1975 1998
f 1997 1999 1977
f 1976 1999 2023
f 1999 2000 2023
f 1997 2005 1999
f 1999 2005 2000
f 2001 2003 2002
f 2002 2004 2005
f 1785 2003 2001
f 1785 1989 2003
f 2003 1989 1990
f 2002 2003 2004
f 2003 1990 2004
f 1995 2005 2004
f 1995 2000 2005
f 2007 2024 2009
f 2006 2009 2024
f 2008 2010 2071
f 2010 2016 2071
f 2008 2007 2010
f 2007 2009 2010
f 2010 2009 2015
f 2013 2014 2018
f 2013 2018 2017
f 2000 2012 2006
f 2006 2012 2013
f 2006 2013 2009
f 2012 2011 2013
f 2012 1994 2011
f 2013 2011 2014
f 2015 2021 2016
f 2010 2015 2016
f 2017 2019 2022
f 2017 2022 2021
f 2013 2017 2015
f 2015 2017 2021
f 2017 2018 2020
f 2017 2020 2019
f 2016 2021 2062
f 2013 2015 2009
f 1987 2023 2024
f 2006 2024 2023
f 2007 1988 2024
f 2000 2006 2023
f 2040 2031 2041
f 2025 2026 2036
f 2025 2028 2026
f 2026 2028 2032
f 2027 2028 1945
f 2027 2029 2028
f 2025 1945 2028
f 2029 2032 2028
f 2030 2052 2033
f 2026 2031 2040
f 2026 2032 2031
f 2031 2033 2055
f 2029 2030 2032
f 2032 2030 2033
f 2032 2033 2031
f 1863 1949 2034
f 1949 2035 2034
f 2035 2037 2034
f 2034 2037 2038
f 2035 2036 2037
f 2035 1951 2036
f 2036 2040 2037
f 2038 2037 2039
f 2038 2039 2064
f 2037 2040 2039
f 2040 2041 2039
f 2025 2036 1951
f 2026 2040 2036
f 2041 2042 2065
f 2041 2055 2042
f 2042 2044 2065
f 2059 2043 2051
f 2046 2049 2050
f 1886 2044 2046
f 2046 2047 2045
f 2046 2048 2047
f 1886 2046 2045
f 2044 2049 2046
f 2046 2050 2048
f 2042 2063 2049
f 2049 2063 2059
f 2042 2049 2044
f 2049 2051 2050
f 2049 2059 2051
f 2054 2033 2052
f 2054 2053 2060
f 2054 2052 2053
f 2054 2055 2033
f 2041 2031 2055
f 2042 2055 2063
f 2054 2063 2055
f 2059 2063 2060
f 2054 2060 2063
f 2059 2058 2043
f 2059 2060 2058
f 2060 2057 2058
f 2060 2056 2057
f 2053 2062 2060
f 2016 2062 2053
f 2060 2062 2056
f 2062 2061 2056
f 1881 2064 2065
f 2064 2039 2065
f 1881 2065 2044
f 2041 2065 2039
f 2027 1962 2066
f 2029 2066 2068
f 2066 2067 2068
f 1978 2067 1965
f 1965 2067 2066
f 2027 2066 2029
f 2068 2070 2069
f 2029 2068 2030
f 2030 2068 2069
f 2030 2069 2052
f 2068 2067 2070
f 2008 2069 2070
f 2052 2069 2071
f 2008 2071 2069
f 2052 2071 2053
f 2016 2053 2071
f 628 852 626
f 630 641 850
f 630 852 628
f 624 625 870
f 625 626 870
f 624 870 622
f 642 643 848
f 640 642 849
f 641 640 850
f 643 644 646
f 645 646 644
f 643 646 848
f 642 848 849
f 640 849 850
f 630 850 851
f 588 905 589
f 590 589 905
f 585 905 588
f 712 590 905
f 576 647 874
f 647 622 874
f 580 576 904
f 579 905 578
f 583 591 905
f 578 905 591
f 580 905 579
f 583 905 585
f 700 912 707
f 712 912 698
f 699 912 700
f 698 912 699
f 707 912 706
f 710 706 912
f 711 710 912
f 711 912 726
f 726 912 725
f 725 912 728
f 728 912 730
f 730 912 731
f 732 731 912
f 736 732 912
f 737 736 912
f 737 912 1560
f 912 1561 1560
f 912 1562 1561
f 912 1567 1562
f 912 1568 1567
f 912 1570 1568
f 912 1571 1570
f 912 1573 1571
f 912 1574 1573
f 912 1589 1574
f 912 1591 1589
f 912 1593 1591
f 630 851 852
f 626 852 854
f 626 854 855
f 626 855 864
f 626 864 866
f 626 866 870
f 622 871 872
f 622 870 871
f 622 872 874
f 576 874 875
f 576 875 904
f 580 904 905
f 712 905 906
f 712 906 907
f 712 907 912
f 913 1711 912
f 915 1711 913
f 915 918 1711
f 918 919 1711
f 919 920 1711
f 965 1711 920
f 965 973 1711
f 973 974 1711
f 974 975 1711
f 975 980 1711
f 980 982 1711
f 912 1595 1593
f 912 1601 1595
f 912 1603 1601
f 912 1602 1603
f 912 1605 1602
f 912 1704 1605
f 912 1706 1704
f 912 1707 1706
f 912 1709 1707
f 912 1710 1709
f 1710 912 1711
f 1718 1711 1866
f 1719 1718 1866
f 1719 1866 1720
f 1720 2056 1722
f 1722 2061 1730
f 1759 1730 2061
f 1759 2022 1762
f 1762 2022 1763
f 1761 1763 2022
f 1761 2018 1765
f 1765 2018 1766
f 1766 2018 1770
f 1770 2018 1772
f 1772 2018 1773
f 1773 2011 1774
f 982 985 1711
f 985 986 1711
f 997 1711 986
f 997 998 1711
f 998 1000 1711
f 1000 1002 1711
f 1002 1003 1711
f 1003 1004 1711
f 1009 1711 1004
f 1009 1010 1711
f 1010 1838 1711
f 1838 1839 1711
f 1711 1839 1840
f 1711 1840 1846
f 1711 1846 1847
f 1711 1847 1849
f 1711 1849 1850
f 1711 1850 1853
f 1711 1853 1852
f 1711 1852 1871
f 1711 1871 1873
f 1711 1873 1876
f 1711 1876 1875
f 1711 1883 1884
f 1711 1884 1885
f 1711 1885 1866
f 1711 1875 1883
f 1720 2050 2051
f 1720 2057 2056
f 1720 2043 2058
f 1720 2051 2043
f 1720 2058 2057
f 1722 2056 2061
f 1759 1966 2022
f 1759 2061 1966
f 1720 1866 2045
f 1720 2048 2050
f 1720 2045 2047
f 1720 2047 2048
f 1775 1774 2011
f 1775 1996 1776
f 1776 1993 1777
f 1777 1992 1989
f 1990 1989 1991
f 1992 1991 1989
f 1775 1994 1996
f 1776 1996 1993
f 1777 1993 1992
f 1761 2022 2019
f 1761 2019 2020
f 1761 2020 2018
f 1773 2014 2011
f 1775 2011 1994
f 1773 2018 2014
f 2072 4174 2830
f 4174 2604 4176
f 2830 4176 2268
f 4174 4176 2830
f 2604 4175 4183
f 4175 2209 4181
f 4183 4181 2606
f 4175 4181 4183
f 2268 4182 2831
f 4182 2606 4180
f 2831 4180 2125
f 4182 4180 2831
f 2604 4183 4176
f 4183 2606 4182
f 4176 4182 2268
f 4183 4182 4176
f 2209 4179 4203
f 4179 2605 4205
f 4203 4205 2613
f 4179 4205 4203
f 2605 4178 4197
f 4178 2109 4195
f 4197 4195 2611
f 4178 4195 4197
f 2613 4207 4204
f 4207 2611 4196
f 4204 4196 2211
f 4207 4196 4204
f 2605 4197 4205
f 4197 2611 4207
f 4205 4207 2613
f 4197 4207 4205
f 2125 4198 2834
f 4198 2612 4200
f 2834 4200 2269
f 4198 4200 2834
f 2612 4199 4202
f 4199 2211 4193
f 4202 4193 2610
f 4199 4193 4202
f 2269 4194 2833
f 4194 2610 4192
f 2833 4192 2088
f 4194 4192 2833
f 2612 4202 4200
f 4202 2610 4194
f 4200 4194 2269
f 4202 4194 4200
f 2209 4203 4181
f 4203 2613 4206
f 4181 4206 2606
f 4203 4206 4181
f 2613 4204 4208
f 4204 2211 4199
f 4208 4199 2612
f 4204 4199 4208
f 2606 4201 4180
f 4201 2612 4198
f 4180 4198 2125
f 4201 4198 4180
f 2613 4208 4206
f 4208 2612 4201
f 4206 4201 2606
f 4208 4201 4206
f 2109 4190 4442
f 4190 2609 4444
f 4442 4444 2672
f 4190 4444 4442
f 2609 4191 4452
f 4191 2210 4450
f 4452 4450 2674
f 4191 4450 4452
f 2672 4454 4443
f 4454 2674 4451
f 4443 4451 2226
f 4454 4451 4443
f 2609 4452 4444
f 4452 2674 4454
f 4444 4454 2672
f 4452 4454 4444
f 2210 4189 4390
f 4189 2608 4392
f 4390 4392 2660
f 4189 4392 4390
f 2608 4188 4386
f 4188 2083 4384
f 4386 4384 2658
f 4188 4384 4386
f 2660 4393 4391
f 4393 2658 4385
f 4391 4385 2223
f 4393 4385 4391
f 2608 4386 4392
f 4386 2658 4393
f 4392 4393 2660
f 4386 4393 4392
f 2226 4461 4447
f 4461 2676 4464
f 4447 4464 2673
f 4461 4464 4447
f 2676 4460 4462
f 4460 2223 4389
f 4462 4389 2659
f 4460 4389 4462
f 2673 4448 4446
f 4448 2659 4388
f 4446 4388 2112
f 4448 4388 4446
f 2676 4462 4464
f 4462 2659 4448
f 4464 4448 2673
f 4462 4448 4464
f 2210 4390 4450
f 4390 2660 4453
f 4450 4453 2674
f 4390 4453 4450
f 2660 4391 4463
f 4391 2223 4460
f 4463 4460 2676
f 4391 4460 4463
f 2674 4465 4451
f 4465 2676 4461
f 4451 4461 2226
f 4465 4461 4451
f 2660 4463 4453
f 4463 2676 4465
f 4453 4465 2674
f 4463 4465 4453
f 2088 4398 2841
f 4398 2662 4400
f 2841 4400 2272
f 4398 4400 2841
f 2662 4399 4409
f 4399 2224 4406
f 4409 4406 2664
f 4399 4406 4409
f 2272 4407 2842
f 4407 2664 4405
f 2842 4405 2126
f 4407 4405 2842
f 2662 4409 4400
f 4409 2664 4407
f 4400 4407 2272
f 4409 4407 4400
f 2224 4403 4415
f 4403 2663 4418
f 4415 4418 2666
f 4403 4418 4415
f 2663 4402 4404
f 4402 2112 4374
f 4404 4374 2655
f 4402 4374 4404
f 2666 4416 4414
f 4416 2655 4375
f 4414 4375 2222
f 4416 4375 4414
f 2663 4404 4418
f 4404 2655 4416
f 4418 4416 2666
f 4404 4416 4418
f 2126 4376 2840
f 4376 2656 4378
f 2840 4378 2271
f 4376 4378 2840
f 2656 4377 4379
f 4377 2222 4371
f 4379 4371 2654
f 4377 4371 4379
f 2271 4372 2839
f 4372 2654 4370
f 2839 4370 2077
f 4372 4370 2839
f 2656 4379 4378
f 4379 2654 4372
f 4378 4372 2271
f 4379 4372 4378
f 2224 4415 4406
f 4415 2666 4419
f 4406 4419 2664
f 4415 4419 4406
f 2666 4414 4417
f 4414 2222 4377
f 4417 4377 2656
f 4414 4377 4417
f 2664 4408 4405
f 4408 2656 4376
f 4405 4376 2126
f 4408 4376 4405
f 2666 4417 4419
f 4417 2656 4408
f 4419 4408 2664
f 4417 4408 4419
f 2109 4442 4195
f 4442 2672 4445
f 4195 4445 2611
f 4442 4445 4195
f 2672 4443 4459
f 4443 2226 4456
f 4459 4456 2675
f 4443 4456 4459
f 2611 4457 4196
f 4457 2675 4455
f 4196 4455 2211
f 4457 4455 4196
f 2672 4459 4445
f 4459 2675 4457
f 4445 4457 2611
f 4459 4457 4445
f 2226 4447 4467
f 4447 2673 4470
f 4467 4470 2677
f 4447 4470 4467
f 2673 4446 4449
f 4446 2112 4402
f 4449 4402 2663
f 4446 4402 4449
f 2677 4468 4466
f 4468 2663 4403
f 4466 4403 2224
f 4468 4403 4466
f 2673 4449 4470
f 4449 2663 4468
f 4470 4468 2677
f 4449 4468 4470
f 2211 4410 4193
f 4410 2665 4412
f 4193 4412 2610
f 4410 4412 4193
f 2665 4411 4413
f 4411 2224 4399
f 4413 4399 2662
f 4411 4399 4413
f 2610 4401 4192
f 4401 2662 4398
f 4192 4398 2088
f 4401 4398 4192
f 2665 4413 4412
f 4413 2662 4401
f 4412 4401 2610
f 4413 4401 4412
f 2226 4467 4456
f 4467 2677 4471
f 4456 4471 2675
f 4467 4471 4456
f 2677 4466 4469
f 4466 2224 4411
f 4469 4411 2665
f 4466 4411 4469
f 2675 4458 4455
f 4458 2665 4410
f 4455 4410 2211
f 4458 4410 4455
f 2677 4469 4471
f 4469 2665 4458
f 4471 4458 2675
f 4469 4458 4471
f 2072 2830 2714
f 2830 2268 2832
f 2714 2832 2234
f 2830 2832 2714
f 2268 2831 2838
f 2831 2125 2836
f 2838 2836 2270
f 2831 2836 2838
f 2234 2837 2715
f 2837 2270 2835
f 2715 2835 2114
f 2837 2835 2715
f 2268 2838 2832
f 2838 2270 2837
f 2832 2837 2234
f 2838 2837 2832
f 2125 2834 2854
f 2834 2269 2856
f 2854 2856 2276
f 2834 2856 2854
f 2269 2833 2848
f 2833 2088 2846
f 2848 2846 2274
f 2833 2846 2848
f 2276 2858 2855
f 2858 2274 2847
f 2855 2847 2127
f 2858 2847 2855
f 2269 2848 2856
f 2848 2274 2858
f 2856 2858 2276
f 2848 2858 2856
f 2114 2849 2717
f 2849 2275 2851
f 2717 2851 2235
f 2849 2851 2717
f 2275 2850 2853
f 2850 2127 2844
f 2853 2844 2273
f 2850 2844 2853
f 2235 2845 2716
f 2845 2273 2843
f 2716 2843 2084
f 2845 2843 2716
f 2275 2853 2851
f 2853 2273 2845
f 2851 2845 2235
f 2853 2845 2851
f 2125 2854 2836
f 2854 2276 2857
f 2836 2857 2270
f 2854 2857 2836
f 2276 2855 2859
f 2855 2127 2850
f 2859 2850 2275
f 2855 2850 2859
f 2270 2852 2835
f 2852 2275 2849
f 2835 2849 2114
f 2852 2849 2835
f 2276 2859 2857
f 2859 2275 2852
f 2857 2852 2270
f 2859 2852 2857
f 2088 2841 2900
f 2841 2272 2902
f 2900 2902 2288
f 2841 2902 2900
f 2272 2842 2910
f 2842 2126 2908
f 2910 2908 2290
f 2842 2908 2910
f 2288 2912 2901
f 2912 2290 2909
f 2901 2909 2131
f 2912 2909 2901
f 2272 2910 2902
f 2910 2290 2912
f 2902 2912 2288
f 2910 2912 2902
f 2126 2840 2874
f 2840 2271 2876
f 2874 2876 2282
f 2840 2876 2874
f 2271 2839 2871
f 2839 2077 2869
f 2871 2869 2280
f 2839 2869 2871
f 2282 2877 2875
f 2877 2280 2870
f 2875 2870 2129
f 2877 2870 2875
f 2271 2871 2876
f 2871 2280 2877
f 2876 2877 2282
f 2871 2877 2876
f 2131 2919 2905
f 2919 2292 2922
f 2905 2922 2289
f 2919 2922 2905
f 2292 2918 2920
f 2918 2129 2873
f 2920 2873 2281
f 2918 2873 2920
f 2289 2906 2904
f 2906 2281 2872
f 2904 2872 2089
f 2906 2872 2904
f 2292 2920 2922
f 2920 2281 2906
f 2922 2906 2289
f 2920 2906 2922
f 2126 2874 2908
f 2874 2282 2911
f 2908 2911 2290
f 2874 2911 2908
f 2282 2875 2921
f 2875 2129 2918
f 2921 2918 2292
f 2875 2918 2921
f 2290 2923 2909
f 2923 2292 2919
f 2909 2919 2131
f 2923 2919 2909
f 2282 2921 2911
f 2921 2292 2923
f 2911 2923 2290
f 2921 2923 2911
f 2084 2878 2720
f 2878 2283 2880
f 2720 2880 2237
f 2878 2880 2720
f 2283 2879 2889
f 2879 2130 2886
f 2889 2886 2285
f 2879 2886 2889
f 2237 2887 2721
f 2887 2285 2885
f 2721 2885 2115
f 2887 2885 2721
f 2283 2889 2880
f 2889 2285 2887
f 2880 2887 2237
f 2889 2887 2880
f 2130 2883 2895
f 2883 2284 2898
f 2895 2898 2287
f 2883 2898 2895
f 2284 2882 2884
f 2882 2089 2863
f 2884 2863 2278
f 2882 2863 2884
f 2287 2896 2894
f 2896 2278 2864
f 2894 2864 2128
f 2896 2864 2894
f 2284 2884 2898
f 2884 2278 2896
f 2898 2896 2287
f 2884 2896 2898
f 2115 2865 2719
f 2865 2279 2867
f 2719 2867 2236
f 2865 2867 2719
f 2279 2866 2868
f 2866 2128 2861
f 2868 2861 2277
f 2866 2861 2868
f 2236 2862 2718
f 2862 2277 2860
f 2718 2860 2073
f 2862 2860 2718
f 2279 2868 2867
f 2868 2277 2862
f 2867 2862 2236
f 2868 2862 2867
f 2130 2895 2886
f 2895 2287 2899
f 2886 2899 2285
f 2895 2899 2886
f 2287 2894 2897
f 2894 2128 2866
f 2897 2866 2279
f 2894 2866 2897
f 2285 2888 2885
f 2888 2279 2865
f 2885 2865 2115
f 2888 2865 2885
f 2287 2897 2899
f 2897 2279 2888
f 2899 2888 2285
f 2897 2888 2899
f 2088 2900 2846
f 2900 2288 2903
f 2846 2903 2274
f 2900 2903 2846
f 2288 2901 2917
f 2901 2131 2914
f 2917 2914 2291
f 2901 2914 2917
f 2274 2915 2847
f 2915 2291 2913
f 2847 2913 2127
f 2915 2913 2847
f 2288 2917 2903
f 2917 2291 2915
f 2903 2915 2274
f 2917 2915 2903
f 2131 2905 2925
f 2905 2289 2928
f 2925 2928 2293
f 2905 2928 2925
f 2289 2904 2907
f 2904 2089 2882
f 2907 2882 2284
f 2904 2882 2907
f 2293 2926 2924
f 2926 2284 2883
f 2924 2883 2130
f 2926 2883 2924
f 2289 2907 2928
f 2907 2284 2926
f 2928 2926 2293
f 2907 2926 2928
f 2127 2890 2844
f 2890 2286 2892
f 2844 2892 2273
f 2890 2892 2844
f 2286 2891 2893
f 2891 2130 2879
f 2893 2879 2283
f 2891 2879 2893
f 2273 2881 2843
f 2881 2283 2878
f 2843 2878 2084
f 2881 2878 2843
f 2286 2893 2892
f 2893 2283 2881
f 2892 2881 2273
f 2893 2881 2892
f 2131 2925 2914
f 2925 2293 2929
f 2914 2929 2291
f 2925 2929 2914
f 2293 2924 2927
f 2924 2130 2891
f 2927 2891 2286
f 2924 2891 2927
f 2291 2916 2913
f 2916 2286 2890
f 2913 2890 2127
f 2916 2890 2913
f 2293 2927 2929
f 2927 2286 2916
f 2929 2916 2291
f 2927 2916 2929
f 2072 2714 3038
f 2714 2234 3040
f 3038 3040 2324
f 2714 3040 3038
f 2234 2715 3045
f 2715 2114 3043
f 3045 3043 2326
f 2715 3043 3045
f 2324 3046 3039
f 3046 2326 3044
f 3039 3044 2141
f 3046 3044 3039
f 2234 3045 3040
f 3045 2326 3046
f 3040 3046 2324
f 3045 3046 3040
f 2114 2717 3057
f 2717 2235 3059
f 3057 3059 2331
f 2717 3059 3057
f 2235 2716 3053
f 2716 2084 3051
f 3053 3051 2329
f 2716 3051 3053
f 2331 3061 3058
f 3061 2329 3052
f 3058 3052 2143
f 3061 3052 3058
f 2235 3053 3059
f 3053 2329 3061
f 3059 3061 2331
f 3053 3061 3059
f 2141 3062 3042
f 3062 2332 3064
f 3042 3064 2325
f 3062 3064 3042
f 2332 3063 3066
f 3063 2143 3055
f 3066 3055 2330
f 3063 3055 3066
f 2325 3056 3041
f 3056 2330 3054
f 3041 3054 2093
f 3056 3054 3041
f 2332 3066 3064
f 3066 2330 3056
f 3064 3056 2325
f 3066 3056 3064
f 2114 3057 3043
f 3057 2331 3060
f 3043 3060 2326
f 3057 3060 3043
f 2331 3058 3067
f 3058 2143 3063
f 3067 3063 2332
f 3058 3063 3067
f 2326 3065 3044
f 3065 2332 3062
f 3044 3062 2141
f 3065 3062 3044
f 2331 3067 3060
f 3067 2332 3065
f 3060 3065 2326
f 3067 3065 3060
f 2084 2720 3086
f 2720 2237 3088
f 3086 3088 2339
f 2720 3088 3086
f 2237 2721 3095
f 2721 2115 3093
f 3095 3093 2341
f 2721 3093 3095
f 2339 3097 3087
f 3097 2341 3094
f 3087 3094 2146
f 3097 3094 3087
f 2237 3095 3088
f 3095 2341 3097
f 3088 3097 2339
f 3095 3097 3088
f 2115 2719 3073
f 2719 2236 3075
f 3073 3075 2335
f 2719 3075 3073
f 2236 2718 3070
f 2718 2073 3068
f 3070 3068 2333
f 2718 3068 3070
f 2335 3076 3074
f 3076 2333 3069
f 3074 3069 2144
f 3076 3069 3074
f 2236 3070 3075
f 3070 2333 3076
f 3075 3076 2335
f 3070 3076 3075
f 2146 3103 3091
f 3103 2343 3106
f 3091 3106 2340
f 3103 3106 3091
f 2343 3102 3104
f 3102 2144 3072
f 3104 3072 2334
f 3102 3072 3104
f 2340 3092 3090
f 3092 2334 3071
f 3090 3071 2094
f 3092 3071 3090
f 2343 3104 3106
f 3104 2334 3092
f 3106 3092 2340
f 3104 3092 3106
f 2115 3073 3093
f 3073 2335 3096
f 3093 3096 2341
f 3073 3096 3093
f 2335 3074 3105
f 3074 2144 3102
f 3105 3102 2343
f 3074 3102 3105
f 2341 3107 3094
f 3107 2343 3103
f 3094 3103 2146
f 3107 3103 3094
f 2335 3105 3096
f 3105 2343 3107
f 3096 3107 2341
f 3105 3107 3096
f 2093 3108 3049
f 3108 2344 3110
f 3049 3110 2328
f 3108 3110 3049
f 2344 3109 3120
f 3109 2147 3117
f 3120 3117 2346
f 3109 3117 3120
f 2328 3118 3050
f 3118 2346 3116
f 3050 3116 2142
f 3118 3116 3050
f 2344 3120 3110
f 3120 2346 3118
f 3110 3118 2328
f 3120 3118 3110
f 2147 3113 3127
f 3113 2345 3130
f 3127 3130 2348
f 3113 3130 3127
f 2345 3112 3114
f 3112 2094 3080
f 3114 3080 2337
f 3112 3080 3114
f 2348 3128 3126
f 3128 2337 3081
f 3126 3081 2145
f 3128 3081 3126
f 2345 3114 3130
f 3114 2337 3128
f 3130 3128 2348
f 3114 3128 3130
f 2142 3082 3048
f 3082 2338 3084
f 3048 3084 2327
f 3082 3084 3048
f 2338 3083 3085
f 3083 2145 3078
f 3085 3078 2336
f 3083 3078 3085
f 2327 3079 3047
f 3079 2336 3077
f 3047 3077 2079
f 3079 3077 3047
f 2338 3085 3084
f 3085 2336 3079
f 3084 3079 2327
f 3085 3079 3084
f 2147 3127 3117
f 3127 2348 3131
f 3117 3131 2346
f 3127 3131 3117
f 2348 3126 3129
f 3126 2145 3083
f 3129 3083 2338
f 3126 3083 3129
f 2346 3119 3116
f 3119 2338 3082
f 3116 3082 2142
f 3119 3082 3116
f 2348 3129 3131
f 3129 2338 3119
f 3131 3119 2346
f 3129 3119 3131
f 2084 3086 3051
f 3086 2339 3089
f 3051 3089 2329
f 3086 3089 3051
f 2339 3087 3101
f 3087 2146 3099
f 3101 3099 2342
f 3087 3099 3101
f 2329 3100 3052
f 3100 2342 3098
f 3052 3098 2143
f 3100 3098 3052
f 2339 3101 3089
f 3101 2342 3100
f 3089 3100 2329
f 3101 3100 3089
f 2146 3091 3132
f 3091 2340 3134
f 3132 3134 2349
f 3091 3134 3132
f 2340 3090 3115
f 3090 2094 3112
f 3115 3112 2345
f 3090 3112 3115
f 2349 3136 3133
f 3136 2345 3113
f 3133 3113 2147
f 3136 3113 3133
f 2340 3115 3134
f 3115 2345 3136
f 3134 3136 2349
f 3115 3136 3134
f 2143 3121 3055
f 3121 2347 3123
f 3055 3123 2330
f 3121 3123 3055
f 2347 3122 3125
f 3122 2147 3109
f 3125 3109 2344
f 3122 3109 3125
f 2330 3111 3054
f 3111 2344 3108
f 3054 3108 2093
f 3111 3108 3054
f 2347 3125 3123
f 3125 2344 3111
f 3123 3111 2330
f 3125 3111 3123
f 2146 3132 3099
f 3132 2349 3135
f 3099 3135 2342
f 3132 3135 3099
f 2349 3133 3137
f 3133 2147 3122
f 3137 3122 2347
f 3133 3122 3137
f 2342 3124 3098
f 3124 2347 3121
f 3098 3121 2143
f 3124 3121 3098
f 2349 3137 3135
f 3137 2347 3124
f 3135 3124 2342
f 3137 3124 3135
f 2072 3038 3890
f 3038 2324 3892
f 3890 3892 2534
f 3038 3892 3890
f 2324 3039 3897
f 3039 2141 3895
f 3897 3895 2536
f 3039 3895 3897
f 2534 3898 3891
f 3898 2536 3896
f 3891 3896 2192
f 3898 3896 3891
f 2324 3897 3892
f 3897 2536 3898
f 3892 3898 2534
f 3897 3898 3892
f 2141 3042 3909
f 3042 2325 3911
f 3909 3911 2541
f 3042 3911 3909
f 2325 3041 3905
f 3041 2093 3903
f 3905 3903 2539
f 3041 3903 3905
f 2541 3913 3910
f 3913 2539 3904
f 3910 3904 2194
f 3913 3904 3910
f 2325 3905 3911
f 3905 2539 3913
f 3911 3913 2541
f 3905 3913 3911
f 2192 3914 3894
f 3914 2542 3916
f 3894 3916 2535
f 3914 3916 3894
f 2542 3915 3918
f 3915 2194 3907
f 3918 3907 2540
f 3915 3907 3918
f 2535 3908 3893
f 3908 2540 3906
f 3893 3906 2105
f 3908 3906 3893
f 2542 3918 3916
f 3918 2540 3908
f 3916 3908 2535
f 3918 3908 3916
f 2141 3909 3895
f 3909 2541 3912
f 3895 3912 2536
f 3909 3912 3895
f 2541 3910 3919
f 3910 2194 3915
f 3919 3915 2542
f 3910 3915 3919
f 2536 3917 3896
f 3917 2542 3914
f 3896 3914 2192
f 3917 3914 3896
f 2541 3919 3912
f 3919 2542 3917
f 3912 3917 2536
f 3919 3917 3912
f 2093 3049 4070
f 3049 2328 4072
f 4070 4072 2582
f 3049 4072 4070
f 2328 3050 4079
f 3050 2142 4077
f 4079 4077 2584
f 3050 4077 4079
f 2582 4081 4071
f 4081 2584 4078
f 4071 4078 2205
f 4081 4078 4071
f 2328 4079 4072
f 4079 2584 4081
f 4072 4081 2582
f 4079 4081 4072
f 2142 3048 4048
f 3048 2327 4050
f 4048 4050 2576
f 3048 4050 4048
f 2327 3047 4044
f 3047 2079 4042
f 4044 4042 2574
f 3047 4042 4044
f 2576 4051 4049
f 4051 2574 4043
f 4049 4043 2203
f 4051 4043 4049
f 2327 4044 4050
f 4044 2574 4051
f 4050 4051 2576
f 4044 4051 4050
f 2205 4087 4075
f 4087 2586 4090
f 4075 4090 2583
f 4087 4090 4075
f 2586 4086 4088
f 4086 2203 4047
f 4088 4047 2575
f 4086 4047 4088
f 2583 4076 4074
f 4076 2575 4046
f 4074 4046 2108
f 4076 4046 4074
f 2586 4088 4090
f 4088 2575 4076
f 4090 4076 2583
f 4088 4076 4090
f 2142 4048 4077
f 4048 2576 4080
f 4077 4080 2584
f 4048 4080 4077
f 2576 4049 4089
f 4049 2203 4086
f 4089 4086 2586
f 4049 4086 4089
f 2584 4091 4078
f 4091 2586 4087
f 4078 4087 2205
f 4091 4087 4078
f 2576 4089 4080
f 4089 2586 4091
f 4080 4091 2584
f 4089 4091 4080
f 2105 4114 3901
f 4114 2592 4116
f 3901 4116 2538
f 4114 4116 3901
f 2592 4115 4126
f 4115 2207 4123
f 4126 4123 2594
f 4115 4123 4126
f 2538 4124 3902
f 4124 2594 4122
f 3902 4122 2193
f 4124 4122 3902
f 2592 4126 4116
f 4126 2594 4124
f 4116 4124 2538
f 4126 4124 4116
f 2207 4119 4133
f 4119 2593 4136
f 4133 4136 2596
f 4119 4136 4133
f 2593 4118 4120
f 4118 2108 4060
f 4120 4060 2579
f 4118 4060 4120
f 2596 4134 4132
f 4134 2579 4061
f 4132 4061 2204
f 4134 4061 4132
f 2593 4120 4136
f 4120 2579 4134
f 4136 4134 2596
f 4120 4134 4136
f 2193 4062 3900
f 4062 2580 4064
f 3900 4064 2537
f 4062 4064 3900
f 2580 4063 4065
f 4063 2204 4057
f 4065 4057 2578
f 4063 4057 4065
f 2537 4058 3899
f 4058 2578 4056
f 3899 4056 2082
f 4058 4056 3899
f 2580 4065 4064
f 4065 2578 4058
f 4064 4058 2537
f 4065 4058 4064
f 2207 4133 4123
f 4133 2596 4137
f 4123 4137 2594
f 4133 4137 4123
f 2596 4132 4135
f 4132 2204 4063
f 4135 4063 2580
f 4132 4063 4135
f 2594 4125 4122
f 4125 2580 4062
f 4122 4062 2193
f 4125 4062 4122
f 2596 4135 4137
f 4135 2580 4125
f 4137 4125 2594
f 4135 4125 4137
f 2093 4070 3903
f 4070 2582 4073
f 3903 4073 2539
f 4070 4073 3903
f 2582 4071 4085
f 4071 2205 4083
f 4085 4083 2585
f 4071 4083 4085
f 2539 4084 3904
f 4084 2585 4082
f 3904 4082 2194
f 4084 4082 3904
f 2582 4085 4073
f 4085 2585 4084
f 4073 4084 2539
f 4085 4084 4073
f 2205 4075 4138
f 4075 2583 4140
f 4138 4140 2597
f 4075 4140 4138
f 2583 4074 4121
f 4074 2108 4118
f 4121 4118 2593
f 4074 4118 4121
f 2597 4142 4139
f 4142 2593 4119
f 4139 4119 2207
f 4142 4119 4139
f 2583 4121 4140
f 4121 2593 4142
f 4140 4142 2597
f 4121 4142 4140
f 2194 4127 3907
f 4127 2595 4129
f 3907 4129 2540
f 4127 4129 3907
f 2595 4128 4131
f 4128 2207 4115
f 4131 4115 2592
f 4128 4115 4131
f 2540 4117 3906
f 4117 2592 4114
f 3906 4114 2105
f 4117 4114 3906
f 2595 4131 4129
f 4131 2592 4117
f 4129 4117 2540
f 4131 4117 4129
f 2205 4138 4083
f 4138 2597 4141
f 4083 4141 2585
f 4138 4141 4083
f 2597 4139 4143
f 4139 2207 4128
f 4143 4128 2595
f 4139 4128 4143
f 2585 4130 4082
f 4130 2595 4127
f 4082 4127 2194
f 4130 4127 4082
f 2597 4143 4141
f 4143 2595 4130
f 4141 4130 2585
f 4143 4130 4141
f 2072 3890 4174
f 3890 2534 4177
f 4174 4177 2604
f 3890 4177 4174
f 2534 3891 4186
f 3891 2192 4184
f 4186 4184 2607
f 3891 4184 4186
f 2604 4187 4175
f 4187 2607 4185
f 4175 4185 2209
f 4187 4185 4175
f 2534 4186 4177
f 4186 2607 4187
f 4177 4187 2604
f 4186 4187 4177
f 2192 3894 4215
f 3894 2535 4217
f 4215 4217 2616
f 3894 4217 4215
f 2535 3893 4211
f 3893 2105 4209
f 4211 4209 2614
f 3893 4209 4211
f 2616 4219 4216
f 4219 2614 4210
f 4216 4210 2212
f 4219 4210 4216
f 2535 4211 4217
f 4211 2614 4219
f 4217 4219 2616
f 4211 4219 4217
f 2209 4220 4179
f 4220 2617 4222
f 4179 4222 2605
f 4220 4222 4179
f 2617 4221 4224
f 4221 2212 4213
f 4224 4213 2615
f 4221 4213 4224
f 2605 4214 4178
f 4214 2615 4212
f 4178 4212 2109
f 4214 4212 4178
f 2617 4224 4222
f 4224 2615 4214
f 4222 4214 2605
f 4224 4214 4222
f 2192 4215 4184
f 4215 2616 4218
f 4184 4218 2607
f 4215 4218 4184
f 2616 4216 4225
f 4216 2212 4221
f 4225 4221 2617
f 4216 4221 4225
f 2607 4223 4185
f 4223 2617 4220
f 4185 4220 2209
f 4223 4220 4185
f 2616 4225 4218
f 4225 2617 4223
f 4218 4223 2607
f 4225 4223 4218
f 2105 3901 4530
f 3901 2538 4532
f 4530 4532 2692
f 3901 4532 4530
f 2538 3902 4539
f 3902 2193 4537
f 4539 4537 2694
f 3902 4537 4539
f 2692 4541 4531
f 4541 2694 4538
f 4531 4538 2230
f 4541 4538 4531
f 2538 4539 4532
f 4539 2694 4541
f 4532 4541 2692
f 4539 4541 4532
f 2193 3900 4508
f 3900 2537 4510
f 4508 4510 2686
f 3900 4510 4508
f 2537 3899 4504
f 3899 2082 4502
f 4504 4502 2684
f 3899 4502 4504
f 2686 4511 4509
f 4511 2684 4503
f 4509 4503 2228
f 4511 4503 4509
f 2537 4504 4510
f 4504 2684 4511
f 4510 4511 2686
f 4504 4511 4510
f 2230 4547 4535
f 4547 2696 4550
f 4535 4550 2693
f 4547 4550 4535
f 2696 4546 4548
f 4546 2228 4507
f 4548 4507 2685
f 4546 4507 4548
f 2693 4536 4534
f 4536 2685 4506
f 4534 4506 2113
f 4536 4506 4534
f 2696 4548 4550
f 4548 2685 4536
f 4550 4536 2693
f 4548 4536 4550
f 2193 4508 4537
f 4508 2686 4540
f 4537 4540 2694
f 4508 4540 4537
f 2686 4509 4549
f 4509 2228 4546
f 4549 4546 2696
f 4509 4546 4549
f 2694 4551 4538
f 4551 2696 4547
f 4538 4547 2230
f 4551 4547 4538
f 2686 4549 4540
f 4549 2696 4551
f 4540 4551 2694
f 4549 4551 4540
f 2109 4574 4190
f 4574 2702 4576
f 4190 4576 2609
f 4574 4576 4190
f 2702 4575 4586
f 4575 2232 4583
f 4586 4583 2704
f 4575 4583 4586
f 2609 4584 4191
f 4584 2704 4582
f 4191 4582 2210
f 4584 4582 4191
f 2702 4586 4576
f 4586 2704 4584
f 4576 4584 2609
f 4586 4584 4576
f 2232 4579 4593
f 4579 2703 4596
f 4593 4596 2706
f 4579 4596 4593
f 2703 4578 4580
f 4578 2113 4520
f 4580 4520 2689
f 4578 4520 4580
f 2706 4594 4592
f 4594 2689 4521
f 4592 4521 2229
f 4594 4521 4592
f 2703 4580 4596
f 4580 2689 4594
f 4596 4594 2706
f 4580 4594 4596
f 2210 4522 4189
f 4522 2690 4524
f 4189 4524 2608
f 4522 4524 4189
f 2690 4523 4525
f 4523 2229 4517
f 4525 4517 2688
f 4523 4517 4525
f 2608 4518 4188
f 4518 2688 4516
f 4188 4516 2083
f 4518 4516 4188
f 2690 4525 4524
f 4525 2688 4518
f 4524 4518 2608
f 4525 4518 4524
f 2232 4593 4583
f 4593 2706 4597
f 4583 4597 2704
f 4593 4597 4583
f 2706 4592 4595
f 4592 2229 4523
f 4595 4523 2690
f 4592 4523 4595
f 2704 4585 4582
f 4585 2690 4522
f 4582 4522 2210
f 4585 4522 4582
f 2706 4595 4597
f 4595 2690 4585
f 4597 4585 2704
f 4595 4585 4597
f 2105 4530 4209
f 4530 2692 4533
f 4209 4533 2614
f 4530 4533 4209
f 2692 4531 4545
f 4531 2230 4543
f 4545 4543 2695
f 4531 4543 4545
f 2614 4544 4210
f 4544 2695 4542
f 4210 4542 2212
f 4544 4542 4210
f 2692 4545 4533
f 4545 2695 4544
f 4533 4544 2614
f 4545 4544 4533
f 2230 4535 4598
f 4535 2693 4600
f 4598 4600 2707
f 4535 4600 4598
f 2693 4534 4581
f 4534 2113 4578
f 4581 4578 2703
f 4534 4578 4581
f 2707 4602 4599
f 4602 2703 4579
f 4599 4579 2232
f 4602 4579 4599
f 2693 4581 4600
f 4581 2703 4602
f 4600 4602 2707
f 4581 4602 4600
f 2212 4587 4213
f 4587 2705 4589
f 4213 4589 2615
f 4587 4589 4213
f 2705 4588 4591
f 4588 2232 4575
f 4591 4575 2702
f 4588 4575 4591
f 2615 4577 4212
f 4577 2702 4574
f 4212 4574 2109
f 4577 4574 4212
f 2705 4591 4589
f 4591 2702 4577
f 4589 4577 2615
f 4591 4577 4589
f 2230 4598 4543
f 4598 2707 4601
f 4543 4601 2695
f 4598 4601 4543
f 2707 4599 4603
f 4599 2232 4588
f 4603 4588 2705
f 4599 4588 4603
f 2695 4590 4542
f 4590 2705 4587
f 4542 4587 2212
f 4590 4587 4542
f 2707 4603 4601
f 4603 2705 4590
f 4601 4590 2695
f 4603 4590 4601
f 2073 2860 3430
f 2860 2277 3432
f 3430 3432 2424
f 2860 3432 3430
f 2277 2861 3438
f 2861 2128 3436
f 3438 3436 2426
f 2861 3436 3438
f 2424 3439 3431
f 3439 2426 3437
f 3431 3437 2167
f 3439 3437 3431
f 2277 3438 3432
f 3438 2426 3439
f 3432 3439 2424
f 3438 3439 3432
f 2128 2864 3454
f 2864 2278 3456
f 3454 3456 2432
f 2864 3456 3454
f 2278 2863 3450
f 2863 2089 3448
f 3450 3448 2430
f 2863 3448 3450
f 2432 3458 3455
f 3458 2430 3449
f 3455 3449 2169
f 3458 3449 3455
f 2278 3450 3456
f 3450 2430 3458
f 3456 3458 2432
f 3450 3458 3456
f 2167 3459 3435
f 3459 2433 3461
f 3435 3461 2425
f 3459 3461 3435
f 2433 3460 3463
f 3460 2169 3452
f 3463 3452 2431
f 3460 3452 3463
f 2425 3453 3434
f 3453 2431 3451
f 3434 3451 2100
f 3453 3451 3434
f 2433 3463 3461
f 3463 2431 3453
f 3461 3453 2425
f 3463 3453 3461
f 2128 3454 3436
f 3454 2432 3457
f 3436 3457 2426
f 3454 3457 3436
f 2432 3455 3464
f 3455 2169 3460
f 3464 3460 2433
f 3455 3460 3464
f 2426 3462 3437
f 3462 2433 3459
f 3437 3459 2167
f 3462 3459 3437
f 2432 3464 3457
f 3464 2433 3462
f 3457 3462 2426
f 3464 3462 3457
f 2089 2872 3654
f 2872 2281 3656
f 3654 3656 2482
f 2872 3656 3654
f 2281 2873 3663
f 2873 2129 3661
f 3663 3661 2484
f 2873 3661 3663
f 2482 3665 3655
f 3665 2484 3662
f 3655 3662 2182
f 3665 3662 3655
f 2281 3663 3656
f 3663 2484 3665
f 3656 3665 2482
f 3663 3665 3656
f 2129 2870 3632
f 2870 2280 3634
f 3632 3634 2476
f 2870 3634 3632
f 2280 2869 3628
f 2869 2077 3626
f 3628 3626 2474
f 2869 3626 3628
f 2476 3635 3633
f 3635 2474 3627
f 3633 3627 2180
f 3635 3627 3633
f 2280 3628 3634
f 3628 2474 3635
f 3634 3635 2476
f 3628 3635 3634
f 2182 3671 3659
f 3671 2486 3674
f 3659 3674 2483
f 3671 3674 3659
f 2486 3670 3672
f 3670 2180 3631
f 3672 3631 2475
f 3670 3631 3672
f 2483 3660 3658
f 3660 2475 3630
f 3658 3630 2103
f 3660 3630 3658
f 2486 3672 3674
f 3672 2475 3660
f 3674 3660 2483
f 3672 3660 3674
f 2129 3632 3661
f 3632 2476 3664
f 3661 3664 2484
f 3632 3664 3661
f 2476 3633 3673
f 3633 2180 3670
f 3673 3670 2486
f 3633 3670 3673
f 2484 3675 3662
f 3675 2486 3671
f 3662 3671 2182
f 3675 3671 3662
f 2476 3673 3664
f 3673 2486 3675
f 3664 3675 2484
f 3673 3675 3664
f 2100 3698 3446
f 3698 2492 3700
f 3446 3700 2429
f 3698 3700 3446
f 2492 3699 3710
f 3699 2184 3707
f 3710 3707 2494
f 3699 3707 3710
f 2429 3708 3447
f 3708 2494 3706
f 3447 3706 2168
f 3708 3706 3447
f 2492 3710 3700
f 3710 2494 3708
f 3700 3708 2429
f 3710 3708 3700
f 2184 3703 3717
f 3703 2493 3720
f 3717 3720 2496
f 3703 3720 3717
f 2493 3702 3704
f 3702 2103 3644
f 3704 3644 2479
f 3702 3644 3704
f 2496 3718 3716
f 3718 2479 3645
f 3716 3645 2181
f 3718 3645 3716
f 2493 3704 3720
f 3704 2479 3718
f 3720 3718 2496
f 3704 3718 3720
f 2168 3646 3445
f 3646 2480 3648
f 3445 3648 2428
f 3646 3648 3445
f 2480 3647 3649
f 3647 2181 3641
f 3649 3641 2478
f 3647 3641 3649
f 2428 3642 3444
f 3642 2478 3640
f 3444 3640 2081
f 3642 3640 3444
f 2480 3649 3648
f 3649 2478 3642
f 3648 3642 2428
f 3649 3642 3648
f 2184 3717 3707
f 3717 2496 3721
f 3707 3721 2494
f 3717 3721 3707
f 2496 3716 3719
f 3716 2181 3647
f 3719 3647 2480
f 3716 3647 3719
f 2494 3709 3706
f 3709 2480 3646
f 3706 3646 2168
f 3709 3646 3706
f 2496 3719 3721
f 3719 2480 3709
f 3721 3709 2494
f 3719 3709 3721
f 2089 3654 3448
f 3654 2482 3657
f 3448 3657 2430
f 3654 3657 3448
f 2482 3655 3669
f 3655 2182 3667
f 3669 3667 2485
f 3655 3667 3669
f 2430 3668 3449
f 3668 2485 3666
f 3449 3666 2169
f 3668 3666 3449
f 2482 3669 3657
f 3669 2485 3668
f 3657 3668 2430
f 3669 3668 3657
f 2182 3659 3722
f 3659 2483 3724
f 3722 3724 2497
f 3659 3724 3722
f 2483 3658 3705
f 3658 2103 3702
f 3705 3702 2493
f 3658 3702 3705
f 2497 3726 3723
f 3726 2493 3703
f 3723 3703 2184
f 3726 3703 3723
f 2483 3705 3724
f 3705 2493 3726
f 3724 3726 2497
f 3705 3726 3724
f 2169 3711 3452
f 3711 2495 3713
f 3452 3713 2431
f 3711 3713 3452
f 2495 3712 3715
f 3712 2184 3699
f 3715 3699 2492
f 3712 3699 3715
f 2431 3701 3451
f 3701 2492 3698
f 3451 3698 2100
f 3701 3698 3451
f 2495 3715 3713
f 3715 2492 3701
f 3713 3701 2431
f 3715 3701 3713
f 2182 3722 3667
f 3722 2497 3725
f 3667 3725 2485
f 3722 3725 3667
f 2497 3723 3727
f 3723 2184 3712
f 3727 3712 2495
f 3723 3712 3727
f 2485 3714 3666
f 3714 2495 3711
f 3666 3711 2169
f 3714 3711 3666
f 2497 3727 3725
f 3727 2495 3714
f 3725 3714 2485
f 3727 3714 3725
f 2077 4370 2934
f 4370 2654 4373
f 2934 4373 2296
f 4370 4373 2934
f 2654 4371 4383
f 4371 2222 4381
f 4383 4381 2657
f 4371 4381 4383
f 2296 4382 2935
f 4382 2657 4380
f 2935 4380 2133
f 4382 4380 2935
f 2654 4383 4373
f 4383 2657 4382
f 4373 4382 2296
f 4383 4382 4373
f 2222 4375 4436
f 4375 2655 4438
f 4436 4438 2671
f 4375 4438 4436
f 2655 4374 4426
f 4374 2112 4424
f 4426 4424 2668
f 4374 4424 4426
f 2671 4440 4437
f 4440 2668 4425
f 4437 4425 2225
f 4440 4425 4437
f 2655 4426 4438
f 4426 2668 4440
f 4438 4440 2671
f 4426 4440 4438
f 2133 4427 2937
f 4427 2669 4429
f 2937 4429 2297
f 4427 4429 2937
f 2669 4428 4431
f 4428 2225 4421
f 4431 4421 2667
f 4428 4421 4431
f 2297 4422 2936
f 4422 2667 4420
f 2936 4420 2090
f 4422 4420 2936
f 2669 4431 4429
f 4431 2667 4422
f 4429 4422 2297
f 4431 4422 4429
f 2222 4436 4381
f 4436 2671 4439
f 4381 4439 2657
f 4436 4439 4381
f 2671 4437 4441
f 4437 2225 4428
f 4441 4428 2669
f 4437 4428 4441
f 2657 4430 4380
f 4430 2669 4427
f 4380 4427 2133
f 4430 4427 4380
f 2671 4441 4439
f 4441 2669 4430
f 4439 4430 2657
f 4441 4430 4439
f 2112 4388 4476
f 4388 2659 4478
f 4476 4478 2679
f 4388 4478 4476
f 2659 4389 4492
f 4389 2223 4490
f 4492 4490 2682
f 4389 4490 4492
f 2679 4494 4477
f 4494 2682 4491
f 4477 4491 2227
f 4494 4491 4477
f 2659 4492 4478
f 4492 2682 4494
f 4478 4494 2679
f 4492 4494 4478
f 2223 4385 4395
f 4385 2658 4397
f 4395 4397 2661
f 4385 4397 4395
f 2658 4384 4387
f 4384 2083 4292
f 4387 4292 2636
f 4384 4292 4387
f 2661 4396 4394
f 4396 2636 4293
f 4394 4293 2218
f 4396 4293 4394
f 2658 4387 4397
f 4387 2636 4396
f 4397 4396 2661
f 4387 4396 4397
f 2227 4481 4473
f 4481 2680 4484
f 4473 4484 2678
f 4481 4484 4473
f 2680 4480 4482
f 4480 2218 4296
f 4482 4296 2637
f 4480 4296 4482
f 2678 4474 4472
f 4474 2637 4295
f 4472 4295 2111
f 4474 4295 4472
f 2680 4482 4484
f 4482 2637 4474
f 4484 4474 2678
f 4482 4474 4484
f 2223 4395 4490
f 4395 2661 4493
f 4490 4493 2682
f 4395 4493 4490
f 2661 4394 4483
f 4394 2218 4480
f 4483 4480 2680
f 4394 4480 4483
f 2682 4495 4491
f 4495 2680 4481
f 4491 4481 2227
f 4495 4481 4491
f 2661 4483 4493
f 4483 2680 4495
f 4493 4495 2682
f 4483 4495 4493
f 2090 4323 2932
f 4323 2644 4325
f 2932 4325 2295
f 4323 4325 2932
f 2644 4324 4333
f 4324 2220 4330
f 4333 4330 2646
f 4324 4330 4333
f 2295 4331 2933
f 4331 2646 4329
f 2933 4329 2132
f 4331 4329 2933
f 2644 4333 4325
f 4333 2646 4331
f 4325 4331 2295
f 4333 4331 4325
f 2220 4327 4335
f 4327 2645 4338
f 4335 4338 2647
f 4327 4338 4335
f 2645 4326 4328
f 4326 2111 4282
f 4328 4282 2633
f 4326 4282 4328
f 2647 4336 4334
f 4336 2633 4283
f 4334 4283 2217
f 4336 4283 4334
f 2645 4328 4338
f 4328 2633 4336
f 4338 4336 2647
f 4328 4336 4338
f 2132 4288 2931
f 4288 2635 4290
f 2931 4290 2294
f 4288 4290 2931
f 2635 4289 4291
f 4289 2217 4279
f 4291 4279 2632
f 4289 4279 4291
f 2294 4281 2930
f 4281 2632 4278
f 2930 4278 2076
f 4281 4278 2930
f 2635 4291 4290
f 4291 2632 4281
f 4290 4281 2294
f 4291 4281 4290
f 2220 4335 4330
f 4335 2647 4339
f 4330 4339 2646
f 4335 4339 4330
f 2647 4334 4337
f 4334 2217 4289
f 4337 4289 2635
f 4334 4289 4337
f 2646 4332 4329
f 4332 2635 4288
f 4329 4288 2132
f 4332 4288 4329
f 2647 4337 4339
f 4337 2635 4332
f 4339 4332 2646
f 4337 4332 4339
f 2112 4476 4424
f 4476 2679 4479
f 4424 4479 2668
f 4476 4479 4424
f 2679 4477 4500
f 4477 2227 4497
f 4500 4497 2683
f 4477 4497 4500
f 2668 4498 4425
f 4498 2683 4496
f 4425 4496 2225
f 4498 4496 4425
f 2679 4500 4479
f 4500 2683 4498
f 4479 4498 2668
f 4500 4498 4479
f 2227 4473 4486
f 4473 2678 4489
f 4486 4489 2681
f 4473 4489 4486
f 2678 4472 4475
f 4472 2111 4326
f 4475 4326 2645
f 4472 4326 4475
f 2681 4487 4485
f 4487 2645 4327
f 4485 4327 2220
f 4487 4327 4485
f 2678 4475 4489
f 4475 2645 4487
f 4489 4487 2681
f 4475 4487 4489
f 2225 4433 4421
f 4433 2670 4435
f 4421 4435 2667
f 4433 4435 4421
f 2670 4432 4434
f 4432 2220 4324
f 4434 4324 2644
f 4432 4324 4434
f 2667 4423 4420
f 4423 2644 4323
f 4420 4323 2090
f 4423 4323 4420
f 2670 4434 4435
f 4434 2644 4423
f 4435 4423 2667
f 4434 4423 4435
f 2227 4486 4497
f 4486 2681 4501
f 4497 4501 2683
f 4486 4501 4497
f 2681 4485 4488
f 4485 2220 4432
f 4488 4432 2670
f 4485 4432 4488
f 2683 4499 4496
f 4499 2670 4433
f 4496 4433 2225
f 4499 4433 4496
f 2681 4488 4501
f 4488 2670 4499
f 4501 4499 2683
f 4488 4499 4501
f 2083 4516 4240
f 4516 2688 4519
f 4240 4519 2622
f 4516 4519 4240
f 2688 4517 4529
f 4517 2229 4527
f 4529 4527 2691
f 4517 4527 4529
f 2622 4528 4241
f 4528 2691 4526
f 4241 4526 2214
f 4528 4526 4241
f 2688 4529 4519
f 4529 2691 4528
f 4519 4528 2622
f 4529 4528 4519
f 2229 4521 4622
f 4521 2689 4624
f 4622 4624 2712
f 4521 4624 4622
f 2689 4520 4610
f 4520 2113 4608
f 4610 4608 2709
f 4520 4608 4610
f 2712 4626 4623
f 4626 2709 4609
f 4623 4609 2233
f 4626 4609 4623
f 2689 4610 4624
f 4610 2709 4626
f 4624 4626 2712
f 4610 4626 4624
f 2214 4612 4243
f 4612 2710 4614
f 4243 4614 2623
f 4612 4614 4243
f 2710 4613 4616
f 4613 2233 4605
f 4616 4605 2708
f 4613 4605 4616
f 2623 4606 4242
f 4606 2708 4604
f 4242 4604 2110
f 4606 4604 4242
f 2710 4616 4614
f 4616 2708 4606
f 4614 4606 2623
f 4616 4606 4614
f 2229 4622 4527
f 4622 2712 4625
f 4527 4625 2691
f 4622 4625 4527
f 2712 4623 4627
f 4623 2233 4613
f 4627 4613 2710
f 4623 4613 4627
f 2691 4615 4526
f 4615 2710 4612
f 4526 4612 2214
f 4615 4612 4526
f 2712 4627 4625
f 4627 2710 4615
f 4625 4615 2691
f 4627 4615 4625
f 2113 4506 4556
f 4506 2685 4558
f 4556 4558 2698
f 4506 4558 4556
f 2685 4507 4570
f 4507 2228 4568
f 4570 4568 2701
f 4507 4568 4570
f 2698 4572 4557
f 4572 2701 4569
f 4557 4569 2231
f 4572 4569 4557
f 2685 4570 4558
f 4570 2701 4572
f 4558 4572 2698
f 4570 4572 4558
f 2228 4503 4513
f 4503 2684 4515
f 4513 4515 2687
f 4503 4515 4513
f 2684 4502 4505
f 4502 2082 3929
f 4505 3929 2546
f 4502 3929 4505
f 2687 4514 4512
f 4514 2546 3930
f 4512 3930 2196
f 4514 3930 4512
f 2684 4505 4515
f 4505 2546 4514
f 4515 4514 2687
f 4505 4514 4515
f 2231 4560 4553
f 4560 2699 4563
f 4553 4563 2697
f 4560 4563 4553
f 2699 4559 4561
f 4559 2196 3932
f 4561 3932 2547
f 4559 3932 4561
f 2697 4554 4552
f 4554 2547 3931
f 4552 3931 2106
f 4554 3931 4552
f 2699 4561 4563
f 4561 2547 4554
f 4563 4554 2697
f 4561 4554 4563
f 2228 4513 4568
f 4513 2687 4571
f 4568 4571 2701
f 4513 4571 4568
f 2687 4512 4562
f 4512 2196 4559
f 4562 4559 2699
f 4512 4559 4562
f 2701 4573 4569
f 4573 2699 4560
f 4569 4560 2231
f 4573 4560 4569
f 2687 4562 4571
f 4562 2699 4573
f 4571 4573 2701
f 4562 4573 4571
f 2110 4264 4230
f 4264 2629 4266
f 4230 4266 2619
f 4264 4266 4230
f 2629 4265 4276
f 4265 2216 4273
f 4276 4273 2631
f 4265 4273 4276
f 2619 4274 4231
f 4274 2631 4272
f 4231 4272 2213
f 4274 4272 4231
f 2629 4276 4266
f 4276 2631 4274
f 4266 4274 2619
f 4276 4274 4266
f 2216 4262 4268
f 4262 2628 4271
f 4268 4271 2630
f 4262 4271 4268
f 2628 4261 4263
f 4261 2106 3923
f 4263 3923 2544
f 4261 3923 4263
f 2630 4269 4267
f 4269 2544 3924
f 4267 3924 2195
f 4269 3924 4267
f 2628 4263 4271
f 4263 2544 4269
f 4271 4269 2630
f 4263 4269 4271
f 2213 4237 4227
f 4237 2621 4239
f 4227 4239 2618
f 4237 4239 4227
f 2621 4236 4238
f 4236 2195 3921
f 4238 3921 2543
f 4236 3921 4238
f 2618 4229 4226
f 4229 2543 3920
f 4226 3920 2074
f 4229 3920 4226
f 2621 4238 4239
f 4238 2543 4229
f 4239 4229 2618
f 4238 4229 4239
f 2216 4268 4273
f 4268 2630 4277
f 4273 4277 2631
f 4268 4277 4273
f 2630 4267 4270
f 4267 2195 4236
f 4270 4236 2621
f 4267 4236 4270
f 2631 4275 4272
f 4275 2621 4237
f 4272 4237 2213
f 4275 4237 4272
f 2630 4270 4277
f 4270 2621 4275
f 4277 4275 2631
f 4270 4275 4277
f 2113 4556 4608
f 4556 2698 4611
f 4608 4611 2709
f 4556 4611 4608
f 2698 4557 4630
f 4557 2231 4628
f 4630 4628 2713
f 4557 4628 4630
f 2709 4632 4609
f 4632 2713 4629
f 4609 4629 2233
f 4632 4629 4609
f 2698 4630 4611
f 4630 2713 4632
f 4611 4632 2709
f 4630 4632 4611
f 2231 4553 4565
f 4553 2697 4567
f 4565 4567 2700
f 4553 4567 4565
f 2697 4552 4555
f 4552 2106 4261
f 4555 4261 2628
f 4552 4261 4555
f 2700 4566 4564
f 4566 2628 4262
f 4564 4262 2216
f 4566 4262 4564
f 2697 4555 4567
f 4555 2628 4566
f 4567 4566 2700
f 4555 4566 4567
f 2233 4618 4605
f 4618 2711 4621
f 4605 4621 2708
f 4618 4621 4605
f 2711 4617 4619
f 4617 2216 4265
f 4619 4265 2629
f 4617 4265 4619
f 2708 4607 4604
f 4607 2629 4264
f 4604 4264 2110
f 4607 4264 4604
f 2711 4619 4621
f 4619 2629 4607
f 4621 4607 2708
f 4619 4607 4621
f 2231 4565 4628
f 4565 2700 4631
f 4628 4631 2713
f 4565 4631 4628
f 2700 4564 4620
f 4564 2216 4617
f 4620 4617 2711
f 4564 4617 4620
f 2713 4633 4629
f 4633 2711 4618
f 4629 4618 2233
f 4633 4618 4629
f 2700 4620 4631
f 4620 2711 4633
f 4631 4633 2713
f 4620 4633 4631
f 2082 4056 3964
f 4056 2578 4059
f 3964 4059 2556
f 4056 4059 3964
f 2578 4057 4069
f 4057 2204 4067
f 4069 4067 2581
f 4057 4067 4069
f 2556 4068 3965
f 4068 2581 4066
f 3965 4066 2199
f 4068 4066 3965
f 2578 4069 4059
f 4069 2581 4068
f 4059 4068 2556
f 4069 4068 4059
f 2204 4061 4162
f 4061 2579 4164
f 4162 4164 2602
f 4061 4164 4162
f 2579 4060 4150
f 4060 2108 4148
f 4150 4148 2599
f 4060 4148 4150
f 2602 4166 4163
f 4166 2599 4149
f 4163 4149 2208
f 4166 4149 4163
f 2579 4150 4164
f 4150 2599 4166
f 4164 4166 2602
f 4150 4166 4164
f 2199 4152 3968
f 4152 2600 4154
f 3968 4154 2557
f 4152 4154 3968
f 2600 4153 4156
f 4153 2208 4145
f 4156 4145 2598
f 4153 4145 4156
f 2557 4146 3967
f 4146 2598 4144
f 3967 4144 2107
f 4146 4144 3967
f 2600 4156 4154
f 4156 2598 4146
f 4154 4146 2557
f 4156 4146 4154
f 2204 4162 4067
f 4162 2602 4165
f 4067 4165 2581
f 4162 4165 4067
f 2602 4163 4167
f 4163 2208 4153
f 4167 4153 2600
f 4163 4153 4167
f 2581 4155 4066
f 4155 2600 4152
f 4066 4152 2199
f 4155 4152 4066
f 2602 4167 4165
f 4167 2600 4155
f 4165 4155 2581
f 4167 4155 4165
f 2108 4046 4096
f 4046 2575 4098
f 4096 4098 2588
f 4046 4098 4096
f 2575 4047 4110
f 4047 2203 4108
f 4110 4108 2591
f 4047 4108 4110
f 2588 4112 4097
f 4112 2591 4109
f 4097 4109 2206
f 4112 4109 4097
f 2575 4110 4098
f 4110 2591 4112
f 4098 4112 2588
f 4110 4112 4098
f 2203 4043 4053
f 4043 2574 4055
f 4053 4055 2577
f 4043 4055 4053
f 2574 4042 4045
f 4042 2079 3142
f 4045 3142 2352
f 4042 3142 4045
f 2577 4054 4052
f 4054 2352 3143
f 4052 3143 2149
f 4054 3143 4052
f 2574 4045 4055
f 4045 2352 4054
f 4055 4054 2577
f 4045 4054 4055
f 2206 4100 4093
f 4100 2589 4103
f 4093 4103 2587
f 4100 4103 4093
f 2589 4099 4101
f 4099 2149 3145
f 4101 3145 2353
f 4099 3145 4101
f 2587 4094 4092
f 4094 2353 3144
f 4092 3144 2095
f 4094 3144 4092
f 2589 4101 4103
f 4101 2353 4094
f 4103 4094 2587
f 4101 4094 4103
f 2203 4053 4108
f 4053 2577 4111
f 4108 4111 2591
f 4053 4111 4108
f 2577 4052 4102
f 4052 2149 4099
f 4102 4099 2589
f 4052 4099 4102
f 2591 4113 4109
f 4113 2589 4100
f 4109 4100 2206
f 4113 4100 4109
f 2577 4102 4111
f 4102 2589 4113
f 4111 4113 2591
f 4102 4113 4111
f 2107 3998 3954
f 3998 2565 4000
f 3954 4000 2553
f 3998 4000 3954
f 2565 3999 4010
f 3999 2201 4007
f 4010 4007 2567
f 3999 4007 4010
f 2553 4008 3955
f 4008 2567 4006
f 3955 4006 2198
f 4008 4006 3955
f 2565 4010 4000
f 4010 2567 4008
f 4000 4008 2553
f 4010 4008 4000
f 2201 3996 4002
f 3996 2564 4005
f 4002 4005 2566
f 3996 4005 4002
f 2564 3995 3997
f 3995 2095 3140
f 3997 3140 2351
f 3995 3140 3997
f 2566 4003 4001
f 4003 2351 3141
f 4001 3141 2148
f 4003 3141 4001
f 2564 3997 4005
f 3997 2351 4003
f 4005 4003 2566
f 3997 4003 4005
f 2198 3961 3951
f 3961 2555 3963
f 3951 3963 2552
f 3961 3963 3951
f 2555 3960 3962
f 3960 2148 3139
f 3962 3139 2350
f 3960 3139 3962
f 2552 3953 3950
f 3953 2350 3138
f 3950 3138 2078
f 3953 3138 3950
f 2555 3962 3963
f 3962 2350 3953
f 3963 3953 2552
f 3962 3953 3963
f 2201 4002 4007
f 4002 2566 4011
f 4007 4011 2567
f 4002 4011 4007
f 2566 4001 4004
f 4001 2148 3960
f 4004 3960 2555
f 4001 3960 4004
f 2567 4009 4006
f 4009 2555 3961
f 4006 3961 2198
f 4009 3961 4006
f 2566 4004 4011
f 4004 2555 4009
f 4011 4009 2567
f 4004 4009 4011
f 2108 4096 4148
f 4096 2588 4151
f 4148 4151 2599
f 4096 4151 4148
f 2588 4097 4170
f 4097 2206 4168
f 4170 4168 2603
f 4097 4168 4170
f 2599 4172 4149
f 4172 2603 4169
f 4149 4169 2208
f 4172 4169 4149
f 2588 4170 4151
f 4170 2603 4172
f 4151 4172 2599
f 4170 4172 4151
f 2206 4093 4105
f 4093 2587 4107
f 4105 4107 2590
f 4093 4107 4105
f 2587 4092 4095
f 4092 2095 3995
f 4095 3995 2564
f 4092 3995 4095
f 2590 4106 4104
f 4106 2564 3996
f 4104 3996 2201
f 4106 3996 4104
f 2587 4095 4107
f 4095 2564 4106
f 4107 4106 2590
f 4095 4106 4107
f 2208 4158 4145
f 4158 2601 4161
f 4145 4161 2598
f 4158 4161 4145
f 2601 4157 4159
f 4157 2201 3999
f 4159 3999 2565
f 4157 3999 4159
f 2598 4147 4144
f 4147 2565 3998
f 4144 3998 2107
f 4147 3998 4144
f 2601 4159 4161
f 4159 2565 4147
f 4161 4147 2598
f 4159 4147 4161
f 2206 4105 4168
f 4105 2590 4171
f 4168 4171 2603
f 4105 4171 4168
f 2590 4104 4160
f 4104 2201 4157
f 4160 4157 2601
f 4104 4157 4160
f 2603 4173 4169
f 4173 2601 4158
f 4169 4158 2208
f 4173 4158 4169
f 2590 4160 4171
f 4160 2601 4173
f 4171 4173 2603
f 4160 4173 4171
f 2079 3077 3298
f 3077 2336 3300
f 3298 3300 2394
f 3077 3300 3298
f 2336 3078 3306
f 3078 2145 3304
f 3306 3304 2396
f 3078 3304 3306
f 2394 3307 3299
f 3307 2396 3305
f 3299 3305 2161
f 3307 3305 3299
f 2336 3306 3300
f 3306 2396 3307
f 3300 3307 2394
f 3306 3307 3300
f 2145 3081 3333
f 3081 2337 3335
f 3333 3335 2404
f 3081 3335 3333
f 2337 3080 3328
f 3080 2094 3326
f 3328 3326 2402
f 3080 3326 3328
f 2404 3337 3334
f 3337 2402 3327
f 3334 3327 2163
f 3337 3327 3334
f 2337 3328 3335
f 3328 2402 3337
f 3335 3337 2404
f 3328 3337 3335
f 2161 3342 3303
f 3342 2406 3344
f 3303 3344 2395
f 3342 3344 3303
f 2406 3343 3346
f 3343 2163 3331
f 3346 3331 2403
f 3343 3331 3346
f 2395 3332 3302
f 3332 2403 3330
f 3302 3330 2099
f 3332 3330 3302
f 2406 3346 3344
f 3346 2403 3332
f 3344 3332 2395
f 3346 3332 3344
f 2145 3333 3304
f 3333 2404 3336
f 3304 3336 2396
f 3333 3336 3304
f 2404 3334 3347
f 3334 2163 3343
f 3347 3343 2406
f 3334 3343 3347
f 2396 3345 3305
f 3345 2406 3342
f 3305 3342 2161
f 3345 3342 3305
f 2404 3347 3336
f 3347 2406 3345
f 3336 3345 2396
f 3347 3345 3336
f 2094 3071 3159
f 3071 2334 3161
f 3159 3161 2359
f 3071 3161 3159
f 2334 3072 3167
f 3072 2144 3165
f 3167 3165 2361
f 3072 3165 3167
f 2359 3169 3160
f 3169 2361 3166
f 3160 3166 2152
f 3169 3166 3160
f 2334 3167 3161
f 3167 2361 3169
f 3161 3169 2359
f 3167 3169 3161
f 2144 3069 3151
f 3069 2333 3153
f 3151 3153 2356
f 3069 3153 3151
f 2333 3068 3148
f 3068 2073 3146
f 3148 3146 2354
f 3068 3146 3148
f 2356 3154 3152
f 3154 2354 3147
f 3152 3147 2150
f 3154 3147 3152
f 2333 3148 3153
f 3148 2354 3154
f 3153 3154 2356
f 3148 3154 3153
f 2152 3171 3163
f 3171 2362 3174
f 3163 3174 2360
f 3171 3174 3163
f 2362 3170 3172
f 3170 2150 3150
f 3172 3150 2355
f 3170 3150 3172
f 2360 3164 3162
f 3164 2355 3149
f 3162 3149 2096
f 3164 3149 3162
f 2362 3172 3174
f 3172 2355 3164
f 3174 3164 2360
f 3172 3164 3174
f 2144 3151 3165
f 3151 2356 3168
f 3165 3168 2361
f 3151 3168 3165
f 2356 3152 3173
f 3152 2150 3170
f 3173 3170 2362
f 3152 3170 3173
f 2361 3175 3166
f 3175 2362 3171
f 3166 3171 2152
f 3175 3171 3166
f 2356 3173 3168
f 3173 2362 3175
f 3168 3175 2361
f 3173 3175 3168
f 2099 3374 3316
f 3374 2413 3376
f 3316 3376 2399
f 3374 3376 3316
f 2413 3375 3392
f 3375 2165 3389
f 3392 3389 2416
f 3375 3389 3392
f 2399 3390 3317
f 3390 2416 3388
f 3317 3388 2162
f 3390 3388 3317
f 2413 3392 3376
f 3392 2416 3390
f 3376 3390 2399
f 3392 3390 3376
f 2165 3371 3379
f 3371 2412 3382
f 3379 3382 2414
f 3371 3382 3379
f 2412 3370 3372
f 3370 2096 3157
f 3372 3157 2358
f 3370 3157 3372
f 2414 3380 3378
f 3380 2358 3158
f 3378 3158 2151
f 3380 3158 3378
f 2412 3372 3382
f 3372 2358 3380
f 3382 3380 2414
f 3372 3380 3382
f 2162 3319 3313
f 3319 2400 3321
f 3313 3321 2398
f 3319 3321 3313
f 2400 3318 3320
f 3318 2151 3156
f 3320 3156 2357
f 3318 3156 3320
f 2398 3314 3312
f 3314 2357 3155
f 3312 3155 2080
f 3314 3155 3312
f 2400 3320 3321
f 3320 2357 3314
f 3321 3314 2398
f 3320 3314 3321
f 2165 3379 3389
f 3379 2414 3393
f 3389 3393 2416
f 3379 3393 3389
f 2414 3378 3381
f 3378 2151 3318
f 3381 3318 2400
f 3378 3318 3381
f 2416 3391 3388
f 3391 2400 3319
f 3388 3319 2162
f 3391 3319 3388
f 2414 3381 3393
f 3381 2400 3391
f 3393 3391 2416
f 3381 3391 3393
f 2094 3159 3326
f 3159 2359 3329
f 3326 3329 2402
f 3159 3329 3326
f 2359 3160 3340
f 3160 2152 3338
f 3340 3338 2405
f 3160 3338 3340
f 2402 3341 3327
f 3341 2405 3339
f 3327 3339 2163
f 3341 3339 3327
f 2359 3340 3329
f 3340 2405 3341
f 3329 3341 2402
f 3340 3341 3329
f 2152 3163 3383
f 3163 2360 3385
f 3383 3385 2415
f 3163 3385 3383
f 2360 3162 3373
f 3162 2096 3370
f 3373 3370 2412
f 3162 3370 3373
f 2415 3387 3384
f 3387 2412 3371
f 3384 3371 2165
f 3387 3371 3384
f 2360 3373 3385
f 3373 2412 3387
f 3385 3387 2415
f 3373 3387 3385
f 2163 3394 3331
f 3394 2417 3396
f 3331 3396 2403
f 3394 3396 3331
f 2417 3395 3398
f 3395 2165 3375
f 3398 3375 2413
f 3395 3375 3398
f 2403 3377 3330
f 3377 2413 3374
f 3330 3374 2099
f 3377 3374 3330
f 2417 3398 3396
f 3398 2413 3377
f 3396 3377 2403
f 3398 3377 3396
f 2152 3383 3338
f 3383 2415 3386
f 3338 3386 2405
f 3383 3386 3338
f 2415 3384 3399
f 3384 2165 3395
f 3399 3395 2417
f 3384 3395 3399
f 2405 3397 3339
f 3397 2417 3394
f 3339 3394 2163
f 3397 3394 3339
f 2415 3399 3386
f 3399 2417 3397
f 3386 3397 2405
f 3399 3397 3386
f 2075 3482 2760
f 3482 2438 3484
f 2760 3484 2251
f 3482 3484 2760
f 2438 3483 3491
f 3483 2171 3489
f 3491 3489 2440
f 3483 3489 3491
f 2251 3490 2761
f 3490 2440 3488
f 2761 3488 2121
f 3490 3488 2761
f 2438 3491 3484
f 3491 2440 3490
f 3484 3490 2251
f 3491 3490 3484
f 2171 3487 3511
f 3487 2439 3513
f 3511 3513 2447
f 3487 3513 3511
f 2439 3486 3505
f 3486 2101 3503
f 3505 3503 2445
f 3486 3503 3505
f 2447 3515 3512
f 3515 2445 3504
f 3512 3504 2173
f 3515 3504 3512
f 2439 3505 3513
f 3505 2445 3515
f 3513 3515 2447
f 3505 3515 3513
f 2121 3506 2764
f 3506 2446 3508
f 2764 3508 2252
f 3506 3508 2764
f 2446 3507 3510
f 3507 2173 3501
f 3510 3501 2444
f 3507 3501 3510
f 2252 3502 2763
f 3502 2444 3500
f 2763 3500 2087
f 3502 3500 2763
f 2446 3510 3508
f 3510 2444 3502
f 3508 3502 2252
f 3510 3502 3508
f 2171 3511 3489
f 3511 2447 3514
f 3489 3514 2440
f 3511 3514 3489
f 2447 3512 3516
f 3512 2173 3507
f 3516 3507 2446
f 3512 3507 3516
f 2440 3509 3488
f 3509 2446 3506
f 3488 3506 2121
f 3509 3506 3488
f 2447 3516 3514
f 3516 2446 3509
f 3514 3509 2440
f 3516 3509 3514
f 2101 3498 3596
f 3498 2443 3598
f 3596 3598 2468
f 3498 3598 3596
f 2443 3499 3606
f 3499 2172 3604
f 3606 3604 2470
f 3499 3604 3606
f 2468 3608 3597
f 3608 2470 3605
f 3597 3605 2179
f 3608 3605 3597
f 2443 3606 3598
f 3606 2470 3608
f 3598 3608 2468
f 3606 3608 3598
f 2172 3497 3553
f 3497 2442 3555
f 3553 3555 2458
f 3497 3555 3553
f 2442 3496 3550
f 3496 2081 3548
f 3550 3548 2456
f 3496 3548 3550
f 2458 3556 3554
f 3556 2456 3549
f 3554 3549 2176
f 3556 3549 3554
f 2442 3550 3555
f 3550 2456 3556
f 3555 3556 2458
f 3550 3556 3555
f 2179 3615 3601
f 3615 2472 3618
f 3601 3618 2469
f 3615 3618 3601
f 2472 3614 3616
f 3614 2176 3552
f 3616 3552 2457
f 3614 3552 3616
f 2469 3602 3600
f 3602 2457 3551
f 3600 3551 2102
f 3602 3551 3600
f 2472 3616 3618
f 3616 2457 3602
f 3618 3602 2469
f 3616 3602 3618
f 2172 3553 3604
f 3553 2458 3607
f 3604 3607 2470
f 3553 3607 3604
f 2458 3554 3617
f 3554 2176 3614
f 3617 3614 2472
f 3554 3614 3617
f 2470 3619 3605
f 3619 2472 3615
f 3605 3615 2179
f 3619 3615 3605
f 2458 3617 3607
f 3617 2472 3619
f 3607 3619 2470
f 3617 3619 3607
f 2087 3557 2772
f 3557 2459 3559
f 2772 3559 2255
f 3557 3559 2772
f 2459 3558 3568
f 3558 2177 3565
f 3568 3565 2461
f 3558 3565 3568
f 2255 3566 2773
f 3566 2461 3564
f 2773 3564 2122
f 3566 3564 2773
f 2459 3568 3559
f 3568 2461 3566
f 3559 3566 2255
f 3568 3566 3559
f 2177 3562 3574
f 3562 2460 3577
f 3574 3577 2463
f 3562 3577 3574
f 2460 3561 3563
f 3561 2102 3538
f 3563 3538 2453
f 3561 3538 3563
f 2463 3575 3573
f 3575 2453 3539
f 3573 3539 2175
f 3575 3539 3573
f 2460 3563 3577
f 3563 2453 3575
f 3577 3575 2463
f 3563 3575 3577
f 2122 3540 2770
f 3540 2454 3542
f 2770 3542 2254
f 3540 3542 2770
f 2454 3541 3543
f 3541 2175 3535
f 3543 3535 2452
f 3541 3535 3543
f 2254 3536 2769
f 3536 2452 3534
f 2769 3534 2076
f 3536 3534 2769
f 2454 3543 3542
f 3543 2452 3536
f 3542 3536 2254
f 3543 3536 3542
f 2177 3574 3565
f 3574 2463 3578
f 3565 3578 2461
f 3574 3578 3565
f 2463 3573 3576
f 3573 2175 3541
f 3576 3541 2454
f 3573 3541 3576
f 2461 3567 3564
f 3567 2454 3540
f 3564 3540 2122
f 3567 3540 3564
f 2463 3576 3578
f 3576 2454 3567
f 3578 3567 2461
f 3576 3567 3578
f 2101 3596 3503
f 3596 2468 3599
f 3503 3599 2445
f 3596 3599 3503
f 2468 3597 3613
f 3597 2179 3610
f 3613 3610 2471
f 3597 3610 3613
f 2445 3611 3504
f 3611 2471 3609
f 3504 3609 2173
f 3611 3609 3504
f 2468 3613 3599
f 3613 2471 3611
f 3599 3611 2445
f 3613 3611 3599
f 2179 3601 3621
f 3601 2469 3624
f 3621 3624 2473
f 3601 3624 3621
f 2469 3600 3603
f 3600 2102 3561
f 3603 3561 2460
f 3600 3561 3603
f 2473 3622 3620
f 3622 2460 3562
f 3620 3562 2177
f 3622 3562 3620
f 2469 3603 3624
f 3603 2460 3622
f 3624 3622 2473
f 3603 3622 3624
f 2173 3569 3501
f 3569 2462 3571
f 3501 3571 2444
f 3569 3571 3501
f 2462 3570 3572
f 3570 2177 3558
f 3572 3558 2459
f 3570 3558 3572
f 2444 3560 3500
f 3560 2459 3557
f 3500 3557 2087
f 3560 3557 3500
f 2462 3572 3571
f 3572 2459 3560
f 3571 3560 2444
f 3572 3560 3571
f 2179 3621 3610
f 3621 2473 3625
f 3610 3625 2471
f 3621 3625 3610
f 2473 3620 3623
f 3620 2177 3570
f 3623 3570 2462
f 3620 3570 3623
f 2471 3612 3609
f 3612 2462 3569
f 3609 3569 2173
f 3612 3569 3609
f 2473 3623 3625
f 3623 2462 3612
f 3625 3612 2471
f 3623 3612 3625
f 2075 2760 2726
f 2760 2251 2762
f 2726 2762 2240
f 2760 2762 2726
f 2251 2761 2768
f 2761 2121 2766
f 2768 2766 2253
f 2761 2766 2768
f 2240 2767 2727
f 2767 2253 2765
f 2727 2765 2117
f 2767 2765 2727
f 2251 2768 2762
f 2768 2253 2767
f 2762 2767 2240
f 2768 2767 2762
f 2121 2764 2794
f 2764 2252 2796
f 2794 2796 2261
f 2764 2796 2794
f 2252 2763 2784
f 2763 2087 2782
f 2784 2782 2258
f 2763 2782 2784
f 2261 2798 2795
f 2798 2258 2783
f 2795 2783 2123
f 2798 2783 2795
f 2252 2784 2796
f 2784 2258 2798
f 2796 2798 2261
f 2784 2798 2796
f 2117 2785 2729
f 2785 2259 2787
f 2729 2787 2241
f 2785 2787 2729
f 2259 2786 2789
f 2786 2123 2779
f 2789 2779 2257
f 2786 2779 2789
f 2241 2780 2728
f 2780 2257 2778
f 2728 2778 2085
f 2780 2778 2728
f 2259 2789 2787
f 2789 2257 2780
f 2787 2780 2241
f 2789 2780 2787
f 2121 2794 2766
f 2794 2261 2797
f 2766 2797 2253
f 2794 2797 2766
f 2261 2795 2799
f 2795 2123 2786
f 2799 2786 2259
f 2795 2786 2799
f 2253 2788 2765
f 2788 2259 2785
f 2765 2785 2117
f 2788 2785 2765
f 2261 2799 2797
f 2799 2259 2788
f 2797 2788 2253
f 2799 2788 2797
f 2087 2772 2804
f 2772 2255 2806
f 2804 2806 2263
f 2772 2806 2804
f 2255 2773 2820
f 2773 2122 2818
f 2820 2818 2266
f 2773 2818 2820
f 2263 2822 2805
f 2822 2266 2819
f 2805 2819 2124
f 2822 2819 2805
f 2255 2820 2806
f 2820 2266 2822
f 2806 2822 2263
f 2820 2822 2806
f 2122 2770 2775
f 2770 2254 2777
f 2775 2777 2256
f 2770 2777 2775
f 2254 2769 2771
f 2769 2076 2739
f 2771 2739 2245
f 2769 2739 2771
f 2256 2776 2774
f 2776 2245 2740
f 2774 2740 2119
f 2776 2740 2774
f 2254 2771 2777
f 2771 2245 2776
f 2777 2776 2256
f 2771 2776 2777
f 2124 2809 2801
f 2809 2264 2812
f 2801 2812 2262
f 2809 2812 2801
f 2264 2808 2810
f 2808 2119 2742
f 2810 2742 2246
f 2808 2742 2810
f 2262 2802 2800
f 2802 2246 2741
f 2800 2741 2086
f 2802 2741 2800
f 2264 2810 2812
f 2810 2246 2802
f 2812 2802 2262
f 2810 2802 2812
f 2122 2775 2818
f 2775 2256 2821
f 2818 2821 2266
f 2775 2821 2818
f 2256 2774 2811
f 2774 2119 2808
f 2811 2808 2264
f 2774 2808 2811
f 2266 2823 2819
f 2823 2264 2809
f 2819 2809 2124
f 2823 2809 2819
f 2256 2811 2821
f 2811 2264 2823
f 2821 2823 2266
f 2811 2823 2821
f 2085 2743 2724
f 2743 2247 2745
f 2724 2745 2239
f 2743 2745 2724
f 2247 2744 2753
f 2744 2120 2750
f 2753 2750 2249
f 2744 2750 2753
f 2239 2751 2725
f 2751 2249 2749
f 2725 2749 2116
f 2751 2749 2725
f 2247 2753 2745
f 2753 2249 2751
f 2745 2751 2239
f 2753 2751 2745
f 2120 2747 2755
f 2747 2248 2758
f 2755 2758 2250
f 2747 2758 2755
f 2248 2746 2748
f 2746 2086 2733
f 2748 2733 2243
f 2746 2733 2748
f 2250 2756 2754
f 2756 2243 2734
f 2754 2734 2118
f 2756 2734 2754
f 2248 2748 2758
f 2748 2243 2756
f 2758 2756 2250
f 2748 2756 2758
f 2116 2735 2723
f 2735 2244 2737
f 2723 2737 2238
f 2735 2737 2723
f 2244 2736 2738
f 2736 2118 2731
f 2738 2731 2242
f 2736 2731 2738
f 2238 2732 2722
f 2732 2242 2730
f 2722 2730 2074
f 2732 2730 2722
f 2244 2738 2737
f 2738 2242 2732
f 2737 2732 2238
f 2738 2732 2737
f 2120 2755 2750
f 2755 2250 2759
f 2750 2759 2249
f 2755 2759 2750
f 2250 2754 2757
f 2754 2118 2736
f 2757 2736 2244
f 2754 2736 2757
f 2249 2752 2749
f 2752 2244 2735
f 2749 2735 2116
f 2752 2735 2749
f 2250 2757 2759
f 2757 2244 2752
f 2759 2752 2249
f 2757 2752 2759
f 2087 2804 2782
f 2804 2263 2807
f 2782 2807 2258
f 2804 2807 2782
f 2263 2805 2828
f 2805 2124 2825
f 2828 2825 2267
f 2805 2825 2828
f 2258 2826 2783
f 2826 2267 2824
f 2783 2824 2123
f 2826 2824 2783
f 2263 2828 2807
f 2828 2267 2826
f 2807 2826 2258
f 2828 2826 2807
f 2124 2801 2814
f 2801 2262 2817
f 2814 2817 2265
f 2801 2817 2814
f 2262 2800 2803
f 2800 2086 2746
f 2803 2746 2248
f 2800 2746 2803
f 2265 2815 2813
f 2815 2248 2747
f 2813 2747 2120
f 2815 2747 2813
f 2262 2803 2817
f 2803 2248 2815
f 2817 2815 2265
f 2803 2815 2817
f 2123 2791 2779
f 2791 2260 2793
f 2779 2793 2257
f 2791 2793 2779
f 2260 2790 2792
f 2790 2120 2744
f 2792 2744 2247
f 2790 2744 2792
f 2257 2781 2778
f 2781 2247 2743
f 2778 2743 2085
f 2781 2743 2778
f 2260 2792 2793
f 2792 2247 2781
f 2793 2781 2257
f 2792 2781 2793
f 2124 2814 2825
f 2814 2265 2829
f 2825 2829 2267
f 2814 2829 2825
f 2265 2813 2816
f 2813 2120 2790
f 2816 2790 2260
f 2813 2790 2816
f 2267 2827 2824
f 2827 2260 2791
f 2824 2791 2123
f 2827 2791 2824
f 2265 2816 2829
f 2816 2260 2827
f 2829 2827 2267
f 2816 2827 2829
f 2075 2726 2968
f 2726 2240 2970
f 2968 2970 2307
f 2726 2970 2968
f 2240 2727 2975
f 2727 2117 2973
f 2975 2973 2309
f 2727 2973 2975
f 2307 2976 2969
f 2976 2309 2974
f 2969 2974 2137
f 2976 2974 2969
f 2240 2975 2970
f 2975 2309 2976
f 2970 2976 2307
f 2975 2976 2970
f 2117 2729 2993
f 2729 2241 2995
f 2993 2995 2315
f 2729 2995 2993
f 2241 2728 2988
f 2728 2085 2986
f 2988 2986 2313
f 2728 2986 2988
f 2315 2997 2994
f 2997 2313 2987
f 2994 2987 2139
f 2997 2987 2994
f 2241 2988 2995
f 2988 2313 2997
f 2995 2997 2315
f 2988 2997 2995
f 2137 3002 2972
f 3002 2317 3004
f 2972 3004 2308
f 3002 3004 2972
f 2317 3003 3006
f 3003 2139 2991
f 3006 2991 2314
f 3003 2991 3006
f 2308 2992 2971
f 2992 2314 2990
f 2971 2990 2092
f 2992 2990 2971
f 2317 3006 3004
f 3006 2314 2992
f 3004 2992 2308
f 3006 2992 3004
f 2117 2993 2973
f 2993 2315 2996
f 2973 2996 2309
f 2993 2996 2973
f 2315 2994 3007
f 2994 2139 3003
f 3007 3003 2317
f 2994 3003 3007
f 2309 3005 2974
f 3005 2317 3002
f 2974 3002 2137
f 3005 3002 2974
f 2315 3007 2996
f 3007 2317 3005
f 2996 3005 2309
f 3007 3005 2996
f 2085 2724 2951
f 2724 2239 2953
f 2951 2953 2303
f 2724 2953 2951
f 2239 2725 2959
f 2725 2116 2957
f 2959 2957 2305
f 2725 2957 2959
f 2303 2961 2952
f 2961 2305 2958
f 2952 2958 2136
f 2961 2958 2952
f 2239 2959 2953
f 2959 2305 2961
f 2953 2961 2303
f 2959 2961 2953
f 2116 2723 2943
f 2723 2238 2945
f 2943 2945 2300
f 2723 2945 2943
f 2238 2722 2940
f 2722 2074 2938
f 2940 2938 2298
f 2722 2938 2940
f 2300 2946 2944
f 2946 2298 2939
f 2944 2939 2134
f 2946 2939 2944
f 2238 2940 2945
f 2940 2298 2946
f 2945 2946 2300
f 2940 2946 2945
f 2136 2963 2955
f 2963 2306 2966
f 2955 2966 2304
f 2963 2966 2955
f 2306 2962 2964
f 2962 2134 2942
f 2964 2942 2299
f 2962 2942 2964
f 2304 2956 2954
f 2956 2299 2941
f 2954 2941 2091
f 2956 2941 2954
f 2306 2964 2966
f 2964 2299 2956
f 2966 2956 2304
f 2964 2956 2966
f 2116 2943 2957
f 2943 2300 2960
f 2957 2960 2305
f 2943 2960 2957
f 2300 2944 2965
f 2944 2134 2962
f 2965 2962 2306
f 2944 2962 2965
f 2305 2967 2958
f 2967 2306 2963
f 2958 2963 2136
f 2967 2963 2958
f 2300 2965 2960
f 2965 2306 2967
f 2960 2967 2305
f 2965 2967 2960
f 2092 3012 2980
f 3012 2319 3014
f 2980 3014 2311
f 3012 3014 2980
f 2319 3013 3030
f 3013 2140 3027
f 3030 3027 2322
f 3013 3027 3030
f 2311 3028 2981
f 3028 2322 3026
f 2981 3026 2138
f 3028 3026 2981
f 2319 3030 3014
f 3030 2322 3028
f 3014 3028 2311
f 3030 3028 3014
f 2140 3009 3017
f 3009 2318 3020
f 3017 3020 2320
f 3009 3020 3017
f 2318 3008 3010
f 3008 2091 2949
f 3010 2949 2302
f 3008 2949 3010
f 2320 3018 3016
f 3018 2302 2950
f 3016 2950 2135
f 3018 2950 3016
f 2318 3010 3020
f 3010 2302 3018
f 3020 3018 2320
f 3010 3018 3020
f 2138 2983 2978
f 2983 2312 2985
f 2978 2985 2310
f 2983 2985 2978
f 2312 2982 2984
f 2982 2135 2948
f 2984 2948 2301
f 2982 2948 2984
f 2310 2979 2977
f 2979 2301 2947
f 2977 2947 2078
f 2979 2947 2977
f 2312 2984 2985
f 2984 2301 2979
f 2985 2979 2310
f 2984 2979 2985
f 2140 3017 3027
f 3017 2320 3031
f 3027 3031 2322
f 3017 3031 3027
f 2320 3016 3019
f 3016 2135 2982
f 3019 2982 2312
f 3016 2982 3019
f 2322 3029 3026
f 3029 2312 2983
f 3026 2983 2138
f 3029 2983 3026
f 2320 3019 3031
f 3019 2312 3029
f 3031 3029 2322
f 3019 3029 3031
f 2085 2951 2986
f 2951 2303 2989
f 2986 2989 2313
f 2951 2989 2986
f 2303 2952 3000
f 2952 2136 2998
f 3000 2998 2316
f 2952 2998 3000
f 2313 3001 2987
f 3001 2316 2999
f 2987 2999 2139
f 3001 2999 2987
f 2303 3000 2989
f 3000 2316 3001
f 2989 3001 2313
f 3000 3001 2989
f 2136 2955 3021
f 2955 2304 3023
f 3021 3023 2321
f 2955 3023 3021
f 2304 2954 3011
f 2954 2091 3008
f 3011 3008 2318
f 2954 3008 3011
f 2321 3025 3022
f 3025 2318 3009
f 3022 3009 2140
f 3025 3009 3022
f 2304 3011 3023
f 3011 2318 3025
f 3023 3025 2321
f 3011 3025 3023
f 2139 3032 2991
f 3032 2323 3034
f 2991 3034 2314
f 3032 3034 2991
f 2323 3033 3036
f 3033 2140 3013
f 3036 3013 2319
f 3033 3013 3036
f 2314 3015 2990
f 3015 2319 3012
f 2990 3012 2092
f 3015 3012 2990
f 2323 3036 3034
f 3036 2319 3015
f 3034 3015 2314
f 3036 3015 3034
f 2136 3021 2998
f 3021 2321 3024
f 2998 3024 2316
f 3021 3024 2998
f 2321 3022 3037
f 3022 2140 3033
f 3037 3033 2323
f 3022 3033 3037
f 2316 3035 2999
f 3035 2323 3032
f 2999 3032 2139
f 3035 3032 2999
f 2321 3037 3024
f 3037 2323 3035
f 3024 3035 2316
f 3037 3035 3024
f 2075 2968 3176
f 2968 2307 3178
f 3176 3178 2363
f 2968 3178 3176
f 2307 2969 3183
f 2969 2137 3181
f 3183 3181 2365
f 2969 3181 3183
f 2363 3184 3177
f 3184 2365 3182
f 3177 3182 2153
f 3184 3182 3177
f 2307 3183 3178
f 3183 2365 3184
f 3178 3184 2363
f 3183 3184 3178
f 2137 2972 3195
f 2972 2308 3197
f 3195 3197 2370
f 2972 3197 3195
f 2308 2971 3191
f 2971 2092 3189
f 3191 3189 2368
f 2971 3189 3191
f 2370 3199 3196
f 3199 2368 3190
f 3196 3190 2155
f 3199 3190 3196
f 2308 3191 3197
f 3191 2368 3199
f 3197 3199 2370
f 3191 3199 3197
f 2153 3200 3180
f 3200 2371 3202
f 3180 3202 2364
f 3200 3202 3180
f 2371 3201 3204
f 3201 2155 3193
f 3204 3193 2369
f 3201 3193 3204
f 2364 3194 3179
f 3194 2369 3192
f 3179 3192 2097
f 3194 3192 3179
f 2371 3204 3202
f 3204 2369 3194
f 3202 3194 2364
f 3204 3194 3202
f 2137 3195 3181
f 3195 2370 3198
f 3181 3198 2365
f 3195 3198 3181
f 2370 3196 3205
f 3196 2155 3201
f 3205 3201 2371
f 3196 3201 3205
f 2365 3203 3182
f 3203 2371 3200
f 3182 3200 2153
f 3203 3200 3182
f 2370 3205 3198
f 3205 2371 3203
f 3198 3203 2365
f 3205 3203 3198
f 2092 2980 3229
f 2980 2311 3231
f 3229 3231 2379
f 2980 3231 3229
f 2311 2981 3238
f 2981 2138 3236
f 3238 3236 2381
f 2981 3236 3238
f 2379 3240 3230
f 3240 2381 3237
f 3230 3237 2158
f 3240 3237 3230
f 2311 3238 3231
f 3238 2381 3240
f 3231 3240 2379
f 3238 3240 3231
f 2138 2978 3212
f 2978 2310 3214
f 3212 3214 2374
f 2978 3214 3212
f 2310 2977 3208
f 2977 2078 3206
f 3208 3206 2372
f 2977 3206 3208
f 2374 3215 3213
f 3215 2372 3207
f 3213 3207 2156
f 3215 3207 3213
f 2310 3208 3214
f 3208 2372 3215
f 3214 3215 2374
f 3208 3215 3214
f 2158 3246 3234
f 3246 2383 3249
f 3234 3249 2380
f 3246 3249 3234
f 2383 3245 3247
f 3245 2156 3211
f 3247 3211 2373
f 3245 3211 3247
f 2380 3235 3233
f 3235 2373 3210
f 3233 3210 2098
f 3235 3210 3233
f 2383 3247 3249
f 3247 2373 3235
f 3249 3235 2380
f 3247 3235 3249
f 2138 3212 3236
f 3212 2374 3239
f 3236 3239 2381
f 3212 3239 3236
f 2374 3213 3248
f 3213 2156 3245
f 3248 3245 2383
f 3213 3245 3248
f 2381 3250 3237
f 3250 2383 3246
f 3237 3246 2158
f 3250 3246 3237
f 2374 3248 3239
f 3248 2383 3250
f 3239 3250 2381
f 3248 3250 3239
f 2097 3268 3187
f 3268 2388 3270
f 3187 3270 2367
f 3268 3270 3187
f 2388 3269 3280
f 3269 2160 3277
f 3280 3277 2390
f 3269 3277 3280
f 2367 3278 3188
f 3278 2390 3276
f 3188 3276 2154
f 3278 3276 3188
f 2388 3280 3270
f 3280 2390 3278
f 3270 3278 2367
f 3280 3278 3270
f 2160 3273 3287
f 3273 2389 3290
f 3287 3290 2392
f 3273 3290 3287
f 2389 3272 3274
f 3272 2098 3223
f 3274 3223 2377
f 3272 3223 3274
f 2392 3288 3286
f 3288 2377 3224
f 3286 3224 2157
f 3288 3224 3286
f 2389 3274 3290
f 3274 2377 3288
f 3290 3288 2392
f 3274 3288 3290
f 2154 3225 3186
f 3225 2378 3227
f 3186 3227 2366
f 3225 3227 3186
f 2378 3226 3228
f 3226 2157 3221
f 3228 3221 2376
f 3226 3221 3228
f 2366 3222 3185
f 3222 2376 3220
f 3185 3220 2080
f 3222 3220 3185
f 2378 3228 3227
f 3228 2376 3222
f 3227 3222 2366
f 3228 3222 3227
f 2160 3287 3277
f 3287 2392 3291
f 3277 3291 2390
f 3287 3291 3277
f 2392 3286 3289
f 3286 2157 3226
f 3289 3226 2378
f 3286 3226 3289
f 2390 3279 3276
f 3279 2378 3225
f 3276 3225 2154
f 3279 3225 3276
f 2392 3289 3291
f 3289 2378 3279
f 3291 3279 2390
f 3289 3279 3291
f 2092 3229 3189
f 3229 2379 3232
f 3189 3232 2368
f 3229 3232 3189
f 2379 3230 3244
f 3230 2158 3242
f 3244 3242 2382
f 3230 3242 3244
f 2368 3243 3190
f 3243 2382 3241
f 3190 3241 2155
f 3243 3241 3190
f 2379 3244 3232
f 3244 2382 3243
f 3232 3243 2368
f 3244 3243 3232
f 2158 3234 3292
f 3234 2380 3294
f 3292 3294 2393
f 3234 3294 3292
f 2380 3233 3275
f 3233 2098 3272
f 3275 3272 2389
f 3233 3272 3275
f 2393 3296 3293
f 3296 2389 3273
f 3293 3273 2160
f 3296 3273 3293
f 2380 3275 3294
f 3275 2389 3296
f 3294 3296 2393
f 3275 3296 3294
f 2155 3281 3193
f 3281 2391 3283
f 3193 3283 2369
f 3281 3283 3193
f 2391 3282 3285
f 3282 2160 3269
f 3285 3269 2388
f 3282 3269 3285
f 2369 3271 3192
f 3271 2388 3268
f 3192 3268 2097
f 3271 3268 3192
f 2391 3285 3283
f 3285 2388 3271
f 3283 3271 2369
f 3285 3271 3283
f 2158 3292 3242
f 3292 2393 3295
f 3242 3295 2382
f 3292 3295 3242
f 2393 3293 3297
f 3293 2160 3282
f 3297 3282 2391
f 3293 3282 3297
f 2382 3284 3241
f 3284 2391 3281
f 3241 3281 2155
f 3284 3281 3241
f 2393 3297 3295
f 3297 2391 3284
f 3295 3284 2382
f 3297 3284 3295
f 2075 3176 3482
f 3176 2363 3485
f 3482 3485 2438
f 3176 3485 3482
f 2363 3177 3494
f 3177 2153 3492
f 3494 3492 2441
f 3177 3492 3494
f 2438 3495 3483
f 3495 2441 3493
f 3483 3493 2171
f 3495 3493 3483
f 2363 3494 3485
f 3494 2441 3495
f 3485 3495 2438
f 3494 3495 3485
f 2153 3180 3523
f 3180 2364 3525
f 3523 3525 2450
f 3180 3525 3523
f 2364 3179 3519
f 3179 2097 3517
f 3519 3517 2448
f 3179 3517 3519
f 2450 3527 3524
f 3527 2448 3518
f 3524 3518 2174
f 3527 3518 3524
f 2364 3519 3525
f 3519 2448 3527
f 3525 3527 2450
f 3519 3527 3525
f 2171 3528 3487
f 3528 2451 3530
f 3487 3530 2439
f 3528 3530 3487
f 2451 3529 3532
f 3529 2174 3521
f 3532 3521 2449
f 3529 3521 3532
f 2439 3522 3486
f 3522 2449 3520
f 3486 3520 2101
f 3522 3520 3486
f 2451 3532 3530
f 3532 2449 3522
f 3530 3522 2439
f 3532 3522 3530
f 2153 3523 3492
f 3523 2450 3526
f 3492 3526 2441
f 3523 3526 3492
f 2450 3524 3533
f 3524 2174 3529
f 3533 3529 2451
f 3524 3529 3533
f 2441 3531 3493
f 3531 2451 3528
f 3493 3528 2171
f 3531 3528 3493
f 2450 3533 3526
f 3533 2451 3531
f 3526 3531 2441
f 3533 3531 3526
f 2097 3187 3808
f 3187 2367 3810
f 3808 3810 2517
f 3187 3810 3808
f 2367 3188 3817
f 3188 2154 3815
f 3817 3815 2519
f 3188 3815 3817
f 2517 3819 3809
f 3819 2519 3816
f 3809 3816 2189
f 3819 3816 3809
f 2367 3817 3810
f 3817 2519 3819
f 3810 3819 2517
f 3817 3819 3810
f 2154 3186 3768
f 3186 2366 3770
f 3768 3770 2507
f 3186 3770 3768
f 2366 3185 3761
f 3185 2080 3758
f 3761 3758 2504
f 3185 3758 3761
f 2507 3771 3769
f 3771 2504 3759
f 3769 3759 2186
f 3771 3759 3769
f 2366 3761 3770
f 3761 2504 3771
f 3770 3771 2507
f 3761 3771 3770
f 2189 3825 3813
f 3825 2521 3828
f 3813 3828 2518
f 3825 3828 3813
f 2521 3824 3826
f 3824 2186 3763
f 3826 3763 2505
f 3824 3763 3826
f 2518 3814 3812
f 3814 2505 3762
f 3812 3762 2104
f 3814 3762 3812
f 2521 3826 3828
f 3826 2505 3814
f 3828 3814 2518
f 3826 3814 3828
f 2154 3768 3815
f 3768 2507 3818
f 3815 3818 2519
f 3768 3818 3815
f 2507 3769 3827
f 3769 2186 3824
f 3827 3824 2521
f 3769 3824 3827
f 2519 3829 3816
f 3829 2521 3825
f 3816 3825 2189
f 3829 3825 3816
f 2507 3827 3818
f 3827 2521 3829
f 3818 3829 2519
f 3827 3829 3818
f 2101 3860 3498
f 3860 2528 3862
f 3498 3862 2443
f 3860 3862 3498
f 2528 3861 3872
f 3861 2191 3869
f 3872 3869 2530
f 3861 3869 3872
f 2443 3870 3499
f 3870 2530 3868
f 3499 3868 2172
f 3870 3868 3499
f 2528 3872 3862
f 3872 2530 3870
f 3862 3870 2443
f 3872 3870 3862
f 2191 3865 3879
f 3865 2529 3882
f 3879 3882 2532
f 3865 3882 3879
f 2529 3864 3866
f 3864 2104 3776
f 3866 3776 2509
f 3864 3776 3866
f 2532 3880 3878
f 3880 2509 3777
f 3878 3777 2187
f 3880 3777 3878
f 2529 3866 3882
f 3866 2509 3880
f 3882 3880 2532
f 3866 3880 3882
f 2172 3782 3497
f 3782 2511 3784
f 3497 3784 2442
f 3782 3784 3497
f 2511 3783 3785
f 3783 2187 3773
f 3785 3773 2508
f 3783 3773 3785
f 2442 3775 3496
f 3775 2508 3772
f 3496 3772 2081
f 3775 3772 3496
f 2511 3785 3784
f 3785 2508 3775
f 3784 3775 2442
f 3785 3775 3784
f 2191 3879 3869
f 3879 2532 3883
f 3869 3883 2530
f 3879 3883 3869
f 2532 3878 3881
f 3878 2187 3783
f 3881 3783 2511
f 3878 3783 3881
f 2530 3871 3868
f 3871 2511 3782
f 3868 3782 2172
f 3871 3782 3868
f 2532 3881 3883
f 3881 2511 3871
f 3883 3871 2530
f 3881 3871 3883
f 2097 3808 3517
f 3808 2517 3811
f 3517 3811 2448
f 3808 3811 3517
f 2517 3809 3823
f 3809 2189 3821
f 3823 3821 2520
f 3809 3821 3823
f 2448 3822 3518
f 3822 2520 3820
f 3518 3820 2174
f 3822 3820 3518
f 2517 3823 3811
f 3823 2520 3822
f 3811 3822 2448
f 3823 3822 3811
f 2189 3813 3884
f 3813 2518 3886
f 3884 3886 2533
f 3813 3886 3884
f 2518 3812 3867
f 3812 2104 3864
f 3867 3864 2529
f 3812 3864 3867
f 2533 3888 3885
f 3888 2529 3865
f 3885 3865 2191
f 3888 3865 3885
f 2518 3867 3886
f 3867 2529 3888
f 3886 3888 2533
f 3867 3888 3886
f 2174 3873 3521
f 3873 2531 3875
f 3521 3875 2449
f 3873 3875 3521
f 2531 3874 3877
f 3874 2191 3861
f 3877 3861 2528
f 3874 3861 3877
f 2449 3863 3520
f 3863 2528 3860
f 3520 3860 2101
f 3863 3860 3520
f 2531 3877 3875
f 3877 2528 3863
f 3875 3863 2449
f 3877 3863 3875
f 2189 3884 3821
f 3884 2533 3887
f 3821 3887 2520
f 3884 3887 3821
f 2533 3885 3889
f 3885 2191 3874
f 3889 3874 2531
f 3885 3874 3889
f 2520 3876 3820
f 3876 2531 3873
f 3820 3873 2174
f 3876 3873 3820
f 2533 3889 3887
f 3889 2531 3876
f 3887 3876 2520
f 3889 3876 3887
f 2076 3534 2930
f 3534 2452 3537
f 2930 3537 2294
f 3534 3537 2930
f 2452 3535 3547
f 3535 2175 3545
f 3547 3545 2455
f 3535 3545 3547
f 2294 3546 2931
f 3546 2455 3544
f 2931 3544 2132
f 3546 3544 2931
f 2452 3547 3537
f 3547 2455 3546
f 3537 3546 2294
f 3547 3546 3537
f 2175 3539 3590
f 3539 2453 3592
f 3590 3592 2467
f 3539 3592 3590
f 2453 3538 3584
f 3538 2102 3582
f 3584 3582 2465
f 3538 3582 3584
f 2467 3594 3591
f 3594 2465 3583
f 3591 3583 2178
f 3594 3583 3591
f 2453 3584 3592
f 3584 2465 3594
f 3592 3594 2467
f 3584 3594 3592
f 2132 3585 2933
f 3585 2466 3587
f 2933 3587 2295
f 3585 3587 2933
f 2466 3586 3589
f 3586 2178 3580
f 3589 3580 2464
f 3586 3580 3589
f 2295 3581 2932
f 3581 2464 3579
f 2932 3579 2090
f 3581 3579 2932
f 2466 3589 3587
f 3589 2464 3581
f 3587 3581 2295
f 3589 3581 3587
f 2175 3590 3545
f 3590 2467 3593
f 3545 3593 2455
f 3590 3593 3545
f 2467 3591 3595
f 3591 2178 3586
f 3595 3586 2466
f 3591 3586 3595
f 2455 3588 3544
f 3588 2466 3585
f 3544 3585 2132
f 3588 3585 3544
f 2467 3595 3593
f 3595 2466 3588
f 3593 3588 2455
f 3595 3588 3593
f 2102 3551 3728
f 3551 2457 3730
f 3728 3730 2498
f 3551 3730 3728
f 2457 3552 3738
f 3552 2176 3736
f 3738 3736 2500
f 3552 3736 3738
f 2498 3740 3729
f 3740 2500 3737
f 3729 3737 2185
f 3740 3737 3729
f 2457 3738 3730
f 3738 2500 3740
f 3730 3740 2498
f 3738 3740 3730
f 2176 3549 3650
f 3549 2456 3652
f 3650 3652 2481
f 3549 3652 3650
f 2456 3548 3643
f 3548 2081 3640
f 3643 3640 2478
f 3548 3640 3643
f 2481 3653 3651
f 3653 2478 3641
f 3651 3641 2181
f 3653 3641 3651
f 2456 3643 3652
f 3643 2478 3653
f 3652 3653 2481
f 3643 3653 3652
f 2185 3747 3733
f 3747 2502 3750
f 3733 3750 2499
f 3747 3750 3733
f 2502 3746 3748
f 3746 2181 3645
f 3748 3645 2479
f 3746 3645 3748
f 2499 3734 3732
f 3734 2479 3644
f 3732 3644 2103
f 3734 3644 3732
f 2502 3748 3750
f 3748 2479 3734
f 3750 3734 2499
f 3748 3734 3750
f 2176 3650 3736
f 3650 2481 3739
f 3736 3739 2500
f 3650 3739 3736
f 2481 3651 3749
f 3651 2181 3746
f 3749 3746 2502
f 3651 3746 3749
f 2500 3751 3737
f 3751 2502 3747
f 3737 3747 2185
f 3751 3747 3737
f 2481 3749 3739
f 3749 2502 3751
f 3739 3751 2500
f 3749 3751 3739
f 2090 3676 2936
f 3676 2487 3678
f 2936 3678 2297
f 3676 3678 2936
f 2487 3677 3687
f 3677 2183 3684
f 3687 3684 2489
f 3677 3684 3687
f 2297 3685 2937
f 3685 2489 3683
f 2937 3683 2133
f 3685 3683 2937
f 2487 3687 3678
f 3687 2489 3685
f 3678 3685 2297
f 3687 3685 3678
f 2183 3681 3693
f 3681 2488 3696
f 3693 3696 2491
f 3681 3696 3693
f 2488 3680 3682
f 3680 2103 3630
f 3682 3630 2475
f 3680 3630 3682
f 2491 3694 3692
f 3694 2475 3631
f 3692 3631 2180
f 3694 3631 3692
f 2488 3682 3696
f 3682 2475 3694
f 3696 3694 2491
f 3682 3694 3696
f 2133 3636 2935
f 3636 2477 3638
f 2935 3638 2296
f 3636 3638 2935
f 2477 3637 3639
f 3637 2180 3627
f 3639 3627 2474
f 3637 3627 3639
f 2296 3629 2934
f 3629 2474 3626
f 2934 3626 2077
f 3629 3626 2934
f 2477 3639 3638
f 3639 2474 3629
f 3638 3629 2296
f 3639 3629 3638
f 2183 3693 3684
f 3693 2491 3697
f 3684 3697 2489
f 3693 3697 3684
f 2491 3692 3695
f 3692 2180 3637
f 3695 3637 2477
f 3692 3637 3695
f 2489 3686 3683
f 3686 2477 3636
f 3683 3636 2133
f 3686 3636 3683
f 2491 3695 3697
f 3695 2477 3686
f 3697 3686 2489
f 3695 3686 3697
f 2102 3728 3582
f 3728 2498 3731
f 3582 3731 2465
f 3728 3731 3582
f 2498 3729 3745
f 3729 2185 3742
f 3745 3742 2501
f 3729 3742 3745
f 2465 3743 3583
f 3743 2501 3741
f 3583 3741 2178
f 3743 3741 3583
f 2498 3745 3731
f 3745 2501 3743
f 3731 3743 2465
f 3745 3743 3731
f 2185 3733 3753
f 3733 2499 3756
f 3753 3756 2503
f 3733 3756 3753
f 2499 3732 3735
f 3732 2103 3680
f 3735 3680 2488
f 3732 3680 3735
f 2503 3754 3752
f 3754 2488 3681
f 3752 3681 2183
f 3754 3681 3752
f 2499 3735 3756
f 3735 2488 3754
f 3756 3754 2503
f 3735 3754 3756
f 2178 3688 3580
f 3688 2490 3690
f 3580 3690 2464
f 3688 3690 3580
f 2490 3689 3691
f 3689 2183 3677
f 3691 3677 2487
f 3689 3677 3691
f 2464 3679 3579
f 3679 2487 3676
f 3579 3676 2090
f 3679 3676 3579
f 2490 3691 3690
f 3691 2487 3679
f 3690 3679 2464
f 3691 3679 3690
f 2185 3753 3742
f 3753 2503 3757
f 3742 3757 2501
f 3753 3757 3742
f 2503 3752 3755
f 3752 2183 3689
f 3755 3689 2490
f 3752 3689 3755
f 2501 3744 3741
f 3744 2490 3688
f 3741 3688 2178
f 3744 3688 3741
f 2503 3755 3757
f 3755 2490 3744
f 3757 3744 2501
f 3755 3744 3757
f 2074 2730 4226
f 2730 2242 4228
f 4226 4228 2618
f 2730 4228 4226
f 2242 2731 4234
f 2731 2118 4232
f 4234 4232 2620
f 2731 4232 4234
f 2618 4235 4227
f 4235 2620 4233
f 4227 4233 2213
f 4235 4233 4227
f 2242 4234 4228
f 4234 2620 4235
f 4228 4235 2618
f 4234 4235 4228
f 2118 2734 4250
f 2734 2243 4252
f 4250 4252 2626
f 2734 4252 4250
f 2243 2733 4246
f 2733 2086 4244
f 4246 4244 2624
f 2733 4244 4246
f 2626 4254 4251
f 4254 2624 4245
f 4251 4245 2215
f 4254 4245 4251
f 2243 4246 4252
f 4246 2624 4254
f 4252 4254 2626
f 4246 4254 4252
f 2213 4255 4231
f 4255 2627 4257
f 4231 4257 2619
f 4255 4257 4231
f 2627 4256 4259
f 4256 2215 4248
f 4259 4248 2625
f 4256 4248 4259
f 2619 4249 4230
f 4249 2625 4247
f 4230 4247 2110
f 4249 4247 4230
f 2627 4259 4257
f 4259 2625 4249
f 4257 4249 2619
f 4259 4249 4257
f 2118 4250 4232
f 4250 2626 4253
f 4232 4253 2620
f 4250 4253 4232
f 2626 4251 4260
f 4251 2215 4256
f 4260 4256 2627
f 4251 4256 4260
f 2620 4258 4233
f 4258 2627 4255
f 4233 4255 2213
f 4258 4255 4233
f 2626 4260 4253
f 4260 2627 4258
f 4253 4258 2620
f 4260 4258 4253
f 2086 2741 4301
f 2741 2246 4303
f 4301 4303 2639
f 2741 4303 4301
f 2246 2742 4310
f 2742 2119 4308
f 4310 4308 2641
f 2742 4308 4310
f 2639 4312 4302
f 4312 2641 4309
f 4302 4309 2219
f 4312 4309 4302
f 2246 4310 4303
f 4310 2641 4312
f 4303 4312 2639
f 4310 4312 4303
f 2119 2740 4284
f 2740 2245 4286
f 4284 4286 2634
f 2740 4286 4284
f 2245 2739 4280
f 2739 2076 4278
f 4280 4278 2632
f 2739 4278 4280
f 2634 4287 4285
f 4287 2632 4279
f 4285 4279 2217
f 4287 4279 4285
f 2245 4280 4286
f 4280 2632 4287
f 4286 4287 2634
f 4280 4287 4286
f 2219 4318 4306
f 4318 2643 4321
f 4306 4321 2640
f 4318 4321 4306
f 2643 4317 4319
f 4317 2217 4283
f 4319 4283 2633
f 4317 4283 4319
f 2640 4307 4305
f 4307 2633 4282
f 4305 4282 2111
f 4307 4282 4305
f 2643 4319 4321
f 4319 2633 4307
f 4321 4307 2640
f 4319 4307 4321
f 2119 4284 4308
f 4284 2634 4311
f 4308 4311 2641
f 4284 4311 4308
f 2634 4285 4320
f 4285 2217 4317
f 4320 4317 2643
f 4285 4317 4320
f 2641 4322 4309
f 4322 2643 4318
f 4309 4318 2219
f 4322 4318 4309
f 2634 4320 4311
f 4320 2643 4322
f 4311 4322 2641
f 4320 4322 4311
f 2110 4340 4242
f 4340 2648 4342
f 4242 4342 2623
f 4340 4342 4242
f 2648 4341 4352
f 4341 2221 4349
f 4352 4349 2650
f 4341 4349 4352
f 2623 4350 4243
f 4350 2650 4348
f 4243 4348 2214
f 4350 4348 4243
f 2648 4352 4342
f 4352 2650 4350
f 4342 4350 2623
f 4352 4350 4342
f 2221 4345 4359
f 4345 2649 4362
f 4359 4362 2652
f 4345 4362 4359
f 2649 4344 4346
f 4344 2111 4295
f 4346 4295 2637
f 4344 4295 4346
f 2652 4360 4358
f 4360 2637 4296
f 4358 4296 2218
f 4360 4296 4358
f 2649 4346 4362
f 4346 2637 4360
f 4362 4360 2652
f 4346 4360 4362
f 2214 4297 4241
f 4297 2638 4299
f 4241 4299 2622
f 4297 4299 4241
f 2638 4298 4300
f 4298 2218 4293
f 4300 4293 2636
f 4298 4293 4300
f 2622 4294 4240
f 4294 2636 4292
f 4240 4292 2083
f 4294 4292 4240
f 2638 4300 4299
f 4300 2636 4294
f 4299 4294 2622
f 4300 4294 4299
f 2221 4359 4349
f 4359 2652 4363
f 4349 4363 2650
f 4359 4363 4349
f 2652 4358 4361
f 4358 2218 4298
f 4361 4298 2638
f 4358 4298 4361
f 2650 4351 4348
f 4351 2638 4297
f 4348 4297 2214
f 4351 4297 4348
f 2652 4361 4363
f 4361 2638 4351
f 4363 4351 2650
f 4361 4351 4363
f 2086 4301 4244
f 4301 2639 4304
f 4244 4304 2624
f 4301 4304 4244
f 2639 4302 4316
f 4302 2219 4314
f 4316 4314 2642
f 4302 4314 4316
f 2624 4315 4245
f 4315 2642 4313
f 4245 4313 2215
f 4315 4313 4245
f 2639 4316 4304
f 4316 2642 4315
f 4304 4315 2624
f 4316 4315 4304
f 2219 4306 4364
f 4306 2640 4366
f 4364 4366 2653
f 4306 4366 4364
f 2640 4305 4347
f 4305 2111 4344
f 4347 4344 2649
f 4305 4344 4347
f 2653 4368 4365
f 4368 2649 4345
f 4365 4345 2221
f 4368 4345 4365
f 2640 4347 4366
f 4347 2649 4368
f 4366 4368 2653
f 4347 4368 4366
f 2215 4353 4248
f 4353 2651 4355
f 4248 4355 2625
f 4353 4355 4248
f 2651 4354 4357
f 4354 2221 4341
f 4357 4341 2648
f 4354 4341 4357
f 2625 4343 4247
f 4343 2648 4340
f 4247 4340 2110
f 4343 4340 4247
f 2651 4357 4355
f 4357 2648 4343
f 4355 4343 2625
f 4357 4343 4355
f 2219 4364 4314
f 4364 2653 4367
f 4314 4367 2642
f 4364 4367 4314
f 2653 4365 4369
f 4365 2221 4354
f 4369 4354 2651
f 4365 4354 4369
f 2642 4356 4313
f 4356 2651 4353
f 4313 4353 2215
f 4356 4353 4313
f 2653 4369 4367
f 4369 2651 4356
f 4367 4356 2642
f 4369 4356 4367
f 2078 2947 3950
f 2947 2301 3952
f 3950 3952 2552
f 2947 3952 3950
f 2301 2948 3958
f 2948 2135 3956
f 3958 3956 2554
f 2948 3956 3958
f 2552 3959 3951
f 3959 2554 3957
f 3951 3957 2198
f 3959 3957 3951
f 2301 3958 3952
f 3958 2554 3959
f 3952 3959 2552
f 3958 3959 3952
f 2135 2950 3980
f 2950 2302 3982
f 3980 3982 2561
f 2950 3982 3980
f 2302 2949 3975
f 2949 2091 3973
f 3975 3973 2559
f 2949 3973 3975
f 2561 3984 3981
f 3984 2559 3974
f 3981 3974 2200
f 3984 3974 3981
f 2302 3975 3982
f 3975 2559 3984
f 3982 3984 2561
f 3975 3984 3982
f 2198 3989 3955
f 3989 2563 3991
f 3955 3991 2553
f 3989 3991 3955
f 2563 3990 3993
f 3990 2200 3978
f 3993 3978 2560
f 3990 3978 3993
f 2553 3979 3954
f 3979 2560 3977
f 3954 3977 2107
f 3979 3977 3954
f 2563 3993 3991
f 3993 2560 3979
f 3991 3979 2553
f 3993 3979 3991
f 2135 3980 3956
f 3980 2561 3983
f 3956 3983 2554
f 3980 3983 3956
f 2561 3981 3994
f 3981 2200 3990
f 3994 3990 2563
f 3981 3990 3994
f 2554 3992 3957
f 3992 2563 3989
f 3957 3989 2198
f 3992 3989 3957
f 2561 3994 3983
f 3994 2563 3992
f 3983 3992 2554
f 3994 3992 3983
f 2091 2941 3933
f 2941 2299 3935
f 3933 3935 2548
f 2941 3935 3933
f 2299 2942 3941
f 2942 2134 3939
f 3941 3939 2550
f 2942 3939 3941
f 2548 3943 3934
f 3943 2550 3940
f 3934 3940 2197
f 3943 3940 3934
f 2299 3941 3935
f 3941 2550 3943
f 3935 3943 2548
f 3941 3943 3935
f 2134 2939 3925
f 2939 2298 3927
f 3925 3927 2545
f 2939 3927 3925
f 2298 2938 3922
f 2938 2074 3920
f 3922 3920 2543
f 2938 3920 3922
f 2545 3928 3926
f 3928 2543 3921
f 3926 3921 2195
f 3928 3921 3926
f 2298 3922 3927
f 3922 2543 3928
f 3927 3928 2545
f 3922 3928 3927
f 2197 3945 3937
f 3945 2551 3948
f 3937 3948 2549
f 3945 3948 3937
f 2551 3944 3946
f 3944 2195 3924
f 3946 3924 2544
f 3944 3924 3946
f 2549 3938 3936
f 3938 2544 3923
f 3936 3923 2106
f 3938 3923 3936
f 2551 3946 3948
f 3946 2544 3938
f 3948 3938 2549
f 3946 3938 3948
f 2134 3925 3939
f 3925 2545 3942
f 3939 3942 2550
f 3925 3942 3939
f 2545 3926 3947
f 3926 2195 3944
f 3947 3944 2551
f 3926 3944 3947
f 2550 3949 3940
f 3949 2551 3945
f 3940 3945 2197
f 3949 3945 3940
f 2545 3947 3942
f 3947 2551 3949
f 3942 3949 2550
f 3947 3949 3942
f 2107 4016 3967
f 4016 2569 4018
f 3967 4018 2557
f 4016 4018 3967
f 2569 4017 4034
f 4017 2202 4031
f 4034 4031 2572
f 4017 4031 4034
f 2557 4032 3968
f 4032 2572 4030
f 3968 4030 2199
f 4032 4030 3968
f 2569 4034 4018
f 4034 2572 4032
f 4018 4032 2557
f 4034 4032 4018
f 2202 4013 4021
f 4013 2568 4024
f 4021 4024 2570
f 4013 4024 4021
f 2568 4012 4014
f 4012 2106 3931
f 4014 3931 2547
f 4012 3931 4014
f 2570 4022 4020
f 4022 2547 3932
f 4020 3932 2196
f 4022 3932 4020
f 2568 4014 4024
f 4014 2547 4022
f 4024 4022 2570
f 4014 4022 4024
f 2199 3970 3965
f 3970 2558 3972
f 3965 3972 2556
f 3970 3972 3965
f 2558 3969 3971
f 3969 2196 3930
f 3971 3930 2546
f 3969 3930 3971
f 2556 3966 3964
f 3966 2546 3929
f 3964 3929 2082
f 3966 3929 3964
f 2558 3971 3972
f 3971 2546 3966
f 3972 3966 2556
f 3971 3966 3972
f 2202 4021 4031
f 4021 2570 4035
f 4031 4035 2572
f 4021 4035 4031
f 2570 4020 4023
f 4020 2196 3969
f 4023 3969 2558
f 4020 3969 4023
f 2572 4033 4030
f 4033 2558 3970
f 4030 3970 2199
f 4033 3970 4030
f 2570 4023 4035
f 4023 2558 4033
f 4035 4033 2572
f 4023 4033 4035
f 2091 3933 3973
f 3933 2548 3976
f 3973 3976 2559
f 3933 3976 3973
f 2548 3934 3987
f 3934 2197 3985
f 3987 3985 2562
f 3934 3985 3987
f 2559 3988 3974
f 3988 2562 3986
f 3974 3986 2200
f 3988 3986 3974
f 2548 3987 3976
f 3987 2562 3988
f 3976 3988 2559
f 3987 3988 3976
f 2197 3937 4025
f 3937 2549 4027
f 4025 4027 2571
f 3937 4027 4025
f 2549 3936 4015
f 3936 2106 4012
f 4015 4012 2568
f 3936 4012 4015
f 2571 4029 4026
f 4029 2568 4013
f 4026 4013 2202
f 4029 4013 4026
f 2549 4015 4027
f 4015 2568 4029
f 4027 4029 2571
f 4015 4029 4027
f 2200 4036 3978
f 4036 2573 4038
f 3978 4038 2560
f 4036 4038 3978
f 2573 4037 4040
f 4037 2202 4017
f 4040 4017 2569
f 4037 4017 4040
f 2560 4019 3977
f 4019 2569 4016
f 3977 4016 2107
f 4019 4016 3977
f 2573 4040 4038
f 4040 2569 4019
f 4038 4019 2560
f 4040 4019 4038
f 2197 4025 3985
f 4025 2571 4028
f 3985 4028 2562
f 4025 4028 3985
f 2571 4026 4041
f 4026 2202 4037
f 4041 4037 2573
f 4026 4037 4041
f 2562 4039 3986
f 4039 2573 4036
f 3986 4036 2200
f 4039 4036 3986
f 2571 4041 4028
f 4041 2573 4039
f 4028 4039 2562
f 4041 4039 4028
f 2080 3220 3312
f 3220 2376 3315
f 3312 3315 2398
f 3220 3315 3312
f 2376 3221 3324
f 3221 2157 3322
f 3324 3322 2401
f 3221 3322 3324
f 2398 3325 3313
f 3325 2401 3323
f 3313 3323 2162
f 3325 3323 3313
f 2376 3324 3315
f 3324 2401 3325
f 3315 3325 2398
f 3324 3325 3315
f 2157 3224 3408
f 3224 2377 3410
f 3408 3410 2420
f 3224 3410 3408
f 2377 3223 3402
f 3223 2098 3400
f 3402 3400 2418
f 3223 3400 3402
f 2420 3412 3409
f 3412 2418 3401
f 3409 3401 2166
f 3412 3401 3409
f 2377 3402 3410
f 3402 2418 3412
f 3410 3412 2420
f 3402 3412 3410
f 2162 3418 3317
f 3418 2422 3420
f 3317 3420 2399
f 3418 3420 3317
f 2422 3419 3422
f 3419 2166 3405
f 3422 3405 2419
f 3419 3405 3422
f 2399 3406 3316
f 3406 2419 3404
f 3316 3404 2099
f 3406 3404 3316
f 2422 3422 3420
f 3422 2419 3406
f 3420 3406 2399
f 3422 3406 3420
f 2157 3408 3322
f 3408 2420 3411
f 3322 3411 2401
f 3408 3411 3322
f 2420 3409 3423
f 3409 2166 3419
f 3423 3419 2422
f 3409 3419 3423
f 2401 3421 3323
f 3421 2422 3418
f 3323 3418 2162
f 3421 3418 3323
f 2420 3423 3411
f 3423 2422 3421
f 3411 3421 2401
f 3423 3421 3411
f 2098 3210 3254
f 3210 2373 3256
f 3254 3256 2385
f 3210 3256 3254
f 2373 3211 3264
f 3211 2156 3262
f 3264 3262 2387
f 3211 3262 3264
f 2385 3266 3255
f 3266 2387 3263
f 3255 3263 2159
f 3266 3263 3255
f 2373 3264 3256
f 3264 2387 3266
f 3256 3266 2385
f 3264 3266 3256
f 2156 3207 3217
f 3207 2372 3219
f 3217 3219 2375
f 3207 3219 3217
f 2372 3206 3209
f 3206 2078 3138
f 3209 3138 2350
f 3206 3138 3209
f 2375 3218 3216
f 3218 2350 3139
f 3216 3139 2148
f 3218 3139 3216
f 2372 3209 3219
f 3209 2350 3218
f 3219 3218 2375
f 3209 3218 3219
f 2159 3258 3252
f 3258 2386 3261
f 3252 3261 2384
f 3258 3261 3252
f 2386 3257 3259
f 3257 2148 3141
f 3259 3141 2351
f 3257 3141 3259
f 2384 3253 3251
f 3253 2351 3140
f 3251 3140 2095
f 3253 3140 3251
f 2386 3259 3261
f 3259 2351 3253
f 3261 3253 2384
f 3259 3253 3261
f 2156 3217 3262
f 3217 2375 3265
f 3262 3265 2387
f 3217 3265 3262
f 2375 3216 3260
f 3216 2148 3257
f 3260 3257 2386
f 3216 3257 3260
f 2387 3267 3263
f 3267 2386 3258
f 3263 3258 2159
f 3267 3258 3263
f 2375 3260 3265
f 3260 2386 3267
f 3265 3267 2387
f 3260 3267 3265
f 2099 3352 3302
f 3352 2408 3354
f 3302 3354 2395
f 3352 3354 3302
f 2408 3353 3368
f 3353 2164 3365
f 3368 3365 2411
f 3353 3365 3368
f 2395 3366 3303
f 3366 2411 3364
f 3303 3364 2161
f 3366 3364 3303
f 2408 3368 3354
f 3368 2411 3366
f 3354 3366 2395
f 3368 3366 3354
f 2164 3349 3356
f 3349 2407 3359
f 3356 3359 2409
f 3349 3359 3356
f 2407 3348 3350
f 3348 2095 3144
f 3350 3144 2353
f 3348 3144 3350
f 2409 3357 3355
f 3357 2353 3145
f 3355 3145 2149
f 3357 3145 3355
f 2407 3350 3359
f 3350 2353 3357
f 3359 3357 2409
f 3350 3357 3359
f 2161 3309 3299
f 3309 2397 3311
f 3299 3311 2394
f 3309 3311 3299
f 2397 3308 3310
f 3308 2149 3143
f 3310 3143 2352
f 3308 3143 3310
f 2394 3301 3298
f 3301 2352 3142
f 3298 3142 2079
f 3301 3142 3298
f 2397 3310 3311
f 3310 2352 3301
f 3311 3301 2394
f 3310 3301 3311
f 2164 3356 3365
f 3356 2409 3369
f 3365 3369 2411
f 3356 3369 3365
f 2409 3355 3358
f 3355 2149 3308
f 3358 3308 2397
f 3355 3308 3358
f 2411 3367 3364
f 3367 2397 3309
f 3364 3309 2161
f 3367 3309 3364
f 2409 3358 3369
f 3358 2397 3367
f 3369 3367 2411
f 3358 3367 3369
f 2098 3254 3400
f 3254 2385 3403
f 3400 3403 2418
f 3254 3403 3400
f 2385 3255 3415
f 3255 2159 3413
f 3415 3413 2421
f 3255 3413 3415
f 2418 3417 3401
f 3417 2421 3414
f 3401 3414 2166
f 3417 3414 3401
f 2385 3415 3403
f 3415 2421 3417
f 3403 3417 2418
f 3415 3417 3403
f 2159 3252 3360
f 3252 2384 3362
f 3360 3362 2410
f 3252 3362 3360
f 2384 3251 3351
f 3251 2095 3348
f 3351 3348 2407
f 3251 3348 3351
f 2410 3363 3361
f 3363 2407 3349
f 3361 3349 2164
f 3363 3349 3361
f 2384 3351 3362
f 3351 2407 3363
f 3362 3363 2410
f 3351 3363 3362
f 2166 3425 3405
f 3425 2423 3428
f 3405 3428 2419
f 3425 3428 3405
f 2423 3424 3426
f 3424 2164 3353
f 3426 3353 2408
f 3424 3353 3426
f 2419 3407 3404
f 3407 2408 3352
f 3404 3352 2099
f 3407 3352 3404
f 2423 3426 3428
f 3426 2408 3407
f 3428 3407 2419
f 3426 3407 3428
f 2159 3360 3413
f 3360 2410 3416
f 3413 3416 2421
f 3360 3416 3413
f 2410 3361 3427
f 3361 2164 3424
f 3427 3424 2423
f 3361 3424 3427
f 2421 3429 3414
f 3429 2423 3425
f 3414 3425 2166
f 3429 3425 3414
f 2410 3427 3416
f 3427 2423 3429
f 3416 3429 2421
f 3427 3429 3416
f 2081 3772 3444
f 3772 2508 3774
f 3444 3774 2428
f 3772 3774 3444
f 2508 3773 3781
f 3773 2187 3779
f 3781 3779 2510
f 3773 3779 3781
f 2428 3780 3445
f 3780 2510 3778
f 3445 3778 2168
f 3780 3778 3445
f 2508 3781 3774
f 3781 2510 3780
f 3774 3780 2428
f 3781 3780 3774
f 2187 3777 3848
f 3777 2509 3850
f 3848 3850 2526
f 3777 3850 3848
f 2509 3776 3836
f 3776 2104 3834
f 3836 3834 2523
f 3776 3834 3836
f 2526 3852 3849
f 3852 2523 3835
f 3849 3835 2190
f 3852 3835 3849
f 2509 3836 3850
f 3836 2523 3852
f 3850 3852 2526
f 3836 3852 3850
f 2168 3838 3447
f 3838 2524 3840
f 3447 3840 2429
f 3838 3840 3447
f 2524 3839 3842
f 3839 2190 3831
f 3842 3831 2522
f 3839 3831 3842
f 2429 3832 3446
f 3832 2522 3830
f 3446 3830 2100
f 3832 3830 3446
f 2524 3842 3840
f 3842 2522 3832
f 3840 3832 2429
f 3842 3832 3840
f 2187 3848 3779
f 3848 2526 3851
f 3779 3851 2510
f 3848 3851 3779
f 2526 3849 3853
f 3849 2190 3839
f 3853 3839 2524
f 3849 3839 3853
f 2510 3841 3778
f 3841 2524 3838
f 3778 3838 2168
f 3841 3838 3778
f 2526 3853 3851
f 3853 2524 3841
f 3851 3841 2510
f 3853 3841 3851
f 2104 3762 3790
f 3762 2505 3792
f 3790 3792 2513
f 3762 3792 3790
f 2505 3763 3804
f 3763 2186 3802
f 3804 3802 2516
f 3763 3802 3804
f 2513 3806 3791
f 3806 2516 3803
f 3791 3803 2188
f 3806 3803 3791
f 2505 3804 3792
f 3804 2516 3806
f 3792 3806 2513
f 3804 3806 3792
f 2186 3759 3765
f 3759 2504 3767
f 3765 3767 2506
f 3759 3767 3765
f 2504 3758 3760
f 3758 2080 3155
f 3760 3155 2357
f 3758 3155 3760
f 2506 3766 3764
f 3766 2357 3156
f 3764 3156 2151
f 3766 3156 3764
f 2504 3760 3767
f 3760 2357 3766
f 3767 3766 2506
f 3760 3766 3767
f 2188 3794 3787
f 3794 2514 3797
f 3787 3797 2512
f 3794 3797 3787
f 2514 3793 3795
f 3793 2151 3158
f 3795 3158 2358
f 3793 3158 3795
f 2512 3788 3786
f 3788 2358 3157
f 3786 3157 2096
f 3788 3157 3786
f 2514 3795 3797
f 3795 2358 3788
f 3797 3788 2512
f 3795 3788 3797
f 2186 3765 3802
f 3765 2506 3805
f 3802 3805 2516
f 3765 3805 3802
f 2506 3764 3796
f 3764 2151 3793
f 3796 3793 2514
f 3764 3793 3796
f 2516 3807 3803
f 3807 2514 3794
f 3803 3794 2188
f 3807 3794 3803
f 2506 3796 3805
f 3796 2514 3807
f 3805 3807 2516
f 3796 3807 3805
f 2100 3468 3434
f 3468 2435 3470
f 3434 3470 2425
f 3468 3470 3434
f 2435 3469 3480
f 3469 2170 3477
f 3480 3477 2437
f 3469 3477 3480
f 2425 3478 3435
f 3478 2437 3476
f 3435 3476 2167
f 3478 3476 3435
f 2435 3480 3470
f 3480 2437 3478
f 3470 3478 2425
f 3480 3478 3470
f 2170 3466 3472
f 3466 2434 3475
f 3472 3475 2436
f 3466 3475 3472
f 2434 3465 3467
f 3465 2096 3149
f 3467 3149 2355
f 3465 3149 3467
f 2436 3473 3471
f 3473 2355 3150
f 3471 3150 2150
f 3473 3150 3471
f 2434 3467 3475
f 3467 2355 3473
f 3475 3473 2436
f 3467 3473 3475
f 2167 3441 3431
f 3441 2427 3443
f 3431 3443 2424
f 3441 3443 3431
f 2427 3440 3442
f 3440 2150 3147
f 3442 3147 2354
f 3440 3147 3442
f 2424 3433 3430
f 3433 2354 3146
f 3430 3146 2073
f 3433 3146 3430
f 2427 3442 3443
f 3442 2354 3433
f 3443 3433 2424
f 3442 3433 3443
f 2170 3472 3477
f 3472 2436 3481
f 3477 3481 2437
f 3472 3481 3477
f 2436 3471 3474
f 3471 2150 3440
f 3474 3440 2427
f 3471 3440 3474
f 2437 3479 3476
f 3479 2427 3441
f 3476 3441 2167
f 3479 3441 3476
f 2436 3474 3481
f 3474 2427 3479
f 3481 3479 2437
f 3474 3479 3481
f 2104 3790 3834
f 3790 2513 3837
f 3834 3837 2523
f 3790 3837 3834
f 2513 3791 3856
f 3791 2188 3854
f 3856 3854 2527
f 3791 3854 3856
f 2523 3858 3835
f 3858 2527 3855
f 3835 3855 2190
f 3858 3855 3835
f 2513 3856 3837
f 3856 2527 3858
f 3837 3858 2523
f 3856 3858 3837
f 2188 3787 3799
f 3787 2512 3801
f 3799 3801 2515
f 3787 3801 3799
f 2512 3786 3789
f 3786 2096 3465
f 3789 3465 2434
f 3786 3465 3789
f 2515 3800 3798
f 3800 2434 3466
f 3798 3466 2170
f 3800 3466 3798
f 2512 3789 3801
f 3789 2434 3800
f 3801 3800 2515
f 3789 3800 3801
f 2190 3844 3831
f 3844 2525 3847
f 3831 3847 2522
f 3844 3847 3831
f 2525 3843 3845
f 3843 2170 3469
f 3845 3469 2435
f 3843 3469 3845
f 2522 3833 3830
f 3833 2435 3468
f 3830 3468 2100
f 3833 3468 3830
f 2525 3845 3847
f 3845 2435 3833
f 3847 3833 2522
f 3845 3833 3847
f 2188 3799 3854
f 3799 2515 3857
f 3854 3857 2527
f 3799 3857 3854
f 2515 3798 3846
f 3798 2170 3843
f 3846 3843 2525
f 3798 3843 3846
f 2527 3859 3855
f 3859 2525 3844
f 3855 3844 2190
f 3859 3844 3855
f 2515 3846 3857
f 3846 2525 3859
f 3857 3859 2527
f 3846 3859 3857
f 4634 4648 4635
f 4635 4648 4649
f 4635 4649 4636
f 4636 4649 4650
f 4636 4650 4637
f 4637 4650 4651
f 4637 4651 4638
f 4638 4651 4652
f 4638 4652 4639
f 4639 4652 4653
f 4639 4653 4640
f 4640 4653 4654
f 4640 4654 4641
f 4641 4654 4655
f 4641 4655 4642
f 4642 4655 4656
f 4642 4656 4643
f 4643 4656 4657
f 4643 4657 4644
f 4644 4657 4658
f 4644 4658 4645
f 4645 4658 4659
f 4645 4659 4646
f 4646 4659 4660
f 4646 4660 4647
f 4647 4660 4661
f 4647 4661 4634
f 4634 4661 4648
f 4648 4662 4649
f 4649 4662 4663
f 4649 4663 4650
f 4650 4663 4664
f 4650 4664 4651
f 4651 4664 4665
f 4651 4665 4652
f 4652 4665 4666
f 4652 4666 4653
f 4653 4666 4667
f 4653 4667 4654
f 4654 4667 4668
f 4654 4668 4655
f 4655 4668 4669
f 4655 4669 4656
f 4656 4669 4670
f 4656 4670 4657
f 4657 4670 4671
f 4657 4671 4658
f 4658 4671 4672
f 4658 4672 4659
f 4659 4672 4673
f 4659 4673 4660
f 4660 4673 4674
f 4660 4674 4661
f 4661 4674 4675
f 4661 4675 4648
f 4648 4675 4662
f 4662 4676 4663
f 4663 4676 4677
f 4663 4677 4664
f 4664 4677 4678
f 4664 4678 4665
f 4665 4678 4679
f 4665 4679 4666
f 4666 4679 4680
f 4666 4680 4667
f 4667 4680 4681
f 4667 4681 4668
f 4668 4681 4682
f 4668 4682 4669
f 4669 4682 4683
f 4669 4683 4670
f 4670 4683 4684
f 4670 4684 4671
f 4671 4684 4685
f 4671 4685 4672
f 4672 4685 4686
f 4672 4686 4673
f 4673 4686 4687
f 4673 4687 4674
f 4674 4687 4688
f 4674 4688 4675
f 4675 4688 4689
f 4675 4689 4662
f 4662 4689 4676
f 4676 4690 4677
f 4677 4690 4691
f 4677 4691 4678
f 4678 4691 4692
f 4678 4692 4679
f 4679 4692 4693
f 4679 4693 4680
f 4680 4693 4694
f 4680 4694 4681
f 4681 4694 4695
f 4681 4695 4682
f 4682 4695 4696
f 4682 4696 4683
f 4683 4696 4697
f 4683 4697 4684
f 4684 4697 4698
f 4684 4698 4685
f 4685 4698 4699
f 4685 4699 4686
f 4686 4699 4700
f 4686 4700 4687
f 4687 4700 4701
f 4687 4701 4688
f 4688 4701 4702
f 4688 4702 4689
f 4689 4702 4703
f 4689 4703 4676
f 4676 4703 4690
f 4690 4704 4691
f 4691 4704 4705
f 4691 4705 4692
f 4692 4705 4706
f 4692 4706 4693
f 4693 4706 4707
f 4693 4707 4694
f 4694 4707 4708
f 4694 4708 4695
f 4695 4708 4709
f 4695 4709 4696
f 4696 4709 4710
f 4696 4710 4697
f 4697 4710 4711
f 4697 4711 4698
f 4698 4711 4712
f 4698 4712 4699
f 4699 4712 4713
f 4699 4713 4700
f 4700 4713 4714
f 4700 4714 4701
f 4701 4714 4715
f 4701 4715 4702
f 4702 4715 4716
f 4702 4716 4703
f 4703 4716 4717
f 4703 4717 4690
f 4690 4717 4704
f 4704 4718 4705
f 4705 4718 4719
f 4705 4719 4706
f 4706 4719 4720
f 4706 4720 4707
f 4707 4720 4721
f 4707 4721 4708
f 4708 4721 4722
f 4708 4722 4709
f 4709 4722 4723
f 4709 4723 4710
f 4710 4723 4724
f 4710 4724 4711
f 4711 4724 4725
f 4711 4725 4712
f 4712 4725 4726
f 4712 4726 4713
f 4713 4726 4727
f 4713 4727 4714
f 4714 4727 4728
f 4714 4728 4715
f 4715 4728 4729
f 4715 4729 4716
f 4716 4729 4730
f 4716 4730 4717
f 4717 4730 4731
f 4717 4731 4704
f 4704 4731 4718
f 4718 4732 4719
f 4719 4732 4733
f 4719 4733 4720
f 4720 4733 4734
f 4720 4734 4721
f 4721 4734 4735
f 4721 4735 4722
f 4722 4735 4736
f 4722 4736 4723
f 4723 4736 4737
f 4723 4737 4724
f 4724 4737 4738
f 4724 4738 4725
f 4725 4738 4739
f 4725 4739 4726
f 4726 4739 4740
f 4726 4740 4727
f 4727 4740 4741
f 4727 4741 4728
f 4728 4741 4742
f 4728 4742 4729
f 4729 4742 4743
f 4729 4743 4730
f 4730 4743 4744
f 4730 4744 4731
f 4731 4744 4745
f 4731 4745 4718
f 4718 4745 4732
f 4732 4746 4733
f 4733 4746 4747
f 4733 4747 4734
f 4734 4747 4748
f 4734 4748 4735
f 4735 4748 4749
f 4735 4749 4736
f 4736 4749 4750
f 4736 4750 4737
f 4737 4750 4751
f 4737 4751 4738
f 4738 4751 4752
f 4738 4752 4739
f 4739 4752 4753
f 4739 4753 4740
f 4740 4753 4754
f 4740 4754 4741
f 4741 4754 4755
f 4741 4755 4742
f 4742 4755 4756
f 4742 4756 4743
f 4743 4756 4757
f 4743 4757 4744
f 4744 4757 4758
f 4744 4758 4745
f 4745 4758 4759
f 4745 4759 4732
f 4732 4759 4746
f 4746 4760 4747
f 4747 4760 4761
f 4747 4761 4748
f 4748 4761 4762
f 4748 4762 4749
f 4749 4762 4763
f 4749 4763 4750
f 4750 4763 4764
f 4750 4764 4751
f 4751 4764 4765
f 4751 4765 4752
f 4752 4765 4766
f 4752 4766 4753
f 4753 4766 4767
f 4753 4767 4754
f 4754 4767 4768
f 4754 4768 4755
f 4755 4768 4769
f 4755 4769 4756
f 4756 4769 4770
f 4756 4770 4757
f 4757 4770 4771
f 4757 4771 4758
f 4758 4771 4772
f 4758 4772 4759
f 4759 4772 4773
f 4759 4773 4746
f 4746 4773 4760
f 4760 4774 4761
f 4761 4774 4775
f 4761 4775 4762
f 4762 4775 4776
f 4762 4776 4763
f 4763 4776 4777
f 4763 4777 4764
f 4764 4777 4778
f 4764 4778 4765
f 4765 4778 4779
f 4765 4779 4766
f 4766 4779 4780
f 4766 4780 4767
f 4767 4780 4781
f 4767 4781 4768
f 4768 4781 4782
f 4768 4782 4769
f 4769 4782 4783
f 4769 4783 4770
f 4770 4783 4784
f 4770 4784 4771
f 4771 4784 4785
f 4771 4785 4772
f 4772 4785 4786
f 4772 4786 4773
f 4773 4786 4787
f 4773 4787 4760
f 4760 4787 4774
f 4774 4788 4775
f 4775 4788 4789
f 4775 4789 4776
f 4776 4789 4790
f 4776 4790 4777
f 4777 4790 4791
f 4777 4791 4778
f 4778 4791 4792
f 4778 4792 4779
f 4779 4792 4793
f 4779 4793 4780
f 4780 4793 4794
f 4780 4794 4781
f 4781 4794 4795
f 4781 4795 4782
f 4782 4795 4796
f 4782 4796 4783
f 4783 4796 4797
f 4783 4797 4784
f 4784 4797 4798
f 4784 4798 4785
f 4785 4798 4799
f 4785 4799 4786
f 4786 4799 4800
f 4786 4800 4787
f 4787 4800 4801
f 4787 4801 4774
f 4774 4801 4788
f 4788 4802 4789
f 4789 4802 4803
f 4789 4803 4790
f 4790 4803 4804
f 4790 4804 4791
f 4791 4804 4805
f 4791 4805 4792
f 4792 4805 4806
f 4792 4806 4793
f 4793 4806 4807
f 4793 4807 4794
f 4794 4807 4808
f 4794 4808 4795
f 4795 4808 4809
f 4795 4809 4796
f 4796 4809 4810
f 4796 4810 4797
f 4797 4810 4811
f 4797 4811 4798
f 4798 4811 4812
f 4798 4812 4799
f 4799 4812 4813
f 4799 4813 4800
f 4800 4813 4814
f 4800 4814 4801
f 4801 4814 4815
f 4801 4815 4788
f 4788 4815 4802
f 4802 4816 4803
f 4803 4816 4817
f 4803 4817 4804
f 4804 4817 4818
f 4804 4818 4805
f 4805 4818 4819
f 4805 4819 4806
f 4806 4819 4820
f 4806 4820 4807
f 4807 4820 4821
f 4807 4821 4808
f 4808 4821 4822
f 4808 4822 4809
f 4809 4822 4823
f 4809 4823 4810
f 4810 4823 4824
f 4810 4824 4811
f 4811 4824 4825
f 4811 4825 4812
f 4812 4825 4826
f 4812 4826 4813
f 4813 4826 4827
f 4813 4827 4814
f 4814 4827 4828
f 4814 4828 4815
f 4815 4828 4829
f 4815 4829 4802
f 4802 4829 4816
f 4816 4830 4817
f 4817 4830 4831
f 4817 4831 4818
f 4818 4831 4832
f 4818 4832 4819
f 4819 4832 4833
f 4819 4833 4820
f 4820 4833 4834
f 4820 4834 4821
f 4821 4834 4835
f 4821 4835 4822
f 4822 4835 4836
f 4822 4836 4823
f 4823 4836 4837
f 4823 4837 4824
f 4824 4837 4838
f 4824 4838 4825
f 4825 4838 4839
f 4825 4839 4826
f 4826 4839 4840
f 4826 4840 4827
f 4827 4840 4841
f 4827 4841 4828
f 4828 4841 4842
f 4828 4842 4829
f 4829 4842 4843
f 4829 4843 4816
f 4816 4843 4830
f 4830 4844 4831
f 4831 4844 4845
f 4831 4845 4832
f 4832 4845 4846
f 4832 4846 4833
f 4833 4846 4847
f 4833 4847 4834
f 4834 4847 4848
f 4834 4848 4835
f 4835 4848 4849
f 4835 4849 4836
f 4836 4849 4850
f 4836 4850 4837
f 4837 4850 4851
f 4837 4851 4838
f 4838 4851 4852
f 4838 4852 4839
f 4839 4852 4853
f 4839 4853 4840
f 4840 4853 4854
f 4840 4854 4841
f 4841 4854 4855
f 4841 4855 4842
f 4842 4855 4856
f 4842 4856 4843
f 4843 4856 4857
f 4843 4857 4830
f 4830 4857 4844
f 4844 4858 4845
f 4845 4858 4859
f 4845 4859 4846
f 4846 4859 4860
f 4846 4860 4847
f 4847 4860 4861
f 4847 4861 4848
f 4848 4861 4862
f 4848 4862 4849
f 4849 4862 4863
f 4849 4863 4850
f 4850 4863 4864
f 4850 4864 4851
f 4851 4864 4865
f 4851 4865 4852
f 4852 4865 4866
f 4852 4866 4853
f 4853 4866 4867
f 4853 4867 4854
f 4854 4867 4868
f 4854 4868 4855
f 4855 4868 4869
f 4855 4869 4856
f 4856 4869 4870
f 4856 4870 4857
f 4857 4870 4871
f 4857 4871 4844
f 4844 4871 4858
f 4858 4872 4859
f 4859 4872 4873
f 4859 4873 4860
f 4860 4873 4874
f 4860 4874 4861
f 4861 4874 4875
f 4861 4875 4862
f 4862 4875 4876
f 4862 4876 4863
f 4863 4876 4877
f 4863 4877 4864
f 4864 4877 4878
f 4864 4878 4865
f 4865 4878 4879
f 4865 4879 4866
f 4866 4879 4880
f 4866 4880 4867
f 4867 4880 4881
f 4867 4881 4868
f 4868 4881 4882
f 4868 4882 4869
f 4869 4882 4883
f 4869 4883 4870
f 4870 4883 4884
f 4870 4884 4871
f 4871 4884 4885
f 4871 4885 4858
f 4858 4885 4872
f 4872 4886 4873
f 4873 4886 4887
f 4873 4887 4874
f 4874 4887 4888
f 4874 4888 4875
f 4875 4888 4889
f 4875 4889 4876
f 4876 4889 4890
f 4876 4890 4877
f 4877 4890 4891
f 4877 4891 4878
f 4878 4891 4892
f 4878 4892 4879
f 4879 4892 4893
f 4879 4893 4880
f 4880 4893 4894
f 4880 4894 4881
f 4881 4894 4895
f 4881 4895 4882
f 4882 4895 4896
f 4882 4896 4883
f 4883 4896 4897
f 4883 4897 4884
f 4884 4897 4898
f 4884 4898 4885
f 4885 4898 4899
f 4885 4899 4872
f 4872 4899 4886
f 4886 4900 4887
f 4887 4900 4901
f 4887 4901 4888
f 4888 4901 4902
f 4888 4902 4889
f 4889 4902 4903
f 4889 4903 4890
f 4890 4903 4904
f 4890 4904 4891
f 4891 4904 4905
f 4891 4905 4892
f 4892 4905 4906
f 4892 4906 4893
f 4893 4906 4907
f 4893 4907 4894
f 4894 4907 4908
f 4894 4908 4895
f 4895 4908 4909
f 4895 4909 4896
f 4896 4909 4910
f 4896 4910 4897
f 4897 4910 4911
f 4897 4911 4898
f 4898 4911 4912
f 4898 4912 4899
f 4899 4912 4913
f 4899 4913 4886
f 4886 4913 4900
f 4900 4914 4901
f 4901 4914 4915
f 4901 4915 4902
f 4902 4915 4916
f 4902 4916 4903
f 4903 4916 4917
f 4903 4917 4904
f 4904 4917 4918
f 4904 4918 4905
f 4905 4918 4919
f 4905 4919 4906
f 4906 4919 4920
f 4906 4920 4907
f 4907 4920 4921
f 4907 4921 4908
f 4908 4921 4922
f 4908 4922 4909
f 4909 4922 4923
f 4909 4923 4910
f 4910 4923 4924
f 4910 4924 4911
f 4911 4924 4925
f 4911 4925 4912
f 4912 4925 4926
f 4912 4926 4913
f 4913 4926 4927
f 4913 4927 4900
f 4900 4927 4914
f 4914 4928 4915
f 4915 4928 4929
f 4915 4929 4916
f 4916 4929 4930
f 4916 4930 4917
f 4917 4930 4931
f 4917 4931 4918
f 4918 4931 4932
f 4918 4932 4919
f 4919 4932 4933
f 4919 4933 4920
f 4920 4933 4934
f 4920 4934 4921
f 4921 4934 4935
f 4921 4935 4922
f 4922 4935 4936
f 4922 4936 4923
f 4923 4936 4937
f 4923 4937 4924
f 4924 4937 4938
f 4924 4938 4925
f 4925 4938 4939
f 4925 4939 4926
f 4926 4939 4940
f 4926 4940 4927
f 4927 4940 4941
f 4927 4941 4914
f 4914 4941 4928
f 4928 4942 4929
f 4929 4942 4943
f 4929 4943 4930
f 4930 4943 4944
f 4930 4944 4931
f 4931 4944 4945
f 4931 4945 4932
f 4932 4945 4946
f 4932 4946 4933
f 4933 4946 4947
f 4933 4947 4934
f 4934 4947 4948
f 4934 4948 4935
f 4935 4948 4949
f 4935 4949 4936
f 4936 4949 4950
f 4936 4950 4937
f 4937 4950 4951
f 4937 4951 4938
f 4938 4951 4952
f 4938 4952 4939
f 4939 4952 4953
f 4939 4953 4940
f 4940 4953 4954
f 4940 4954 4941
f 4941 4954 4955
f 4941 4955 4928
f 4928 4955 4942
f 4942 4956 4943
f 4943 4956 4957
f 4943 4957 4944
f 4944 4957 4958
f 4944 4958 4945
f 4945 4958 4959
f 4945 4959 4946
f 4946 4959 4960
f 4946 4960 4947
f 4947 4960 4961
f 4947 4961 4948
f 4948 4961 4962
f 4948 4962 4949
f 4949 4962 4963
f 4949 4963 4950
f 4950 4963 4964
f 4950 4964 4951
f 4951 4964 4965
f 4951 4965 4952
f 4952 4965 4966
f 4952 4966 4953
f 4953 4966 4967
f 4953 4967 4954
f 4954 4967 4968
f 4954 4968 4955
f 4955 4968 4969
f 4955 4969 4942
f 4942 4969 4956
f 4956 4970 4957
f 4957 4970 4971
f 4957 4971 4958
f 4958 4971 4972
f 4958 4972 4959
f 4959 4972 4973
f 4959 4973 4960
f 4960 4973 4974
f 4960 4974 4961
f 4961 4974 4975
f 4961 4975 4962
f 4962 4975 4976
f 4962 4976 4963
f 4963 4976 4977
f 4963 4977 4964
f 4964 4977 4978
f 4964 4978 4965
f 4965 4978 4979
f 4965 4979 4966
f 4966 4979 4980
f 4966 4980 4967
f 4967 4980 4981
f 4967 4981 4968
f 4968 4981 4982
f 4968 4982 4969
f 4969 4982 4983
f 4969 4983 4956
f 4956 4983 4970
f 4970 4984 4971
f 4971 4984 4985
f 4971 4985 4972
f 4972 4985 4986
f 4972 4986 4973
f 4973 4986 4987
f 4973 4987 4974
f 4974 4987 4988
f 4974 4988 4975
f 4975 4988 4989
f 4975 4989 4976
f 4976 4989 4990
f 4976 4990 4977
f 4977 4990 4991
f 4977 4991 4978
f 4978 4991 4992
f 4978 4992 4979
f 4979 4992 4993
f 4979 4993 4980
f 4980 4993 4994
f 4980 4994 4981
f 4981 4994 4995
f 4981 4995 4982
f 4982 4995 4996
f 4982 4996 4983
f 4983 4996 4997
f 4983 4997 4970
f 4970 4997 4984
f 4984 4998 4985
f 4985 4998 4999
f 4985 4999 4986
f 4986 4999 5000
f 4986 5000 4987
f 4987 5000 5001
f 4987 5001 4988
f 4988 5001 5002
f 4988 5002 4989
f 4989 5002 5003
f 4989 5003 4990
f 4990 5003 5004
f 4990 5004 4991
f 4991 5004 5005
f 4991 5005 4992
f 4992 5005 5006
f 4992 5006 4993
f 4993 5006 5007
f 4993 5007 4994
f 4994 5007 5008
f 4994 5008 4995
f 4995 5008 5009
f 4995 5009 4996
f 4996 5009 5010
f 4996 5010 4997
f 4997 5010 5011
f 4997 5011 4984
f 4984 5011 4998
f 4998 5012 4999
f 4999 5012 5013
f 4999 5013 5000
f 5000 5013 5014
f 5000 5014 5001
f 5001 5014 5015
f 5001 5015 5002
f 5002 5015 5016
f 5002 5016 5003
f 5003 5016 5017
f 5003 5017 5004
f 5004 5017 5018
f 5004 5018 5005
f 5005 5018 5019
f 5005 5019 5006
f 5006 5019 5020
f 5006 5020 5007
f 5007 5020 5021
f 5007 5021 5008
f 5008 5021 5022
f 5008 5022 5009
f 5009 5022 5023
f 5009 5023 5010
f 5010 5023 5024
f 5010 5024 5011
f 5011 5024 5025
f 5011 5025 4998
f 4998 5025 5012
f 5012 5026 5013
f 5013 5026 5027
f 5013 5027 5014
f 5014 5027 5028
f 5014 5028 5015
f 5015 5028 5029
f 5015 5029 5016
f 5016 5029 5030
f 5016 5030 5017
f 5017 5030 5031
f 5017 5031 5018
f 5018 5031 5032
f 5018 5032 5019
f 5019 5032 5033
f 5019 5033 5020
f 5020 5033 5034
f 5020 5034 5021
f 5021 5034 5035
f 5021 5035 5022
f 5022 5035 5036
f 5022 5036 5023
f 5023 5036 5037
f 5023 5037 5024
f 5024 5037 5038
f 5024 5038 5025
f 5025 5038 5039
f 5025 5039 5012
f 5012 5039 5026
f 5026 5040 5027
f 5027 5040 5041
f 5027 5041 5028
f 5028 5041 5042
f 5028 5042 5029
f 5029 5042 5043
f 5029 5043 5030
f 5030 5043 5044
f 5030 5044 5031
f 5031 5044 5045
f 5031 5045 5032
f 5032 5045 5046
f 5032 5046 5033
f 5033 5046 5047
f 5033 5047 5034
f 5034 5047 5048
f 5034 5048 5035
f 5035 5048 5049
f 5035 5049 5036
f 5036 5049 5050
f 5036 5050 5037
f 5037 5050 5051
f 5037 5051 5038
f 5038 5051 5052
f 5038 5052 5039
f 5039 5052 5053
f 5039 5053 5026
f 5026 5053 5040
f 5040 5054 5041
f 5041 5054 5055
f 5041 5055 5042
f 5042 5055 5056
f 5042 5056 5043
f 5043 5056 5057
f 5043 5057 5044
f 5044 5057 5058
f 5044 5058 5045
f 5045 5058 5059
f 5045 5059 5046
f 5046 5059 5060
f 5046 5060 5047
f 5047 5060 5061
f 5047 5061 5048
f 5048 5061 5062
f 5048 5062 5049
f 5049 5062 5063
f 5049 5063 5050
f 5050 5063 5064
f 5050 5064 5051
f 5051 5064 5065
f 5051 5065 5052
f 5052 5065 5066
f 5052 5066 5053
f 5053 5066 5067
f 5053 5067 5040
f 5040 5067 5054
f 5054 5068 5055
f 5055 5068 5069
f 5055 5069 5056
f 5056 5069 5070
f 5056 5070 5057
f 5057 5070 5071
f 5057 5071 5058
f 5058 5071 5072
f 5058 5072 5059
f 5059 5072 5073
f 5059 5073 5060
f 5060 5073 5074
f 5060 5074 5061
f 5061 5074 5075
f 5061 5075 5062
f 5062 5075 5076
f 5062 5076 5063
f 5063 5076 5077
f 5063 5077 5064
f 5064 5077 5078
f 5064 5078 5065
f 5065 5078 5079
f 5065 5079 5066
f 5066 5079 5080
f 5066 5080 5067
f 5067 5080 5081
f 5067 5081 5054
f 5054 5081 5068
f 5068 5082 5069
f 5069 5082 5083
f 5069 5083 5070
f 5070 5083 5084
f 5070 5084 5071
f 5071 5084 5085
f 5071 5085 5072
f 5072 5085 5086
f 5072 5086 5073
f 5073 5086 5087
f 5073 5087 5074
f 5074 5087 5088
f 5074 5088 5075
f 5075 5088 5089
f 5075 5089 5076
f 5076 5089 5090
f 5076 5090 5077
f 5077 5090 5091
f 5077 5091 5078
f 5078 5091 5092
f 5078 5092 5079
f 5079 5092 5093
f 5079 5093 5080
f 5080 5093 5094
f 5080 5094 5081
f 5081 5094 5095
f 5081 5095 5068
f 5068 5095 5082
f 5082 5096 5083
f 5083 5096 5097
f 5083 5097 5084
f 5084 5097 5098
f 5084 5098 5085
f 5085 5098 5099
f 5085 5099 5086
f 5086 5099 5100
f 5086 5100 5087
f 5087 5100 5101
f 5087 5101 5088
f 5088 5101 5102
f 5088 5102 5089
f 5089 5102 5103
f 5089 5103 5090
f 5090 5103 5104
f 5090 5104 5091
f 5091 5104 5105
f 5091 5105 5092
f 5092 5105 5106
f 5092 5106 5093
f 5093 5106 5107
f 5093 5107 5094
f 5094 5107 5108
f 5094 5108 5095
f 5095 5108 5109
f 5095 5109 5082
f 5082 5109 5096
f 5096 5110 5097
f 5097 5110 5111
f 5097 5111 5098
f 5098 5111 5112
f 5098 5112 5099
f 5099 5112 5113
f 5099 5113 5100
f 5100 5113 5114
f 5100 5114 5101
f 5101 5114 5115
f 5101 5115 5102
f 5102 5115 5116
f 5102 5116 5103
f 5103 5116 5117
f 5103 5117 5104
f 5104 5117 5118
f 5104 5118 5105
f 5105 5118 5119
f 5105 5119 5106
f 5106 5119 5120
f 5106 5120 5107
f 5107 5120 5121
f 5107 5121 5108
f 5108 5121 5122
f 5108 5122 5109
f 5109 5122 5123
f 5109 5123 5096
f 5096 5123 5110
f 5110 5124 5111
f 5111 5124 5125
f 5111 5125 5112
f 5112 5125 5126
f 5112 5126 5113
f 5113 5126 5127
f 5113 5127 5114
f 5114 5127 5128
f 5114 5128 5115
f 5115 5128 5129
f 5115 5129 5116
f 5116 5129 5130
f 5116 5130 5117
f 5117 5130 5131
f 5117 5131 5118
f 5118 5131 5132
f 5118 5132 5119
f 5119 5132 5133
f 5119 5133 5120
f 5120 5133 5134
f 5120 5134 5121
f 5121 5134 5135
f 5121 5135 5122
f 5122 5135 5136
f 5122 5136 5123
f 5123 5136 5137
f 5123 5137 5110
f 5110 5137 5124
f 5124 5138 5125
f 5125 5138 5139
f 5125 5139 5126
f 5126 5139 5140
f 5126 5140 5127
f 5127 5140 5141
f 5127 5141 5128
f 5128 5141 5142
f 5128 5142 5129
f 5129 5142 5143
f 5129 5143 5130
f 5130 5143 5144
f 5130 5144 5131
f 5131 5144 5145
f 5131 5145 5132
f 5132 5145 5146
f 5132 5146 5133
f 5133 5146 5147
f 5133 5147 5134
f 5134 5147 5148
f 5134 5148 5135
f 5135 5148 5149
f 5135 5149 5136
f 5136 5149 5150
f 5136 5150 5137
f 5137 5150 5151
f 5137 5151 5124
f 5124 5151 5138
f 5138 5152 5139
f 5139 5152 5153
f 5139 5153 5140
f 5140 5153 5154
f 5140 5154 5141
f 5141 5154 5155
f 5141 5155 5142
f 5142 5155 5156
f 5142 5156 5143
f 5143 5156 5157
f 5143 5157 5144
f 5144 5157 5158
f 5144 5158 5145
f 5145 5158 5159
f 5145 5159 5146
f 5146 5159 5160
f 5146 5160 5147
f 5147 5160 5161
f 5147 5161 5148
f 5148 5161 5162
f 5148 5162 5149
f 5149 5162 5163
f 5149 5163 5150
f 5150 5163 5164
f 5150 5164 5151
f 5151 5164 5165
f 5151 5165 5138
f 5138 5165 5152
f 5152 5166 5153
f 5153 5166 5167
f 5153 5167 5154
f 5154 5167 5168
f 5154 5168 5155
f 5155 5168 5169
f 5155 5169 5156
f 5156 5169 5170
f 5156 5170 5157
f 5157 5170 5171
f 5157 5171 5158
f 5158 5171 5172
f 5158 5172 5159
f 5159 5172 5173
f 5159 5173 5160
f 5160 5173 5174
f 5160 5174 5161
f 5161 5174 5175
f 5161 5175 5162
f 5162 5175 5176
f 5162 5176 5163
f 5163 5176 5177
f 5163 5177 5164
f 5164 5177 5178
f 5164 5178 5165
f 5165 5178 5179
f 5165 5179 5152
f 5152 5179 5166
f 5166 5180 5167
f 5167 5180 5181
f 5167 5181 5168
f 5168 5181 5182
f 5168 5182 5169
f 5169 5182 5183
f 5169 5183 5170
f 5170 5183 5184
f 5170 5184 5171
f 5171 5184 5185
f 5171 5185 5172
f 5172 5185 5186
f 5172 5186 5173
f 5173 5186 5187
f 5173 5187 5174
f 5174 5187 5188
f 5174 5188 5175
f 5175 5188 5189
f 5175 5189 5176
f 5176 5189 5190
f 5176 5190 5177
f 5177 5190 5191
f 5177 5191 5178
f 5178 5191 5192
f 5178 5192 5179
f 5179 5192 5193
f 5179 5193 5166
f 5166 5193 5180
f 5180 5194 5181
f 5181 5194 5195
f 5181 5195 5182
f 5182 5195 5196
f 5182 5196 5183
f 5183 5196 5197
f 5183 5197 5184
f 5184 5197 5198
f 5184 5198 5185
f 5185 5198 5199
f 5185 5199 5186
f 5186 5199 5200
f 5186 5200 5187
f 5187 5200 5201
f 5187 5201 5188
f 5188 5201 5202
f 5188 5202 5189
f 5189 5202 5203
f 5189 5203 5190
f 5190 5203 5204
f 5190 5204 5191
f 5191 5204 5205
f 5191 5205 5192
f 5192 5205 5206
f 5192 5206 5193
f 5193 5206 5207
f 5193 5207 5180
f 5180 5207 5194
f 5194 5208 5195
f 5195 5208 5209
f 5195 5209 5196
f 5196 5209 5210
f 5196 5210 5197
f 5197 5210 5211
f 5197 5211 5198
f 5198 5211 5212
f 5198 5212 5199
f 5199 5212 5213
f 5199 5213 5200
f 5200 5213 5214
f 5200 5214 5201
f 5201 5214 5215
f 5201 5215 5202
f 5202 5215 5216
f 5202 5216 5203
f 5203 5216 5217
f 5203 5217 5204
f 5204 5217 5218
f 5204 5218 5205
f 5205 5218 5219
f 5205 5219 5206
f 5206 5219 5220
f 5206 5220 5207
f 5207 5220 5221
f 5207 5221 5194
f 5194 5221 5208
f 5208 5222 5209
f 5209 5222 5223
f 5209 5223 5210
f 5210 5223 5224
f 5210 5224 5211
f 5211 5224 5225
f 5211 5225 5212
f 5212 5225 5226
f 5212 5226 5213
f 5213 5226 5227
f 5213 5227 5214
f 5214 5227 5228
f 5214 5228 5215
f 5215 5228 5229
f 5215 5229 5216
f 5216 5229 5230
f 5216 5230 5217
f 5217 5230 5231
f 5217 5231 5218
f 5218 5231 5232
f 5218 5232 5219
f 5219 5232 5233
f 5219 5233 5220
f 5220 5233 5234
f 5220 5234 5221
f 5221 5234 5235
f 5221 5235 5208
f 5208 5235 5222
f 5222 5236 5223
f 5223 5236 5237
f 5223 5237 5224
f 5224 5237 5238
f 5224 5238 5225
f 5225 5238 5239
f 5225 5239 5226
f 5226 5239 5240
f 5226 5240 5227
f 5227 5240 5241
f 5227 5241 5228
f 5228 5241 5242
f 5228 5242 5229
f 5229 5242 5243
f 5229 5243 5230
f 5230 5243 5244
f 5230 5244 5231
f 5231 5244 5245
f 5231 5245 5232
f 5232 5245 5246
f 5232 5246 5233
f 5233 5246 5247
f 5233 5247 5234
f 5234 5247 5248
f 5234 5248 5235
f 5235 5248 5249
f 5235 5249 5222
f 5222 5249 5236
f 5236 5250 5237
f 5237 5250 5251
f 5237 5251 5238
f 5238 5251 5252
f 5238 5252 5239
f 5239 5252 5253
f 5239 5253 5240
f 5240 5253 5254
f 5240 5254 5241
f 5241 5254 5255
f 5241 5255 5242
f 5242 5255 5256
f 5242 5256 5243
f 5243 5256 5257
f 5243 5257 5244
f 5244 5257 5258
f 5244 5258 5245
f 5245 5258 5259
f 5245 5259 5246
f 5246 5259 5260
f 5246 5260 5247
f 5247 5260 5261
f 5247 5261 5248
f 5248 5261 5262
f 5248 5262 5249
f 5249 5262 5263
f 5249 5263 5236
f 5236 5263 5250
f 5250 5264 5251
f 5251 5264 5265
f 5251 5265 5252
f 5252 5265 5266
f 5252 5266 5253
f 5253 5266 5267
f 5253 5267 5254
f 5254 5267 5268
f 5254 5268 5255
f 5255 5268 5269
f 5255 5269 5256
f 5256 5269 5270
f 5256 5270 5257
f 5257 5270 5271
f 5257 5271 5258
f 5258 5271 5272
f 5258 5272 5259
f 5259 5272 5273
f 5259 5273 5260
f 5260 5273 5274
f 5260 5274 5261
f 5261 5274 5275
f 5261 5275 5262
f 5262 5275 5276
f 5262 5276 5263
f 5263 5276 5277
f 5263 5277 5250
f 5250 5277 5264
f 5264 5278 5265
f 5265 5278 5279
f 5265 5279 5266
f 5266 5279 5280
f 5266 5280 5267
f 5267 5280 5281
f 5267 5281 5268
f 5268 5281 5282
f 5268 5282 5269
f 5269 5282 5283
f 5269 5283 5270
f 5270 5283 5284
f 5270 5284 5271
f 5271 5284 5285
f 5271 5285 5272
f 5272 5285 5286
f 5272 5286 5273
f 5273 5286 5287
f 5273 5287 5274
f 5274 5287 5288
f 5274 5288 5275
f 5275 5288 5289
f 5275 5289 5276
f 5276 5289 5290
f 5276 5290 5277
f 5277 5290 5291
f 5277 5291 5264
f 5264 5291 5278
f 5278 5292 5279
f 5279 5292 5293
f 5279 5293 5280
f 5280 5293 5294
f 5280 5294 5281
f 5281 5294 5295
f 5281 5295 5282
f 5282 5295 5296
f 5282 5296 5283
f 5283 5296 5297
f 5283 5297 5284
f 5284 5297 5298
f 5284 5298 5285
f 5285 5298 5299
f 5285 5299 5286
f 5286 5299 5300
f 5286 5300 5287
f 5287 5300 5301
f 5287 5301 5288
f 5288 5301 5302
f 5288 5302 5289
f 5289 5302 5303
f 5289 5303 5290
f 5290 5303 5304
f 5290 5304 5291
f 5291 5304 5305
f 5291 5305 5278
f 5278 5305 5292
f 5292 5306 5293
f 5293 5306 5307
f 5293 5307 5294
f 5294 5307 5308
f 5294 5308 5295
f 5295 5308 5309
f 5295 5309 5296
f 5296 5309 5310
f 5296 5310 5297
f 5297 5310 5311
f 5297 5311 5298
f 5298 5311 5312
f 5298 5312 5299
f 5299 5312 5313
f 5299 5313 5300
f 5300 5313 5314
f 5300 5314 5301
f 5301 5314 5315
f 5301 5315 5302
f 5302 5315 5316
f 5302 5316 5303
f 5303 5316 5317
f 5303 5317 5304
f 5304 5317 5318
f 5304 5318 5305
f 5305 5318 5319
f 5305 5319 5292
f 5292 5319 5306
f 5306 5320 5307
f 5307 5320 5321
f 5307 5321 5308
f 5308 5321 5322
f 5308 5322 5309
f 5309 5322 5323
f 5309 5323 5310
f 5310 5323 5324
f 5310 5324 5311
f 5311 5324 5325
f 5311 5325 5312
f 5312 5325 5326
f 5312 5326 5313
f 5313 5326 5327
f 5313 5327 5314
f 5314 5327 5328
f 5314 5328 5315
f 5315 5328 5329
f 5315 5329 5316
f 5316 5329 5330
f 5316 5330 5317
f 5317 5330 5331
f 5317 5331 5318
f 5318 5331 5332
f 5318 5332 5319
f 5319 5332 5333
f 5319 5333 5306
f 5306 5333 5320
f 5320 5334 5321
f 5321 5334 5335
f 5321 5335 5322
f 5322 5335 5336
f 5322 5336 5323
f 5323 5336 5337
f 5323 5337 5324
f 5324 5337 5338
f 5324 5338 5325
f 5325 5338 5339
f 5325 5339 5326
f 5326 5339 5340
f 5326 5340 5327
f 5327 5340 5341
f 5327 5341 5328
f 5328 5341 5342
f 5328 5342 5329
f 5329 5342 5343
f 5329 5343 5330
f 5330 5343 5344
f 5330 5344 5331
f 5331 5344 5345
f 5331 5345 5332
f 5332 5345 5346
f 5332 5346 5333
f 5333 5346 5347
f 5333 5347 5320
f 5320 5347 5334
f 5334 5348 5335
f 5335 5348 5349
f 5335 5349 5336
f 5336 5349 5350
f 5336 5350 5337
f 5337 5350 5351
f 5337 5351 5338
f 5338 5351 5352
f 5338 5352 5339
f 5339 5352 5353
f 5339 5353 5340
f 5340 5353 5354
f 5340 5354 5341
f 5341 5354 5355
f 5341 5355 5342
f 5342 5355 5356
f 5342 5356 5343
f 5343 5356 5357
f 5343 5357 5344
f 5344 5357 5358
f 5344 5358 5345
f 5345 5358 5359
f 5345 5359 5346
f 5346 5359 5360
f 5346 5360 5347
f 5347 5360 5361
f 5347 5361 5334
f 5334 5361 5348
f 5348 5362 5349
f 5349 5362 5363
f 5349 5363 5350
f 5350 5363 5364
f 5350 5364 5351
f 5351 5364 5365
f 5351 5365 5352
f 5352 5365 5366
f 5352 5366 5353
f 5353 5366 5367
f 5353 5367 5354
f 5354 5367 5368
f 5354 5368 5355
f 5355 5368 5369
f 5355 5369 5356
f 5356 5369 5370
f 5356 5370 5357
f 5357 5370 5371
f 5357 5371 5358
f 5358 5371 5372
f 5358 5372 5359
f 5359 5372 5373
f 5359 5373 5360
f 5360 5373 5374
f 5360 5374 5361
f 5361 5374 5375
f 5361 5375 5348
f 5348 5375 5362
f 5362 5376 5363
f 5363 5376 5377
f 5363 5377 5364
f 5364 5377 5378
f 5364 5378 5365
f 5365 5378 5379
f 5365 5379 5366
f 5366 5379 5380
f 5366 5380 5367
f 5367 5380 5381
f 5367 5381 5368
f 5368 5381 5382
f 5368 5382 5369
f 5369 5382 5383
f 5369 5383 5370
f 5370 5383 5384
f 5370 5384 5371
f 5371 5384 5385
f 5371 5385 5372
f 5372 5385 5386
f 5372 5386 5373
f 5373 5386 5387
f 5373 5387 5374
f 5374 5387 5388
f 5374 5388 5375
f 5375 5388 5389
f 5375 5389 5362
f 5362 5389 5376
f 5376 5390 5377
f 5377 5390 5391
f 5377 5391 5378
f 5378 5391 5392
f 5378 5392 5379
f 5379 5392 5393
f 5379 5393 5380
f 5380 5393 5394
f 5380 5394 5381
f 5381 5394 5395
f 5381 5395 5382
f 5382 5395 5396
f 5382 5396 5383
f 5383 5396 5397
f 5383 5397 5384
f 5384 5397 5398
f 5384 5398 5385
f 5385 5398 5399
f 5385 5399 5386
f 5386 5399 5400
f 5386 5400 5387
f 5387 5400 5401
f 5387 5401 5388
f 5388 5401 5402
f 5388 5402 5389
f 5389 5402 5403
f 5389 5403 5376
f 5376 5403 5390
f 5390 5404 5391
f 5391 5404 5405
f 5391 5405 5392
f 5392 5405 5406
f 5392 5406 5393
f 5393 5406 5407
f 5393 5407 5394
f 5394 5407 5408
f 5394 5408 5395
f 5395 5408 5409
f 5395 5409 5396
f 5396 5409 5410
f 5396 5410 5397
f 5397 5410 5411
f 5397 5411 5398
f 5398 5411 5412
f 5398 5412 5399
f 5399 5412 5413
f 5399 5413 5400
f 5400 5413 5414
f 5400 5414 5401
f 5401 5414 5415
f 5401 5415 5402
f 5402 5415 5416
f 5402 5416 5403
f 5403 5416 5417
f 5403 5417 5390
f 5390 5417 5404
f 5404 5418 5405
f 5405 5418 5419
f 5405 5419 5406
f 5406 5419 5420
f 5406 5420 5407
f 5407 5420 5421
f 5407 5421 5408
f 5408 5421 5422
f 5408 5422 5409
f 5409 5422 5423
f 5409 5423 5410
f 5410 5423 5424
f 5410 5424 5411
f 5411 5424 5425
f 5411 5425 5412
f 5412 5425 5426
f 5412 5426 5413
f 5413 5426 5427
f 5413 5427 5414
f 5414 5427 5428
f 5414 5428 5415
f 5415 5428 5429
f 5415 5429 5416
f 5416 5429 5430
f 5416 5430 5417
f 5417 5430 5431
f 5417 5431 5404
f 5404 5431 5418
f 5418 5432 5419
f 5419 5432 5433
f 5419 5433 5420
f 5420 5433 5434
f 5420 5434 5421
f 5421 5434 5435
f 5421 5435 5422
f 5422 5435 5436
f 5422 5436 5423
f 5423 5436 5437
f 5423 5437 5424
f 5424 5437 5438
f 5424 5438 5425
f 5425 5438 5439
f 5425 5439 5426
f 5426 5439 5440
f 5426 5440 5427
f 5427 5440 5441
f 5427 5441 5428
f 5428 5441 5442
f 5428 5442 5429
f 5429 5442 5443
f 5429 5443 5430
f 5430 5443 5444
f 5430 5444 5431
f 5431 5444 5445
f 5431 5445 5418
f 5418 5445 5432
f 5432 5446 5433
f 5433 5446 5447
f 5433 5447 5434
f 5434 5447 5448
f 5434 5448 5435
f 5435 5448 5449
f 5435 5449 5436
f 5436 5449 5450
f 5436 5450 5437
f 5437 5450 5451
f 5437 5451 5438
f 5438 5451 5452
f 5438 5452 5439
f 5439 5452 5453
f 5439 5453 5440
f 5440 5453 5454
f 5440 5454 5441
f 5441 5454 5455
f 5441 5455 5442
f 5442 5455 5456
f 5442 5456 5443
f 5443 5456 5457
f 5443 5457 5444
f 5444 5457 5458
f 5444 5458 5445
f 5445 5458 5459
f 5445 5459 5432
f 5432 5459 5446
f 5446 5460 5447
f 5447 5460 5461
f 5447 5461 5448
f 5448 5461 5462
f 5448 5462 5449
f 5449 5462 5463
f 5449 5463 5450
f 5450 5463 5464
f 5450 5464 5451
f 5451 5464 5465
f 5451 5465 5452
f 5452 5465 5466
f 5452 5466 5453
f 5453 5466 5467
f 5453 5467 5454
f 5454 5467 5468
f 5454 5468 5455
f 5455 5468 5469
f 5455 5469 5456
f 5456 5469 5470
f 5456 5470 5457
f 5457 5470 5471
f 5457 5471 5458
f 5458 5471 5472
f 5458 5472 5459
f 5459 5472 5473
f 5459 5473 5446
f 5446 5473 5460
f 5460 5474 5461
f 5461 5474 5475
f 5461 5475 5462
f 5462 5475 5476
f 5462 5476 5463
f 5463 5476 5477
f 5463 5477 5464
f 5464 5477 5478
f 5464 5478 5465
f 5465 5478 5479
f 5465 5479 5466
f 5466 5479 5480
f 5466 5480 5467
f 5467 5480 5481
f 5467 5481 5468
f 5468 5481 5482
f 5468 5482 5469
f 5469 5482 5483
f 5469 5483 5470
f 5470 5483 5484
f 5470 5484 5471
f 5471 5484 5485
f 5471 5485 5472
f 5472 5485 5486
f 5472 5486 5473
f 5473 5486 5487
f 5473 5487 5460
f 5460 5487 5474
f 5474 5488 5475
f 5475 5488 5489
f 5475 5489 5476
f 5476 5489 5490
f 5476 5490 5477
f 5477 5490 5491
f 5477 5491 5478
f 5478 5491 5492
f 5478 5492 5479
f 5479 5492 5493
f 5479 5493 5480
f 5480 5493 5494
f 5480 5494 5481
f 5481 5494 5495
f 5481 5495 5482
f 5482 5495 5496
f 5482 5496 5483
f 5483 5496 5497
f 5483 5497 5484
f 5484 5497 5498
f 5484 5498 5485
f 5485 5498 5499
f 5485 5499 5486
f 5486 5499 5500
f 5486 5500 5487
f 5487 5500 5501
f 5487 5501 5474
f 5474 5501 5488
f 5488 5502 5489
f 5489 5502 5503
f 5489 5503 5490
f 5490 5503 5504
f 5490 5504 5491
f 5491 5504 5505
f 5491 5505 5492
f 5492 5505 5506
f 5492 5506 5493
f 5493 5506 5507
f 5493 5507 5494
f 5494 5507 5508
f 5494 5508 5495
f 5495 5508 5509
f 5495 5509 5496
f 5496 5509 5510
f 5496 5510 5497
f 5497 5510 5511
f 5497 5511 5498
f 5498 5511 5512
f 5498 5512 5499
f 5499 5512 5513
f 5499 5513 5500
f 5500 5513 5514
f 5500 5514 5501
f 5501 5514 5515
f 5501 5515 5488
f 5488 5515 5502
f 5502 5516 5503
f 5503 5516 5517
f 5503 5517 5504
f 5504 5517 5518
f 5504 5518 5505
f 5505 5518 5519
f 5505 5519 5506
f 5506 5519 5520
f 5506 5520 5507
f 5507 5520 5521
f 5507 5521 5508
f 5508 5521 5522
f 5508 5522 5509
f 5509 5522 5523
f 5509 5523 5510
f 5510 5523 5524
f 5510 5524 5511
f 5511 5524 5525
f 5511 5525 5512
f 5512 5525 5526
f 5512 5526 5513
f 5513 5526 5527
f 5513 5527 5514
f 5514 5527 5528
f 5514 5528 5515
f 5515 5528 5529
f 5515 5529 5502
f 5502 5529 5516
f 5516 5530 5517
f 5517 5530 5531
f 5517 5531 5518
f 5518 5531 5532
f 5518 5532 5519
f 5519 5532 5533
f 5519 5533 5520
f 5520 5533 5534
f 5520 5534 5521
f 5521 5534 5535
f 5521 5535 5522
f 5522 5535 5536
f 5522 5536 5523
f 5523 5536 5537
f 5523 5537 5524
f 5524 5537 5538
f 5524 5538 5525
f 5525 5538 5539
f 5525 5539 5526
f 5526 5539 5540
f 5526 5540 5527
f 5527 5540 5541
f 5527 5541 5528
f 5528 5541 5542
f 5528 5542 5529
f 5529 5542 5543
f 5529 5543 5516
f 5516 5543 5530
f 5530 5544 5531
f 5531 5544 5545
f 5531 5545 5532
f 5532 5545 5546
f 5532 5546 5533
f 5533 5546 5547
f 5533 5547 5534
f 5534 5547 5548
f 5534 5548 5535
f 5535 5548 5549
f 5535 5549 5536
f 5536 5549 5550
f 5536 5550 5537
f 5537 5550 5551
f 5537 5551 5538
f 5538 5551 5552
f 5538 5552 5539
f 5539 5552 5553
f 5539 5553 5540
f 5540 5553 5554
f 5540 5554 5541
f 5541 5554 5555
f 5541 5555 5542
f 5542 5555 5556
f 5542 5556 5543
f 5543 5556 5557
f 5543 5557 5530
f 5530 5557 5544
f 5544 5558 5545
f 5545 5558 5559
f 5545 5559 5546
f 5546 5559 5560
f 5546 5560 5547
f 5547 5560 5561
f 5547 5561 5548
f 5548 5561 5562
f 5548 5562 5549
f 5549 5562 5563
f 5549 5563 5550
f 5550 5563 5564
f 5550 5564 5551
f 5551 5564 5565
f 5551 5565 5552
f 5552 5565 5566
f 5552 5566 5553
f 5553 5566 5567
f 5553 5567 5554
f 5554 5567 5568
f 5554 5568 5555
f 5555 5568 5569
f 5555 5569 5556
f 5556 5569 5570
f 5556 5570 5557
f 5557 5570 5571
f 5557 5571 5544
f 5544 5571 5558
f 5558 5572 5559
f 5559 5572 5573
f 5559 5573 5560
f 5560 5573 5574
f 5560 5574 5561
f 5561 5574 5575
f 5561 5575 5562
f 5562 5575 5576
f 5562 5576 5563
f 5563 5576 5577
f 5563 5577 5564
f 5564 5577 5578
f 5564 5578 5565
f 5565 5578 5579
f 5565 5579 5566
f 5566 5579 5580
f 5566 5580 5567
f 5567 5580 5581
f 5567 5581 5568
f 5568 5581 5582
f 5568 5582 5569
f 5569 5582 5583
f 5569 5583 5570
f 5570 5583 5584
f 5570 5584 5571
f 5571 5584 5585
f 5571 5585 5558
f 5558 5585 5572
f 5572 5586 5573
f 5573 5586 5587
f 5573 5587 5574
f 5574 5587 5588
f 5574 5588 5575
f 5575 5588 5589
f 5575 5589 5576
f 5576 5589 5590
f 5576 5590 5577
f 5577 5590 5591
f 5577 5591 5578
f 5578 5591 5592
f 5578 5592 5579
f 5579 5592 5593
f 5579 5593 5580
f 5580 5593 5594
f 5580 5594 5581
f 5581 5594 5595
f 5581 5595 5582
f 5582 5595 5596
f 5582 5596 5583
f 5583 5596 5597
f 5583 5597 5584
f 5584 5597 5598
f 5584 5598 5585
f 5585 5598 5599
f 5585 5599 5572
f 5572 5599 5586
f 5586 5600 5587
f 5587 5600 5601
f 5587 5601 5588
f 5588 5601 5602
f 5588 5602 5589
f 5589 5602 5603
f 5589 5603 5590
f 5590 5603 5604
f 5590 5604 5591
f 5591 5604 5605
f 5591 5605 5592
f 5592 5605 5606
f 5592 5606 5593
f 5593 5606 5607
f 5593 5607 5594
f 5594 5607 5608
f 5594 5608 5595
f 5595 5608 5609
f 5595 5609 5596
f 5596 5609 5610
f 5596 5610 5597
f 5597 5610 5611
f 5597 5611 5598
f 5598 5611 5612
f 5598 5612 5599
f 5599 5612 5613
f 5599 5613 5586
f 5586 5613 5600
f 5600 5614 5601
f 5601 5614 5615
f 5601 5615 5602
f 5602 5615 5616
f 5602 5616 5603
f 5603 5616 5617
f 5603 5617 5604
f 5604 5617 5618
f 5604 5618 5605
f 5605 5618 5619
f 5605 5619 5606
f 5606 5619 5620
f 5606 5620 5607
f 5607 5620 5621
f 5607 5621 5608
f 5608 5621 5622
f 5608 5622 5609
f 5609 5622 5623
f 5609 5623 5610
f 5610 5623 5624
f 5610 5624 5611
f 5611 5624 5625
f 5611 5625 5612
f 5612 5625 5626
f 5612 5626 5613
f 5613 5626 5627
f 5613 5627 5600
f 5600 5627 5614
f 5614 5628 5615
f 5615 5628 5629
f 5615 5629 5616
f 5616 5629 5630
f 5616 5630 5617
f 5617 5630 5631
f 5617 5631 5618
f 5618 5631 5632
f 5618 5632 5619
f 5619 5632 5633
f 5619 5633 5620
f 5620 5633 5634
f 5620 5634 5621
f 5621 5634 5635
f 5621 5635 5622
f 5622 5635 5636
f 5622 5636 5623
f 5623 5636 5637
f 5623 5637 5624
f 5624 5637 5638
f 5624 5638 5625
f 5625 5638 5639
f 5625 5639 5626
f 5626 5639 5640
f 5626 5640 5627
f 5627 5640 5641
f 5627 5641 5614
f 5614 5641 5628
f 5628 5642 5629
f 5629 5642 5643
f 5629 5643 5630
f 5630 5643 5644
f 5630 5644 5631
f 5631 5644 5645
f 5631 5645 5632
f 5632 5645 5646
f 5632 5646 5633
f 5633 5646 5647
f 5633 5647 5634
f 5634 5647 5648
f 5634 5648 5635
f 5635 5648 5649
f 5635 5649 5636
f 5636 5649 5650
f 5636 5650 5637
f 5637 5650 5651
f 5637 5651 5638
f 5638 5651 5652
f 5638 5652 5639
f 5639 5652 5653
f 5639 5653 5640
f 5640 5653 5654
f 5640 5654 5641
f 5641 5654 5655
f 5641 5655 5628
f 5628 5655 5642
f 5642 5656 5643
f 5643 5656 5657
f 5643 5657 5644
f 5644 5657 5658
f 5644 5658 5645
f 5645 5658 5659
f 5645 5659 5646
f 5646 5659 5660
f 5646 5660 5647
f 5647 5660 5661
f 5647 5661 5648
f 5648 5661 5662
f 5648 5662 5649
f 5649 5662 5663
f 5649 5663 5650
f 5650 5663 5664
f 5650 5664 5651
f 5651 5664 5665
f 5651 5665 5652
f 5652 5665 5666
f 5652 5666 5653
f 5653 5666 5667
f 5653 5667 5654
f 5654 5667 5668
f 5654 5668 5655
f 5655 5668 5669
f 5655 5669 5642
f 5642 5669 5656
f 5656 5670 5657
f 5657 5670 5671
f 5657 5671 5658
f 5658 5671 5672
f 5658 5672 5659
f 5659 5672 5673
f 5659 5673 5660
f 5660 5673 5674
f 5660 5674 5661
f 5661 5674 5675
f 5661 5675 5662
f 5662 5675 5676
f 5662 5676 5663
f 5663 5676 5677
f 5663 5677 5664
f 5664 5677 5678
f 5664 5678 5665
f 5665 5678 5679
f 5665 5679 5666
f 5666 5679 5680
f 5666 5680 5667
f 5667 5680 5681
f 5667 5681 5668
f 5668 5681 5682
f 5668 5682 5669
f 5669 5682 5683
f 5669 5683 5656
f 5656 5683 5670
f 5670 5684 5671
f 5671 5684 5685
f 5671 5685 5672
f 5672 5685 5686
f 5672 5686 5673
f 5673 5686 5687
f 5673 5687 5674
f 5674 5687 5688
f 5674 5688 5675
f 5675 5688 5689
f 5675 5689 5676
f 5676 5689 5690
f 5676 5690 5677
f 5677 5690 5691
f 5677 5691 5678
f 5678 5691 5692
f 5678 5692 5679
f 5679 5692 5693
f 5679 5693 5680
f 5680 5693 5694
f 5680 5694 5681
f 5681 5694 5695
f 5681 5695 5682
f 5682 5695 5696
f 5682 5696 5683
f 5683 5696 5697
f 5683 5697 5670
f 5670 5697 5684
f 5684 5698 5685
f 5685 5698 5699
f 5685 5699 5686
f 5686 5699 5700
f 5686 5700 5687
f 5687 5700 5701
f 5687 5701 5688
f 5688 5701 5702
f 5688 5702 5689
f 5689 5702 5703
f 5689 5703 5690
f 5690 5703 5704
f 5690 5704 5691
f 5691 5704 5705
f 5691 5705 5692
f 5692 5705 5706
f 5692 5706 5693
f 5693 5706 5707
f 5693 5707 5694
f 5694 5707 5708
f 5694 5708 5695
f 5695 5708 5709
f 5695 5709 5696
f 5696 5709 5710
f 5696 5710 5697
f 5697 5710 5711
f 5697 5711 5684
f 5684 5711 5698
f 5698 5712 5699
f 5699 5712 5713
f 5699 5713 5700
f 5700 5713 5714
f 5700 5714 5701
f 5701 5714 5715
f 5701 5715 5702
f 5702 5715 5716
f 5702 5716 5703
f 5703 5716 5717
f 5703 5717 5704
f 5704 5717 5718
f 5704 5718 5705
f 5705 5718 5719
f 5705 5719 5706
f 5706 5719 5720
f 5706 5720 5707
f 5707 5720 5721
f 5707 5721 5708
f 5708 5721 5722
f 5708 5722 5709
f 5709 5722 5723
f 5709 5723 5710
f 5710 5723 5724
f 5710 5724 5711
f 5711 5724 5725
f 5711 5725 5698
f 5698 5725 5712
f 5712 5726 5713
f 5713 5726 5727
f 5713 5727 5714
f 5714 5727 5728
f 5714 5728 5715
f 5715 5728 5729
f 5715 5729 5716
f 5716 5729 5730
f 5716 5730 5717
f 5717 5730 5731
f 5717 5731 5718
f 5718 5731 5732
f 5718 5732 5719
f 5719 5732 5733
f 5719 5733 5720
f 5720 5733 5734
f 5720 5734 5721
f 5721 5734 5735
f 5721 5735 5722
f 5722 5735 5736
f 5722 5736 5723
f 5723 5736 5737
f 5723 5737 5724
f 5724 5737 5738
f 5724 5738 5725
f 5725 5738 5739
f 5725 5739 5712
f 5712 5739 5726
f 5726 5740 5727
f 5727 5740 5741
f 5727 5741 5728
f 5728 5741 5742
f 5728 5742 5729
f 5729 5742 5743
f 5729 5743 5730
f 5730 5743 5744
f 5730 5744 5731
f 5731 5744 5745
f 5731 5745 5732
f 5732 5745 5746
f 5732 5746 5733
f 5733 5746 5747
f 5733 5747 5734
f 5734 5747 5748
f 5734 5748 5735
f 5735 5748 5749
f 5735 5749 5736
f 5736 5749 5750
f 5736 5750 5737
f 5737 5750 5751
f 5737 5751 5738
f 5738 5751 5752
f 5738 5752 5739
f 5739 5752 5753
f 5739 5753 5726
f 5726 5753 5740
f 5740 4634 5741
f 5741 4634 4635
f 5741 4635 5742
f 5742 4635 4636
f 5742 4636 5743
f 5743 4636 4637
f 5743 4637 5744
f 5744 4637 4638
f 5744 4638 5745
f 5745 4638 4639
f 5745 4639 5746
f 5746 4639 4640
f 5746 4640 5747
f 5747 4640 4641
f 5747 4641 5748
f 5748 4641 4642
f 5748 4642 5749
f 5749 4642 4643
f 5749 4643 5750
f 5750 4643 4644
f 5750 4644 5751
f 5751 4644 4645
f 5751 4645 5752
f 5752 4645 4646
f 5752 4646 5753
f 5753 4646 4647
f 5753 4647 5740
f 5740 4647 4634

